"rt","responses","trial_index","time_elapsed","ID","lang","leftIsUp","screenX","screenY","innerX","innerY","version","raw_FPS","estimated_FPS","success","key","dir","modality","actual_cross_pt","actual_graph_pt","untrust_graph_pt","nbOfFrames","correct","current_streak","longest_streak","current_bonus","total_score","steepness","number_points","standard_deviation","loop_number","button_pressed","finished","1Q0","1Q1","1Q2","1Q3","1Q4","T_test","Pearson_R","OLS_slope"
6638.19999999988,"",2,233388,"1cozpltunf","fr","false",1280,800,1280,338,2,54,16.6666666666667,"",NA,"up","touchscreen",999.135999999999,99.2480000000069,94.6999999998807,6,FALSE,0,0,0,0,-0.0625,18,0.1,1,NA,2021-07-01 02:29:04.430843,"M","6","left","NA","NA",-0.776947048029534,-0.190673210389359,-0.0629587928194143
2972.70000000003,"",3,238403,"1cozpltunf","fr","false",1280,800,1280,338,2,54,16.6666666666667,"",NA,"down","touchscreen",998.645999999993,99.875,96.9999999999709,6,FALSE,0,0,0,0,0.125,18,0.1,1,NA,2021-07-01 02:29:04.430843,"M","6","left","NA","NA",2.71465896544644,0.561554284622604,0.184132120348173
12183.8,"",4,252623,"1cozpltunf","fr","false",1280,800,1280,338,2,54,16.6666666666667,"",NA,"up","touchscreen",998.596000000005,99.8110000000015,98.7999999999738,6,FALSE,0,0,0,0,-0.125,6,0.05,1,NA,2021-07-01 02:29:04.430843,"M","6","left","NA","NA",-1.55537456118235,-0.613896101613376,-0.0883241058056318
2190.20000000001,"",5,256846,"1cozpltunf","fr","false",1280,800,1280,338,2,54,16.6666666666667,"",NA,"down","touchscreen",998.418000000005,99.9130000000005,96.3999999999069,6,TRUE,1,1,0,0,-0.1875,18,0.2,1,NA,2021-07-01 02:29:04.430843,"M","6","left","NA","NA",-2.45356926869663,-0.522865088143301,-0.291403907448204
5431.7000000001,"",6,264313,"1cozpltunf","fr","false",1280,800,1280,338,2,54,16.6666666666667,"",NA,"up","touchscreen",998.837,99.4680000000226,97,6,TRUE,2,2,0,0,0.0625,66,0.05,1,NA,2021-07-01 02:29:04.430843,"M","6","left","NA","NA",2.89934939994829,0.340731744394441,0.0573415316993016
2059.50000000006,"",7,268415,"1cozpltunf","fr","false",1280,800,1280,338,2,54,16.6666666666667,"",NA,"up","touchscreen",997.707000000024,100.733000000007,97.1999999999243,6,FALSE,0,2,0,0,-0.0625,66,0.05,1,NA,2021-07-01 02:29:04.430843,"M","6","left","NA","NA",-3.48634922832977,-0.399505469449726,-0.0758491239157379
4600.39999999982,"",8,275052,"1cozpltunf","fr","false",1280,800,1280,338,2,54,16.6666666666667,"",NA,"up","touchscreen",999.11599999998,99.2609999999986,95.399999999936,6,FALSE,0,2,0,0,-0.0625,18,0.2,1,NA,2021-07-01 02:29:04.430843,"M","6","left","NA","NA",-0.518775461723395,-0.128616677915413,-0.106321329595401
4432.60000000009,"",9,281521,"1cozpltunf","fr","false",1280,800,1280,338,2,54,16.6666666666667,"",NA,"up","touchscreen",998.599999999977,99.7699999999895,97.0999999999476,6,TRUE,1,2,0,0,-0.0625,6,0.2,1,NA,2021-07-01 02:29:04.430843,"M","6","left","NA","NA",1.69282245440816,0.646056720762676,0.247755643342714
1589.70000000001,"",10,285154,"1cozpltunf","fr","false",1280,800,1280,338,2,54,16.6666666666667,"",NA,"up","touchscreen",998.309000000008,99.929999999993,95.9000000000233,6,TRUE,2,2,2,2,0.1875,38,0.05,1,NA,2021-07-01 02:29:04.430843,"M","6","left","NA","NA",7.36974484057014,0.775491394840551,0.170218043537234
4077.60000000009,"",11,291270,"1cozpltunf","fr","false",1280,800,1280,338,2,54,16.6666666666667,"",NA,"down","touchscreen",998.222999999998,99.7550000000047,96.2999999999302,6,FALSE,0,2,0,2,0.1875,6,0.1,1,NA,2021-07-01 02:29:04.430843,"M","6","left","NA","NA",0.524632779594531,0.253731972134641,0.0298935530013657
1270.59999999983,"",12,294569,"1cozpltunf","fr","false",1280,800,1280,338,2,54,16.6666666666667,"",NA,"up","touchscreen",998.442999999999,99.8889999999956,99.4999999997963,6,TRUE,1,2,4,6,0.125,38,0.15,1,NA,2021-07-01 02:29:04.430843,"M","6","left","NA","NA",0.981988803080894,0.161515899696953,0.0751981755787946
3899.10000000009,"",13,300513,"1cozpltunf","fr","false",1280,800,1280,338,2,54,16.6666666666667,"",NA,"up","touchscreen",998.335999999981,100.080000000016,97.600000000064,6,TRUE,2,2,4,10,-0.0625,38,0.15,1,NA,2021-07-01 02:29:04.430843,"M","6","left","NA","NA",0.306099659152277,0.0509503488490976,0.0202709476330217
1154.2999999999,"",14,303710,"1cozpltunf","fr","false",1280,800,1280,338,2,54,16.6666666666667,"",NA,"up","touchscreen",999.092000000004,98.9500000000116,94.5999999998894,6,TRUE,3,3,8,18,0.125,66,0.05,1,NA,2021-07-01 02:29:04.430843,"M","6","left","NA","NA",5.95180301022026,0.596901983864548,0.131914179402336
1721.70000000004,"",15,307473,"1cozpltunf","fr","false",1280,800,1280,338,2,54,16.6666666666667,"",NA,"up","touchscreen",999.930999999982,98.5099999999802,95.1000000000058,6,FALSE,0,3,0,18,-0.1875,6,0.2,1,NA,2021-07-01 02:29:04.430843,"M","6","left","NA","NA",-2.327900798358,-0.758506410015383,-0.302314783762798
9406.60000000003,"",16,318919,"1cozpltunf","fr","false",1280,800,1280,338,2,54,16.6666666666667,"",NA,"up","touchscreen",999.741999999998,98.3610000000044,93.7999999998719,6,FALSE,0,3,0,18,0.125,18,0.2,1,NA,2021-07-01 02:29:04.430843,"M","6","left","NA","NA",-0.077792533730241,-0.0194444565428361,-0.0139353837174057
7674.79999999999,"",17,328638,"1cozpltunf","fr","false",1280,800,1280,338,2,54,16.6666666666667,"",NA,"up","touchscreen",999.192999999999,98.9569999999949,96.1999999999534,6,TRUE,1,3,0,18,-0.0625,6,0.15,1,NA,2021-07-01 02:29:04.430843,"M","6","left","NA","NA",0.347279066391641,0.17107960201494,0.0493435549683438
1091.5,"",18,331756,"1cozpltunf","fr","false",1280,800,1280,338,2,54,16.6666666666667,"",NA,"up","touchscreen",998.144,100.121999999974,96.5999999998312,6,TRUE,2,3,5,23,0,38,0.15,1,NA,2021-07-01 02:29:04.430843,"M","6","left","NA","NA",2.00529951062215,0.316981599726508,0.161530168780732
1647.69999999998,"",19,335445,"1cozpltunf","fr","false",1280,800,1280,338,2,54,16.6666666666667,"",NA,"up","touchscreen",999.377000000008,98.872000000003,95.699999999837,6,TRUE,3,3,7,30,0.0625,6,0.1,1,NA,2021-07-01 02:29:04.430843,"M","6","left","NA","NA",0.119035313478671,0.0594125197519123,0.0170723971888573
1649.5,"",20,339120,"1cozpltunf","fr","false",1280,800,1280,338,2,54,16.6666666666667,"",NA,"up","touchscreen",998.549999999988,99.7840000000142,95.7000000000698,6,TRUE,4,4,9,39,0.0625,18,0.1,1,NA,2021-07-01 02:29:04.430843,"M","6","left","NA","NA",2.25417555661168,0.490951922753571,0.180497296421291
4001.89999999997,"",21,345150,"1cozpltunf","fr","false",1280,800,1280,338,2,54,16.6666666666667,"",NA,"up","touchscreen",998.993000000017,99.4090000000142,96.0999999999767,6,TRUE,5,5,9,48,0.0625,18,0.2,1,NA,2021-07-01 02:29:04.430843,"M","6","left","NA","NA",1.40601196786312,0.331613332215776,0.24226408626377
2361.10000000006,"",22,349552,"1cozpltunf","fr","false",1280,800,1280,338,2,54,16.6666666666667,"",NA,"up","touchscreen",999.316000000021,98.929999999993,94.8000000000757,6,TRUE,6,6,9,57,-0.0625,38,0.2,1,NA,2021-07-01 02:29:04.430843,"M","6","left","NA","NA",1.93683947201753,0.307197517445457,0.171537746096506
3200.39999999994,"",23,354784,"1cozpltunf","fr","false",1280,800,1280,338,2,54,16.6666666666667,"",NA,"up","touchscreen",998.902000000002,99.3379999999888,96.600000000064,6,FALSE,0,6,0,57,-0.125,38,0.15,1,NA,2021-07-01 02:29:04.430843,"M","6","left","NA","NA",-3.55379166923574,-0.509615175459081,-0.266414829433134
2287.10000000001,"",24,359112,"1cozpltunf","fr","false",1280,800,1280,338,2,54,16.6666666666667,"",NA,"up","touchscreen",998.388999999996,99.9150000000081,96.7000000000407,6,TRUE,1,6,0,57,0.1875,38,0.2,1,NA,2021-07-01 02:29:04.430843,"M","6","left","NA","NA",1.00545497592164,0.165271348920293,0.0911015785306008
1336.90000000002,"",25,362493,"1cozpltunf","fr","false",1280,800,1280,338,2,54,16.6666666666667,"",NA,"up","touchscreen",999.801999999996,98.6000000000058,95.5999999998894,6,FALSE,0,6,0,57,-0.1875,18,0.1,1,NA,2021-07-01 02:29:04.430843,"M","6","left","NA","NA",-3.70542322378533,-0.679577805410069,-0.299250723971531
2199.00000000006,"",26,366732,"1cozpltunf","fr","false",1280,800,1280,338,2,54,16.6666666666667,"",NA,"up","touchscreen",998.119999999995,99.8260000000009,97.8999999999651,6,FALSE,0,6,0,57,0,38,0.05,1,NA,2021-07-01 02:29:04.430843,"M","6","left","NA","NA",-1.21967227865629,-0.199204585714857,-0.0322728021600035
3193.40000000011,"",27,371955,"1cozpltunf","fr","false",1280,800,1280,338,2,54,16.6666666666667,"",NA,"up","touchscreen",999.306000000011,98.8099999999977,94.700000000099,6,FALSE,0,6,0,57,-0.125,6,0.2,1,NA,2021-07-01 02:29:04.430843,"M","6","left","NA","NA",-0.499455868484431,-0.242287184666846,-0.102564743899222
1905.60000000003,"",28,375892,"1cozpltunf","fr","false",1280,800,1280,338,2,54,16.6666666666667,"",NA,"down","touchscreen",998.543000000005,99.3460000000196,96.1999999999534,6,FALSE,0,6,0,57,0,18,0.05,1,NA,2021-07-01 02:29:04.430843,"M","6","left","NA","NA",0.0620989286900144,0.015522861646033,0.00256210276247249
1317.09999999998,"",29,379248,"1cozpltunf","fr","false",1280,800,1280,338,2,54,16.6666666666667,"",NA,"up","touchscreen",998.467000000004,99.9110000000219,96,6,TRUE,1,6,3,60,0,66,0.2,1,NA,2021-07-01 02:29:04.430843,"M","6","left","NA","NA",0.809710861720483,0.100699377426741,0.0674852035004442
1616.40000000008,"",30,382893,"1cozpltunf","fr","false",1280,800,1280,338,2,54,16.6666666666667,"",NA,"up","touchscreen",998.907000000007,99.2800000000279,94.9000000000233,6,TRUE,2,6,5,65,0.1875,38,0.15,1,NA,2021-07-01 02:29:04.430843,"M","6","left","NA","NA",3.84917040577713,0.539966004108083,0.314817480586218
1477.79999999987,"",31,386397,"1cozpltunf","fr","false",1280,800,1280,338,2,54,16.6666666666667,"",NA,"up","touchscreen",998.902999999991,99.4809999999707,95.8000000000466,6,FALSE,0,6,0,65,0,6,0.15,1,NA,2021-07-01 02:29:04.430843,"M","6","left","NA","NA",-0.698140809307577,-0.329568431268661,-0.0928570565585082
2284.5,"",32,390717,"1cozpltunf","fr","false",1280,800,1280,338,2,54,16.6666666666667,"",NA,"down","touchscreen",996.801000000036,100.756999999983,96.9000000000233,6,TRUE,1,6,0,65,-0.1875,18,0.05,1,NA,2021-07-01 02:29:04.430843,"M","6","left","NA","NA",-3.09106792150313,-0.611467173616586,-0.155064443361387
1289.89999999997,"",33,394050,"1cozpltunf","fr","false",1280,800,1280,338,2,54,16.6666666666667,"",NA,"down","touchscreen",999.026000000013,99.4459999999963,95.3999999999069,6,FALSE,0,6,0,65,0.0625,66,0.15,1,NA,2021-07-01 02:29:04.430843,"M","6","left","NA","NA",1.39927500730882,0.172293714848599,0.0815459180054657
2017.8000000001,"",34,398103,"1cozpltunf","fr","false",1280,800,1280,338,2,54,16.6666666666667,"",NA,"up","touchscreen",998.696999999986,99.8610000000335,98.5999999999767,6,TRUE,1,6,0,65,0.1875,66,0.1,1,NA,2021-07-01 02:29:04.430843,"M","6","left","NA","NA",5.79009983128352,0.5863102708929,0.257869623237627
1759.29999999993,"",35,401889,"1cozpltunf","fr","false",1280,800,1280,338,2,54,16.6666666666667,"",NA,"up","touchscreen",998.607000000018,99.7999999999884,98.5000000000582,6,TRUE,2,6,1,66,0.125,66,0.2,1,NA,2021-07-01 02:29:04.430843,"M","6","left","NA","NA",1.12194246909556,0.138883673779056,0.104974673884677
2726.30000000005,"",36,406653,"1cozpltunf","fr","false",1280,800,1280,338,2,54,16.6666666666667,"",NA,"up","touchscreen",998.045999999973,100.239000000001,96.9000000000233,6,TRUE,3,6,1,67,0.1875,6,0.2,1,NA,2021-07-01 02:29:04.430843,"M","6","left","NA","NA",0.84356448009364,0.388627948940786,0.24623869576465
2069.20000000019,"",37,410758,"1cozpltunf","fr","false",1280,800,1280,338,2,54,16.6666666666667,"",NA,"down","touchscreen",999.685999999987,98.0300000000279,93.8000000001048,6,TRUE,4,6,1,68,0,66,0.05,1,NA,2021-07-01 02:29:04.430843,"M","6","left","NA","NA",-1.02169183507808,-0.126682547705211,-0.0204965937690605
2015.8000000001,"",38,414816,"1cozpltunf","fr","false",1280,800,1280,338,2,54,16.6666666666667,"",NA,"up","touchscreen",998.749000000011,99.6059999999707,94.7000000000698,6,TRUE,5,6,1,69,0,66,0.1,1,NA,2021-07-01 02:29:04.430843,"M","6","left","NA","NA",1.48258792006815,0.182220738901506,0.0505984139233533
1380.20000000007,"",39,418240,"1cozpltunf","fr","false",1280,800,1280,338,2,54,16.6666666666667,"",NA,"up","touchscreen",998.368000000017,99.869000000006,96.1999999999534,6,FALSE,0,6,0,69,-0.125,38,0.1,1,NA,2021-07-01 02:29:04.430843,"M","6","left","NA","NA",-3.01070815741027,-0.448489250333812,-0.155108765039421
1549.3000000001,"",40,421819,"1cozpltunf","fr","false",1280,800,1280,338,2,54,16.6666666666667,"",NA,"up","touchscreen",997.245999999985,101.040999999968,96.7000000000698,6,FALSE,0,6,0,69,-0.1875,66,0.05,1,NA,2021-07-01 02:29:04.430843,"M","6","left","NA","NA",-8.90434835033773,-0.743871827497668,-0.172891788042239
1990.40000000014,"",41,425838,"1cozpltunf","fr","false",1280,800,1280,338,2,54,16.6666666666667,"",NA,"up","touchscreen",998.10500000004,99.9270000000251,96.0999999999767,6,TRUE,1,6,0,69,0,18,0.15,1,NA,2021-07-01 02:29:04.430843,"M","6","left","NA","NA",0.756745477602449,0.18588899320388,0.0799625042945281
4501.50000000006,"",42,432378,"1cozpltunf","fr","false",1280,800,1280,338,2,54,16.6666666666667,"",NA,"up","touchscreen",998.929999999993,99.2600000000093,94.6999999998952,6,FALSE,0,6,0,69,-0.125,66,0.1,1,NA,2021-07-01 02:29:04.430843,"M","6","left","NA","NA",-2.75230941196881,-0.325323883983113,-0.118258162966571
1485.89999999991,"",43,435903,"1cozpltunf","fr","false",1280,800,1280,338,2,54,16.6666666666667,"",NA,"up","touchscreen",998.199000000022,100.022000000055,95.5999999999185,6,FALSE,0,6,0,69,-0.125,66,0.2,1,NA,2021-07-01 02:29:04.430843,"M","6","left","NA","NA",-1.19345574870602,-0.147549131280043,-0.104704435080749
3155.40000000008,"",44,441100,"1cozpltunf","fr","false",1280,800,1280,338,2,54,16.6666666666667,"",NA,"up","touchscreen",998.244000000006,100.145000000019,96.0999999999767,6,FALSE,0,6,0,69,-0.1875,38,0.05,1,NA,2021-07-01 02:29:04.430843,"M","6","left","NA","NA",-6.06184893424885,-0.710723233567342,-0.166372249032499
2282.20000000007,"",45,445421,"1cozpltunf","fr","false",1280,800,1280,338,2,54,16.6666666666667,"",NA,"up","touchscreen",997.773999999976,100.616000000038,96.8999999999651,6,FALSE,0,6,0,69,-0.125,18,0.15,1,NA,2021-07-01 02:29:04.430843,"M","6","left","NA","NA",-0.52434584321055,-0.129974498542174,-0.0503716463602808
3350.5,"",46,450801,"1cozpltunf","fr","false",1280,800,1280,338,2,54,16.6666666666667,"",NA,"down","touchscreen",998.630000000005,99.8880000000354,96.1999999999534,6,FALSE,0,6,0,69,0.0625,6,0.2,1,NA,2021-07-01 02:29:04.430843,"M","6","left","NA","NA",0.475100835590509,0.231118864146462,0.111552934228977
2375,"",47,455217,"1cozpltunf","fr","false",1280,800,1280,338,2,54,16.6666666666667,"",NA,"up","touchscreen",999.715000000026,98.3800000000047,94.9000000000815,6,FALSE,0,6,0,69,-0.125,6,0.15,1,NA,2021-07-01 02:29:04.430843,"M","6","left","NA","NA",-1.16533203780752,-0.503440768992733,-0.128833794120698
2408.89999999991,"",48,459670,"1cozpltunf","fr","false",1280,800,1280,338,2,54,16.6666666666667,"",NA,"up","touchscreen",999.128000000026,99.1500000000233,95,6,TRUE,1,6,0,69,0.125,38,0.1,1,NA,2021-07-01 02:29:04.430843,"M","6","left","NA","NA",2.10238609443842,0.330684755271402,0.126390217215658
2743.70000000001,"",49,464455,"1cozpltunf","fr","false",1280,800,1280,338,2,54,16.6666666666667,"",NA,"up","touchscreen",998.267999999982,100.085000000021,96.2999999999302,6,FALSE,0,6,0,69,-0.0625,38,0.1,1,NA,2021-07-01 02:29:04.430843,"M","6","left","NA","NA",-0.43609629277838,-0.0724914894901543,-0.0235587728810482
3681.29999999993,"",50,470170,"1cozpltunf","fr","false",1280,800,1280,338,2,54,16.6666666666667,"",NA,"up","touchscreen",998.408999999985,99.869000000006,96.1999999999534,6,FALSE,0,6,0,69,-0.1875,38,0.1,1,NA,2021-07-01 02:29:04.430843,"M","6","left","NA","NA",-5.80748664332096,-0.695485432121888,-0.290153863751113
2004.20000000013,"",51,474218,"1cozpltunf","fr","false",1280,800,1280,338,2,54,16.6666666666667,"",NA,"down","touchscreen",999.352000000014,99.1060000000289,96.7000000000698,6,TRUE,1,6,0,69,0,38,0.2,1,NA,2021-07-01 02:29:04.430843,"M","6","left","NA","NA",-1.04251823324123,-0.171188158053104,-0.115862902468859
3315.59999999992,"",52,479575,"1cozpltunf","fr","false",1280,800,1280,338,2,54,16.6666666666667,"",NA,"down","touchscreen",998.640000000014,99.9369999999763,95.5999999999185,6,FALSE,0,6,0,69,0.125,66,0.1,1,NA,2021-07-01 02:29:04.430843,"M","6","left","NA","NA",4.16836033059045,0.462082100099974,0.170538079146916
2337.70000000001,"",53,483957,"1cozpltunf","fr","false",1280,800,1280,338,2,54,16.6666666666667,"",NA,"up","touchscreen",998.305999999982,99.9499999999534,95.2999999999302,6,TRUE,1,6,0,69,0.1875,66,0.05,1,NA,2021-07-01 02:29:04.430843,"M","6","left","NA","NA",8.03462151271646,0.708631894826377,0.179648752593769
3003.20000000007,"",54,488998,"1cozpltunf","fr","false",1280,800,1280,338,2,54,16.6666666666667,"",NA,"down","touchscreen",998.953999999969,99.3110000000452,94.8000000000466,6,TRUE,2,6,0,69,-0.1875,66,0.15,1,NA,2021-07-01 02:29:04.430843,"M","6","left","NA","NA",-1.87264776841756,-0.227919931345065,-0.108052391409792
5058.39999999991,"",55,496097,"1cozpltunf","fr","false",1280,800,1280,338,2,54,16.6666666666667,"",NA,"down","touchscreen",998.32799999998,100.005000000005,95.699999999837,6,FALSE,0,6,0,69,0.0625,38,0.2,1,NA,2021-07-01 02:29:04.430843,"M","6","left","NA","NA",1.4296922816843,0.231792495858016,0.138946082152046
3028.39999999991,"",56,501158,"1cozpltunf","fr","false",1280,800,1280,338,2,54,16.6666666666667,"",NA,"down","touchscreen",999.896999999997,98.4160000000265,95.0000000000582,6,FALSE,0,6,0,69,0.1875,18,0.05,1,NA,2021-07-01 02:29:04.430843,"M","6","left","NA","NA",3.98015381942169,0.705346066318713,0.182998389276726
3159.59999999998,"",57,506348,"1cozpltunf","fr","false",1280,800,1280,338,2,54,16.6666666666667,"",NA,"down","touchscreen",997.981000000029,99.9689999999828,96.8000000000466,6,TRUE,1,6,0,69,-0.125,18,0.1,1,NA,2021-07-01 02:29:04.430843,"M","6","left","NA","NA",-2.42215884404002,-0.517975804055306,-0.227277967382611
2037.39999999991,"",58,510416,"1cozpltunf","fr","false",1280,800,1280,338,2,54,16.6666666666667,"",NA,"down","touchscreen",998.73199999996,99.8470000000088,96,6,TRUE,2,6,0,69,-0.1875,6,0.15,1,NA,2021-07-01 02:29:04.430843,"M","6","left","NA","NA",-5.49322773832799,-0.939658056824098,-0.453311237276312
1702.19999999995,"",59,514160,"1cozpltunf","fr","false",1280,800,1280,338,2,54,16.6666666666667,"",NA,"down","touchscreen",998.00900000002,100.320000000007,97.2999999998719,6,FALSE,0,6,0,69,0.1875,6,0.05,1,NA,2021-07-01 02:29:04.430843,"M","6","left","NA","NA",6.08565226452148,0.950011908066132,0.194418231433251
3001.10000000015,"",60,519203,"1cozpltunf","fr","false",1280,800,1280,338,2,54,16.6666666666667,"",NA,"up","touchscreen",998.607999999949,99.8969999999972,96.8000000000466,6,TRUE,1,6,0,69,0.125,6,0.15,1,NA,2021-07-01 02:29:04.430843,"M","6","left","NA","NA",1.19619864031677,0.513295850863141,0.252754227148178
3221.19999999995,"",61,524468,"1cozpltunf","fr","false",1280,800,1280,338,2,54,16.6666666666667,"",NA,"up","touchscreen",999.229999999981,99.0749999999534,96,6,TRUE,2,6,0,69,0.1875,38,0.1,1,NA,2021-07-01 02:29:04.430843,"M","6","left","NA","NA",3.2886504904379,0.480644720608439,0.16158984077978
2987.00000000006,"",62,529491,"1cozpltunf","fr","false",1280,800,1280,338,2,54,16.6666666666667,"",NA,"down","touchscreen",998.434999999998,99.8709999999846,96.7000000000698,6,TRUE,3,6,0,69,0.125,6,0.1,1,NA,2021-07-01 02:29:04.430843,"M","6","left","NA","NA",-1.26266265793576,-0.533843305976268,-0.145149327946197
2996.40000000002,"",63,534527,"1cozpltunf","fr","false",1280,800,1280,338,2,54,16.6666666666667,"",NA,"down","touchscreen",998.524000000034,99.8620000000228,96.9000000000233,6,TRUE,4,6,0,69,0,18,0.1,1,NA,2021-07-01 02:29:04.430843,"M","6","left","NA","NA",-0.0489109597898849,-0.0122268259186542,-0.00264823405812882
1765.00000000012,"",64,538322,"1cozpltunf","fr","false",1280,800,1280,338,2,54,16.6666666666667,"",NA,"down","touchscreen",999.315000000002,99.1630000000005,94.8000000000466,6,TRUE,5,6,1,70,0,38,0.1,1,NA,2021-07-01 02:29:04.430843,"M","6","left","NA","NA",-1.39068970228378,-0.225795777807405,-0.0707595332008515
1905.40000000008,"",65,542258,"1cozpltunf","fr","false",1280,800,1280,338,2,54,16.6666666666667,"",NA,"down","touchscreen",998.252999999968,100.107999999949,96.1999999999534,6,TRUE,6,6,1,71,0.0625,6,0.15,1,NA,2021-07-01 02:29:04.430843,"M","6","left","NA","NA",-0.966687318495123,-0.43517619684532,-0.0223253512007367
1800.79999999999,"",66,546098,"1cozpltunf","fr","false",1280,800,1280,338,2,54,16.6666666666667,"",NA,"down","touchscreen",998.882999999973,99.5329999999958,96.5000000001164,6,TRUE,7,7,2,73,-0.125,66,0.15,1,NA,2021-07-01 02:29:04.430843,"M","6","left","NA","NA",-1.23070008241976,-0.152048838730532,-0.0806030170462862
1270.59999999986,"",67,549411,"1cozpltunf","fr","false",1280,800,1280,338,2,54,16.6666666666667,"",NA,"down","touchscreen",998.621999999974,99.5400000000373,96.0999999999767,6,FALSE,0,7,0,73,0,6,0.1,1,NA,2021-07-01 02:29:04.430843,"M","6","left","NA","NA",0.599331176988129,0.287053984334705,0.0587527883693267
1129.60000000003,"",68,552583,"1cozpltunf","fr","false",1280,800,1280,338,2,54,16.6666666666667,"",NA,"up","touchscreen",998.684999999998,99.7939999999944,95.2999999999884,6,FALSE,0,7,0,73,-0.0625,66,0.1,1,NA,2021-07-01 02:29:04.430843,"M","6","left","NA","NA",-1.21980151648976,-0.150733083925072,-0.051493416594341
2357.5999999998,"",69,556971,"1cozpltunf","fr","false",1280,800,1280,338,2,54,16.6666666666667,"",NA,"down","touchscreen",998.107000000018,100.237999999954,96.2999999999302,6,TRUE,1,7,0,73,-0.1875,6,0.1,1,NA,2021-07-01 02:29:04.430843,"M","6","left","NA","NA",-2.88766169027223,-0.822078980423815,-0.461388889319664
2046.09999999998,"",70,561056,"1cozpltunf","fr","false",1280,800,1280,338,2,54,16.6666666666667,"",NA,"up","touchscreen",998.00900000002,100.157000000007,96.1999999999534,6,TRUE,2,7,0,73,0.1875,6,0.15,1,NA,2021-07-01 02:29:04.430843,"M","6","left","NA","NA",1.66991374916365,0.640919594109111,0.254424413327968
2481.39999999991,"",71,565567,"1cozpltunf","fr","false",1280,800,1280,338,2,54,16.6666666666667,"",NA,"down","touchscreen",998.713999999978,99.6219999999739,95.8000000000466,6,TRUE,3,7,0,73,0,6,0.05,1,NA,2021-07-01 02:29:04.430843,"M","6","left","NA","NA",-0.263043428986573,-0.130398733859427,-0.0161975565549893
2100.10000000009,"",72,569696,"1cozpltunf","fr","false",1280,800,1280,338,2,54,16.6666666666667,"",NA,"up","touchscreen",998.415999999968,99.9170000000158,95.9000000000233,6,TRUE,4,7,0,73,0.125,38,0.2,1,NA,2021-07-01 02:29:04.430843,"M","6","left","NA","NA",1.12699151363911,0.184603660867708,0.123830652809555
1572.8000000001,"",73,573298,"1cozpltunf","fr","false",1280,800,1280,338,2,54,16.6666666666667,"",NA,"up","touchscreen",998.277000000002,100.139999999956,96.7000000000698,6,TRUE,5,7,2,75,0.1875,18,0.15,1,NA,2021-07-01 02:29:04.430843,"M","6","left","NA","NA",0.443060126825122,0.110091738710535,0.0500541682614705
3752.09999999992,"",74,579089,"1cozpltunf","fr","false",1280,800,1280,338,2,54,16.6666666666667,"",NA,"down","touchscreen",998.700000000012,99.9959999999846,96.699999999837,6,TRUE,6,7,2,77,0.0625,38,0.1,1,NA,2021-07-01 02:29:04.430843,"M","6","left","NA","NA",-0.302197357972643,-0.0503024641825312,-0.0205269827919465
3009,"",75,584137,"1cozpltunf","fr","false",1280,800,1280,338,2,54,16.6666666666667,"",NA,"up","touchscreen",998.799999999988,99.4810000000289,95.6000000000931,6,TRUE,7,7,2,79,0.0625,18,0.15,1,NA,2021-07-01 02:29:04.430843,"M","6","left","NA","NA",0.216296123431147,0.0539951475517335,0.0214637701468438
1665,"",76,587836,"1cozpltunf","fr","false",1280,800,1280,338,2,54,16.6666666666667,"",NA,"down","touchscreen",997.85500000004,100.605999999971,96.3999999999069,6,FALSE,0,7,0,79,0.125,66,0.15,1,NA,2021-07-01 02:29:04.430843,"M","6","left","NA","NA",0.390735734683236,0.048783813682442,0.0238961611432862
3713.60000000003,"",77,593580,"1cozpltunf","fr","false",1280,800,1280,338,2,54,16.6666666666667,"",NA,"down","touchscreen",998.621000000043,99.7630000000354,96.0999999999767,6,FALSE,0,7,0,79,0.0625,38,0.05,1,NA,2021-07-01 02:29:04.430843,"M","6","left","NA","NA",1.57570872260652,0.254005008477692,0.0435693824955544
2207.79999999993,"",78,597832,"1cozpltunf","fr","false",1280,800,1280,338,2,54,16.6666666666667,"",NA,"down","touchscreen",998.708999999973,99.6650000000373,96.5000000001164,6,FALSE,0,7,0,79,0.1875,18,0.1,1,NA,2021-07-01 02:29:04.430843,"M","6","left","NA","NA",2.14606264986552,0.472770013694748,0.139693115803768
2166.3000000001,"",79,602035,"1cozpltunf","fr","false",1280,800,1280,338,2,54,16.6666666666667,"",NA,"up","touchscreen",998.427000000025,99.8680000000168,96.8000000000466,6,FALSE,0,7,0,79,0,6,0.2,1,NA,2021-07-01 02:29:04.430843,"M","6","left","NA","NA",-5.97000514060161,-0.948205818205513,-0.301635997366533
1917.40000000008,"",80,605980,"1cozpltunf","fr","false",1280,800,1280,338,2,54,16.6666666666667,"",NA,"down","touchscreen",998.103000000003,100.313000000024,96.9000000000233,6,FALSE,0,7,0,79,0.125,18,0.15,1,NA,2021-07-01 02:29:04.430843,"M","6","left","NA","NA",1.79023250056343,0.408510332561068,0.207744227675818
2233.99999999994,"",81,610257,"1cozpltunf","fr","false",1280,800,1280,338,2,54,16.6666666666667,"",NA,"down","touchscreen",998.652999999991,99.7090000000317,95.7000000000698,6,TRUE,1,7,0,79,-0.125,6,0.1,1,NA,2021-07-01 02:29:04.430843,"M","6","left","NA","NA",-5.35220470055701,-0.936735747574919,-0.318150673845996
1374.69999999984,"",82,613671,"1cozpltunf","fr","false",1280,800,1280,338,2,54,16.6666666666667,"",NA,"down","touchscreen",998.04800000001,99.7939999999944,98.4000000000815,6,TRUE,2,7,3,82,-0.0625,66,0.2,1,NA,2021-07-01 02:29:04.430843,"M","6","left","NA","NA",-1.42770813610296,-0.175687687277349,-0.131900049439841
1740.39999999991,"",83,617453,"1cozpltunf","fr","false",1280,800,1280,338,2,54,16.6666666666667,"",NA,"down","touchscreen",998.602000000014,99.8699999999953,96.8999999999651,6,TRUE,3,7,4,86,-0.0625,18,0.05,1,NA,2021-07-01 02:29:04.430843,"M","6","left","NA","NA",-1.32609511519979,-0.314681484299303,-0.050827369977959
1413.80000000005,"",84,620902,"1cozpltunf","fr","false",1280,800,1280,338,2,54,16.6666666666667,"",NA,"down","touchscreen",997.820999999996,100.745999999985,97.6000000000931,6,TRUE,4,7,7,93,-0.1875,66,0.1,1,NA,2021-07-01 02:29:04.430843,"M","6","left","NA","NA",-3.23011098047125,-0.374397450370899,-0.134083245549051
1789.79999999976,"",85,624723,"1cozpltunf","fr","false",1280,800,1280,338,2,54,16.6666666666667,"",NA,"down","touchscreen",998.375999999989,99.9159999999683,96.1999999999534,6,TRUE,5,7,8,101,-0.1875,38,0.15,1,NA,2021-07-01 02:29:04.430843,"M","6","left","NA","NA",-2.39874738566943,-0.371223557275122,-0.178136073779402
3811.50000000006,"",86,630576,"1cozpltunf","fr","false",1280,800,1280,338,2,54,16.6666666666667,"",NA,"down","touchscreen",998.423999999999,99.8130000000237,96.9000000000233,6,TRUE,6,7,8,109,-0.125,66,0.05,1,NA,2021-07-01 02:29:04.430843,"M","6","left","NA","NA",-5.5308181329727,-0.568678595131768,-0.141955692648252
2018.40000000014,"",87,634622,"1cozpltunf","fr","false",1280,800,1280,338,2,54,16.6666666666667,"",NA,"down","touchscreen",997.826000000001,100.630000000005,96.1999999999534,6,FALSE,0,7,0,109,0.0625,66,0.1,1,NA,2021-07-01 02:29:04.430843,"M","6","left","NA","NA",1.35621981486761,0.167142685874464,0.0494910490576651
3124.80000000005,"",88,639777,"1cozpltunf","fr","false",1280,800,1280,338,2,54,16.6666666666667,"",NA,"up","touchscreen",998.326000000001,99.8669999999693,95.4000000001397,6,FALSE,0,7,0,109,-0.1875,38,0.2,1,NA,2021-07-01 02:29:04.430843,"M","6","left","NA","NA",-0.268417930815244,-0.0446916226236755,-0.0254570558688399
2580,"",89,644389,"1cozpltunf","fr","false",1280,800,1280,338,2,54,16.6666666666667,"",NA,"up","touchscreen",998.576999999932,100.070999999996,96.1999999999534,6,TRUE,1,7,0,109,0.1875,18,0.2,1,NA,2021-07-01 02:29:04.430843,"M","6","left","NA","NA",1.04167603986207,0.252013643053583,0.174710752566457
1480.39999999991,"",90,647900,"1cozpltunf","fr","false",1280,800,1280,338,2,54,16.6666666666667,"",NA,"down","touchscreen",998.712999999989,99.6139999999432,95.9000000000233,6,TRUE,2,7,3,112,-0.0625,6,0.05,1,NA,2021-07-01 02:29:04.430843,"M","6","left","NA","NA",-1.90277489079392,-0.689277636674165,-0.116153868418065
2680.79999999981,"",91,652609,"1cozpltunf","fr","false",1280,800,1280,338,2,54,16.6666666666667,"",NA,"up","touchscreen",997.99700000009,100.685999999987,96.3999999999069,6,TRUE,3,7,3,115,0.125,18,0.05,1,NA,2021-07-01 02:29:04.430843,"M","6","left","NA","NA",8.51718938886441,0.905149628061844,0.238531283095195
3220.19999999995,"",92,657862,"1cozpltunf","fr","false",1280,800,1280,338,2,54,16.6666666666667,"",NA,"up","touchscreen",998.180000000051,99.7430000000168,96.1999999999534,6,TRUE,4,7,3,118,0,66,0.15,1,NA,2021-07-01 02:29:04.430843,"M","6","left","NA","NA",1.60615571709108,0.196841476008613,0.10512376018005
1597.29999999993,"",93,661504,"1cozpltunf","fr","false",1280,800,1280,338,2,54,16.6666666666667,"",NA,"up","touchscreen",998.560999999987,99.8449999999721,97.8000000000466,6,FALSE,0,7,0,118,-0.0625,18,0.15,1,NA,2021-07-01 02:29:04.430843,"M","6","left","NA","NA",-0.232472756645091,-0.0580202835166469,-0.0306539939265437
3114.39999999991,"",94,666660,"1cozpltunf","fr","false",1280,800,1280,338,2,54,16.6666666666667,"",NA,"down","touchscreen",998.400000000023,99.9039999999804,95.4999999998836,6,TRUE,1,7,0,118,-0.125,18,0.05,1,NA,2021-07-01 02:29:04.430843,"M","6","left","NA","NA",-2.59778444216815,-0.544661755577771,-0.103741831605404
4468.69999999995,"",95,673156,"1cozpltunf","fr","false",1280,800,1280,338,2,54,16.6666666666667,"",NA,"up","touchscreen",998.89300000004,99.517000000109,96.3999999999069,6,FALSE,0,7,0,118,-0.0625,6,0.1,1,NA,2021-07-01 02:29:04.430843,"M","6","left","NA","NA",-0.962959906771373,-0.43381450106645,-0.106990050871316
3706.40000000002,"",96,678903,"1cozpltunf","fr","false",1280,800,1280,338,2,54,16.6666666666667,"",NA,"down","touchscreen",999.280000000028,99.0860000000102,93.9000000000233,6,TRUE,1,7,0,118,-0.0625,38,0.05,1,NA,2021-07-01 02:29:04.430843,"M","6","left","NA","NA",-5.49514885488663,-0.675400564865344,-0.113133843847041
1716.99999999988,"",97,682654,"1cozpltunf","fr","false",1280,800,1280,338,2,54,16.6666666666667,"",NA,"up","touchscreen",999.204000000027,99.1970000000438,94.5999999999767,6,TRUE,2,7,1,119,0.125,38,0.05,1,NA,2021-07-01 02:29:04.430843,"M","6","left","NA","NA",3.4780851877286,0.501511475425188,0.104938222692272
2054,"",98,686734,"1cozpltunf","fr","false",1280,800,1280,338,2,54,16.6666666666667,"",NA,"up","touchscreen",999.378999999957,99.0529999999562,95.6000000000931,6,FALSE,0,7,0,119,-0.125,38,0.2,1,NA,2021-07-01 02:29:04.430843,"M","6","left","NA","NA",-0.954343463289811,-0.157082622092598,-0.0679930973731382
6035.79999999993,"",99,694812,"1cozpltunf","fr","false",1280,800,1280,338,2,54,16.6666666666667,"",NA,"up","touchscreen",998.591000000015,99.8919999999925,96.0999999999767,6,TRUE,1,7,0,119,0.125,6,0.2,1,NA,2021-07-01 02:29:04.430843,"M","6","left","NA","NA",1.36865222108601,0.564748885235075,0.298703490864488
1286.80000000028,"",100,698135,"1cozpltunf","fr","false",1280,800,1280,338,2,54,16.6666666666667,"",NA,"up","touchscreen",997.551000000094,100.829999999958,96.3999999999069,6,TRUE,2,7,4,123,0.1875,66,0.15,1,NA,2021-07-01 02:29:04.430843,"M","6","left","NA","NA",1.0027683399678,0.124372800665117,0.0653148819519009
1456.40000000002,"",101,701634,"1cozpltunf","fr","false",1280,800,1280,338,2,54,16.6666666666667,"",NA,"up","touchscreen",998.336999999941,99.8200000000652,96.5999999998603,6,TRUE,3,7,7,130,0.0625,18,0.05,1,NA,2021-07-01 02:29:04.430843,"M","6","left","NA","NA",1.26534813161638,0.301606050923298,0.0597345776689795
4003.79999999993,"",102,707676,"1cozpltunf","fr","false",1280,800,1280,338,2,54,16.6666666666667,"",NA,"down","touchscreen",999.229999999981,99.2789999999804,95.4999999998836,6,TRUE,4,7,7,137,-0.1875,66,0.2,1,NA,2021-07-01 02:29:04.430843,"M","6","left","NA","NA",-3.87802742876926,-0.436204249564984,-0.326573100760517
1919.10000000009,"",103,711633,"1cozpltunf","fr","false",1280,800,1280,338,2,54,16.6666666666667,"",NA,"up","touchscreen",999.094999999972,98.7669999999925,95.6000000000931,6,TRUE,5,7,7,144,0.125,6,0.05,1,NA,2021-07-01 02:29:04.430843,"M","6","left","NA","NA",2.75517796374651,0.809261907231595,0.244724090168721
2584.10000000009,"",104,716257,"1cozpltunf","fr","false",1280,800,1280,338,2,54,16.6666666666667,"",NA,"up","touchscreen",998.606000000029,99.6509999999544,96.2999999996973,6,TRUE,6,7,7,151,0.1875,66,0.2,1,NA,2021-07-01 02:29:04.430843,"M","6","left","NA","NA",0.180319053899042,0.0225341582667217,0.018646454147536
5742.40000000002,"",105,724043,"1cozpltunf","fr","false",1280,800,1280,338,2,54,16.6666666666667,"",NA,"down","touchscreen",998.724999999977,99.6719999999041,96.300000000163,6,TRUE,7,7,7,158,-0.125,18,0.2,1,NA,2021-07-01 02:29:04.430843,"M","6","left","NA","NA",-0.147222352123657,-0.0367806839612814,-0.02395307731435
1762.20000000007,"",106,727836,"1cozpltunf","fr","false",1280,800,1280,338,2,54,16.6666666666667,"",NA,"down","touchscreen",999.241999999969,99.0599999999395,96.1999999999534,6,TRUE,8,8,8,166,-0.1875,18,0.15,1,NA,2021-07-01 02:29:04.430843,"M","6","left","NA","NA",-1.44103243855984,-0.338934431218038,-0.195966396427195
1034.30000000028,"",107,730904,"1cozpltunf","fr","false",1280,800,1280,338,2,54,16.6666666666667,"",NA,"down","touchscreen",997.704000000027,100.770000000019,96.300000000163,6,TRUE,9,9,13,179,-0.1875,6,0.05,1,NA,2021-07-01 02:29:04.430843,"M","6","left","NA","NA",-3.26103790276032,-0.852449887376844,-0.132890459847845
2373.99999999977,"",108,735320,"1cozpltunf","fr","false",1280,800,1280,338,2,54,16.6666666666667,"",NA,"down","touchscreen",998.885000000009,99.8669999999693,99.9999999998836,6,FALSE,0,9,0,179,0.0625,38,0.15,1,NA,2021-07-01 02:29:04.430843,"M","6","left","NA","NA",1.73054111576476,0.277126927217536,0.166471238126647
1456.29999999981,"",109,738814,"1cozpltunf","fr","false",1280,800,1280,338,2,54,16.6666666666667,"",NA,"up","touchscreen",998.718999999925,99.7090000000317,95.4000000001397,6,FALSE,0,9,0,179,0.0625,66,0.2,1,NA,2021-07-01 02:29:04.430843,"M","6","left","NA","NA",-0.59589868673878,-0.0742815503803102,-0.0536517981175015
1699.30000000028,"",110,742553,"1cozpltunf","fr","false",1280,800,1280,338,2,54,16.6666666666667,"",NA,"down","touchscreen",997.833999999915,100.41399999999,97.1000000004424,6,FALSE,0,9,0,179,0.0625,6,0.05,1,NA,2021-07-01 02:29:04.430843,"M","6","left","NA","NA",0.974735196328506,0.438106079780941,0.0684532819383253
1725.5,"",111,746303,"1cozpltunf","fr","false",1280,800,1280,338,2,54,16.6666666666667,"",NA,"down","touchscreen",998.241999999969,99.8630000000121,98.5000000001164,6,TRUE,1,9,1,180,-0.125,38,0.05,1,NA,2021-07-01 02:29:04.430843,"M","6","left","NA","NA",-3.4351114068519,-0.496851862302582,-0.0954565453633379
5183.50000000012,"",112,753526,"1cozpltunf","fr","false",1280,800,1280,338,2,54,16.6666666666667,"",NA,"down","touchscreen",999.444999999949,99.033000000054,95.7000000003027,6,TRUE,2,9,1,181,0,18,0.2,1,NA,2021-07-01 02:29:04.430843,"M","6","left","NA","NA",-0.136065269839635,-0.0339966542146086,-0.0270638546568571
3326.70000000007,"",113,758893,"1cozpltunf","fr","false",1280,800,1280,338,2,54,16.6666666666667,"",NA,"down","touchscreen",998.559000000008,99.875,97.699999999837,6,TRUE,3,9,1,182,-0.0625,66,0.15,1,NA,2021-07-01 02:29:04.430843,"M","6","left","NA","NA",-1.10788103942578,-0.137175987304877,-0.0758894258164959
8033.40000000026,"",2,129497,"1ymb6cj992","fr","false",1280,800,1280,632,2,60,16.6666666666667,"",NA,"down","touchscreen",998.832000000009,99.2179999999935,94.5000000001455,6,TRUE,1,1,0,0,-0.125,18,0.15,1,NA,2021-07-02 08:02:34.805393,"F","7","right","NA","NA",-0.989376306527425,-0.240108299511725,-0.121893733721332
3610.79999999948,"",3,135139,"1ymb6cj992","fr","false",1280,800,1280,632,2,60,16.6666666666667,"",NA,"down","touchscreen",997.942999999999,100.434999999998,97.1999999992404,6,TRUE,2,2,0,0,-0.1875,38,0.1,1,NA,2021-07-02 08:02:34.805393,"F","7","right","NA","NA",-4.96729215981241,-0.637702943618932,-0.202537828999715
2281.10000000015,"",4,139454,"1ymb6cj992","fr","false",1280,800,1280,632,2,60,16.6666666666667,"",NA,"up","touchscreen",997.731,100.447,96.9999999997381,6,FALSE,0,2,0,0,-0.125,66,0.2,1,NA,2021-07-02 08:02:34.805393,"F","7","right","NA","NA",-1.14118629902327,-0.141218726105913,-0.0914073131468453
1682.7000000003,"",5,143166,"1ymb6cj992","fr","false",1280,800,1280,632,2,60,16.6666666666667,"",NA,"up","touchscreen",998.588999999993,99.6140000000014,95.499999999447,6,TRUE,1,2,2,2,0.1875,38,0.15,1,NA,2021-07-02 08:02:34.805393,"F","7","right","NA","NA",2.26367993700262,0.352992959169891,0.207042027590268
3016.59999999992,"",6,148212,"1ymb6cj992","fr","false",1280,800,1280,632,2,60,16.6666666666667,"",NA,"down","touchscreen",999.794000000009,98.6240000000107,95.0999999995402,6,TRUE,2,2,2,4,0,38,0.2,1,NA,2021-07-02 08:02:34.805393,"F","7","right","NA","NA",-0.766687664376346,-0.126750671352775,-0.0848578856472666
1793.09999999987,"",7,152048,"1ymb6cj992","fr","false",1280,800,1280,632,2,60,16.6666666666667,"",NA,"down","touchscreen",998.847999999998,99.301999999996,95.0999999995402,6,TRUE,3,3,3,7,-0.1875,66,0.05,1,NA,2021-07-02 08:02:34.805393,"F","7","right","NA","NA",-7.31874558792353,-0.674993211743563,-0.156254327124225
1467.89999999964,"",8,155550,"1ymb6cj992","fr","false",1280,800,1280,632,2,60,16.6666666666667,"",NA,"down","touchscreen",999.520000000004,98.898000000001,94.5000000001455,6,TRUE,4,4,6,13,-0.125,66,0.1,1,NA,2021-07-02 08:02:34.805393,"F","7","right","NA","NA",-3.66529216542472,-0.416525623614867,-0.180471093258168
1798.69999999937,"",9,159390,"1ymb6cj992","fr","false",1280,800,1280,632,2,60,16.6666666666667,"",NA,"down","touchscreen",998.517999999996,99.8819999999978,95.8000000000466,6,TRUE,5,5,7,20,-0.1875,66,0.1,1,NA,2021-07-02 08:02:34.805393,"F","7","right","NA","NA",-6.01294532510439,-0.600827536093262,-0.273656834472107
1558.20000000039,"",10,162980,"1ymb6cj992","fr","false",1280,800,1280,632,2,60,16.6666666666667,"",NA,"down","touchscreen",999.316999999995,99.0439999999944,95.2999999999593,6,TRUE,6,6,9,29,-0.1875,38,0.15,1,NA,2021-07-02 08:02:34.805393,"F","7","right","NA","NA",-3.04280925327156,-0.452297042030081,-0.21683978637408
1657.70000000065,"",11,166672,"1ymb6cj992","fr","false",1280,800,1280,632,2,60,16.6666666666667,"",NA,"up","touchscreen",998.021000000008,99.7449999999953,96.500000000553,6,TRUE,7,7,11,40,0.1875,6,0.1,1,NA,2021-07-02 08:02:34.805393,"F","7","right","NA","NA",2.46810352409862,0.77693512572881,0.187905999553853
2995.10000000009,"",12,171710,"1ymb6cj992","fr","false",1280,800,1280,632,2,60,16.6666666666667,"",NA,"down","touchscreen",999.847000000009,98.2209999999905,94.9000000000524,6,TRUE,8,8,11,51,-0.1875,6,0.15,1,NA,2021-07-02 08:02:34.805393,"F","7","right","NA","NA",-0.694658260608913,-0.328101811709307,-0.0756791966615787
2103.19999999958,"",13,175841,"1ymb6cj992","fr","false",1280,800,1280,632,2,60,16.6666666666667,"",NA,"up","touchscreen",997.331000000006,100.856999999989,97.0999999999476,6,TRUE,9,9,11,62,0.0625,38,0.15,1,NA,2021-07-02 08:02:34.805393,"F","7","right","NA","NA",1.66543623162826,0.267460412289814,0.124730880862376
1684.2999999999,"",14,179567,"1ymb6cj992","fr","false",1280,800,1280,632,2,60,16.6666666666667,"",NA,"up","touchscreen",998.407000000007,99.8539999999921,96.9999999997672,6,TRUE,10,10,13,75,-0.125,66,0.15,1,NA,2021-07-02 08:02:34.805393,"F","7","right","NA","NA",0.968707955832453,0.120210413469779,0.0614230917086156
1553.5,"",15,183166,"1ymb6cj992","fr","false",1280,800,1280,632,2,60,16.6666666666667,"",NA,"up","touchscreen",999.032000000007,99.3789999999863,95.8000000000466,6,TRUE,11,11,15,90,0.1875,18,0.15,1,NA,2021-07-02 08:02:34.805393,"F","7","right","NA","NA",5.51253650385185,0.809372378873865,0.38793605659337
3687.39999999979,"",16,188891,"1ymb6cj992","fr","false",1280,800,1280,632,2,60,16.6666666666667,"",NA,"down","touchscreen",998.299999999988,99.8910000000033,96.0999999997439,6,FALSE,0,11,0,90,0,66,0.05,1,NA,2021-07-02 08:02:34.805393,"F","7","right","NA","NA",0.100173445296243,0.0125206991247284,0.00224057838307239
1757.00000000049,"",17,192681,"1ymb6cj992","fr","false",1280,800,1280,632,2,60,16.6666666666667,"",NA,"down","touchscreen",997.160000000003,100.698000000004,100.600000000646,6,TRUE,1,11,1,91,-0.0625,66,0.05,1,NA,2021-07-02 08:02:34.805393,"F","7","right","NA","NA",-2.60360056587248,-0.309473136340806,-0.0572595813608849
1177.4999999998,"",18,195902,"1ymb6cj992","fr","false",1280,800,1280,632,2,60,16.6666666666667,"",NA,"up","touchscreen",998.97199999998,99.3250000000116,96.0999999997439,6,FALSE,0,11,0,91,0,18,0.1,1,NA,2021-07-02 08:02:34.805393,"F","7","right","NA","NA",-0.828802934998604,-0.202891224170234,-0.0608441422613571
3157.10000000038,"",19,201096,"1ymb6cj992","fr","false",1280,800,1280,632,2,60,16.6666666666667,"",NA,"up","touchscreen",998.190999999992,100.362999999983,95.9999999995634,6,TRUE,1,11,0,91,0.125,6,0.15,1,NA,2021-07-02 08:02:34.805393,"F","7","right","NA","NA",0.0394121547509882,0.0197022522640662,0.00793284932936501
1471.90000000046,"",20,204598,"1ymb6cj992","fr","false",1280,800,1280,632,2,60,16.6666666666667,"",NA,"up","touchscreen",997.097999999998,100.798999999999,97.600000000064,6,TRUE,2,11,3,94,0.125,18,0.2,1,NA,2021-07-02 08:02:34.805393,"F","7","right","NA","NA",1.1322543974233,0.272362314063076,0.210178602569811
1329.99999999994,"",21,207970,"1ymb6cj992","fr","false",1280,800,1280,632,2,60,16.6666666666667,"",NA,"up","touchscreen",998.446999999986,99.877999999997,95.2000000006519,6,FALSE,0,11,0,94,-0.1875,38,0.2,1,NA,2021-07-02 08:02:34.805393,"F","7","right","NA","NA",-0.49704361751562,-0.0825578080818318,-0.0547003888019814
2321.50000000003,"",22,212324,"1ymb6cj992","fr","false",1280,800,1280,632,2,60,16.6666666666667,"",NA,"up","touchscreen",998.506999999983,99.8189999999886,96.1999999999534,6,TRUE,1,11,0,94,0.1875,66,0.1,1,NA,2021-07-02 08:02:34.805393,"F","7","right","NA","NA",5.28913278168629,0.55150537239147,0.220829325232492
2151.00000000076,"",23,216514,"1ymb6cj992","fr","false",1280,800,1280,632,2,60,16.6666666666667,"",NA,"up","touchscreen",998.540999999997,99.7690000000002,95.5000000003492,6,TRUE,2,11,0,94,0.125,38,0.05,1,NA,2021-07-02 08:02:34.805393,"F","7","right","NA","NA",5.75162595242097,0.692007330015732,0.108001994814306
2313.69999999969,"",24,220869,"1ymb6cj992","fr","false",1280,800,1280,632,2,60,16.6666666666667,"",NA,"down","touchscreen",998.21100000001,100.016000000003,96.4999999996508,6,FALSE,0,11,0,94,-0.125,6,0.1,1,NA,2021-07-02 08:02:34.805393,"F","7","right","NA","NA",0.0388289719079947,0.019410828111998,0.00217165796246599
2238.19999999978,"",25,225137,"1ymb6cj992","fr","false",1280,800,1280,632,2,60,16.6666666666667,"",NA,"up","touchscreen",997.662000000011,100.614999999991,97.399999999674,6,FALSE,0,11,0,94,-0.0625,6,0.05,1,NA,2021-07-02 08:02:34.805393,"F","7","right","NA","NA",-1.52831564893907,-0.607175288254739,-0.0869787881718064
3759.79999999981,"",26,230937,"1ymb6cj992","fr","false",1280,800,1280,632,2,60,16.6666666666667,"",NA,"up","touchscreen",998.845000000001,99.310999999987,95.4000000001688,6,FALSE,0,11,0,94,0,38,0.1,1,NA,2021-07-02 08:02:34.805393,"F","7","right","NA","NA",-1.03561244198507,-0.170087094645891,-0.0615020373767212
1104.89999999935,"",27,234076,"1ymb6cj992","fr","false",1280,800,1280,632,2,60,16.6666666666667,"",NA,"up","touchscreen",999.860999999975,98.4839999999967,95.0999999995402,6,TRUE,1,11,4,98,0,6,0.1,1,NA,2021-07-02 08:02:34.805393,"F","7","right","NA","NA",0.358541108985486,0.176457487948348,0.049411537297343
1228.00000000006,"",28,237342,"1ymb6cj992","fr","false",1280,800,1280,632,2,60,16.6666666666667,"",NA,"up","touchscreen",997.300000000017,99.7119999999995,95.3999999992375,6,TRUE,2,11,8,106,0.1875,66,0.05,1,NA,2021-07-02 08:02:34.805393,"F","7","right","NA","NA",8.04652387702536,0.709153923694189,0.187482654338523
1056.19999999998,"",29,240434,"1ymb6cj992","fr","false",1280,800,1280,632,2,60,16.6666666666667,"",NA,"up","touchscreen",999.140000000014,99.359999999986,95.9999999995343,6,TRUE,3,11,13,119,0.125,38,0.1,1,NA,2021-07-02 08:02:34.805393,"F","7","right","NA","NA",2.9085224261306,0.436204474778826,0.165811713006851
1492.29999999987,"",30,243966,"1ymb6cj992","fr","false",1280,800,1280,632,2,60,16.6666666666667,"",NA,"up","touchscreen",999.554000000004,98.7360000000044,94.6000000003551,6,TRUE,4,11,16,135,0.125,66,0.05,1,NA,2021-07-02 08:02:34.805393,"F","7","right","NA","NA",7.34635519476265,0.676375851777444,0.133577455641985
1207.99999999965,"",31,247209,"1ymb6cj992","fr","false",1280,800,1280,632,2,60,16.6666666666667,"",NA,"up","touchscreen",998.002000000008,100.435999999987,97.4999999998545,6,TRUE,5,11,20,155,0,18,0.15,1,NA,2021-07-02 08:02:34.805393,"F","7","right","NA","NA",0.131611486607516,0.0328850757925463,0.0140645441352832
1664.20000000016,"",32,250910,"1ymb6cj992","fr","false",1280,800,1280,632,2,60,16.6666666666667,"",NA,"down","touchscreen",998.502000000008,100.020000000019,96.7000000000698,6,TRUE,6,11,22,177,-0.1875,6,0.05,1,NA,2021-07-02 08:02:34.805393,"F","7","right","NA","NA",-5.12471209678344,-0.931570702548412,-0.18148159407786
1234.99999999968,"",33,254178,"1ymb6cj992","fr","false",1280,800,1280,632,2,60,16.6666666666667,"",NA,"up","touchscreen",998.600000000006,99.8960000000079,96.4000000003434,6,TRUE,7,11,26,203,0.0625,38,0.1,1,NA,2021-07-02 08:02:34.805393,"F","7","right","NA","NA",0.378072353626416,0.062887334922815,0.0171140749153163
1254.89999999991,"",34,257477,"1ymb6cj992","fr","false",1280,800,1280,632,2,60,16.6666666666667,"",NA,"down","touchscreen",999.198000000004,98.9150000000081,94.6999999996333,6,TRUE,8,11,30,233,-0.125,66,0.05,1,NA,2021-07-02 08:02:34.805393,"F","7","right","NA","NA",-7.44498690672771,-0.681257297835295,-0.16265006610876
4211.90000000026,"",35,263728,"1ymb6cj992","fr","false",1280,800,1280,632,2,60,16.6666666666667,"",NA,"up","touchscreen",999.10500000001,98.8759999999893,95.1999999997206,6,TRUE,9,11,30,263,0,38,0.05,1,NA,2021-07-02 08:02:34.805393,"F","7","right","NA","NA",0.0204341849213947,0.00340567773611086,0.000565934300869997
1673.40000000061,"",36,267432,"1ymb6cj992","fr","false",1280,800,1280,632,2,60,16.6666666666667,"",NA,"up","touchscreen",999.356999999989,98.6260000000184,94.7000000005646,6,TRUE,10,11,32,295,0.125,66,0.1,1,NA,2021-07-02 08:02:34.805393,"F","7","right","NA","NA",2.3517285459165,0.282032474249531,0.0963272798892556
1176.60000000068,"",37,270644,"1ymb6cj992","fr","false",1280,800,1280,632,2,60,16.6666666666667,"",NA,"up","touchscreen",999.001000000018,99.2980000000098,96.4000000003725,6,TRUE,11,11,36,331,0.125,6,0.2,1,NA,2021-07-02 08:02:34.805393,"F","7","right","NA","NA",1.31950964625016,0.55069964666611,0.368666784225533
1434.2999999999,"",38,274116,"1ymb6cj992","fr","false",1280,800,1280,632,2,60,16.6666666666667,"",NA,"down","touchscreen",999.725000000006,98.7919999999867,95.1999999997497,6,TRUE,12,12,39,370,-0.1875,18,0.1,1,NA,2021-07-02 08:02:34.805393,"F","7","right","NA","NA",-2.50439063401725,-0.530667793157144,-0.171261754294777
1295.20000000048,"",39,277454,"1ymb6cj992","fr","false",1280,800,1280,632,2,60,16.6666666666667,"",NA,"up","touchscreen",998.265999999974,99.820000000007,95.9000000002561,6,TRUE,13,13,43,413,0,38,0.15,1,NA,2021-07-02 08:02:34.805393,"F","7","right","NA","NA",2.3452792146832,0.364056471476492,0.158430706885784
2477.49999999997,"",40,281966,"1ymb6cj992","fr","false",1280,800,1280,632,2,60,16.6666666666667,"",NA,"up","touchscreen",997.672999999981,100.894,96.7000000000407,6,FALSE,0,13,0,413,0.0625,38,0.2,1,NA,2021-07-02 08:02:34.805393,"F","7","right","NA","NA",-0.621641029945085,-0.10305519807991,-0.070222099428192
1418.69999999928,"",41,285416,"1ymb6cj992","fr","false",1280,800,1280,632,2,60,16.6666666666667,"",NA,"down","touchscreen",998.136999999988,99.8209999999963,96.7999999993481,6,TRUE,1,13,3,416,-0.125,18,0.05,1,NA,2021-07-02 08:02:34.805393,"F","7","right","NA","NA",-4.81351788666082,-0.769105747311406,-0.132704775218775
3348.60000000027,"",42,290791,"1ymb6cj992","fr","false",1280,800,1280,632,2,60,16.6666666666667,"",NA,"up","touchscreen",998.625,99.6849999999977,95.6999999998661,6,FALSE,0,13,0,416,0,6,0.15,1,NA,2021-07-02 08:02:34.805393,"F","7","right","NA","NA",-0.375245040654239,-0.184404863201098,-0.0849326535155242
3349.40000000008,"",43,296167,"1ymb6cj992","fr","false",1280,800,1280,632,2,60,16.6666666666667,"",NA,"down","touchscreen",998.513999999996,99.8319999999949,95.8000000000466,6,TRUE,1,13,0,416,-0.0625,18,0.1,1,NA,2021-07-02 08:02:34.805393,"F","7","right","NA","NA",-0.895044741465312,-0.218361375430534,-0.0537152568265936
1575.59999999922,"",44,299786,"1ymb6cj992","fr","false",1280,800,1280,632,2,60,16.6666666666667,"",NA,"up","touchscreen",998.369000000006,99.7079999999842,96.2999999992317,6,TRUE,2,13,2,418,-0.0625,38,0.1,1,NA,2021-07-02 08:02:34.805393,"F","7","right","NA","NA",0.427584335129946,0.0710837826189088,0.0177561627260856
1417.80000000022,"",45,303238,"1ymb6cj992","fr","false",1280,800,1280,632,2,60,16.6666666666667,"",NA,"up","touchscreen",998.691999999981,99.7249999999767,99.5999999995693,6,TRUE,3,13,5,423,0.0625,18,0.2,1,NA,2021-07-02 08:02:34.805393,"F","7","right","NA","NA",0.499848616165208,0.123997758372691,0.0595182244302713
1245.30000000045,"",46,306511,"1ymb6cj992","fr","false",1280,800,1280,632,2,60,16.6666666666667,"",NA,"up","touchscreen",997.07699999999,101.257999999973,97.2000000001281,6,FALSE,0,13,0,423,-0.125,6,0.05,1,NA,2021-07-02 08:02:34.805393,"F","7","right","NA","NA",-1.2654075746218,-0.534672325760368,-0.0823761056537733
893.099999999278,"",47,309440,"1ymb6cj992","fr","false",1280,800,1280,632,2,60,16.6666666666667,"",NA,"up","touchscreen",999.689000000013,99.2080000000424,95.9999999995343,6,TRUE,1,13,6,429,0.125,18,0.1,1,NA,2021-07-02 08:02:34.805393,"F","7","right","NA","NA",2.59237689002435,0.543863587718336,0.205600577344182
1354.59999999969,"",48,312831,"1ymb6cj992","fr","false",1280,800,1280,632,2,60,16.6666666666667,"",NA,"up","touchscreen",998.819000000018,99.7520000000368,96.5999999998021,6,TRUE,2,13,9,438,-0.125,6,0.2,1,NA,2021-07-02 08:02:34.805393,"F","7","right","NA","NA",0.718923809134925,0.33827115256324,0.146028289594231
1431.20000000001,"",49,316303,"1ymb6cj992","fr","false",1280,800,1280,632,2,60,16.6666666666667,"",NA,"down","touchscreen",999.517999999982,98.8740000000107,95.5000000003492,6,TRUE,3,13,12,450,-0.0625,18,0.2,1,NA,2021-07-02 08:02:34.805393,"F","7","right","NA","NA",-1.96173429401644,-0.44032912951504,-0.258758291790891
1747.59999999969,"",50,320078,"1ymb6cj992","fr","false",1280,800,1280,632,2,60,16.6666666666667,"",NA,"up","touchscreen",998.918999999994,99.4020000000019,97.8999999997905,6,TRUE,4,13,13,463,0.0625,6,0.1,1,NA,2021-07-02 08:02:34.805393,"F","7","right","NA","NA",1.00549381928187,0.449175884574652,0.11045682354173
1877.5999999998,"",51,323988,"1ymb6cj992","fr","false",1280,800,1280,632,2,60,16.6666666666667,"",NA,"down","touchscreen",998.56799999997,99.4220000000205,95.2999999999302,6,FALSE,0,13,0,463,0,18,0.05,1,NA,2021-07-02 08:02:34.805393,"F","7","right","NA","NA",1.61436276978655,0.37425936316059,0.0438166177420147
3136.80000000022,"",52,329157,"1ymb6cj992","fr","false",1280,800,1280,632,2,60,16.6666666666667,"",NA,"down","touchscreen",997.234999999986,100.214999999967,98.8000000006286,6,TRUE,1,13,0,463,-0.125,38,0.15,1,NA,2021-07-02 08:02:34.805393,"F","7","right","NA","NA",-2.64902050262735,-0.403890554665704,-0.233937712942248
1071.30000000051,"",53,332270,"1ymb6cj992","fr","false",1280,800,1280,632,2,60,16.6666666666667,"",NA,"up","touchscreen",999.616000000038,98.8960000000079,95.699999999837,6,TRUE,2,13,5,468,0.1875,18,0.2,1,NA,2021-07-02 08:02:34.805393,"F","7","right","NA","NA",1.15523560796083,0.277468725205656,0.22299423425045
4747.6999999999,"",54,339054,"1ymb6cj992","fr","false",1280,800,1280,632,2,60,16.6666666666667,"",NA,"down","touchscreen",998.472999999998,99.8260000000009,96.300000000163,6,TRUE,3,13,5,473,-0.125,18,0.1,1,NA,2021-07-02 08:02:34.805393,"F","7","right","NA","NA",-2.26771695794392,-0.493185460986572,-0.160625334939967
6429.79999999987,"",55,347511,"1ymb6cj992","fr","false",1280,800,1280,632,2,60,16.6666666666667,"",NA,"up","touchscreen",996.715000000026,101.304999999993,98.2000000003609,6,FALSE,0,13,0,473,-0.1875,18,0.2,1,NA,2021-07-02 08:02:34.805393,"F","7","right","NA","NA",-0.200069286489814,-0.0499548737902936,-0.0285731704848284
2563.99999999942,"",56,352102,"1ymb6cj992","fr","false",1280,800,1280,632,2,60,16.6666666666667,"",NA,"up","touchscreen",998.445000000007,100.007999999973,95.9000000002561,6,TRUE,1,13,0,473,0.0625,66,0.2,1,NA,2021-07-02 08:02:34.805393,"F","7","right","NA","NA",1.40767602277969,0.173297162025892,0.114439445741642
3010.9000000002,"",57,357143,"1ymb6cj992","fr","false",1280,800,1280,632,2,60,16.6666666666667,"",NA,"down","touchscreen",998.680999999982,99.7829999999958,97.0999999999767,6,FALSE,0,13,0,473,0,6,0.2,1,NA,2021-07-02 08:02:34.805393,"F","7","right","NA","NA",0.235658960343637,0.11701994042669,0.0910892298020016
3141.49999999971,"",58,362317,"1ymb6cj992","fr","false",1280,800,1280,632,2,60,16.6666666666667,"",NA,"down","touchscreen",998.392999999982,99.9679999999935,96.3000000001048,6,TRUE,1,13,0,473,-0.1875,6,0.2,1,NA,2021-07-02 08:02:34.805393,"F","7","right","NA","NA",-0.574750444821087,-0.276196654844765,-0.138194143329874
1506.90000000031,"",59,365859,"1ymb6cj992","fr","false",1280,800,1280,632,2,60,16.6666666666667,"",NA,"down","touchscreen",998.849999999977,99.5789999999688,97.0000000006403,6,TRUE,2,13,2,475,-0.1875,18,0.15,1,NA,2021-07-02 08:02:34.805393,"F","7","right","NA","NA",-2.04045954310694,-0.454407296338757,-0.248099240952588
1527.39999999997,"",60,369429,"1ymb6cj992","fr","false",1280,800,1280,632,2,60,16.6666666666667,"",NA,"down","touchscreen",999.353000000003,99.0750000000116,94.7999999998719,6,FALSE,0,13,0,475,0.0625,66,0.1,1,NA,2021-07-02 08:02:34.805393,"F","7","right","NA","NA",1.14221182121193,0.141343097521977,0.0494310437148375
1209.20000000024,"",61,372664,"1ymb6cj992","fr","false",1280,800,1280,632,2,60,16.6666666666667,"",NA,"up","touchscreen",998.588000000047,99.9259999999776,99.9000000001979,6,TRUE,1,13,4,479,0.0625,6,0.05,1,NA,2021-07-02 08:02:34.805393,"F","7","right","NA","NA",1.62119814937178,0.629702711768792,0.125568519258521
1254.80000000057,"",62,375958,"1ymb6cj992","fr","false",1280,800,1280,632,2,60,16.6666666666667,"",NA,"up","touchscreen",997.491999999969,100.766000000003,98.2000000003027,6,FALSE,0,13,0,479,-0.0625,66,0.2,1,NA,2021-07-02 08:02:34.805393,"F","7","right","NA","NA",-0.14289499904474,-0.0178590261772309,-0.0126112900955163
2098.60000000027,"",63,380096,"1ymb6cj992","fr","false",1280,800,1280,632,2,60,16.6666666666667,"",NA,"down","touchscreen",998.35500000004,99.7800000000279,95.9999999995343,6,FALSE,0,13,0,479,0.125,66,0.2,1,NA,2021-07-02 08:02:34.805393,"F","7","right","NA","NA",1.73593787752656,0.212057234184748,0.15332029227995
1295.50000000017,"",64,383422,"1ymb6cj992","fr","false",1280,800,1280,632,2,60,16.6666666666667,"",NA,"up","touchscreen",998.284000000043,100.022999999986,96.5000000005821,6,FALSE,0,13,0,479,-0.0625,18,0.15,1,NA,2021-07-02 08:02:34.805393,"F","7","right","NA","NA",-2.52274964612621,-0.533453822617433,-0.228302100895174
3861.5,"",65,389313,"1ymb6cj992","fr","false",1280,800,1280,632,2,60,16.6666666666667,"",NA,"down","touchscreen",999.498000000021,98.7569999999832,98.1000000001513,6,FALSE,0,13,0,479,0.1875,66,0.2,1,NA,2021-07-02 08:02:34.805393,"F","7","right","NA","NA",1.7093341602724,0.208950343550397,0.145902808430207
2410.5,"",66,393757,"1ymb6cj992","fr","false",1280,800,1280,632,2,60,16.6666666666667,"",NA,"down","touchscreen",1000.23800000001,98.3209999999963,94.0000000000582,6,FALSE,0,13,0,479,0.0625,18,0.05,1,NA,2021-07-02 08:02:34.805393,"F","7","right","NA","NA",0.753030014667582,0.18500763024106,0.0299703482697484
1882.50000000064,"",67,397674,"1ymb6cj992","fr","false",1280,800,1280,632,2,60,16.6666666666667,"",NA,"down","touchscreen",998.576000000001,99.8090000000084,96.5999999998603,6,FALSE,0,13,0,479,0.0625,38,0.05,1,NA,2021-07-02 08:02:34.805393,"F","7","right","NA","NA",3.09783995619062,0.458767546527307,0.0791588995931777
1918.79999999946,"",68,401621,"1ymb6cj992","fr","false",1280,800,1280,632,2,60,16.6666666666667,"",NA,"up","touchscreen",998.524000000034,99.7989999999991,97.1999999992549,6,TRUE,1,13,0,479,0.125,38,0.15,1,NA,2021-07-02 08:02:34.805393,"F","7","right","NA","NA",3.02095887375978,0.449707848425654,0.235480561246574
1181.70000000007,"",69,404844,"1ymb6cj992","fr","false",1280,800,1280,632,2,60,16.6666666666667,"",NA,"up","touchscreen",998.035999999964,100.139000000025,95.9999999995343,6,TRUE,2,13,4,483,0,66,0.1,1,NA,2021-07-02 08:02:34.805393,"F","7","right","NA","NA",1.12097235785647,0.1387658984851,0.042963490620086
250.199999999488,"",70,407121,"1ymb6cj992","fr","false",1280,800,1280,632,2,60,16.6666666666667,"",NA,"up","touchscreen",998.187000000034,99.7050000000163,98.5999999993364,6,FALSE,0,13,0,483,-0.125,6,0.15,1,NA,2021-07-02 08:02:34.805393,"F","7","right","NA","NA",-1.32944546833851,-0.553578915643722,-0.134649094288611
2665.20000000036,"",71,411821,"1ymb6cj992","fr","false",1280,800,1280,632,2,60,16.6666666666667,"",NA,"up","touchscreen",998.603000000003,99.8850000000093,96.4000000003725,6,FALSE,0,13,0,483,-0.0625,6,0.1,1,NA,2021-07-02 08:02:34.805393,"F","7","right","NA","NA",-0.775514865604237,-0.361529743569418,-0.123738467565116
1627.70000000001,"",72,415473,"1ymb6cj992","fr","false",1280,800,1280,632,2,60,16.6666666666667,"",NA,"down","touchscreen",998.331999999995,99.9800000000396,97.0999999999767,6,TRUE,1,13,2,485,-0.0625,38,0.2,1,NA,2021-07-02 08:02:34.805393,"F","7","right","NA","NA",-1.56027088952162,-0.251674779804747,-0.178379553970903
3496.79999999987,"",73,421008,"1ymb6cj992","fr","false",1280,800,1280,632,2,60,16.6666666666667,"",NA,"down","touchscreen",998.043999999994,100.217000000004,97.2000000001281,6,TRUE,2,13,2,487,-0.1875,18,0.05,1,NA,2021-07-02 08:02:34.805393,"F","7","right","NA","NA",-3.03356431575764,-0.604270354068006,-0.0981261816578071
1049.39999999985,"",74,424086,"1ymb6cj992","fr","false",1280,800,1280,632,2,60,16.6666666666667,"",NA,"up","touchscreen",998.543000000005,99.8609999999753,96.6000000007334,6,FALSE,0,13,0,487,0.0625,6,0.2,1,NA,2021-07-02 08:02:34.805393,"F","7","right","NA","NA",-0.302221970571485,-0.149414706766852,-0.0814509317859161
3911.60000000033,"",75,430025,"1ymb6cj992","fr","false",1280,800,1280,632,2,60,16.6666666666667,"",NA,"down","touchscreen",998.587,99.6809999999823,95.2999999999302,6,TRUE,1,13,0,487,0,66,0.2,1,NA,2021-07-02 08:02:34.805393,"F","7","right","NA","NA",-0.0312123395223442,-0.00390151274592734,-0.00261664444518263
1589.89999999991,"",76,433645,"1ymb6cj992","fr","false",1280,800,1280,632,2,60,16.6666666666667,"",NA,"up","touchscreen",997.716000000015,100.766000000003,96.5000000005239,6,TRUE,2,13,2,489,0.125,18,0.05,1,NA,2021-07-02 08:02:34.805393,"F","7","right","NA","NA",4.10455054848132,0.716169031289277,0.157621546111874
1171.09999999957,"",77,436853,"1ymb6cj992","fr","false",1280,800,1280,632,2,60,16.6666666666667,"",NA,"up","touchscreen",997.458999999973,101.044999999984,96.8999999995576,6,FALSE,0,13,0,489,-0.1875,38,0.05,1,NA,2021-07-02 08:02:34.805393,"F","7","right","NA","NA",-5.77841989252867,-0.693681681851138,-0.18359185196099
2033.40000000026,"",78,440930,"1ymb6cj992","fr","false",1280,800,1280,632,2,60,16.6666666666667,"",NA,"down","touchscreen",998.730999999971,99.7139999999781,95.2999999999884,6,TRUE,1,13,0,489,-0.0625,18,0.05,1,NA,2021-07-02 08:02:34.805393,"F","7","right","NA","NA",-0.861578276511488,-0.210565375119589,-0.0283286203825656
1215.69999999978,"",79,444172,"1ymb6cj992","fr","false",1280,800,1280,632,2,60,16.6666666666667,"",NA,"up","touchscreen",998.331000000006,99.8360000000102,95.5000000003492,6,TRUE,2,13,4,493,0.125,66,0.15,1,NA,2021-07-02 08:02:34.805393,"F","7","right","NA","NA",3.1325280968097,0.3646106368255,0.208680531016853
1136.70000000001,"",80,447337,"1ymb6cj992","fr","false",1280,800,1280,632,2,60,16.6666666666667,"",NA,"up","touchscreen",998.347999999998,99.8470000000088,96.2000000008848,6,TRUE,3,13,8,501,0,6,0.05,1,NA,2021-07-02 08:02:34.805393,"F","7","right","NA","NA",0.883786558524904,0.404188959676762,0.0437911925219857
970.099999999511,"",81,450355,"1ymb6cj992","fr","false",1280,800,1280,632,2,60,16.6666666666667,"",NA,"up","touchscreen",998.495999999985,99.8520000000135,95.9999999995343,6,TRUE,4,13,13,514,0.125,38,0.2,1,NA,2021-07-02 08:02:34.805393,"F","7","right","NA","NA",0.76266111657929,0.126095604520092,0.0747053190944028
2706.30000000069,"",82,455103,"1ymb6cj992","fr","false",1280,800,1280,632,2,60,16.6666666666667,"",NA,"up","touchscreen",1000.25899999996,97.9569999999949,93.2000000002445,6,TRUE,5,13,13,527,0.0625,6,0.15,1,NA,2021-07-02 08:02:34.805393,"F","7","right","NA","NA",1.23446455904113,0.525237365220253,0.23977057601945
2030.29999999946,"",83,459168,"1ymb6cj992","fr","false",1280,800,1280,632,2,60,16.6666666666667,"",NA,"down","touchscreen",998.559999999998,99.8160000000498,95.6999999998952,6,TRUE,6,13,13,540,-0.125,38,0.05,1,NA,2021-07-02 08:02:34.805393,"F","7","right","NA","NA",-5.43392421091129,-0.671276850031143,-0.134634917189425
1001.99999999948,"",84,462200,"1ymb6cj992","fr","false",1280,800,1280,632,2,60,16.6666666666667,"",NA,"up","touchscreen",999.64300000004,98.7189999999828,95.1999999997206,6,FALSE,0,13,0,540,0,18,0.2,1,NA,2021-07-02 08:02:34.805393,"F","7","right","NA","NA",-0.498367995371051,-0.123636082541414,-0.0716518516189953
2074.20000000001,"",85,466324,"1ymb6cj992","fr","false",1280,800,1280,632,2,60,16.6666666666667,"",NA,"down","touchscreen",999.571999999986,98.9230000000098,94.5000000001164,6,TRUE,1,13,0,540,-0.1875,66,0.15,1,NA,2021-07-02 08:02:34.805393,"F","7","right","NA","NA",-2.49710512134539,-0.297960285024005,-0.168015626763737
1388.29999999964,"",86,469741,"1ymb6cj992","fr","false",1280,800,1280,632,2,60,16.6666666666667,"",NA,"up","touchscreen",998.518999999971,99.814000000013,97.3000000003958,6,FALSE,0,13,0,540,0.0625,66,0.15,1,NA,2021-07-02 08:02:34.805393,"F","7","right","NA","NA",-0.803261518834413,-0.0999053447369206,-0.0459115612168417
5407.40000000002,"",87,477191,"1ymb6cj992","fr","false",1280,800,1280,632,2,60,16.6666666666667,"",NA,"up","touchscreen",998.781000000017,99.6240000000107,95.2999999999302,6,FALSE,0,13,0,540,-0.0625,66,0.15,1,NA,2021-07-02 08:02:34.805393,"F","7","right","NA","NA",-0.189590666825498,-0.0236921811115459,-0.0104766693394283
300.000000000175,"",88,479524,"1ymb6cj992","fr","false",1280,800,1280,632,2,60,16.6666666666667,"",NA,"up","touchscreen",998.186000000045,100.066999999981,96.4999999996508,6,FALSE,0,13,0,540,-0.1875,6,0.1,1,NA,2021-07-02 08:02:34.805393,"F","7","right","NA","NA",-2.30722827762473,-0.755623893438642,-0.20670939388593
1682.09999999998,"",89,483234,"1ymb6cj992","fr","false",1280,800,1280,632,2,60,16.6666666666667,"",NA,"down","touchscreen",998.276000000013,99.8979999999865,96.300000000163,6,FALSE,0,13,0,540,0.0625,66,0.05,1,NA,2021-07-02 08:02:34.805393,"F","7","right","NA","NA",2.24486809219329,0.270173170852499,0.046673654941668
1792.00000000035,"",90,487057,"1ymb6cj992","fr","false",1280,800,1280,632,2,60,16.6666666666667,"",NA,"up","touchscreen",999.570000000007,98.5200000000186,93.8000000005704,6,TRUE,1,13,1,541,0.1875,38,0.1,1,NA,2021-07-02 08:02:34.805393,"F","7","right","NA","NA",3.80022799838396,0.535074993050467,0.233224641431461
1198.59999999969,"",91,490289,"1ymb6cj992","fr","false",1280,800,1280,632,2,60,16.6666666666667,"",NA,"up","touchscreen",998.224000000046,99.7770000000019,95.5000000003492,6,FALSE,0,13,0,541,-0.1875,66,0.2,1,NA,2021-07-02 08:02:34.805393,"F","7","right","NA","NA",-1.74121644708231,-0.212672926604592,-0.146835375243259
1993.8999999995,"",92,494314,"1ymb6cj992","fr","false",1280,800,1280,632,2,60,16.6666666666667,"",NA,"up","touchscreen",998.625,99.6940000000177,96.0999999997439,6,FALSE,0,13,0,541,-0.0625,6,0.2,1,NA,2021-07-02 08:02:34.805393,"F","7","right","NA","NA",-0.030912015798472,-0.015454162101134,-0.00653357166302513
1315.0999999998,"",93,497662,"1ymb6cj992","fr","false",1280,800,1280,632,2,60,16.6666666666667,"",NA,"down","touchscreen",999.090999999957,99.3269999999902,95.5999999996857,6,TRUE,1,13,3,544,-0.125,38,0.2,1,NA,2021-07-02 08:02:34.805393,"F","7","right","NA","NA",-1.55164810237055,-0.25037132214182,-0.197935551124664
1077.3000000008,"",94,500767,"1ymb6cj992","fr","false",1280,800,1280,632,2,60,16.6666666666667,"",NA,"up","touchscreen",997.907000000007,100.115000000049,96.1999999999534,6,FALSE,0,13,0,544,-0.0625,66,0.1,1,NA,2021-07-02 08:02:34.805393,"F","7","right","NA","NA",-1.12286520248863,-0.13899569174941,-0.0525840907544901
2868.09999999969,"",95,505657,"1ymb6cj992","fr","false",1280,800,1280,632,2,60,16.6666666666667,"",NA,"down","touchscreen",998.287000000011,100.141000000003,97.0999999999767,6,FALSE,0,13,0,544,0.125,6,0.05,1,NA,2021-07-02 08:02:34.805393,"F","7","right","NA","NA",1.07170391487042,0.472315697981638,0.0650193297043272
1269.49999999942,"",96,508970,"1ymb6cj992","fr","false",1280,800,1280,632,2,60,16.6666666666667,"",NA,"up","touchscreen",999.206000000006,98.8950000000186,94.7999999998137,6,FALSE,0,13,0,544,-0.125,18,0.2,1,NA,2021-07-02 08:02:34.805393,"F","7","right","NA","NA",-0.277739578934345,-0.0692681176246312,-0.0411219235814793
1817.10000000021,"",97,512830,"1ymb6cj992","fr","false",1280,800,1280,632,2,60,16.6666666666667,"",NA,"down","touchscreen",999.088999999978,99.2239999999874,97.800000000454,6,FALSE,0,13,0,544,-0.0625,6,0.15,1,NA,2021-07-02 08:02:34.805393,"F","7","right","NA","NA",0.0279164175901319,0.0139568492436995,0.00576820922718723
1049.20000000042,"",98,515921,"1ymb6cj992","fr","false",1280,800,1280,632,2,60,16.6666666666667,"",NA,"up","touchscreen",998.571999999986,99.8649999999907,95.2000000007101,6,TRUE,1,13,5,549,0.1875,18,0.05,1,NA,2021-07-02 08:02:34.805393,"F","7","right","NA","NA",5.49347211052692,0.808403630705719,0.23350211487173
5131.8000000001,"",99,523080,"1ymb6cj992","fr","false",1280,800,1280,632,2,60,16.6666666666667,"",NA,"down","touchscreen",997.828000000038,100.409999999974,97.9999999999418,6,FALSE,0,13,0,549,0.125,6,0.1,1,NA,2021-07-02 08:02:34.805393,"F","7","right","NA","NA",0.410813147745238,0.201205802121259,0.061273967893718
931.70000000007,"",100,526056,"1ymb6cj992","fr","false",1280,800,1280,632,2,60,16.6666666666667,"",NA,"up","touchscreen",999.057999999961,99.369000000006,95.0000000002328,6,FALSE,0,13,0,549,0.125,18,0.15,1,NA,2021-07-02 08:02:34.805393,"F","7","right","NA","NA",-0.560477549455099,-0.138763803128281,-0.0707226781274793
3083.80000000034,"",101,531171,"1ymb6cj992","fr","false",1280,800,1280,632,2,60,16.6666666666667,"",NA,"up","touchscreen",998.343999999983,99.8479999999981,96.900000000489,6,TRUE,1,13,0,549,-0.0625,38,0.15,1,NA,2021-07-02 08:02:34.805393,"F","7","right","NA","NA",0.0663672674998343,0.0110605346402803,0.00588224192888158
1056.00000000052,"",102,534271,"1ymb6cj992","fr","false",1280,800,1280,632,2,60,16.6666666666667,"",NA,"up","touchscreen",999.489999999991,98.9160000000265,94.9000000000815,6,FALSE,0,13,0,549,-0.0625,38,0.05,1,NA,2021-07-02 08:02:34.805393,"F","7","right","NA","NA",-1.90490334726484,-0.302599543828778,-0.0514368656970335
3976.8000000004,"",103,540287,"1ymb6cj992","fr","false",1280,800,1280,632,2,60,16.6666666666667,"",NA,"down","touchscreen",999.257999999973,98.8620000000228,94.5000000001746,6,FALSE,0,13,0,549,0.1875,18,0.1,1,NA,2021-07-02 08:02:34.805393,"F","7","right","NA","NA",2.74404653054796,0.565695121226439,0.151551356356582
1331.99999999942,"",104,543650,"1ymb6cj992","fr","false",1280,800,1280,632,2,60,16.6666666666667,"",NA,"up","touchscreen",998.957999999984,98.875,95.699999999837,6,TRUE,1,13,3,552,0.0625,18,0.1,1,NA,2021-07-02 08:02:34.805393,"F","7","right","NA","NA",1.00509976016934,0.243699216835266,0.067651561320862
2265.79999999923,"",105,547945,"1ymb6cj992","fr","false",1280,800,1280,632,2,60,16.6666666666667,"",NA,"up","touchscreen",998.562000000034,99.9870000000228,96.2999999992317,6,TRUE,2,13,3,555,0.1875,6,0.15,1,NA,2021-07-02 08:02:34.805393,"F","7","right","NA","NA",1.50602865067437,0.601539988645388,0.243917512112708
1043.09999999986,"",106,551017,"1ymb6cj992","fr","false",1280,800,1280,632,2,60,16.6666666666667,"",NA,"up","touchscreen",998.769000000029,99.6469999999972,96.0000000004075,6,TRUE,3,13,8,563,0.0625,18,0.15,1,NA,2021-07-02 08:02:34.805393,"F","7","right","NA","NA",2.87400687564924,0.583503090590731,0.221270781251198
1003.49999999977,"",107,554055,"1ymb6cj992","fr","false",1280,800,1280,632,2,60,16.6666666666667,"",NA,"up","touchscreen",998.648000000045,99.619000000006,95.9999999995343,6,TRUE,4,13,13,576,0.1875,38,0.05,1,NA,2021-07-02 08:02:34.805393,"F","7","right","NA","NA",5.02794323952055,0.642288627583985,0.130331804137123
1134.90000000002,"",108,557231,"1ymb6cj992","fr","false",1280,800,1280,632,2,60,16.6666666666667,"",NA,"up","touchscreen",997.402999999991,100.957999999984,96.7000000000698,6,FALSE,0,13,0,576,0,66,0.15,1,NA,2021-07-02 08:02:34.805393,"F","7","right","NA","NA",-2.04354120837974,-0.247495580443881,-0.122457305491474
3380.00000000012,"",109,562641,"1ymb6cj992","fr","false",1280,800,1280,632,2,60,16.6666666666667,"",NA,"down","touchscreen",998.07500000007,100.123999999953,95.699999999837,6,FALSE,0,13,0,576,0.1875,38,0.2,1,NA,2021-07-02 08:02:34.805393,"F","7","right","NA","NA",1.34289663598624,0.218412414306159,0.140618605216689
340.299999999814,"",110,565010,"1ymb6cj992","fr","false",1280,800,1280,632,2,60,16.6666666666667,"",NA,"up","touchscreen",998.530000000028,99.7409999999218,96.0999999997439,6,TRUE,1,13,8,584,0.1875,6,0.05,1,NA,2021-07-02 08:02:34.805393,"F","7","right","NA","NA",2.68998121649495,0.802496972312655,0.152869318150658
2000.2000000003,"",111,569050,"1ymb6cj992","fr","false",1280,800,1280,632,2,60,16.6666666666667,"",NA,"down","touchscreen",998.574000000022,99.7709999999497,96.1999999999534,6,TRUE,2,13,8,592,0.1875,6,0.2,1,NA,2021-07-02 08:02:34.805393,"F","7","right","NA","NA",-0.470380023302864,-0.228943307940708,-0.14341694409501
1239.70000000007,"",112,572317,"1ymb6cj992","fr","false",1280,800,1280,632,2,60,16.6666666666667,"",NA,"up","touchscreen",999.097999999998,98.7560000000522,94.600000000326,6,TRUE,3,13,12,604,0.1875,66,0.15,1,NA,2021-07-02 08:02:34.805393,"F","7","right","NA","NA",0.879783018215522,0.109313841247485,0.0609305311782046
1814.09999999951,"",113,576171,"1ymb6cj992","fr","false",1280,800,1280,632,2,60,16.6666666666667,"",NA,"down","touchscreen",998.670000000042,99.6450000000186,95.099999999511,6,TRUE,4,13,13,617,-0.125,38,0.1,1,NA,2021-07-02 08:02:34.805393,"F","7","right","NA","NA",-2.41031772049296,-0.37276585428608,-0.130375862195503
3853.5,"",2,162987,"245u5jsua9","fr","false",800,1280,980,919,2,42,33.3333333333333,"",NA,"up","touchscreen",999.106999999989,98.7170000000042,93.3000000000029,6,FALSE,0,0,0,0,-0.125,6,0.15,1,NA,2021-07-01 01:45:21.518754,"F","7","right","NA","NA",-0.214258751485651,-0.106519871060234,-0.0475600251340918
3445.89999999999,"",3,168464,"245u5jsua9","fr","false",800,1280,980,919,2,42,33.3333333333333,"",NA,"up","touchscreen",998.630000000005,99.7659999999887,96.7999999999738,6,TRUE,1,1,0,0,0,18,0.15,1,NA,2021-07-01 01:45:21.518754,"F","7","right","NA","NA",0.320896793684766,0.079967279548309,0.0336911985262266
1560.80000000003,"",4,172056,"245u5jsua9","fr","false",800,1280,980,919,2,42,33.3333333333333,"",NA,"down","touchscreen",998.182000000001,83.6189999999915,79.2999999999884,5,TRUE,2,2,2,2,-0.0625,6,0.05,1,NA,2021-07-01 01:45:21.518754,"F","7","right","NA","NA",-0.469850370369247,-0.22869900591853,-0.0394579977533413
2798.30000000003,"",5,176889,"245u5jsua9","fr","false",800,1280,980,919,2,42,33.3333333333333,"",NA,"down","touchscreen",997.294000000009,84.1349999999948,79.7999999999738,5,FALSE,0,2,0,2,0.125,18,0.05,1,NA,2021-07-01 01:45:21.518754,"F","7","right","NA","NA",1.75365816510569,0.40152173579586,0.0565581182090013
1226.89999999999,"",6,180141,"245u5jsua9","fr","false",800,1280,980,919,2,42,33.3333333333333,"",NA,"up","touchscreen",997.979999999996,100.009000000005,96.2999999999884,6,TRUE,1,2,4,6,0.1875,18,0.05,1,NA,2021-07-01 01:45:21.518754,"F","7","right","NA","NA",4.74378209031733,0.764495272477854,0.146576421357689
2146.80000000002,"",7,184326,"245u5jsua9","fr","false",800,1280,980,919,2,42,33.3333333333333,"",NA,"up","touchscreen",998.142000000007,99.7740000000049,95.1999999999534,6,FALSE,0,2,0,6,0,66,0.1,1,NA,2021-07-01 01:45:21.518754,"F","7","right","NA","NA",-1.04589602277514,-0.129633835372979,-0.0411536211836728
2663.5,"",8,189016,"245u5jsua9","fr","false",800,1280,980,919,2,42,33.3333333333333,"",NA,"up","touchscreen",998.593999999983,99.7770000000019,98.7999999999884,6,TRUE,1,2,0,6,0,66,0.05,1,NA,2021-07-01 01:45:21.518754,"F","7","right","NA","NA",0.116421283453328,0.0145511196957123,0.00251396170276314
1829.10000000003,"",9,192878,"245u5jsua9","fr","false",800,1280,980,919,2,42,33.3333333333333,"",NA,"down","touchscreen",997.72099999999,83.823000000004,79.7999999999884,5,TRUE,2,2,1,7,-0.0625,18,0.05,1,NA,2021-07-01 01:45:21.518754,"F","7","right","NA","NA",-1.92033403518915,-0.432792252099777,-0.0902846030170996
1210.60000000001,"",10,196120,"245u5jsua9","fr","false",800,1280,980,919,2,42,33.3333333333333,"",NA,"up","touchscreen",997.955000000016,83.7909999999974,79.5999999999767,5,FALSE,0,2,0,7,0.125,66,0.2,1,NA,2021-07-01 01:45:21.518754,"F","7","right","NA","NA",-0.153874821722745,-0.0192307957285858,-0.0126905129000844
999.5,"",11,199152,"245u5jsua9","fr","false",800,1280,980,919,2,42,33.3333333333333,"",NA,"down","touchscreen",998.396000000008,99.8630000000121,96.0999999999767,6,FALSE,0,2,0,7,0.1875,38,0.1,1,NA,2021-07-01 01:45:21.518754,"F","7","right","NA","NA",3.74695707203025,0.529689573100143,0.194764685228083
1914.39999999999,"",12,203099,"245u5jsua9","fr","false",800,1280,980,919,2,42,33.3333333333333,"",NA,"up","touchscreen",997.679999999993,84.005999999994,81.0000000000291,5,TRUE,1,2,0,7,0,66,0.15,1,NA,2021-07-01 01:45:21.518754,"F","7","right","NA","NA",1.80849077871715,0.220497425212269,0.128412588332339
1586.10000000006,"",13,206718,"245u5jsua9","fr","false",800,1280,980,919,2,42,33.3333333333333,"",NA,"up","touchscreen",998.350000000006,83.6570000000065,80.1000000000349,5,TRUE,2,2,2,9,0.1875,6,0.15,1,NA,2021-07-01 01:45:21.518754,"F","7","right","NA","NA",3.5607211271579,0.871879382408365,0.621455003564825
1069.60000000001,"",14,209827,"245u5jsua9","fr","false",800,1280,980,919,2,42,33.3333333333333,"",NA,"down","touchscreen",999.451000000001,99.3930000000109,95.1999999999534,6,TRUE,3,3,7,16,-0.125,66,0.05,1,NA,2021-07-01 01:45:21.518754,"F","7","right","NA","NA",-6.50424585949476,-0.630840642966959,-0.146093201740026
1844.09999999995,"",15,213714,"245u5jsua9","fr","false",800,1280,980,919,2,42,33.3333333333333,"",NA,"up","touchscreen",998.643000000011,99.7820000000065,96.0999999999767,6,FALSE,0,3,0,16,-0.125,18,0.15,1,NA,2021-07-01 01:45:21.518754,"F","7","right","NA","NA",-1.55306393125819,-0.361941816107815,-0.159432943105479
1290.79999999999,"",16,217035,"245u5jsua9","fr","false",800,1280,980,919,2,42,33.3333333333333,"",NA,"down","touchscreen",998.713999999978,99.6620000000112,98.2999999999884,6,FALSE,0,3,0,16,-0.1875,38,0.2,1,NA,2021-07-01 01:45:21.518754,"F","7","right","NA","NA",0.0969652585488314,0.016158766438323,0.0121317929019036
903.199999999953,"",17,219978,"245u5jsua9","fr","false",800,1280,980,919,2,42,33.3333333333333,"",NA,"up","touchscreen",998.236999999994,99.7609999999986,95.3999999999651,6,TRUE,1,3,5,21,0.125,66,0.05,1,NA,2021-07-01 01:45:21.518754,"F","7","right","NA","NA",5.98409716998543,0.598980761146206,0.13894818731128
1052.69999999995,"",18,223073,"245u5jsua9","fr","false",800,1280,980,919,2,42,33.3333333333333,"",NA,"up","touchscreen",998.703999999998,99.6959999999963,96.6000000000058,6,TRUE,2,3,10,31,0.1875,66,0.15,1,NA,2021-07-01 01:45:21.518754,"F","7","right","NA","NA",6.05856599426182,0.603728518531441,0.409355218754221
2145.89999999999,"",19,227250,"245u5jsua9","fr","false",800,1280,980,919,2,42,33.3333333333333,"",NA,"down","touchscreen",998.358999999997,99.835000000021,96.0999999999767,6,FALSE,0,3,0,31,0.125,38,0.1,1,NA,2021-07-01 01:45:21.518754,"F","7","right","NA","NA",2.46956386439599,0.380614810513545,0.14932106833662
1251.89999999999,"",20,230527,"245u5jsua9","fr","false",800,1280,980,919,2,42,33.3333333333333,"",NA,"up","touchscreen",998.380000000005,99.823000000004,98.5999999999767,6,TRUE,1,3,4,35,0.125,6,0.15,1,NA,2021-07-01 01:45:21.518754,"F","7","right","NA","NA",0.293585952572228,0.145236525031307,0.0505437312753023
1885.19999999998,"",21,234447,"245u5jsua9","fr","false",800,1280,980,919,2,42,33.3333333333333,"",NA,"up","touchscreen",997.703999999998,84.1779999999853,79.4000000000233,5,FALSE,0,3,0,35,-0.1875,66,0.2,1,NA,2021-07-01 01:45:21.518754,"F","7","right","NA","NA",-2.42949580131819,-0.290582833670742,-0.204791302222398
1828.49999999997,"",22,238313,"245u5jsua9","fr","false",800,1280,980,919,2,42,33.3333333333333,"",NA,"up","touchscreen",999.477000000014,99.0139999999956,95.3000000000175,6,TRUE,1,3,1,36,0.125,38,0.15,1,NA,2021-07-01 01:45:21.518754,"F","7","right","NA","NA",2.40106430909001,0.371532644099931,0.203129298045446
1631.79999999999,"",23,241973,"245u5jsua9","fr","false",800,1280,980,919,2,42,33.3333333333333,"",NA,"up","touchscreen",998.949999999983,99.875,99.8000000000175,6,TRUE,2,3,3,39,0.1875,6,0.2,1,NA,2021-07-01 01:45:21.518754,"F","7","right","NA","NA",2.64185605182228,0.797296356252942,0.463984916278431
1622.59999999998,"",24,245632,"245u5jsua9","fr","false",800,1280,980,919,2,42,33.3333333333333,"",NA,"up","touchscreen",999.565000000002,98.6419999999925,95.5999999999767,6,FALSE,0,3,0,39,-0.1875,18,0.15,1,NA,2021-07-01 01:45:21.518754,"F","7","right","NA","NA",-5.69064622496979,-0.818112731033118,-0.389957253205792
1341.5,"",25,249010,"245u5jsua9","fr","false",800,1280,980,919,2,42,33.3333333333333,"",NA,"down","touchscreen",998.138999999996,83.3549999999814,79.0000000000291,5,TRUE,1,3,3,42,-0.125,38,0.05,1,NA,2021-07-01 01:45:21.518754,"F","7","right","NA","NA",-3.95757117842018,-0.550606803473532,-0.100042407625455
1116.29999999996,"",26,252165,"245u5jsua9","fr","false",800,1280,980,919,2,42,33.3333333333333,"",NA,"up","touchscreen",999.073999999993,98.9219999999914,95.1000000000058,6,FALSE,0,3,0,42,-0.125,38,0.15,1,NA,2021-07-01 01:45:21.518754,"F","7","right","NA","NA",-1.36780623939907,-0.2222653697284,-0.109198011224074
1144.80000000002,"",27,255334,"245u5jsua9","fr","false",800,1280,980,919,2,42,33.3333333333333,"",NA,"down","touchscreen",998.738000000012,99.734999999986,95.5999999999767,6,TRUE,1,3,4,46,-0.0625,66,0.2,1,NA,2021-07-01 01:45:21.518754,"F","7","right","NA","NA",-1.43311938257914,-0.176332905560945,-0.134720921711767
1762.10000000003,"",28,259134,"245u5jsua9","fr","false",800,1280,980,919,2,42,33.3333333333333,"",NA,"up","touchscreen",999.184999999998,99.2799999999988,95.6000000000349,6,TRUE,2,3,5,51,0.1875,6,0.1,1,NA,2021-07-01 01:45:21.518754,"F","7","right","NA","NA",0.864205771211772,0.396656279665713,0.0992867153756435
998.300000000017,"",29,262164,"245u5jsua9","fr","false",800,1280,980,919,2,42,33.3333333333333,"",NA,"down","touchscreen",999.02800000002,99.9789999999921,97.7000000000116,6,FALSE,0,3,0,51,0.1875,18,0.2,1,NA,2021-07-01 01:45:21.518754,"F","7","right","NA","NA",1.77517651302053,0.405642043300047,0.241593846237414
1143.20000000001,"",30,265339,"245u5jsua9","fr","false",800,1280,980,919,2,42,33.3333333333333,"",NA,"up","touchscreen",999.307000000001,99.0409999999974,96,6,FALSE,0,3,0,51,-0.0625,18,0.2,1,NA,2021-07-01 01:45:21.518754,"F","7","right","NA","NA",-2.37487045051649,-0.510518163971258,-0.374751661960101
5785.10000000001,"",31,273159,"245u5jsua9","fr","false",800,1280,980,919,2,42,33.3333333333333,"",NA,"down","touchscreen",998.011999999988,83.6019999999844,79.7000000000116,5,FALSE,0,3,0,51,0,6,0.15,1,NA,2021-07-01 01:45:21.518754,"F","7","right","NA","NA",0.977278207896493,0.439028990904471,0.25871520640958
1021.09999999998,"",32,276218,"245u5jsua9","fr","false",800,1280,980,919,2,42,33.3333333333333,"",NA,"up","touchscreen",998.497999999992,99.9629999999888,95.3999999999942,6,FALSE,0,3,0,51,-0.125,38,0.1,1,NA,2021-07-01 01:45:21.518754,"F","7","right","NA","NA",-1.19794845200988,-0.195793714201958,-0.0571262957525961
1660.10000000001,"",33,279918,"245u5jsua9","fr","false",800,1280,980,919,2,42,33.3333333333333,"",NA,"down","touchscreen",998.992999999988,99.8269999999902,95.8999999999942,6,FALSE,0,3,0,51,0.0625,18,0.1,1,NA,2021-07-01 01:45:21.518754,"F","7","right","NA","NA",0.400612189011594,0.0996544955015408,0.0404272871450591
1334.09999999998,"",34,283291,"245u5jsua9","fr","false",800,1280,980,919,2,42,33.3333333333333,"",NA,"up","touchscreen",998.486999999994,99.8310000000056,97.1000000000058,6,TRUE,1,3,3,54,0.125,18,0.1,1,NA,2021-07-01 01:45:21.518754,"F","7","right","NA","NA",3.952450601972,0.702866274978963,0.2128456918037
1293.09999999998,"",35,286625,"245u5jsua9","fr","false",800,1280,980,919,2,42,33.3333333333333,"",NA,"up","touchscreen",998.572999999975,99.8179999999993,95.6999999999534,6,TRUE,2,3,7,61,0.1875,38,0.05,1,NA,2021-07-01 01:45:21.518754,"F","7","right","NA","NA",7.25290827059912,0.770519897351622,0.182969127028717
1287.19999999998,"",36,289949,"245u5jsua9","fr","false",800,1280,980,919,2,42,33.3333333333333,"",NA,"down","touchscreen",999.13400000002,99.3090000000084,96,6,FALSE,0,3,0,61,0.125,66,0.1,1,NA,2021-07-01 01:45:21.518754,"F","7","right","NA","NA",2.77142268402642,0.327341746258814,0.125678007327123
587.899999999994,"",37,292574,"245u5jsua9","fr","false",800,1280,980,919,2,42,33.3333333333333,"",NA,"up","touchscreen",998.456999999995,99.9290000000037,99.6000000000058,6,FALSE,0,3,0,61,-0.1875,18,0.05,1,NA,2021-07-01 01:45:21.518754,"F","7","right","NA","NA",-0.828639166834211,-0.202852783521445,-0.0250772955906086
1746.29999999996,"",38,296349,"245u5jsua9","fr","false",800,1280,980,919,2,42,33.3333333333333,"",NA,"down","touchscreen",998.566999999981,99.8420000000042,96.3000000000466,6,FALSE,0,3,0,61,0.1875,66,0.05,1,NA,2021-07-01 01:45:21.518754,"F","7","right","NA","NA",10.6089173653548,0.798432632589876,0.218608389245995
2228,"",39,300611,"245u5jsua9","fr","false",800,1280,980,919,2,42,33.3333333333333,"",NA,"up","touchscreen",999.30799999999,98.8580000000075,94.2000000000116,6,FALSE,0,3,0,61,-0.0625,66,0.05,1,NA,2021-07-01 01:45:21.518754,"F","7","right","NA","NA",-3.75407750074365,-0.424812129520347,-0.0790851373173132
2797.30000000002,"",40,305439,"245u5jsua9","fr","false",800,1280,980,919,2,42,33.3333333333333,"",NA,"down","touchscreen",999.052999999985,98.8619999999937,95.8999999999651,6,FALSE,0,3,0,61,0,18,0.05,1,NA,2021-07-01 01:45:21.518754,"F","7","right","NA","NA",0.293583696721015,0.0731990288092224,0.0085777414383187
1455.69999999998,"",41,308923,"245u5jsua9","fr","false",800,1280,980,919,2,42,33.3333333333333,"",NA,"up","touchscreen",998.386999999988,99.9820000000182,96.4999999999709,6,TRUE,1,3,3,64,0,18,0.1,1,NA,2021-07-01 01:45:21.518754,"F","7","right","NA","NA",0.910648526784469,0.221982128692211,0.068988179373222
2061.60000000001,"",42,313023,"245u5jsua9","fr","false",800,1280,980,919,2,42,33.3333333333333,"",NA,"up","touchscreen",998.771999999997,99.6080000000075,96.0999999999767,6,FALSE,0,3,0,64,0,6,0.05,1,NA,2021-07-01 01:45:21.518754,"F","7","right","NA","NA",-0.4730195412526,-0.230160138063197,-0.0306090647567239
1594.20000000001,"",43,316652,"245u5jsua9","fr","false",800,1280,980,919,2,42,33.3333333333333,"",NA,"up","touchscreen",998.641000000003,99.7640000000247,95.5,6,FALSE,0,3,0,64,-0.125,66,0.2,1,NA,2021-07-01 01:45:21.518754,"F","7","right","NA","NA",-2.36550488658962,-0.283552131414786,-0.201555062290393
1175.20000000001,"",44,319862,"245u5jsua9","fr","false",800,1280,980,919,2,42,33.3333333333333,"",NA,"down","touchscreen",998.538,99.8580000000075,96.5999999999767,6,FALSE,0,3,0,64,0,38,0.05,1,NA,2021-07-01 01:45:21.518754,"F","7","right","NA","NA",1.18247103394316,0.19335924511461,0.0288917025881484
7492.5,"",45,329387,"245u5jsua9","fr","false",800,1280,980,919,2,42,33.3333333333333,"",NA,"up","touchscreen",998.872000000032,99.4579999999842,95.2000000000116,6,FALSE,0,3,0,64,-0.1875,66,0.15,1,NA,2021-07-01 01:45:21.518754,"F","7","right","NA","NA",-2.30446736887902,-0.276803022594867,-0.138325075360337
9078,"",46,340494,"245u5jsua9","fr","false",800,1280,980,919,2,42,33.3333333333333,"",NA,"down","touchscreen",998.985999999975,99.3460000000196,97.0999999999767,6,FALSE,0,3,0,64,0.1875,18,0.15,1,NA,2021-07-01 01:45:21.518754,"F","7","right","NA","NA",1.43786583949986,0.338274948797731,0.138216035576973
3833.09999999998,"",47,346367,"245u5jsua9","fr","false",800,1280,980,919,2,42,33.3333333333333,"",NA,"up","touchscreen",998.516000000003,99.9760000000242,95.6999999999534,6,TRUE,1,3,0,64,0,38,0.1,1,NA,2021-07-01 01:45:21.518754,"F","7","right","NA","NA",1.21372366205393,0.198271303664572,0.0600304935869713
3613.79999999999,"",48,352023,"245u5jsua9","fr","false",800,1280,980,919,2,42,33.3333333333333,"",NA,"down","touchscreen",998.690000000002,99.6359999999986,96.5,6,TRUE,2,3,0,64,-0.0625,38,0.1,1,NA,2021-07-01 01:45:21.518754,"F","7","right","NA","NA",-1.51821564166833,-0.245304688373587,-0.0782035557354712
3164.29999999987,"",49,357216,"245u5jsua9","fr","false",800,1280,980,919,2,42,33.3333333333333,"",NA,"up","touchscreen",998.735999999975,99.5599999999977,95,6,FALSE,0,3,0,64,0.0625,18,0.15,1,NA,2021-07-01 01:45:21.518754,"F","7","right","NA","NA",-0.145212594331292,-0.0362792499052902,-0.0187249614641974
1476.09999999998,"",50,360720,"245u5jsua9","fr","false",800,1280,980,919,2,42,33.3333333333333,"",NA,"up","touchscreen",998.575000000012,99.8769999999786,95.4000000000233,6,TRUE,1,3,3,67,0.0625,66,0.2,1,NA,2021-07-01 01:45:21.518754,"F","7","right","NA","NA",3.117391288767,0.363081538525335,0.239397609761317
6688.5,"",51,369444,"245u5jsua9","fr","false",800,1280,980,919,2,42,33.3333333333333,"",NA,"down","touchscreen",998.625,99.713000000047,95.3999999999069,6,TRUE,2,3,3,70,0.0625,18,0.2,1,NA,2021-07-01 01:45:21.518754,"F","7","right","NA","NA",-0.0987981532375982,-0.0246920075659204,-0.0182019833396496
1943.39999999997,"",52,373423,"245u5jsua9","fr","false",800,1280,980,919,2,42,33.3333333333333,"",NA,"up","touchscreen",999.361000000034,99.9619999999995,95.5999999999767,6,TRUE,3,3,3,73,0.0625,66,0.15,1,NA,2021-07-01 01:45:21.518754,"F","7","right","NA","NA",1.94570842407197,0.236324341397174,0.126788778802736
1611.40000000002,"",53,377069,"245u5jsua9","fr","false",800,1280,980,919,2,42,33.3333333333333,"",NA,"up","touchscreen",998.971999999951,99.3229999999749,95.4999999998836,6,FALSE,0,3,0,73,-0.0625,18,0.1,1,NA,2021-07-01 01:45:21.518754,"F","7","right","NA","NA",-2.2196871264328,-0.485219406849479,-0.176219908754535
2996.99999999994,"",54,382097,"245u5jsua9","fr","false",800,1280,980,919,2,42,33.3333333333333,"",NA,"up","touchscreen",998.53899999999,99.8570000000182,95.6000000000931,6,TRUE,1,3,0,73,0.0625,66,0.05,1,NA,2021-07-01 01:45:21.518754,"F","7","right","NA","NA",4.04929254770144,0.45160615603252,0.0869745766382858
2169.70000000001,"",55,386295,"245u5jsua9","fr","false",800,1280,980,919,2,42,33.3333333333333,"",NA,"up","touchscreen",999.194000000018,98.9349999999977,95.9000000000233,6,FALSE,0,3,0,73,-0.1875,6,0.1,1,NA,2021-07-01 01:45:21.518754,"F","7","right","NA","NA",-0.584095573341408,-0.280337138758914,-0.07904793341961
2843.59999999992,"",56,391183,"245u5jsua9","fr","false",800,1280,980,919,2,42,33.3333333333333,"",NA,"down","touchscreen",999.350999999966,98.7810000000172,95.3999999999069,6,TRUE,1,3,0,73,-0.0625,6,0.1,1,NA,2021-07-01 01:45:21.518754,"F","7","right","NA","NA",-0.264353981562746,-0.131037286809383,-0.0366350231238636
1517.80000000005,"",57,394731,"245u5jsua9","fr","false",800,1280,980,919,2,42,33.3333333333333,"",NA,"down","touchscreen",998.902999999991,99.4109999999637,96.7000000000698,6,FALSE,0,3,0,73,0.0625,6,0.15,1,NA,2021-07-01 01:45:21.518754,"F","7","right","NA","NA",1.23901845902154,0.526638278592925,0.158289738683758
3385.09999999998,"",58,400143,"245u5jsua9","fr","false",800,1280,980,919,2,42,33.3333333333333,"",NA,"up","touchscreen",998.591999999946,99.7989999999991,96.7999999999302,6,TRUE,1,3,0,73,0.1875,38,0.2,1,NA,2021-07-01 01:45:21.518754,"F","7","right","NA","NA",0.11916338988529,0.0198566492183529,0.01347990509144
1546.00000000006,"",59,403732,"245u5jsua9","fr","false",800,1280,980,919,2,42,33.3333333333333,"",NA,"up","touchscreen",998.545000000042,99.9010000000126,96.7000000000698,6,TRUE,2,3,2,75,0.125,6,0.05,1,NA,2021-07-01 01:45:21.518754,"F","7","right","NA","NA",4.04920633397395,0.89659567588886,0.147977095013723
2633.3000000001,"",60,408397,"245u5jsua9","fr","false",800,1280,980,919,2,42,33.3333333333333,"",NA,"down","touchscreen",999.005000000005,99.26800000004,96.2000000000698,6,FALSE,0,3,0,75,0.0625,6,0.1,1,NA,2021-07-01 01:45:21.518754,"F","7","right","NA","NA",0.293868159714437,0.14537318348813,0.0331303692347948
2454.60000000003,"",61,412881,"245u5jsua9","fr","false",800,1280,980,919,2,42,33.3333333333333,"",NA,"up","touchscreen",999.708000000042,99.9830000000075,96.6999999999534,6,FALSE,0,3,0,75,-0.125,18,0.05,1,NA,2021-07-01 01:45:21.518754,"F","7","right","NA","NA",-4.50385186728618,-0.747691493229092,-0.153707884588797
4420.90000000002,"",62,419333,"245u5jsua9","fr","false",800,1280,980,919,2,42,33.3333333333333,"",NA,"down","touchscreen",998.61599999998,99.7470000000321,96,6,TRUE,1,3,0,75,-0.1875,38,0.1,1,NA,2021-07-01 01:45:21.518754,"F","7","right","NA","NA",-3.18274324468555,-0.468608932071326,-0.197222560459966
3352.60000000009,"",63,424726,"245u5jsua9","fr","false",800,1280,980,919,2,42,33.3333333333333,"",NA,"up","touchscreen",998.520000000019,99.869000000006,95.9000000000233,6,FALSE,0,3,0,75,-0.125,66,0.1,1,NA,2021-07-01 01:45:21.518754,"F","7","right","NA","NA",-3.44467465985436,-0.395480647512095,-0.167530010682519
1154.09999999998,"",64,427910,"245u5jsua9","fr","false",800,1280,980,919,2,42,33.3333333333333,"",NA,"down","touchscreen",983.763000000035,83.380999999994,76.3999999999069,5,TRUE,1,3,4,79,-0.0625,38,0.2,1,NA,2021-07-01 01:45:21.518754,"F","7","right","NA","NA",-1.76670903725754,-0.282461075939781,-0.200270475925845
1040.70000000001,"",65,430982,"245u5jsua9","fr","false",800,1280,980,919,2,42,33.3333333333333,"",NA,"down","touchscreen",998.572000000044,99.8030000000144,98.3999999999651,6,FALSE,0,3,0,79,0,66,0.2,1,NA,2021-07-01 01:45:21.518754,"F","7","right","NA","NA",1.62947769805557,0.199586614201093,0.124537625105889
2518.90000000002,"",66,435544,"245u5jsua9","fr","false",800,1280,980,919,2,42,33.3333333333333,"",NA,"down","touchscreen",998.626000000047,99.8520000000135,96.5999999999767,6,TRUE,1,3,0,79,0,6,0.1,1,NA,2021-07-01 01:45:21.518754,"F","7","right","NA","NA",-1.35008917367524,-0.559498242442968,-0.162639335850946
1819.50000000006,"",67,439401,"245u5jsua9","fr","false",800,1280,980,919,2,42,33.3333333333333,"",NA,"up","touchscreen",998.879000000015,99.4330000000191,98.7000000000116,6,TRUE,2,3,1,80,0.1875,18,0.1,1,NA,2021-07-01 01:45:21.518754,"F","7","right","NA","NA",1.1407893659347,0.274261493077946,0.0940016039292581
4294.59999999998,"",68,445723,"245u5jsua9","fr","false",800,1280,980,919,2,42,33.3333333333333,"",NA,"down","touchscreen",998.623000000021,99.7480000000214,95.8999999999069,6,TRUE,3,3,1,81,-0.0625,66,0.1,1,NA,2021-07-01 01:45:21.518754,"F","7","right","NA","NA",-1.55235095334924,-0.190490730770386,-0.070943896575144
2248.50000000006,"",69,450003,"245u5jsua9","fr","false",800,1280,980,919,2,42,33.3333333333333,"",NA,"up","touchscreen",998.418999999994,99.9560000000056,96.5,6,FALSE,0,3,0,81,-0.125,6,0.1,1,NA,2021-07-01 01:45:21.518754,"F","7","right","NA","NA",-1.12540110923258,-0.490394007179367,-0.101853797704371
1177.89999999991,"",70,453205,"245u5jsua9","fr","false",800,1280,980,919,2,42,33.3333333333333,"",NA,"down","touchscreen",998.440999999992,99.8479999999981,97.5,6,TRUE,1,3,4,85,-0.125,18,0.1,1,NA,2021-07-01 01:45:21.518754,"F","7","right","NA","NA",-1.76975144856962,-0.404605573761686,-0.163735686062748
1319.90000000002,"",71,456564,"245u5jsua9","fr","false",800,1280,980,919,2,42,33.3333333333333,"",NA,"up","touchscreen",998.822999999975,99.5310000000172,95.5,6,FALSE,0,3,0,85,-0.1875,38,0.05,1,NA,2021-07-01 01:45:21.518754,"F","7","right","NA","NA",-6.85296257207154,-0.752377647514939,-0.179341119555659
1928.79999999999,"",72,460536,"245u5jsua9","fr","false",800,1280,980,919,2,42,33.3333333333333,"",NA,"up","touchscreen",999.589999999967,99.9619999999995,96.0999999999767,6,FALSE,0,3,0,85,-0.1875,6,0.05,1,NA,2021-07-01 01:45:21.518754,"F","7","right","NA","NA",-3.42453346563051,-0.863520280268023,-0.217850582703952
1030.09999999998,"",73,463600,"245u5jsua9","fr","false",800,1280,980,919,2,42,33.3333333333333,"",NA,"down","touchscreen",998.847000000009,99.4720000000088,96.0999999999767,6,FALSE,0,3,0,85,0.125,38,0.05,1,NA,2021-07-01 01:45:21.518754,"F","7","right","NA","NA",4.03170964583994,0.557733383629508,0.103729224424323
2956.5,"",74,468588,"245u5jsua9","fr","false",800,1280,980,919,2,42,33.3333333333333,"",NA,"up","touchscreen",998.556999999972,99.838000000047,96.4000000000233,6,TRUE,1,3,0,85,-0.1875,6,0.2,1,NA,2021-07-01 01:45:21.518754,"F","7","right","NA","NA",0.248181628144228,0.123146300205293,0.0396931669473907
3169.89999999997,"",75,473790,"245u5jsua9","fr","false",800,1280,980,919,2,42,33.3333333333333,"",NA,"down","touchscreen",999.062999999966,99.1680000000051,95.0000000000582,6,FALSE,0,3,0,85,0.1875,66,0.1,1,NA,2021-07-01 01:45:21.518754,"F","7","right","NA","NA",5.23554303889417,0.547599087424146,0.203210100104337
1484.8000000001,"",76,477314,"245u5jsua9","fr","false",800,1280,980,919,2,42,33.3333333333333,"",NA,"up","touchscreen",998.407000000007,99.8400000000256,95.6000000000349,6,FALSE,0,3,0,85,-0.125,18,0.2,1,NA,2021-07-01 01:45:21.518754,"F","7","right","NA","NA",-0.454790199442625,-0.112969707329757,-0.0568188352096289
3251.29999999993,"",77,482593,"245u5jsua9","fr","false",800,1280,980,919,2,42,33.3333333333333,"",NA,"up","touchscreen",998.601000000024,99.8159999999916,95.5000000000582,6,TRUE,1,3,0,85,-0.0625,38,0.15,1,NA,2021-07-01 01:45:21.518754,"F","7","right","NA","NA",1.16137903425055,0.190035898251893,0.094604815001062
1939.39999999997,"",78,486575,"245u5jsua9","fr","false",800,1280,980,919,2,42,33.3333333333333,"",NA,"down","touchscreen",998.748999999953,99.9610000000102,96.3000000000466,6,TRUE,2,3,0,85,-0.1875,66,0.1,1,NA,2021-07-01 01:45:21.518754,"F","7","right","NA","NA",-3.91483114764954,-0.439547205203983,-0.139397174929515
1920.70000000001,"",79,490532,"245u5jsua9","fr","false",800,1280,980,919,2,42,33.3333333333333,"",NA,"up","touchscreen",998.587,99.7729999999865,96.5999999999767,6,TRUE,3,3,0,85,0.0625,38,0.2,1,NA,2021-07-01 01:45:21.518754,"F","7","right","NA","NA",0.843824881755373,0.139266950401012,0.0908533321668325
2167.29999999999,"",80,494736,"245u5jsua9","fr","false",800,1280,980,919,2,42,33.3333333333333,"",NA,"up","touchscreen",998.766000000003,99.6550000000279,99.5999999999185,6,TRUE,4,4,0,85,0.1875,6,0.05,1,NA,2021-07-01 01:45:21.518754,"F","7","right","NA","NA",4.59747171318203,0.916989866001737,0.200822897355566
2442,"",81,499208,"245u5jsua9","fr","false",800,1280,980,919,2,42,33.3333333333333,"",NA,"down","touchscreen",997.90499999997,99.6729999999516,95.8999999999069,6,FALSE,0,4,0,85,0.125,38,0.2,1,NA,2021-07-01 01:45:21.518754,"F","7","right","NA","NA",0.83836865669392,0.138383741324293,0.0817960259988384
1974.70000000001,"",82,503217,"245u5jsua9","fr","false",800,1280,980,919,2,42,33.3333333333333,"",NA,"up","touchscreen",998.09500000003,83.8960000000079,82,5,FALSE,0,4,0,85,0.0625,6,0.2,1,NA,2021-07-01 01:45:21.518754,"F","7","right","NA","NA",-0.0116380398918752,-0.00581892142954226,-0.00236864333364531
4803.09999999998,"",83,510060,"245u5jsua9","fr","false",800,1280,980,919,2,42,33.3333333333333,"",NA,"up","touchscreen",999.032000000007,99.2419999999693,95.9000000000233,6,FALSE,0,4,0,85,-0.0625,66,0.15,1,NA,2021-07-01 01:45:21.518754,"F","7","right","NA","NA",-0.272806170470642,-0.0340809613285121,-0.013608268916531
3195.59999999998,"",84,515293,"245u5jsua9","fr","false",800,1280,980,919,2,42,33.3333333333333,"",NA,"up","touchscreen",998.5,99.8530000000028,97.2000000000116,6,FALSE,0,4,0,85,-0.1875,18,0.2,1,NA,2021-07-01 01:45:21.518754,"F","7","right","NA","NA",-1.82418769751167,-0.414934814690052,-0.255064087247142
1321.80000000005,"",85,518645,"245u5jsua9","fr","false",800,1280,980,919,2,42,33.3333333333333,"",NA,"down","touchscreen",998.690999999992,99.6379999999772,95.9000000000233,6,TRUE,1,4,3,88,-0.1875,38,0.15,1,NA,2021-07-01 01:45:21.518754,"F","7","right","NA","NA",-3.02794422788763,-0.450536826705347,-0.262253064254725
1654.40000000002,"",86,522338,"245u5jsua9","fr","false",800,1280,980,919,2,42,33.3333333333333,"",NA,"down","touchscreen",998.623000000021,99.7980000000098,96.2999999999302,6,FALSE,0,4,0,88,0.1875,38,0.15,1,NA,2021-07-01 01:45:21.518754,"F","7","right","NA","NA",2.62598249973695,0.400944741695379,0.234773285838419
1107.70000000001,"",87,525487,"245u5jsua9","fr","false",800,1280,980,919,2,42,33.3333333333333,"",NA,"up","touchscreen",999.271000000008,98.8869999999879,95.5,6,TRUE,1,4,4,92,0.0625,38,0.1,1,NA,2021-07-01 01:45:21.518754,"F","7","right","NA","NA",0.928090738897031,0.152863854571743,0.0536468153718467
1896.10000000003,"",88,529420,"245u5jsua9","fr","false",800,1280,980,919,2,42,33.3333333333333,"",NA,"down","touchscreen",998.119000000006,83.8479999999981,80.3000000000466,5,FALSE,0,4,0,92,0.125,18,0.2,1,NA,2021-07-01 01:45:21.518754,"F","7","right","NA","NA",0.833236989785869,0.20393165518642,0.0925894558590594
925.299999999988,"",89,532378,"245u5jsua9","fr","false",800,1280,980,919,2,42,33.3333333333333,"",NA,"up","touchscreen",998.258999999962,83.7309999999707,79.5999999999185,5,FALSE,0,4,0,92,0.125,18,0.15,1,NA,2021-07-01 01:45:21.518754,"F","7","right","NA","NA",-0.149849201139389,-0.0374360401775813,-0.013568727761631
885.20000000007,"",90,535299,"245u5jsua9","fr","false",800,1280,980,919,2,42,33.3333333333333,"",NA,"down","touchscreen",998.714999999967,99.6440000000293,95.7999999999302,6,TRUE,1,4,6,98,-0.125,38,0.2,1,NA,2021-07-01 01:45:21.518754,"F","7","right","NA","NA",-2.85308428262464,-0.429435550661753,-0.254924599132746
3776.60000000003,"",91,541090,"245u5jsua9","fr","false",800,1280,980,919,2,42,33.3333333333333,"",NA,"up","touchscreen",983.902999999991,83.3869999999879,79.1000000000349,5,FALSE,0,4,0,98,-0.1875,6,0.15,1,NA,2021-07-01 01:45:21.518754,"F","7","right","NA","NA",-2.12822564580787,-0.728718586865432,-0.323166985095764
1501.40000000002,"",92,544619,"245u5jsua9","fr","false",800,1280,980,919,2,42,33.3333333333333,"",NA,"down","touchscreen",998.440999999992,83.4459999999963,80.2999999999884,5,TRUE,1,4,2,100,-0.0625,18,0.15,1,NA,2021-07-01 01:45:21.518754,"F","7","right","NA","NA",-0.335432189546494,-0.0835647413063216,-0.0386379199201837
1851.80000000005,"",93,548500,"245u5jsua9","fr","false",800,1280,980,919,2,42,33.3333333333333,"",NA,"up","touchscreen",998.713000000047,99.585000000021,95.8999999999069,6,FALSE,0,4,0,100,-0.125,6,0.05,1,NA,2021-07-01 01:45:21.518754,"F","7","right","NA","NA",-2.76619057767382,-0.810373806067864,-0.149193420545533
1249.20000000001,"",94,551790,"245u5jsua9","fr","false",800,1280,980,919,2,42,33.3333333333333,"",NA,"down","touchscreen",998.494000000006,99.8479999999981,96.4000000000233,6,FALSE,0,4,0,100,-0.0625,6,0.15,1,NA,2021-07-01 01:45:21.518754,"F","7","right","NA","NA",0.499700247866267,0.242398769664583,0.112543845138774
866.400000000023,"",95,554686,"245u5jsua9","fr","false",800,1280,980,919,2,42,33.3333333333333,"",NA,"up","touchscreen",998.870999999985,99.4400000000023,97.0999999999767,6,TRUE,1,4,6,106,0,6,0.2,1,NA,2021-07-01 01:45:21.518754,"F","7","right","NA","NA",0.427383458966762,0.208973686191395,0.072031802101062
885.299999999988,"",96,557603,"245u5jsua9","fr","false",800,1280,980,919,2,42,33.3333333333333,"",NA,"down","touchscreen",998.579999999958,99.869000000006,97.7000000000116,6,FALSE,0,4,0,106,0,38,0.15,1,NA,2021-07-01 01:45:21.518754,"F","7","right","NA","NA",3.42787449110092,0.496062905861379,0.273270909697161
806.399999999965,"",97,560453,"245u5jsua9","fr","false",800,1280,980,919,2,42,33.3333333333333,"",NA,"up","touchscreen",998.587999999989,99.8730000000214,96.2999999999302,6,TRUE,1,4,6,112,0.0625,66,0.1,1,NA,2021-07-01 01:45:21.518754,"F","7","right","NA","NA",2.10589035660275,0.254564205190957,0.0857876299829118
1290.59999999992,"",98,563782,"245u5jsua9","fr","false",800,1280,980,919,2,42,33.3333333333333,"",NA,"down","touchscreen",998.818000000028,99.5029999999679,96.0999999999767,6,FALSE,0,4,0,112,0.0625,38,0.05,1,NA,2021-07-01 01:45:21.518754,"F","7","right","NA","NA",2.51167952226053,0.386144840256984,0.0535337020741209
960.199999999953,"",99,566783,"245u5jsua9","fr","false",800,1280,980,919,2,42,33.3333333333333,"",NA,"up","touchscreen",998.129000000015,83.8319999999949,79.0000000000582,5,TRUE,1,4,5,117,-0.125,6,0.2,1,NA,2021-07-01 01:45:21.518754,"F","7","right","NA","NA",0.00558910071717035,0.00279453944661222,0.00125988915235843
1816.80000000005,"",100,570635,"245u5jsua9","fr","false",800,1280,980,919,2,42,33.3333333333333,"",NA,"up","touchscreen",998.829000000027,99.5229999999865,94.9000000000233,6,TRUE,2,4,6,123,0.0625,6,0.05,1,NA,2021-07-01 01:45:21.518754,"F","7","right","NA","NA",1.80071412375411,0.669111323519467,0.0960908387439059
1823.60000000003,"",101,574484,"245u5jsua9","fr","false",800,1280,980,919,2,42,33.3333333333333,"",NA,"up","touchscreen",998.684000000008,99.890000000014,96.5999999999767,6,TRUE,3,4,7,130,0.125,66,0.15,1,NA,2021-07-01 01:45:21.518754,"F","7","right","NA","NA",3.25245790546651,0.376621330749413,0.17669532274855
2062.90000000002,"",102,578584,"245u5jsua9","fr","false",800,1280,980,919,2,42,33.3333333333333,"",NA,"down","touchscreen",998.572000000044,99.8170000000391,96.5,6,FALSE,0,4,0,130,0.1875,66,0.2,1,NA,2021-07-01 01:45:21.518754,"F","7","right","NA","NA",2.03101982806086,0.24607119210227,0.189403743327308
5415.09999999998,"",103,586033,"245u5jsua9","fr","false",800,1280,980,919,2,42,33.3333333333333,"",NA,"up","touchscreen",998.552000000025,99.8179999999702,95.7000000000698,6,FALSE,0,4,0,130,-0.0625,6,0.2,1,NA,2021-07-01 01:45:21.518754,"F","7","right","NA","NA",-0.0452172353378104,-0.022602841690244,-0.0198674127702131
1674.59999999998,"",104,589749,"245u5jsua9","fr","false",800,1280,980,919,2,42,33.3333333333333,"",NA,"down","touchscreen",998.712000000058,99.4830000000075,94.3999999999069,6,FALSE,0,4,0,130,0.0625,38,0.15,1,NA,2021-07-01 01:45:21.518754,"F","7","right","NA","NA",1.58516545188063,0.255430254438491,0.109560332651201
1445.30000000005,"",105,593229,"245u5jsua9","fr","false",800,1280,980,919,2,42,33.3333333333333,"",NA,"up","touchscreen",998.34600000002,83.3889999999665,79.1999999999534,5,FALSE,0,4,0,130,0,38,0.2,1,NA,2021-07-01 01:45:21.518754,"F","7","right","NA","NA",-0.155194594742902,-0.0258571175417099,-0.0168631219524623
1715.39999999991,"",106,596965,"245u5jsua9","fr","false",800,1280,980,919,2,42,33.3333333333333,"",NA,"up","touchscreen",984.12200000009,96.7260000000242,91.7999999999302,6,FALSE,0,4,0,130,-0.1875,66,0.05,1,NA,2021-07-01 01:45:21.518754,"F","7","right","NA","NA",-7.02662137254067,-0.659919484961768,-0.157418159791945
1215.70000000007,"",107,600225,"245u5jsua9","fr","false",800,1280,980,919,2,42,33.3333333333333,"",NA,"down","touchscreen",998.540000000037,99.8399999999674,95.6000000000931,6,FALSE,0,4,0,130,-0.0625,38,0.05,1,NA,2021-07-01 01:45:21.518754,"F","7","right","NA","NA",0.285615823113783,0.0475487946229118,0.00692939321160362
8825.60000000009,"",108,611078,"245u5jsua9","fr","false",800,1280,980,919,2,42,33.3333333333333,"",NA,"up","touchscreen",998.608000000007,99.9030000000494,98.3000000000466,6,TRUE,1,4,0,130,0.125,6,0.1,1,NA,2021-07-01 01:45:21.518754,"F","7","right","NA","NA",2.55213830519111,0.78710452070075,0.345868523848784
3916.80000000005,"",109,617037,"245u5jsua9","fr","false",800,1280,980,919,2,42,33.3333333333333,"",NA,"down","touchscreen",998.574000000022,99.8660000000382,95.9000000000233,6,TRUE,2,4,0,130,-0.1875,18,0.1,1,NA,2021-07-01 01:45:21.518754,"F","7","right","NA","NA",-3.55892816829692,-0.66471564972915,-0.345394603417569
3927.00000000012,"",110,623008,"245u5jsua9","fr","false",800,1280,980,919,2,42,33.3333333333333,"",NA,"up","touchscreen",998.880000000005,99.4599999999627,96.8000000000466,6,TRUE,3,4,0,130,0.0625,18,0.05,1,NA,2021-07-01 01:45:21.518754,"F","7","right","NA","NA",0.49961412116359,0.123940480841468,0.0186490105136014
1555.00000000012,"",111,626593,"245u5jsua9","fr","false",800,1280,980,919,2,42,33.3333333333333,"",NA,"up","touchscreen",998.547999999952,99.8880000000354,96,6,TRUE,4,4,2,132,0,18,0.2,1,NA,2021-07-01 01:45:21.518754,"F","7","right","NA","NA",0.285069090112097,0.071086974941363,0.0504460379852949
1619.20000000007,"",112,630249,"245u5jsua9","fr","false",800,1280,980,919,2,42,33.3333333333333,"",NA,"down","touchscreen",998.552000000025,99.9129999999423,96.0999999999767,6,TRUE,5,5,4,136,0.125,6,0.2,1,NA,2021-07-01 01:45:21.518754,"F","7","right","NA","NA",-0.149756918532222,-0.0746694242062979,-0.0473596100110943
1397.99999999988,"",113,633691,"245u5jsua9","fr","false",800,1280,980,919,2,42,33.3333333333333,"",NA,"up","touchscreen",998.565999999992,99.8979999999283,96.5,6,FALSE,0,5,0,136,-0.125,66,0.15,1,NA,2021-07-01 01:45:21.518754,"F","7","right","NA","NA",-1.13426155356036,-0.14037874466158,-0.070482986154232
6641.09999999983,"",2,420098,"2k8xmo3n39","fr","false",1280,800,1280,338,2,60,16.6666666666667,"",NA,"down","touchscreen",998.563999999998,99.8469999999943,96.9999999997672,6,TRUE,1,1,0,0,0,18,0.15,1,NA,2021-07-01 06:54:12.811383,"M","6","right","NA","NA",-0.899182027789772,-0.219322290522511,-0.117037815449766
8559.40000000008,"",3,430687,"2k8xmo3n39","fr","false",1280,800,1280,338,2,60,16.6666666666667,"",NA,"up","touchscreen",998.065000000002,100.381999999998,96.3999999994412,6,FALSE,0,1,0,0,-0.125,66,0.05,1,NA,2021-07-01 06:54:12.811383,"M","6","right","NA","NA",-5.2320255031259,-0.547341424056014,-0.12120336477334
6889.69999999972,"",4,439624,"2k8xmo3n39","fr","false",1280,800,1280,338,2,60,16.6666666666667,"",NA,"down","touchscreen",998.248999999996,99.843000000008,95.9999999995634,6,TRUE,1,1,0,0,-0.125,6,0.05,1,NA,2021-07-01 06:54:12.811383,"M","6","right","NA","NA",-1.5815939806989,-0.620283516092587,-0.0856378991037724
2291.99999999948,"",5,443943,"2k8xmo3n39","fr","false",1280,800,1280,338,2,60,16.6666666666667,"",NA,"up","touchscreen",998.387000000017,99.9210000000021,95.9999999995634,6,TRUE,2,2,0,0,0.125,66,0.15,1,NA,2021-07-01 06:54:12.811383,"M","6","right","NA","NA",3.33330066804156,0.384612173091323,0.225356710877101
4228.20000000048,"",6,450207,"2k8xmo3n39","fr","false",1280,800,1280,338,2,60,16.6666666666667,"",NA,"down","touchscreen",998.255000000005,99.8550000000105,96.5999999998603,6,TRUE,3,3,0,0,-0.0625,18,0.1,1,NA,2021-07-01 06:54:12.811383,"M","6","right","NA","NA",-0.349580410116831,-0.0870632446485439,-0.0198325020446582
2336.19999999972,"",7,454571,"2k8xmo3n39","fr","false",1280,800,1280,338,2,60,16.6666666666667,"",NA,"up","touchscreen",998.535000000003,99.9339999999793,96.0000000004657,6,TRUE,4,4,0,0,0.0625,18,0.05,1,NA,2021-07-01 06:54:12.811383,"M","6","right","NA","NA",1.79054190644502,0.408569150605871,0.0616403604118056
2673.29999999946,"",8,459284,"2k8xmo3n39","fr","false",1280,800,1280,338,2,60,16.6666666666667,"",NA,"down","touchscreen",998.745999999985,99.9029999999912,99.0000000001746,6,TRUE,5,5,0,0,-0.0625,66,0.05,1,NA,2021-07-01 06:54:12.811383,"M","6","right","NA","NA",-2.02743808650428,-0.24566345185841,-0.0474363146532757
2496.20000000051,"",9,463820,"2k8xmo3n39","fr","false",1280,800,1280,338,2,60,16.6666666666667,"",NA,"up","touchscreen",998.557000000001,99.7740000000049,95.2999999999593,6,TRUE,6,6,0,0,0.0625,6,0.2,1,NA,2021-07-01 06:54:12.811383,"M","6","right","NA","NA",0.380445229545085,0.186871715024493,0.111738851357898
1405.30000000034,"",10,467255,"2k8xmo3n39","fr","false",1280,800,1280,338,2,60,16.6666666666667,"",NA,"down","touchscreen",998.72099999999,99.8740000000107,96.9000000004598,6,FALSE,0,6,0,0,-0.125,18,0.2,1,NA,2021-07-01 06:54:12.811383,"M","6","right","NA","NA",0.0536600780475739,0.0134138125729028,0.00742474613237463
2161.39999999997,"",11,471458,"2k8xmo3n39","fr","false",1280,800,1280,338,2,60,16.6666666666667,"",NA,"up","touchscreen",999.377000000008,99.0689999999886,95.6999999998661,6,FALSE,0,6,0,0,-0.0625,6,0.1,1,NA,2021-07-01 06:54:12.811383,"M","6","right","NA","NA",-0.622714038418772,-0.297280615871777,-0.0685797391734074
5565.30000000019,"",12,479056,"2k8xmo3n39","fr","false",1280,800,1280,338,2,60,16.6666666666667,"",NA,"down","touchscreen",999.074999999983,99.3910000000033,94.7000000005646,6,FALSE,0,6,0,0,0,6,0.05,1,NA,2021-07-01 06:54:12.811383,"M","6","right","NA","NA",0.849180230186099,0.390821052637604,0.0327507262937202
4116.79999999978,"",13,485212,"2k8xmo3n39","fr","false",1280,800,1280,338,2,60,16.6666666666667,"",NA,"down","touchscreen",998.165000000008,99.8359999999811,95.1999999997497,6,TRUE,1,6,0,0,-0.1875,66,0.1,1,NA,2021-07-01 06:54:12.811383,"M","6","right","NA","NA",-5.508144225199,-0.567098066396865,-0.222059488841655
3179.90000000008,"",14,490431,"2k8xmo3n39","fr","false",1280,800,1280,338,2,60,16.6666666666667,"",NA,"up","touchscreen",998.57699999999,99.8500000000058,96.500000000553,6,FALSE,0,6,0,0,-0.1875,18,0.2,1,NA,2021-07-01 06:54:12.811383,"M","6","right","NA","NA",-1.26382308777413,-0.301275556772339,-0.153276629067963
5232.70000000048,"",15,497694,"2k8xmo3n39","fr","false",1280,800,1280,338,2,60,16.6666666666667,"",NA,"down","touchscreen",999.079999999987,99.3770000000077,95.2999999999593,6,FALSE,0,6,0,0,0.0625,66,0.15,1,NA,2021-07-01 06:54:12.811383,"M","6","right","NA","NA",1.26857426694848,0.156614965573828,0.0822284455778474
2841.99999999965,"",16,502578,"2k8xmo3n39","fr","false",1280,800,1280,338,2,60,16.6666666666667,"",NA,"up","touchscreen",999.236000000004,99.0019999999786,94.5999999994528,6,FALSE,0,6,0,0,0,66,0.1,1,NA,2021-07-01 06:54:12.811383,"M","6","right","NA","NA",-1.39463613140363,-0.171739400849349,-0.0625043402343802
4098.60000000027,"",17,508713,"2k8xmo3n39","fr","false",1280,800,1280,338,2,60,16.6666666666667,"",NA,"up","touchscreen",999.371000000014,98.8960000000079,95.0999999995402,6,TRUE,1,6,0,0,0.0625,38,0.05,1,NA,2021-07-01 06:54:12.811383,"M","6","right","NA","NA",3.35258410742382,0.487781768545453,0.0871823698887155
6324.80000000034,"",18,517077,"2k8xmo3n39","fr","false",1280,800,1280,338,2,60,16.6666666666667,"",NA,"down","touchscreen",998.277999999991,100.598999999987,97.0999999999476,6,TRUE,2,6,0,0,-0.1875,18,0.1,1,NA,2021-07-01 06:54:12.811383,"M","6","right","NA","NA",-3.23914326258498,-0.629321227663347,-0.262673094019262
3851.59999999995,"",19,522963,"2k8xmo3n39","fr","false",1280,800,1280,338,2,60,16.6666666666667,"",NA,"down","touchscreen",998.044999999984,99.9569999999949,95.2999999999593,6,TRUE,3,6,0,0,-0.125,66,0.15,1,NA,2021-07-01 06:54:12.811383,"M","6","right","NA","NA",-2.62944313042865,-0.312246715730838,-0.150120287489365
3450.79999999961,"",20,528453,"2k8xmo3n39","fr","false",1280,800,1280,338,2,60,16.6666666666667,"",NA,"down","touchscreen",999.274999999994,98.7539999999863,94.5999999994237,6,TRUE,4,6,0,0,0,66,0.2,1,NA,2021-07-01 06:54:12.811383,"M","6","right","NA","NA",-0.158077603877431,-0.0197558440682646,-0.0142156949451502
3236.80000000057,"",21,533729,"2k8xmo3n39","fr","false",1280,800,1280,338,2,60,16.6666666666667,"",NA,"up","touchscreen",997.975999999995,100.481,96.9000000004598,6,TRUE,5,6,0,0,-0.125,6,0.1,1,NA,2021-07-01 06:54:12.811383,"M","6","right","NA","NA",0.368597510381302,0.181246348723778,0.0886975876222494
4700.3999999997,"",22,540467,"2k8xmo3n39","fr","false",1280,800,1280,338,2,60,16.6666666666667,"",NA,"down","touchscreen",997.881999999983,100.536000000022,96.7999999993481,6,TRUE,6,6,0,0,-0.125,6,0.2,1,NA,2021-07-01 06:54:12.811383,"M","6","right","NA","NA",-2.22401360113224,-0.743562110606793,-0.240303066892333
3399.19999999984,"",23,545910,"2k8xmo3n39","fr","false",1280,800,1280,338,2,60,16.6666666666667,"",NA,"up","touchscreen",998.956999999995,99.1680000000051,95.1000000004715,6,FALSE,0,6,0,0,0,18,0.05,1,NA,2021-07-01 06:54:12.811383,"M","6","right","NA","NA",-0.703320005324498,-0.173173446153469,-0.0242847775837558
2104.90000000026,"",24,550058,"2k8xmo3n39","fr","false",1280,800,1280,338,2,60,16.6666666666667,"",NA,"down","touchscreen",999.319999999978,98.9700000000012,94.399999999936,6,TRUE,1,6,0,0,-0.125,38,0.1,1,NA,2021-07-01 06:54:12.811383,"M","6","right","NA","NA",-3.38092722069448,-0.490914881565353,-0.189497796791069
7962.39999999944,"",25,560056,"2k8xmo3n39","fr","false",1280,800,1280,338,2,60,16.6666666666667,"",NA,"up","touchscreen",999.296000000002,99.0240000000049,98.3999999998487,6,TRUE,2,6,0,0,0,38,0.2,1,NA,2021-07-01 06:54:12.811383,"M","6","right","NA","NA",0.0969898903748337,0.0161628701344756,0.0120834867368264
2680.49999999951,"",26,564776,"2k8xmo3n39","fr","false",1280,800,1280,338,2,60,16.6666666666667,"",NA,"down","touchscreen",998.343999999983,99.8010000000068,99.0000000001455,6,TRUE,3,6,0,0,-0.1875,6,0.1,1,NA,2021-07-01 06:54:12.811383,"M","6","right","NA","NA",-4.01198852847796,-0.894961411786019,-0.31471272360286
6015.89999999944,"",27,572823,"2k8xmo3n39","fr","false",1280,800,1280,338,2,60,16.6666666666667,"",NA,"up","touchscreen",997.907999999996,100.431999999972,97.2000000001863,6,TRUE,4,6,0,0,0.1875,18,0.15,1,NA,2021-07-01 06:54:12.811383,"M","6","right","NA","NA",1.50672083071489,0.352501566003308,0.169842941399836
3792.70000000001,"",28,578659,"2k8xmo3n39","fr","false",1280,800,1280,338,2,60,16.6666666666667,"",NA,"down","touchscreen",999.218999999983,99.3040000000037,94.6999999996042,6,TRUE,5,6,0,0,-0.0625,38,0.2,1,NA,2021-07-01 06:54:12.811383,"M","6","right","NA","NA",-0.488944598045317,-0.0812215268647712,-0.0556731102831034
5380.50000000023,"",29,586069,"2k8xmo3n39","fr","false",1280,800,1280,338,2,60,16.6666666666667,"",NA,"up","touchscreen",999.603999999992,98.7829999999958,94.9000000000815,6,FALSE,0,6,0,0,-0.0625,38,0.05,1,NA,2021-07-01 06:54:12.811383,"M","6","right","NA","NA",-3.99457897117644,-0.55417942037642,-0.102351807066818
2127.59999999974,"",30,590239,"2k8xmo3n39","fr","false",1280,800,1280,338,2,60,16.6666666666667,"",NA,"up","touchscreen",998.664999999979,100.013999999966,97.0999999999185,6,TRUE,1,6,0,0,0.125,38,0.05,1,NA,2021-07-01 06:54:12.811383,"M","6","right","NA","NA",3.81597876010126,0.536654952022464,0.12287588105448
3876.79999999999,"",31,596148,"2k8xmo3n39","fr","false",1280,800,1280,338,2,60,16.6666666666667,"",NA,"down","touchscreen",998.734999999986,99.7330000000075,95.699999999837,6,TRUE,2,6,0,0,-0.0625,38,0.1,1,NA,2021-07-01 06:54:12.811383,"M","6","right","NA","NA",-2.70926666219737,-0.411534897862045,-0.131912679484122
1132.3999999995,"",32,599311,"2k8xmo3n39","fr","false",1280,800,1280,338,2,60,16.6666666666667,"",NA,"up","touchscreen",998.195999999996,100.288,96.300000000163,6,FALSE,0,6,0,0,0,6,0.1,1,NA,2021-07-01 06:54:12.811383,"M","6","right","NA","NA",-0.532924759153772,-0.257478351865242,-0.0357013263748466
4609.8999999995,"",33,605953,"2k8xmo3n39","fr","false",1280,800,1280,338,2,60,16.6666666666667,"",NA,"up","touchscreen",998.993999999948,99.2300000000396,94.5999999994528,6,TRUE,1,6,0,0,0.125,38,0.15,1,NA,2021-07-01 06:54:12.811383,"M","6","right","NA","NA",2.1947893870945,0.343535621714789,0.192634272177327
1111.20000000024,"",34,609094,"2k8xmo3n39","fr","false",1280,800,1280,338,2,60,16.6666666666667,"",NA,"down","touchscreen",998.60500000004,99.7810000000172,95.6000000005588,6,TRUE,2,6,4,4,0.0625,6,0.1,1,NA,2021-07-01 06:54:12.811383,"M","6","right","NA","NA",-1.15402596574826,-0.499780878116121,-0.105321393371564
4787.40000000014,"",35,615914,"2k8xmo3n39","fr","false",1280,800,1280,338,2,60,16.6666666666667,"",NA,"down","touchscreen",998.244999999995,99.8219999999856,96.5999999998021,6,FALSE,0,6,0,4,0.0625,66,0.2,1,NA,2021-07-01 06:54:12.811383,"M","6","right","NA","NA",0.370766050321204,0.0462960626297785,0.0292623305794022
3183.10000000021,"",36,621137,"2k8xmo3n39","fr","false",1280,800,1280,338,2,60,16.6666666666667,"",NA,"up","touchscreen",998.611999999965,99.7859999999637,95.9999999995343,6,FALSE,0,6,0,4,-0.1875,66,0.05,1,NA,2021-07-01 06:54:12.811383,"M","6","right","NA","NA",-6.7733200398202,-0.646169554704167,-0.123829382038364
825.700000000303,"",37,624003,"2k8xmo3n39","fr","false",1280,800,1280,338,2,60,16.6666666666667,"",NA,"down","touchscreen",998.31899999996,99.9130000000005,95.099999999511,6,TRUE,1,6,6,10,-0.1875,66,0.15,1,NA,2021-07-01 06:54:12.811383,"M","6","right","NA","NA",-2.91195203615833,-0.34203986693026,-0.163674842281598
2523.10000000033,"",38,628564,"2k8xmo3n39","fr","false",1280,800,1280,338,2,60,16.6666666666667,"",NA,"up","touchscreen",998.554999999993,99.8660000000382,96.1999999999534,6,TRUE,2,6,6,16,0.1875,6,0.1,1,NA,2021-07-01 06:54:12.811383,"M","6","right","NA","NA",4.65281164471504,0.918719984824911,0.399631934993757
2366.39999999985,"",39,632965,"2k8xmo3n39","fr","false",1280,800,1280,338,2,60,16.6666666666667,"",NA,"up","touchscreen",998.045000000042,99.875,95.2999999999302,6,TRUE,3,6,6,22,0.1875,6,0.15,1,NA,2021-07-01 06:54:12.811383,"M","6","right","NA","NA",3.21661997920047,0.84922856307251,0.29502954601791
3451.39999999991,"",40,638444,"2k8xmo3n39","fr","false",1280,800,1280,338,2,60,16.6666666666667,"",NA,"down","touchscreen",998.374000000011,99.8120000000345,96.5999999998603,6,FALSE,0,6,0,22,0.0625,38,0.1,1,NA,2021-07-01 06:54:12.811383,"M","6","right","NA","NA",0.914522163447331,0.150680112244758,0.0533148954002257
1847.20000000013,"",41,642332,"2k8xmo3n39","fr","false",1280,800,1280,338,2,60,16.6666666666667,"",NA,"up","touchscreen",999.057999999961,99.1700000000419,95.9000000002561,6,TRUE,1,6,1,23,0.125,66,0.1,1,NA,2021-07-01 06:54:12.811383,"M","6","right","NA","NA",2.19728633654868,0.264852372711241,0.0822543028577679
1596.49999999965,"",42,645959,"2k8xmo3n39","fr","false",1280,800,1280,338,2,60,16.6666666666667,"",NA,"down","touchscreen",998.166000000027,99.9009999999544,95.2999999999302,6,TRUE,2,6,3,26,-0.1875,66,0.2,1,NA,2021-07-01 06:54:12.811383,"M","6","right","NA","NA",-2.03215758570261,-0.246200685451763,-0.157134009933969
4281.00000000087,"",43,652275,"2k8xmo3n39","fr","false",1280,800,1280,338,2,60,16.6666666666667,"",NA,"down","touchscreen",1000.16899999999,98.2360000000335,93.7000000003609,6,TRUE,3,6,3,29,-0.1875,6,0.05,1,NA,2021-07-01 06:54:12.811383,"M","6","right","NA","NA",-4.26293143364202,-0.905315985497629,-0.219537898050421
3634.39999999991,"",44,657952,"2k8xmo3n39","fr","false",1280,800,1280,338,2,60,16.6666666666667,"",NA,"up","touchscreen",999.325000000012,99.0179999999818,95.4000000001979,6,TRUE,4,6,3,32,0.125,6,0.15,1,NA,2021-07-01 06:54:12.811383,"M","6","right","NA","NA",2.34965660374479,0.761492639408756,0.556517858551499
4498.60000000079,"",45,664491,"2k8xmo3n39","fr","false",1280,800,1280,338,2,60,16.6666666666667,"",NA,"up","touchscreen",999.255999999994,99.2200000000303,95.2999999999884,6,TRUE,5,6,3,35,0.1875,18,0.05,1,NA,2021-07-01 06:54:12.811383,"M","6","right","NA","NA",4.45219597192982,0.743873454125032,0.211206590070568
5065.90000000049,"",46,671601,"2k8xmo3n39","fr","false",1280,800,1280,338,2,60,16.6666666666667,"",NA,"up","touchscreen",998.934000000008,99.4740000000456,95.9000000002561,6,TRUE,6,6,3,38,0.1875,66,0.15,1,NA,2021-07-01 06:54:12.811383,"M","6","right","NA","NA",3.49715221692666,0.400545047381915,0.231489414714508
2486.59999999928,"",47,676126,"2k8xmo3n39","fr","false",1280,800,1280,338,2,60,16.6666666666667,"",NA,"down","touchscreen",998.993000000017,100.099999999977,96.7000000000698,6,TRUE,7,7,3,41,-0.0625,6,0.15,1,NA,2021-07-01 06:54:12.811383,"M","6","right","NA","NA",-0.624439146911127,-0.298031115719421,-0.0835623341274454
4452.80000000005,"",48,682620,"2k8xmo3n39","fr","false",1280,800,1280,338,2,60,16.6666666666667,"",NA,"down","touchscreen",997.544999999984,100.712999999989,97.4999999998836,6,TRUE,8,8,3,44,-0.125,18,0.15,1,NA,2021-07-01 06:54:12.811383,"M","6","right","NA","NA",-2.08052496407631,-0.461444384827279,-0.245005172394188
3472.49999999983,"",49,688130,"2k8xmo3n39","fr","false",1280,800,1280,338,2,60,16.6666666666667,"",NA,"up","touchscreen",998.445000000007,99.7520000000368,94.2999999996973,6,TRUE,9,9,3,47,-0.125,38,0.2,1,NA,2021-07-01 06:54:12.811383,"M","6","right","NA","NA",1.20146589437092,0.196346475900316,0.120929711607255
4764.40000000002,"",50,694932,"2k8xmo3n39","fr","false",1280,800,1280,338,2,60,16.6666666666667,"",NA,"down","touchscreen",998.431999999972,99.8600000000442,95.3999999992666,6,FALSE,0,9,0,47,-0.0625,18,0.2,1,NA,2021-07-01 06:54:12.811383,"M","6","right","NA","NA",0.130533451626491,0.0326160005451582,0.013865052753917
3927.39999999956,"",51,700902,"2k8xmo3n39","fr","false",1280,800,1280,338,2,60,16.6666666666667,"",NA,"up","touchscreen",999.146999999997,99.0520000000251,95.3999999992666,6,TRUE,1,9,0,47,0,6,0.2,1,NA,2021-07-01 06:54:12.811383,"M","6","right","NA","NA",0.144331667409243,0.0719786480271605,0.0463411292446132
505.90000000014,"",52,703438,"2k8xmo3n39","fr","false",1280,800,1280,338,2,60,16.6666666666667,"",NA,"down","touchscreen",998.803000000014,99.5920000000042,96.0999999997439,6,FALSE,0,9,0,47,0.0625,6,0.15,1,NA,2021-07-01 06:54:12.811383,"M","6","right","NA","NA",1.56319587033769,0.615814260691737,0.306228159642562
6227.29999999958,"",53,711707,"2k8xmo3n39","fr","false",1280,800,1280,338,2,60,16.6666666666667,"",NA,"up","touchscreen",998.452000000048,99.8820000000414,95.9000000002561,6,TRUE,1,9,0,47,0.125,66,0.05,1,NA,2021-07-01 06:54:12.811383,"M","6","right","NA","NA",5.07572726860744,0.53573445860995,0.11963649441212
1841.99999999965,"",54,715574,"2k8xmo3n39","fr","false",1280,800,1280,338,2,60,16.6666666666667,"",NA,"up","touchscreen",998.01800000004,100.380000000005,96.4000000003725,6,TRUE,2,9,1,48,0.125,38,0.1,1,NA,2021-07-01 06:54:12.811383,"M","6","right","NA","NA",1.11101799839231,0.182074506723748,0.0570564788074564
5715.09999999945,"",55,723326,"2k8xmo3n39","fr","false",1280,800,1280,338,2,60,16.6666666666667,"",NA,"up","touchscreen",998.489000000001,99.7769999999437,95.2999999999884,6,TRUE,3,9,1,49,0.0625,6,0.05,1,NA,2021-07-01 06:54:12.811383,"M","6","right","NA","NA",0.471499742946274,0.229459635378872,0.0204976854110095
4519.40000000008,"",56,729888,"2k8xmo3n39","fr","false",1280,800,1280,338,2,60,16.6666666666667,"",NA,"up","touchscreen",998.856000000029,99.4249999999884,95.5000000003492,6,FALSE,0,9,0,49,0,66,0.05,1,NA,2021-07-01 06:54:12.811383,"M","6","right","NA","NA",-0.374658604758416,-0.0467810520312657,-0.00840249801917657
1260.40000000014,"",57,733185,"2k8xmo3n39","fr","false",1280,800,1280,338,2,60,16.6666666666667,"",NA,"down","touchscreen",998.454000000027,99.8960000000079,94.9999999993597,6,FALSE,0,9,0,49,0.0625,66,0.05,1,NA,2021-07-01 06:54:12.811383,"M","6","right","NA","NA",2.13816414880835,0.258207254375266,0.0423293999157068
10375.6000000003,"",58,745595,"2k8xmo3n39","fr","false",1280,800,1280,338,2,60,16.6666666666667,"",NA,"up","touchscreen",998.567000000039,99.8180000000284,96.4999999996508,6,TRUE,1,9,0,49,-0.0625,6,0.2,1,NA,2021-07-01 06:54:12.811383,"M","6","right","NA","NA",0.922743534325946,0.418933392707825,0.27037988316464
2067.59999999939,"",59,749701,"2k8xmo3n39","fr","false",1280,800,1280,338,2,60,16.6666666666667,"",NA,"down","touchscreen",997.828999999969,100.622000000032,100.300000000047,6,FALSE,0,9,0,49,-0.0625,66,0.15,1,NA,2021-07-01 06:54:12.811383,"M","6","right","NA","NA",0.2441235163405,0.0305012415901993,0.0174281676865875
2167.09999999969,"",60,753897,"2k8xmo3n39","fr","false",1280,800,1280,338,2,60,16.6666666666667,"",NA,"up","touchscreen",998.478999999992,99.8910000000033,96.8000000002794,6,FALSE,0,9,0,49,-0.1875,18,0.15,1,NA,2021-07-01 06:54:12.811383,"M","6","right","NA","NA",-0.543263069790115,-0.134580211072069,-0.0515231456883079
4178.10000000003,"",61,760117,"2k8xmo3n39","fr","false",1280,800,1280,338,2,60,16.6666666666667,"",NA,"up","touchscreen",1000.72200000001,97.7050000000163,97.0999999999767,6,TRUE,1,9,0,49,0.1875,38,0.15,1,NA,2021-07-01 06:54:12.811383,"M","6","right","NA","NA",2.86169288286501,0.430491450096357,0.253275084895091
2924.39999999991,"",62,765076,"2k8xmo3n39","fr","false",1280,800,1280,338,2,60,16.6666666666667,"",NA,"down","touchscreen",999.223999999987,99.1109999999753,95.0999999995693,6,TRUE,2,9,0,49,-0.125,18,0.05,1,NA,2021-07-01 06:54:12.811383,"M","6","right","NA","NA",-3.46303874981148,-0.654538869399467,-0.219688201274434
2364.20000000001,"",63,769471,"2k8xmo3n39","fr","false",1280,800,1280,338,2,60,16.6666666666667,"",NA,"up","touchscreen",998.413,99.8219999999856,96.0999999997439,6,TRUE,3,9,0,49,0,6,0.15,1,NA,2021-07-01 06:54:12.811383,"M","6","right","NA","NA",0.298676862713444,0.147700507306251,0.0885688124220171
3544.60000000021,"",64,775047,"2k8xmo3n39","fr","false",1280,800,1280,338,2,60,16.6666666666667,"",NA,"down","touchscreen",998.43200000003,99.8559999999707,95.1999999997206,6,TRUE,4,9,0,49,-0.125,18,0.1,1,NA,2021-07-01 06:54:12.811383,"M","6","right","NA","NA",-2.03457107696817,-0.453365789531151,-0.129582472458245
2400.59999999998,"",65,779478,"2k8xmo3n39","fr","false",1280,800,1280,338,2,60,16.6666666666667,"",NA,"up","touchscreen",998.429000000004,99.8260000000009,96.0999999997439,6,TRUE,5,9,0,49,0.125,18,0.1,1,NA,2021-07-01 06:54:12.811383,"M","6","right","NA","NA",1.81341574430291,0.412903360096909,0.158933851963907
7112.90000000008,"",66,788614,"2k8xmo3n39","fr","false",1280,800,1280,338,2,60,16.6666666666667,"",NA,"down","touchscreen",998.358999999997,99.8580000000075,97.9999999999418,6,FALSE,0,9,0,49,0.125,6,0.2,1,NA,2021-07-01 06:54:12.811383,"M","6","right","NA","NA",1.26203240985953,0.533652740783819,0.238578157082414
1987.50000000017,"",67,792645,"2k8xmo3n39","fr","false",1280,800,1280,338,2,60,16.6666666666667,"",NA,"up","touchscreen",998.668000000005,99.7799999999697,95.6999999998952,6,FALSE,0,9,0,49,-0.0625,18,0.15,1,NA,2021-07-01 06:54:12.811383,"M","6","right","NA","NA",-0.284816828392027,-0.0710243865255049,-0.0284108418646548
2697.99999999942,"",68,797385,"2k8xmo3n39","fr","false",1280,800,1280,338,2,60,16.6666666666667,"",NA,"down","touchscreen",998.367999999959,100.020000000019,96.8000000002794,6,TRUE,1,9,0,49,-0.0625,18,0.05,1,NA,2021-07-01 06:54:12.811383,"M","6","right","NA","NA",-3.59796139693397,-0.668755358990069,-0.15351584615566
3313.60000000044,"",69,802725,"2k8xmo3n39","fr","false",1280,800,1280,338,2,60,16.6666666666667,"",NA,"up","touchscreen",998.108000000007,100.224999999977,95.8000000000466,6,TRUE,2,9,0,49,-0.1875,6,0.15,1,NA,2021-07-01 06:54:12.811383,"M","6","right","NA","NA",0.10757640406324,0.0537105612376476,0.0212913484553248
2348.90000000084,"",70,807100,"2k8xmo3n39","fr","false",1280,800,1280,338,2,60,16.6666666666667,"",NA,"down","touchscreen",998.367000000027,100.026000000013,98.699999999546,6,TRUE,3,9,0,49,-0.125,38,0.05,1,NA,2021-07-01 06:54:12.811383,"M","6","right","NA","NA",-3.57352582985344,-0.51170558966602,-0.09789069936373
2125,"",71,811252,"2k8xmo3n39","fr","false",1280,800,1280,338,2,60,16.6666666666667,"",NA,"down","touchscreen",996.822000000044,101.287000000011,96.8000000002794,6,TRUE,4,9,0,49,-0.125,66,0.2,1,NA,2021-07-01 06:54:12.811383,"M","6","right","NA","NA",-3.78696677245779,-0.427855002238133,-0.364772340186551
2549.50000000006,"",72,815842,"2k8xmo3n39","fr","false",1280,800,1280,338,2,60,16.6666666666667,"",NA,"up","touchscreen",998.56600000005,99.7249999999767,95.4000000001397,6,TRUE,5,9,0,49,0.125,66,0.2,1,NA,2021-07-01 06:54:12.811383,"M","6","right","NA","NA",1.6221715716779,0.198727141034833,0.127723080548829
3596.99999999971,"",73,821466,"2k8xmo3n39","fr","false",1280,800,1280,338,2,60,16.6666666666667,"",NA,"down","touchscreen",998.07699999999,99.9360000000452,96.5999999998021,6,TRUE,6,9,0,49,-0.1875,38,0.05,1,NA,2021-07-01 06:54:12.811383,"M","6","right","NA","NA",-7.40963528449932,-0.777156443500599,-0.189603664290279
3854.19999999978,"",74,827350,"2k8xmo3n39","fr","false",1280,800,1280,338,2,60,16.6666666666667,"",NA,"up","touchscreen",997.679999999993,100.255999999994,95.4000000001979,6,TRUE,7,9,0,49,0.125,18,0.05,1,NA,2021-07-01 06:54:12.811383,"M","6","right","NA","NA",2.92735127151477,0.590578581452814,0.106664775453938
6035.69999999949,"",75,835425,"2k8xmo3n39","fr","false",1280,800,1280,338,2,60,16.6666666666667,"",NA,"down","touchscreen",998.063000000082,99.8549999999814,95.2999999999302,6,FALSE,0,9,0,49,0.1875,38,0.2,1,NA,2021-07-01 06:54:12.811383,"M","6","right","NA","NA",1.1013454903856,0.18054125571286,0.112774321526721
2796.40000000026,"",76,840256,"2k8xmo3n39","fr","false",1280,800,1280,338,2,60,16.6666666666667,"",NA,"up","touchscreen",998.307999999961,100.23900000006,96.0000000004657,6,FALSE,0,9,0,49,0,66,0.15,1,NA,2021-07-01 06:54:12.811383,"M","6","right","NA","NA",-0.255269172261521,-0.0318924148452263,-0.0164106201992615
3119.79999999946,"",77,845405,"2k8xmo3n39","fr","false",1280,800,1280,338,2,60,16.6666666666667,"",NA,"down","touchscreen",998.717999999993,99.6539999999804,95.9999999995343,6,TRUE,1,9,0,49,0.1875,18,0.2,1,NA,2021-07-01 06:54:12.811383,"M","6","right","NA","NA",-0.0645429010128312,-0.0161336251014385,-0.00991523777731288
1080.60000000021,"",78,848522,"2k8xmo3n39","fr","false",1280,800,1280,338,2,60,16.6666666666667,"",NA,"down","touchscreen",998.659999999916,99.7399999999907,99.0000000001164,6,TRUE,2,9,5,54,-0.125,6,0.15,1,NA,2021-07-01 06:54:12.811383,"M","6","right","NA","NA",-0.385570349718412,-0.189299502278425,-0.121531938102318
1721.00000000047,"",79,852278,"2k8xmo3n39","fr","false",1280,800,1280,338,2,60,16.6666666666667,"",NA,"down","touchscreen",998.618000000017,99.8159999999916,96.5000000005821,6,TRUE,3,9,6,60,-0.1875,38,0.15,1,NA,2021-07-01 06:54:12.811383,"M","6","right","NA","NA",-3.6391229914078,-0.518589272669163,-0.283093798868671
2216.40000000026,"",80,856536,"2k8xmo3n39","fr","false",1280,800,1280,338,2,60,16.6666666666667,"",NA,"up","touchscreen",998.545000000042,99.8540000000503,98.3000000005122,6,TRUE,4,9,6,66,0.125,6,0.05,1,NA,2021-07-01 06:54:12.811383,"M","6","right","NA","NA",3.21684879131732,0.849245404546717,0.185889926398774
2382.59999999986,"",81,860947,"2k8xmo3n39","fr","false",1280,800,1280,338,2,60,16.6666666666667,"",NA,"up","touchscreen",998.292000000016,99.847000000067,96.300000000163,6,TRUE,5,9,6,72,0.125,6,0.1,1,NA,2021-07-01 06:54:12.811383,"M","6","right","NA","NA",1.2444042422703,0.528289583103279,0.160168293940406
3922.19999999995,"",82,866896,"2k8xmo3n39","fr","false",1280,800,1280,338,2,60,16.6666666666667,"",NA,"up","touchscreen",999.317000000039,99.1500000000233,94.5000000002328,6,TRUE,6,9,6,78,0.1875,38,0.1,1,NA,2021-07-01 06:54:12.811383,"M","6","right","NA","NA",2.30696253672101,0.358880180891606,0.143309625055728
1997.30000000005,"",83,870928,"2k8xmo3n39","fr","false",1280,800,1280,338,2,60,16.6666666666667,"",NA,"down","touchscreen",998.03899999999,100.444999999949,95.699999999837,6,TRUE,7,9,6,84,-0.125,66,0.1,1,NA,2021-07-01 06:54:12.811383,"M","6","right","NA","NA",-3.58627719633023,-0.409062580975907,-0.157152424498302
4043.20000000007,"",84,877004,"2k8xmo3n39","fr","false",1280,800,1280,338,2,60,16.6666666666667,"",NA,"up","touchscreen",998.668999999994,99.689000000013,96.300000000163,6,TRUE,8,9,6,90,0.1875,18,0.1,1,NA,2021-07-01 06:54:12.811383,"M","6","right","NA","NA",3.15739338744672,0.619583679931415,0.193524297102188
2209.39999999967,"",85,881244,"2k8xmo3n39","fr","false",1280,800,1280,338,2,60,16.6666666666667,"",NA,"up","touchscreen",998.709999999963,99.3549999999814,95.1000000004424,6,FALSE,0,9,0,90,-0.1875,38,0.1,1,NA,2021-07-01 06:54:12.811383,"M","6","right","NA","NA",-2.12197028789064,-0.333424109940656,-0.107400054768015
1054.30000000063,"",86,884334,"2k8xmo3n39","fr","false",1280,800,1280,338,2,60,16.6666666666667,"",NA,"down","touchscreen",999.467999999993,99.015000000014,94.899999999092,6,FALSE,0,9,0,90,0.1875,66,0.05,1,NA,2021-07-01 06:54:12.811383,"M","6","right","NA","NA",8.21596650528771,0.716460590485838,0.178737847550632
2838.8000000004,"",87,889213,"2k8xmo3n39","fr","false",1280,800,1280,338,2,60,16.6666666666667,"",NA,"up","touchscreen",999.540000000037,98.8329999999842,95.4000000001397,6,TRUE,1,9,0,90,0.125,18,0.15,1,NA,2021-07-01 06:54:12.811383,"M","6","right","NA","NA",2.64124029182894,0.551022435744133,0.293797283192355
4127.80000000016,"",88,895380,"2k8xmo3n39","fr","false",1280,800,1280,338,2,60,16.6666666666667,"",NA,"down","touchscreen",999.199000000022,99.0100000000093,97.0999999998603,6,FALSE,0,9,0,90,0.0625,18,0.2,1,NA,2021-07-01 06:54:12.811383,"M","6","right","NA","NA",0.0528006125078732,0.0131990032532134,0.00725930504840385
2808.49999999919,"",89,900218,"2k8xmo3n39","fr","false",1280,800,1280,338,2,60,16.6666666666667,"",NA,"up","touchscreen",998.872999999905,99.6750000000466,95.2999999999302,6,FALSE,0,9,0,90,-0.0625,38,0.15,1,NA,2021-07-01 06:54:12.811383,"M","6","right","NA","NA",-1.95455757304955,-0.309739240597468,-0.165030330077403
3198.90000000026,"",90,905451,"2k8xmo3n39","fr","false",1280,800,1280,338,2,60,16.6666666666667,"",NA,"up","touchscreen",998.65399999998,99.6550000000279,97.0999999998603,6,TRUE,1,9,0,90,0.125,18,0.2,1,NA,2021-07-01 06:54:12.811383,"M","6","right","NA","NA",1.07707475065061,0.260007612951441,0.179196077323407
458.700000000186,"",91,907953,"2k8xmo3n39","fr","false",1280,800,1280,338,2,60,16.6666666666667,"",NA,"up","touchscreen",998.466000000015,99.8710000000428,96.0999999997439,6,TRUE,2,9,8,98,0.1875,66,0.1,1,NA,2021-07-01 06:54:12.811383,"M","6","right","NA","NA",4.79725492655937,0.514279356935409,0.22622805191733
3206.00000000012,"",92,913198,"2k8xmo3n39","fr","false",1280,800,1280,338,2,60,16.6666666666667,"",NA,"down","touchscreen",999.334000000032,99.0360000000801,94.5999999993946,6,TRUE,3,9,8,106,0,38,0.15,1,NA,2021-07-01 06:54:12.811383,"M","6","right","NA","NA",-0.100324831408002,-0.0167184682787841,-0.00771198924504747
2297.40000000037,"",93,917529,"2k8xmo3n39","fr","false",1280,800,1280,338,2,60,16.6666666666667,"",NA,"down","touchscreen",997.80700000003,99.8580000000075,95.9000000002561,6,TRUE,4,9,8,114,-0.1875,38,0.2,1,NA,2021-07-01 06:54:12.811383,"M","6","right","NA","NA",-1.47397311031768,-0.238568834364454,-0.189268097892585
3865.49999999988,"",94,923427,"2k8xmo3n39","fr","false",1280,800,1280,338,2,60,16.6666666666667,"",NA,"down","touchscreen",999.344000000041,99.0019999999786,94.9000000000233,6,TRUE,5,9,8,122,-0.125,38,0.15,1,NA,2021-07-01 06:54:12.811383,"M","6","right","NA","NA",-1.78622375327156,-0.285328353410267,-0.133085256583275
3193.29999999981,"",95,928659,"2k8xmo3n39","fr","false",1280,800,1280,338,2,60,16.6666666666667,"",NA,"up","touchscreen",999.371999999974,98.8070000000298,98.5,6,TRUE,6,9,8,130,0.1875,6,0.05,1,NA,2021-07-01 06:54:12.811383,"M","6","right","NA","NA",2.62851921285512,0.795822897580554,0.157998146664916
4082.00000000035,"",96,934777,"2k8xmo3n39","fr","false",1280,800,1280,338,2,60,16.6666666666667,"",NA,"up","touchscreen",998.462000000058,99.8319999999367,96.8000000002794,6,TRUE,7,9,8,138,0.125,38,0.2,1,NA,2021-07-01 06:54:12.811383,"M","6","right","NA","NA",0.613939972183819,0.10179183279231,0.0667741855048343
3415.2999999997,"",97,940233,"2k8xmo3n39","fr","false",1280,800,1280,338,2,60,16.6666666666667,"",NA,"up","touchscreen",998.565999999992,99.7969999999041,96.0999999997439,6,TRUE,8,9,8,146,-0.0625,6,0.05,1,NA,2021-07-01 06:54:12.811383,"M","6","right","NA","NA",0.0938005269202092,0.0468487666763648,0.00516202888102889
3112.79999999993,"",98,945374,"2k8xmo3n39","fr","false",1280,800,1280,338,2,60,16.6666666666667,"",NA,"down","touchscreen",999.012999999919,99.4449999999488,96.0000000004657,6,TRUE,9,9,8,154,-0.1875,18,0.05,1,NA,2021-07-01 06:54:12.811383,"M","6","right","NA","NA",-5.17061500611987,-0.790949998054977,-0.201592559115871
2329.20000000019,"",99,949735,"2k8xmo3n39","fr","false",1280,800,1280,338,2,60,16.6666666666667,"",NA,"down","touchscreen",998.574999999953,99.4340000000084,94.6999999997206,6,TRUE,10,10,8,162,0,18,0.1,1,NA,2021-07-01 06:54:12.811383,"M","6","right","NA","NA",-1.35568090724,-0.320985913412339,-0.11664181938613
4213.79999999958,"",100,955981,"2k8xmo3n39","fr","false",1280,800,1280,338,2,60,16.6666666666667,"",NA,"up","touchscreen",999.584000000032,98.5179999999236,94.7999999999302,6,TRUE,11,11,8,170,0.0625,38,0.2,1,NA,2021-07-01 06:54:12.811383,"M","6","right","NA","NA",0.959852968893298,0.157966907548198,0.0957022519275479
6077.40000000014,"",101,964101,"2k8xmo3n39","fr","false",1280,800,1280,338,2,60,16.6666666666667,"",NA,"down","touchscreen",998.407999999938,99.8509999999078,95.1999999997206,6,FALSE,0,11,0,170,0.0625,18,0.1,1,NA,2021-07-01 06:54:12.811383,"M","6","right","NA","NA",3.37775561254519,0.64517834641415,0.261960079152156
2658.10000000056,"",102,968786,"2k8xmo3n39","fr","false",1280,800,1280,338,2,60,16.6666666666667,"",NA,"up","touchscreen",998.6179999999,99.7399999999907,95.699999999837,6,TRUE,1,11,0,170,0.1875,38,0.05,1,NA,2021-07-01 06:54:12.811383,"M","6","right","NA","NA",5.57995408679457,0.681009637348364,0.154397930577162
3991.19999999949,"",103,974813,"2k8xmo3n39","fr","false",1280,800,1280,338,2,60,16.6666666666667,"",NA,"up","touchscreen",999.376999999979,99.1549999999115,95.0000000002328,6,FALSE,0,11,0,170,-0.1875,6,0.2,1,NA,2021-07-01 06:54:12.811383,"M","6","right","NA","NA",-0.706225687552922,-0.332964055320322,-0.206015430832626
2764.4999999993,"",104,979611,"2k8xmo3n39","fr","false",1280,800,1280,338,2,60,16.6666666666667,"",NA,"up","touchscreen",998.396000000066,100.073000000091,96.4999999996508,6,TRUE,1,11,0,170,-0.0625,66,0.2,1,NA,2021-07-01 06:54:12.811383,"M","6","right","NA","NA",1.2856717325666,0.158672975857953,0.0991483895982768
4966.49999999953,"",105,986609,"2k8xmo3n39","fr","false",1280,800,1280,338,2,60,16.6666666666667,"",NA,"up","touchscreen",998.251999999979,99.9050000000279,94.7999999998137,6,TRUE,2,11,0,170,0.0625,18,0.15,1,NA,2021-07-01 06:54:12.811383,"M","6","right","NA","NA",1.48523745756289,0.348088323786405,0.199321827445685
1600.40000000026,"",106,990246,"2k8xmo3n39","fr","false",1280,800,1280,338,2,60,16.6666666666667,"",NA,"up","touchscreen",997.714000000036,100.648000000045,96.3999999994412,6,TRUE,3,11,2,172,0.0625,38,0.15,1,NA,2021-07-01 06:54:12.811383,"M","6","right","NA","NA",1.04615656322153,0.171767997914745,0.077466636492663
4379.39999999991,"",107,996656,"2k8xmo3n39","fr","false",1280,800,1280,338,2,60,16.6666666666667,"",NA,"down","touchscreen",999.508999999962,98.984999999986,95.9999999995343,6,TRUE,4,11,2,174,0,38,0.1,1,NA,2021-07-01 06:54:12.811383,"M","6","right","NA","NA",-0.507775995279123,-0.0843278879374794,-0.0271825557190632
1783.59999999974,"",108,1000482,"2k8xmo3n39","fr","false",1280,800,1280,338,2,60,16.6666666666667,"",NA,"up","touchscreen",998.640000000014,99.564000000013,95.9000000002561,6,TRUE,5,11,3,177,0,38,0.05,1,NA,2021-07-01 06:54:12.811383,"M","6","right","NA","NA",0.00871753420080335,0.00145292083325548,0.000209501650313405
3033.80000000016,"",109,1005545,"2k8xmo3n39","fr","false",1280,800,1280,338,2,60,16.6666666666667,"",NA,"up","touchscreen",998.553000000073,99.8669999999693,96.3999999994412,6,TRUE,6,11,3,180,0.1875,66,0.2,1,NA,2021-07-01 06:54:12.811383,"M","6","right","NA","NA",1.37834079345748,0.169790929001838,0.117473596298888
739.300000000163,"",110,1008327,"2k8xmo3n39","fr","false",1280,800,1280,338,2,60,16.6666666666667,"",NA,"down","touchscreen",998.638999999966,99.7410000000382,96.300000000163,6,FALSE,0,11,0,180,0,18,0.2,1,NA,2021-07-01 06:54:12.811383,"M","6","right","NA","NA",0.711958166320016,0.175235430767588,0.0973961782047841
1041.60000000044,"",111,1011408,"2k8xmo3n39","fr","false",1280,800,1280,338,2,60,16.6666666666667,"",NA,"up","touchscreen",998.686999999918,99.8239999999059,96.1999999999534,6,TRUE,1,11,5,185,0.0625,66,0.1,1,NA,2021-07-01 06:54:12.811383,"M","6","right","NA","NA",0.203336097543779,0.0254088061623222,0.0093161073868444
761.199999999953,"",112,1014207,"2k8xmo3n39","fr","false",1280,800,1280,338,2,60,16.6666666666667,"",NA,"down","touchscreen",999.038000000059,99.2690000000875,95.0000000002328,6,TRUE,2,11,11,196,-0.0625,66,0.1,1,NA,2021-07-01 06:54:12.811383,"M","6","right","NA","NA",-2.452015812345,-0.293046029217859,-0.110662214374242
1882.70000000007,"",113,1018126,"2k8xmo3n39","fr","false",1280,800,1280,338,2,60,16.6666666666667,"",NA,"up","touchscreen",999.520000000019,98.9510000000009,96.0999999997439,6,TRUE,3,11,12,208,0.1875,6,0.2,1,NA,2021-07-01 06:54:12.811383,"M","6","right","NA","NA",1.34170524674622,0.557104473194469,0.26341286029247
22170.2000000005,"",2,90487,"5as5h8dv9n","fr","false",1280,800,1280,632,2,60,16.6666666666667,"",NA,"up","touchscreen",998.618000000002,99.8359999999957,94.9000000000524,6,TRUE,1,1,0,0,0.0625,18,0.15,1,NA,2021-07-01 03:28:32.822964,"F","082014","right","NA","NA",1.94895504011459,0.43801248635019,0.226093444181525
4663.70000000097,"",3,97189,"5as5h8dv9n","fr","false",1280,800,1280,632,2,60,16.6666666666667,"",NA,"up","touchscreen",998.286999999997,100.062999999995,95.9000000002561,6,FALSE,0,1,0,0,-0.125,18,0.2,1,NA,2021-07-01 03:28:32.822964,"F","082014","right","NA","NA",-1.85972788539122,-0.421593342156778,-0.293734641408434
11131.9000000003,"",4,110366,"5as5h8dv9n","fr","false",1280,800,1280,632,2,60,16.6666666666667,"",NA,"down","touchscreen",998.557000000001,99.8290000000125,95.1000000004569,6,FALSE,0,1,0,0,0.1875,66,0.2,1,NA,2021-07-01 03:28:32.822964,"F","082014","right","NA","NA",1.81918741519529,0.221737652349062,0.166764840942229
3008.0999999991,"",5,115405,"5as5h8dv9n","fr","false",1280,800,1280,632,2,60,16.6666666666667,"",NA,"up","touchscreen",998.557000000001,99.8530000000028,95.7999999991443,6,TRUE,1,1,0,0,0.125,66,0.2,1,NA,2021-07-01 03:28:32.822964,"F","082014","right","NA","NA",2.01898841920925,0.244701037504911,0.172679691938514
9525.30000000115,"",6,126966,"5as5h8dv9n","fr","false",1280,800,1280,632,2,60,16.6666666666667,"",NA,"down","touchscreen",998.561000000002,99.9159999999974,96.1000000006607,6,TRUE,2,2,0,0,-0.0625,18,0.15,1,NA,2021-07-01 03:28:32.822964,"F","082014","right","NA","NA",-0.828017672171972,-0.202706894023514,-0.0852448914636557
3171.00000000026,"",7,132176,"5as5h8dv9n","fr","false",1280,800,1280,632,2,60,16.6666666666667,"",NA,"up","touchscreen",999.050999999992,99.4749999999913,100.599999999758,6,TRUE,3,3,0,0,0.0625,6,0.15,1,NA,2021-07-01 03:28:32.822964,"F","082014","right","NA","NA",0.260642510377063,0.129228491019821,0.0528953315825764
3485.70000000112,"",8,137706,"5as5h8dv9n","fr","false",1280,800,1280,632,2,60,16.6666666666667,"",NA,"down","touchscreen",998.554000000004,99.7580000000016,97.0999999990454,6,TRUE,4,4,0,0,-0.125,6,0.15,1,NA,2021-07-01 03:28:32.822964,"F","082014","right","NA","NA",-0.405473616722312,-0.19869453412858,-0.045957093396438
1776.29999999952,"",9,141520,"5as5h8dv9n","fr","false",1280,800,1280,632,2,60,16.6666666666667,"",NA,"up","touchscreen",999.127999999997,99.2309999999998,94.9000000000524,6,FALSE,0,4,0,0,-0.0625,18,0.05,1,NA,2021-07-01 03:28:32.822964,"F","082014","right","NA","NA",-1.74138310470116,-0.399160332516993,-0.0719472869534944
9460.69999999963,"",10,153020,"5as5h8dv9n","fr","false",1280,800,1280,632,2,60,16.6666666666667,"",NA,"down","touchscreen",998.455000000016,99.9759999999951,95.1999999997497,6,FALSE,0,4,0,0,0.1875,18,0.15,1,NA,2021-07-01 03:28:32.822964,"F","082014","right","NA","NA",8.16941037034688,0.898121061391414,0.375183985319248
20205.6000000011,"",11,175262,"5as5h8dv9n","fr","false",1280,800,1280,632,2,60,16.6666666666667,"",NA,"down","touchscreen",998.970000000001,99.5470000000205,95.7000000016706,6,FALSE,0,4,0,0,0.0625,38,0.05,1,NA,2021-07-01 03:28:32.822964,"F","082014","right","NA","NA",3.18946767916554,0.469381048539884,0.0865504209672554
1859.40000000119,"",12,179149,"5as5h8dv9n","fr","false",1280,800,1280,632,2,60,16.6666666666667,"",NA,"up","touchscreen",999,99.3789999999863,95.9999999995343,6,TRUE,1,4,1,1,0,38,0.15,1,NA,2021-07-01 03:28:32.822964,"F","082014","right","NA","NA",0.820820840323804,0.135541014848954,0.0722844244818852
3958.10000000166,"",13,185141,"5as5h8dv9n","fr","false",1280,800,1280,632,2,60,16.6666666666667,"",NA,"down","touchscreen",998.611999999994,99.6689999999944,96.6000000007916,6,TRUE,2,4,1,2,-0.125,6,0.05,1,NA,2021-07-01 03:28:32.822964,"F","082014","right","NA","NA",-2.11166634218679,-0.726042972967139,-0.0982915378818083
1758.30000000133,"",14,188932,"5as5h8dv9n","fr","false",1280,800,1280,632,2,60,16.6666666666667,"",NA,"up","touchscreen",997.731,100.611999999994,97.4000000005472,6,TRUE,3,4,2,4,0,18,0.2,1,NA,2021-07-01 03:28:32.822964,"F","082014","right","NA","NA",1.11453716494602,0.268409759358708,0.177975391703471
4072.69999999882,"",15,195044,"5as5h8dv9n","fr","false",1280,800,1280,632,2,60,16.6666666666667,"",NA,"up","touchscreen",998.564000000013,99.880999999994,94.6999999996624,6,TRUE,4,4,2,6,0.125,38,0.15,1,NA,2021-07-01 03:28:32.822964,"F","082014","right","NA","NA",1.98107354745146,0.313530667596088,0.196967498683107
2121.99999999942,"",16,199199,"5as5h8dv9n","fr","false",1280,800,1280,632,2,60,16.6666666666667,"",NA,"up","touchscreen",998.090999999986,100.281000000017,98.2000000003609,6,TRUE,5,5,2,8,0.1875,38,0.2,1,NA,2021-07-01 03:28:32.822964,"F","082014","right","NA","NA",3.47219099134353,0.500874933959995,0.414509256076638
3439.09999999957,"",17,204678,"5as5h8dv9n","fr","false",1280,800,1280,632,2,60,16.6666666666667,"",NA,"down","touchscreen",999.081000000006,99.2339999999967,96.7000000000698,6,FALSE,0,5,0,8,0.125,6,0.15,1,NA,2021-07-01 03:28:32.822964,"F","082014","right","NA","NA",1.12801504807173,0.491258387533696,0.232836160829757
7745.4999999991,"",18,214460,"5as5h8dv9n","fr","false",1280,800,1280,632,2,60,16.6666666666667,"",NA,"up","touchscreen",998.847000000009,99.56700000001,96.4000000003725,6,TRUE,1,5,0,8,0,38,0.05,1,NA,2021-07-01 03:28:32.822964,"F","082014","right","NA","NA",0.932424114416716,0.153560803170733,0.026694313162913
2223.59999999934,"",19,218726,"5as5h8dv9n","fr","false",1280,800,1280,632,2,60,16.6666666666667,"",NA,"down","touchscreen",998.635999999999,99.8340000000026,96.900000000489,6,FALSE,0,5,0,8,0.0625,6,0.2,1,NA,2021-07-01 03:28:32.822964,"F","082014","right","NA","NA",1.10854513834383,0.484785211254851,0.242168428649982
4606.99999999997,"",20,225370,"5as5h8dv9n","fr","false",1280,800,1280,632,2,60,16.6666666666667,"",NA,"up","touchscreen",997.967000000004,100.478000000003,95.4000000001688,6,TRUE,1,5,0,8,-0.0625,38,0.2,1,NA,2021-07-01 03:28:32.822964,"F","082014","right","NA","NA",0.0676455635704517,0.0112735441336518,0.00745358410899975
2138.39999999985,"",21,229540,"5as5h8dv9n","fr","false",1280,800,1280,632,2,60,16.6666666666667,"",NA,"down","touchscreen",997.666999999987,100.853000000003,97.1000000008789,6,TRUE,2,5,0,8,-0.0625,66,0.2,1,NA,2021-07-01 03:28:32.822964,"F","082014","right","NA","NA",-0.0671521151631067,-0.00839371869207964,-0.00525432081080488
4377.3000000001,"",22,235954,"5as5h8dv9n","fr","false",1280,800,1280,632,2,60,16.6666666666667,"",NA,"down","touchscreen",998.671000000002,99.7580000000016,98.8999999990629,6,TRUE,3,5,0,8,-0.0625,66,0.15,1,NA,2021-07-01 03:28:32.822964,"F","082014","right","NA","NA",-1.44772723002049,-0.178073558046698,-0.0777389869648335
1835.39999999997,"",23,239823,"5as5h8dv9n","fr","false",1280,800,1280,632,2,60,16.6666666666667,"",NA,"up","touchscreen",998.647000000026,99.823000000004,95.1999999997497,6,TRUE,4,5,1,9,0.0625,66,0.15,1,NA,2021-07-01 03:28:32.822964,"F","082014","right","NA","NA",0.323037082049486,0.0403467556593847,0.0185163847476789
5166.99999999948,"",24,247032,"5as5h8dv9n","fr","false",1280,800,1280,632,2,60,16.6666666666667,"",NA,"down","touchscreen",999.007000000012,99.189000000013,95.1999999997497,6,TRUE,5,5,1,10,-0.125,66,0.15,1,NA,2021-07-01 03:28:32.822964,"F","082014","right","NA","NA",-1.94446092340501,-0.236181275483034,-0.107756480151498
3680.09999999957,"",25,252753,"5as5h8dv9n","fr","false",1280,800,1280,632,2,60,16.6666666666667,"",NA,"up","touchscreen",998.263000000006,99.7840000000142,94.5999999985215,6,TRUE,6,6,1,11,0.0625,38,0.2,1,NA,2021-07-01 03:28:32.822964,"F","082014","right","NA","NA",0.360042928589832,0.0598994070257552,0.0438689803589894
2815.50000000061,"",26,257613,"5as5h8dv9n","fr","false",1280,800,1280,632,2,60,16.6666666666667,"",NA,"down","touchscreen",998.532999999996,99.9490000000224,95.6000000005588,6,TRUE,7,7,1,12,-0.1875,66,0.05,1,NA,2021-07-01 03:28:32.822964,"F","082014","right","NA","NA",-7.48422785311444,-0.683174501869535,-0.173111533974716
2637.89999999973,"",27,262295,"5as5h8dv9n","fr","false",1280,800,1280,632,2,60,16.6666666666667,"",NA,"up","touchscreen",998.418999999994,99.8980000000156,95.7999999991443,6,FALSE,0,7,0,12,-0.0625,38,0.1,1,NA,2021-07-01 03:28:32.822964,"F","082014","right","NA","NA",-2.05667869712183,-0.324258840972392,-0.115332837480097
3997.99999999959,"",28,268332,"5as5h8dv9n","fr","false",1280,800,1280,632,2,60,16.6666666666667,"",NA,"down","touchscreen",999.107000000018,99.039999999979,95.3000000008615,6,TRUE,1,7,0,12,0.125,38,0.2,1,NA,2021-07-01 03:28:32.822964,"F","082014","right","NA","NA",-0.157941233877275,-0.0263144235486499,-0.0154671074761991
3341.19999999896,"",29,273725,"5as5h8dv9n","fr","false",1280,800,1280,632,2,60,16.6666666666667,"",NA,"up","touchscreen",997.992000000027,100.200000000012,95.4000000001979,6,TRUE,2,7,0,12,0,66,0.1,1,NA,2021-07-01 03:28:32.822964,"F","082014","right","NA","NA",0.0191665998071058,0.00239581809992732,0.000799293138899173
3192.19999999949,"",30,278941,"5as5h8dv9n","fr","false",1280,800,1280,632,2,60,16.6666666666667,"",NA,"down","touchscreen",998.196999999986,100.341000000015,95.299999999057,6,TRUE,3,7,0,12,-0.1875,38,0.15,1,NA,2021-07-01 03:28:32.822964,"F","082014","right","NA","NA",-3.46638397094491,-0.500247011222336,-0.247703051047852
2108.00000000023,"",31,283086,"5as5h8dv9n","fr","false",1280,800,1280,632,2,60,16.6666666666667,"",NA,"up","touchscreen",998.555999999982,99.8329999999842,94.4999999993015,6,TRUE,4,7,0,12,0.1875,38,0.05,1,NA,2021-07-01 03:28:32.822964,"F","082014","right","NA","NA",6.49132698770617,0.734351884725081,0.188828338377598
6501.89999999932,"",32,291623,"5as5h8dv9n","fr","false",1280,800,1280,632,2,60,16.6666666666667,"",NA,"down","touchscreen",997.418000000005,101.055999999982,95.7999999991735,6,TRUE,5,7,0,12,-0.0625,38,0.05,1,NA,2021-07-01 03:28:32.822964,"F","082014","right","NA","NA",-2.0046710680625,-0.316892237698512,-0.0648751943184681
2114.19999999995,"",33,295772,"5as5h8dv9n","fr","false",1280,800,1280,632,2,60,16.6666666666667,"",NA,"up","touchscreen",996.958999999973,101.317000000039,96.599999998929,6,TRUE,6,7,0,12,0.125,38,0.05,1,NA,2021-07-01 03:28:32.822964,"F","082014","right","NA","NA",2.9564785863617,0.442000776083034,0.0973433575212031
2478.6999999996,"",34,300281,"5as5h8dv9n","fr","false",1280,800,1280,632,2,60,16.6666666666667,"",NA,"down","touchscreen",997.706000000006,100.660999999964,97.4999999998254,6,FALSE,0,7,0,12,0.125,38,0.1,1,NA,2021-07-01 03:28:32.822964,"F","082014","right","NA","NA",1.86226815771031,0.296428135822312,0.107750240260905
6244.1999999992,"",35,308557,"5as5h8dv9n","fr","false",1280,800,1280,632,2,60,16.6666666666667,"",NA,"up","touchscreen",998.730999999971,99.7339999999967,95.1999999997788,6,TRUE,1,7,0,12,0.1875,66,0.05,1,NA,2021-07-01 03:28:32.822964,"F","082014","right","NA","NA",10.0532232674757,0.782482811699079,0.193556146257672
4430.50000000041,"",36,315032,"5as5h8dv9n","fr","false",1280,800,1280,632,2,60,16.6666666666667,"",NA,"down","touchscreen",998.824999999953,99.5979999999981,95.4000000001397,6,TRUE,2,7,0,12,-0.0625,6,0.2,1,NA,2021-07-01 03:28:32.822964,"F","082014","right","NA","NA",-0.555627114547401,-0.267675868030749,-0.221268178892379
5984.40000000119,"",37,323059,"5as5h8dv9n","fr","false",1280,800,1280,632,2,60,16.6666666666667,"",NA,"up","touchscreen",998.20299999998,100.283999999985,96.8000000012107,6,FALSE,0,7,0,12,-0.125,6,0.1,1,NA,2021-07-01 03:28:32.822964,"F","082014","right","NA","NA",-1.75127315302672,-0.658775812689411,-0.3052262538982
3026.30000000139,"",38,328126,"5as5h8dv9n","fr","false",1280,800,1280,632,2,60,16.6666666666667,"",NA,"down","touchscreen",998.456000000006,99.8400000000256,95.8000000009197,6,TRUE,1,7,0,12,-0.0625,66,0.05,1,NA,2021-07-01 03:28:32.822964,"F","082014","right","NA","NA",-2.98289186422786,-0.349366101536534,-0.0521501779176742
2518.09999999928,"",39,332675,"5as5h8dv9n","fr","false",1280,800,1280,632,2,60,16.6666666666667,"",NA,"up","touchscreen",998.598999999987,99.7660000000033,95.9000000002561,6,FALSE,0,7,0,12,-0.125,38,0.15,1,NA,2021-07-01 03:28:32.822964,"F","082014","right","NA","NA",-1.3177020752396,-0.214504964995957,-0.107017321201772
5436.20000000013,"",40,340153,"5as5h8dv9n","fr","false",1280,800,1280,632,2,60,16.6666666666667,"",NA,"up","touchscreen",998.583000000042,99.8279999999795,95.6000000005588,6,TRUE,1,7,0,12,0,66,0.2,1,NA,2021-07-01 03:28:32.822964,"F","082014","right","NA","NA",0.193135346754965,0.0241348860742484,0.0162184105385486
2987.69999999966,"",41,345179,"5as5h8dv9n","fr","false",1280,800,1280,632,2,60,16.6666666666667,"",NA,"down","touchscreen",998.646999999997,99.7989999999991,96.4999999996508,6,FALSE,0,7,0,12,0.1875,66,0.1,1,NA,2021-07-01 03:28:32.822964,"F","082014","right","NA","NA",4.40829174562474,0.482615543460422,0.190789315940005
8010.49999999849,"",42,355228,"5as5h8dv9n","fr","false",1280,800,1280,632,2,60,16.6666666666667,"",NA,"up","touchscreen",999.467000000004,98.9539999999688,95.6000000005588,6,TRUE,1,7,0,12,-0.1875,6,0.15,1,NA,2021-07-01 03:28:32.822964,"F","082014","right","NA","NA",0.0755568276410085,0.037751483805519,0.0109622989257283
1970.60000000056,"",43,359239,"5as5h8dv9n","fr","false",1280,800,1280,632,2,60,16.6666666666667,"",NA,"down","touchscreen",998.413,100.005999999994,95.8000000009197,6,TRUE,2,7,0,12,0,66,0.05,1,NA,2021-07-01 03:28:32.822964,"F","082014","right","NA","NA",-0.70361122069895,-0.0876131916832007,-0.016707576037813
3637.09999999998,"",44,364917,"5as5h8dv9n","fr","false",1280,800,1280,632,2,60,16.6666666666667,"",NA,"up","touchscreen",998.61599999998,99.7789999999804,97.8999999988591,6,FALSE,0,7,0,12,0,6,0.2,1,NA,2021-07-01 03:28:32.822964,"F","082014","right","NA","NA",-0.62966634189281,-0.300301805276364,-0.128721727907782
4823.19999999891,"",45,371779,"5as5h8dv9n","fr","false",1280,800,1280,632,2,60,16.6666666666667,"",NA,"down","touchscreen",998.569000000018,99.8100000000559,96.900000000489,6,FALSE,0,7,0,12,0.125,18,0.15,1,NA,2021-07-01 03:28:32.822964,"F","082014","right","NA","NA",1.88028636825161,0.425414207096749,0.258308160290324
1635.90000000113,"",46,375444,"5as5h8dv9n","fr","false",1280,800,1280,632,2,60,16.6666666666667,"",NA,"up","touchscreen",998.581999999995,99.8530000000028,98.2000000004191,6,TRUE,1,7,2,14,0.1875,18,0.2,1,NA,2021-07-01 03:28:32.822964,"F","082014","right","NA","NA",2.62025989163832,0.547963373486341,0.333866402592547
4027.20000000042,"",47,381503,"5as5h8dv9n","fr","false",1280,800,1280,632,2,60,16.6666666666667,"",NA,"down","touchscreen",998.514000000025,99.8580000000075,96.3999999985681,6,FALSE,0,7,0,14,0.0625,18,0.2,1,NA,2021-07-01 03:28:32.822964,"F","082014","right","NA","NA",0.195196859379939,0.0487412140837723,0.0281640822142675
3360.09999999992,"",48,386889,"5as5h8dv9n","fr","false",1280,800,1280,632,2,60,16.6666666666667,"",NA,"up","touchscreen",998.565999999992,99.8269999999902,98.1000000010827,6,FALSE,0,7,0,14,-0.125,66,0.1,1,NA,2021-07-01 03:28:32.822964,"F","082014","right","NA","NA",-3.3920500981011,-0.390365577798152,-0.144652457397977
4609.70000000088,"",49,393533,"5as5h8dv9n","fr","false",1280,800,1280,632,2,60,16.6666666666667,"",NA,"down","touchscreen",998.302999999956,100.056999999972,99.0000000001746,6,TRUE,1,7,0,14,-0.125,6,0.2,1,NA,2021-07-01 03:28:32.822964,"F","082014","right","NA","NA",-0.957113044815719,-0.431672527697828,-0.182247602267089
2164.3000000004,"",50,397729,"5as5h8dv9n","fr","false",1280,800,1280,632,2,60,16.6666666666667,"",NA,"up","touchscreen",998.601000000024,99.8300000000163,95.1999999997206,6,TRUE,2,7,0,14,0,6,0.15,1,NA,2021-07-01 03:28:32.822964,"F","082014","right","NA","NA",0.538303885727903,0.259902499749936,0.0750868919132071
4737.8000000008,"",51,404494,"5as5h8dv9n","fr","false",1280,800,1280,632,2,60,16.6666666666667,"",NA,"down","touchscreen",998.527999999991,99.9179999999469,97.5999999991618,6,TRUE,3,7,0,14,-0.1875,66,0.1,1,NA,2021-07-01 03:28:32.822964,"F","082014","right","NA","NA",-4.14521157239343,-0.460060286033379,-0.160296286447667
2032.9000000002,"",52,408567,"5as5h8dv9n","fr","false",1280,800,1280,632,2,60,16.6666666666667,"",NA,"up","touchscreen",998.537000000011,99.8589999999967,94.3999999999651,6,TRUE,4,7,0,14,0.1875,6,0.15,1,NA,2021-07-01 03:28:32.822964,"F","082014","right","NA","NA",2.05332605718727,0.716347573833234,0.391956505300467
4093.00000000076,"",53,414704,"5as5h8dv9n","fr","false",1280,800,1280,632,2,60,16.6666666666667,"",NA,"up","touchscreen",998.492000000027,99.8800000000047,96.9000000004307,6,TRUE,5,7,0,14,0.125,18,0.1,1,NA,2021-07-01 03:28:32.822964,"F","082014","right","NA","NA",1.43185556530305,0.337021865391815,0.0924508044407439
2484.70000000088,"",54,419215,"5as5h8dv9n","fr","false",1280,800,1280,632,2,60,16.6666666666667,"",NA,"down","touchscreen",998.565000000002,99.8910000000033,98.9000000008382,6,FALSE,0,7,0,14,-0.1875,18,0.2,1,NA,2021-07-01 03:28:32.822964,"F","082014","right","NA","NA",0.0422759496523085,0.0105683971661102,0.00475079885347192
2074.49999999884,"",55,423336,"5as5h8dv9n","fr","false",1280,800,1280,632,2,60,16.6666666666667,"",NA,"up","touchscreen",998.570999999996,99.8429999999935,96.4999999996508,6,FALSE,0,7,0,14,-0.0625,18,0.1,1,NA,2021-07-01 03:28:32.822964,"F","082014","right","NA","NA",-1.14779276625586,-0.275817479277213,-0.0695579052178179
3444.80000000109,"",56,428815,"5as5h8dv9n","fr","false",1280,800,1280,632,2,60,16.6666666666667,"",NA,"up","touchscreen",998.555000000051,99.8520000000135,100.199999998964,6,TRUE,1,7,0,14,0.0625,66,0.2,1,NA,2021-07-01 03:28:32.822964,"F","082014","right","NA","NA",1.12085387609423,0.138751513932767,0.0943293193098095
2248.69999999827,"",57,433094,"5as5h8dv9n","fr","false",1280,800,1280,632,2,60,16.6666666666667,"",NA,"up","touchscreen",998.45299999998,99.9130000000005,100.599999999802,6,FALSE,0,7,0,14,-0.1875,6,0.1,1,NA,2021-07-01 03:28:32.822964,"F","082014","right","NA","NA",-1.29767935134303,-0.544303893322171,-0.23874661355358
4908.50000000134,"",58,440038,"5as5h8dv9n","fr","false",1280,800,1280,632,2,60,16.6666666666667,"",NA,"down","touchscreen",998.453999999969,99.9649999999674,92.3999999994994,6,FALSE,0,7,0,14,0.0625,66,0.05,1,NA,2021-07-01 03:28:32.822964,"F","082014","right","NA","NA",3.51530373492676,0.402288300382501,0.0848155136669546
1600.79999999836,"",59,443667,"5as5h8dv9n","fr","false",1280,800,1280,632,2,60,16.6666666666667,"",NA,"up","touchscreen",999.011999999988,99.3129999999655,95.3999999983353,6,FALSE,0,7,0,14,-0.0625,18,0.2,1,NA,2021-07-01 03:28:32.822964,"F","082014","right","NA","NA",-1.55418568409154,-0.362168961426769,-0.19660924066813
6011.10000000149,"",60,451722,"5as5h8dv9n","fr","false",1280,800,1280,632,2,60,16.6666666666667,"",NA,"down","touchscreen",998.578999999969,99.8360000000102,96.999999999709,6,TRUE,1,7,0,14,-0.1875,18,0.15,1,NA,2021-07-01 03:28:32.822964,"F","082014","right","NA","NA",-3.16069694671337,-0.619982846590775,-0.255307435728707
2493.39999999944,"",61,456260,"5as5h8dv9n","fr","false",1280,800,1280,632,2,60,16.6666666666667,"",NA,"up","touchscreen",998.166000000027,100.228999999992,96.4999999996508,6,TRUE,2,7,0,14,0.1875,18,0.1,1,NA,2021-07-01 03:28:32.822964,"F","082014","right","NA","NA",3.07447508014664,0.609405869460004,0.231817369737345
4518.50000000012,"",62,462811,"5as5h8dv9n","fr","false",1280,800,1280,632,2,60,16.6666666666667,"",NA,"down","touchscreen",998.712999999989,99.7010000000009,95.4000000001397,6,TRUE,3,7,0,14,-0.125,66,0.05,1,NA,2021-07-01 03:28:32.822964,"F","082014","right","NA","NA",-4.28583438996037,-0.472231695084789,-0.10019537414659
2441.39999999967,"",63,467295,"5as5h8dv9n","fr","false",1280,800,1280,632,2,60,16.6666666666667,"",NA,"up","touchscreen",998.565999999992,99.820000000007,95.6000000005588,6,TRUE,4,7,0,14,0,18,0.05,1,NA,2021-07-01 03:28:32.822964,"F","082014","right","NA","NA",1.78203621081905,0.406950365515489,0.0691141114458264
3034.70000000019,"",64,472362,"5as5h8dv9n","fr","false",1280,800,1280,632,2,60,16.6666666666667,"",NA,"down","touchscreen",998.508000000031,99.8859999999986,96.1999999999534,6,TRUE,5,7,0,14,-0.125,66,0.2,1,NA,2021-07-01 03:28:32.822964,"F","082014","right","NA","NA",-0.594387187490412,-0.0740941706483858,-0.0518469670840868
2168.09999999899,"",65,476571,"5as5h8dv9n","fr","false",1280,800,1280,632,2,60,16.6666666666667,"",NA,"up","touchscreen",998.564000000013,99.8510000000242,96.1999999999534,6,FALSE,0,7,0,14,-0.1875,66,0.15,1,NA,2021-07-01 03:28:32.822964,"F","082014","right","NA","NA",-2.41722105600295,-0.289237805364854,-0.145710926856434
3390.90000000031,"",66,482005,"5as5h8dv9n","fr","false",1280,800,1280,632,2,60,16.6666666666667,"",NA,"down","touchscreen",998.579000000027,99.8090000000084,95.2999999989988,6,TRUE,1,7,0,14,-0.0625,38,0.15,1,NA,2021-07-01 03:28:32.822964,"F","082014","right","NA","NA",-1.24938098616879,-0.20385745206589,-0.0984322152287517
4229.89999999845,"",67,488271,"5as5h8dv9n","fr","false",1280,800,1280,632,2,60,16.6666666666667,"",NA,"down","touchscreen",998.557999999961,99.8499999999767,95.8999999984517,6,TRUE,2,7,0,14,-0.1875,38,0.05,1,NA,2021-07-01 03:28:32.822964,"F","082014","right","NA","NA",-6.08089295027973,-0.711825569304731,-0.172604171591146
3049.00000000087,"",68,493349,"5as5h8dv9n","fr","false",1280,800,1280,632,2,60,16.6666666666667,"",NA,"up","touchscreen",998.638000000035,99.7750000000233,95.6999999998952,6,TRUE,3,7,0,14,0.1875,6,0.1,1,NA,2021-07-01 03:28:32.822964,"F","082014","right","NA","NA",3.25349509842443,0.851909596480603,0.252905206846692
3232.49999999825,"",69,498625,"5as5h8dv9n","fr","false",1280,800,1280,632,2,60,16.6666666666667,"",NA,"up","touchscreen",998.546999999962,99.8169999999809,94.7999999989406,6,FALSE,0,7,0,14,-0.1875,38,0.2,1,NA,2021-07-01 03:28:32.822964,"F","082014","right","NA","NA",-1.96430763016023,-0.311135097183459,-0.206355140091619
7223,"",70,507889,"5as5h8dv9n","fr","false",1280,800,1280,632,2,60,16.6666666666667,"",NA,"up","touchscreen",998.484000000055,99.8349999999627,97.9000000006636,6,TRUE,1,7,0,14,0.125,6,0.05,1,NA,2021-07-01 03:28:32.822964,"F","082014","right","NA","NA",2.72879312063207,0.806562123915759,0.142259855789545
2748.10000000073,"",71,512668,"5as5h8dv9n","fr","false",1280,800,1280,632,2,60,16.6666666666667,"",NA,"down","touchscreen",998.867000000027,99.524000000034,96.1000000006752,6,TRUE,2,7,0,14,0,18,0.15,1,NA,2021-07-01 03:28:32.822964,"F","082014","right","NA","NA",-0.158405863532678,-0.0395704493440416,-0.0206779945034237
9422.70000000094,"",72,524121,"5as5h8dv9n","fr","false",1280,800,1280,632,2,60,16.6666666666667,"",NA,"up","touchscreen",998.606000000029,99.8070000000298,94.9999999993597,6,FALSE,0,7,0,14,0.0625,18,0.05,1,NA,2021-07-01 03:28:32.822964,"F","082014","right","NA","NA",-0.316713612590238,-0.0789313706727581,-0.0110482198708631
2214.69999999867,"",73,528380,"5as5h8dv9n","fr","false",1280,800,1280,632,2,60,16.6666666666667,"",NA,"down","touchscreen",998.50299999991,99.875,96.3000000010943,6,FALSE,0,7,0,14,0.0625,18,0.1,1,NA,2021-07-01 03:28:32.822964,"F","082014","right","NA","NA",2.87638876244001,0.583821894286993,0.172952944244217
3670,"",74,534078,"5as5h8dv9n","fr","false",1280,800,1280,632,2,60,16.6666666666667,"",NA,"up","touchscreen",998.606000000029,99.76800000004,95.4999999994179,6,TRUE,1,7,0,14,0.125,66,0.15,1,NA,2021-07-01 03:28:32.822964,"F","082014","right","NA","NA",2.21624235838294,0.266975048539363,0.149373187328297
7684.60000000056,"",75,543801,"5as5h8dv9n","fr","false",1280,800,1280,632,2,60,16.6666666666667,"",NA,"down","touchscreen",998.912000000011,100.076000000001,96.599999998929,6,FALSE,0,7,0,14,-0.125,18,0.15,1,NA,2021-07-01 03:28:32.822964,"F","082014","right","NA","NA",0.35009762153949,0.0871910779671025,0.0323648912949413
2265.79999999923,"",76,548103,"5as5h8dv9n","fr","false",1280,800,1280,632,2,60,16.6666666666667,"",NA,"up","touchscreen",998.638000000035,99.6369999999879,95.6000000005588,6,TRUE,1,7,0,14,0.0625,66,0.1,1,NA,2021-07-01 03:28:32.822964,"F","082014","right","NA","NA",1.86472722629128,0.227005699245129,0.0724724253876754
3562.7999999997,"",77,553694,"5as5h8dv9n","fr","false",1280,800,1280,632,2,60,16.6666666666667,"",NA,"up","touchscreen",998.712999999989,99.7179999999935,94.9999999994179,6,TRUE,2,7,0,14,0,38,0.1,1,NA,2021-07-01 03:28:32.822964,"F","082014","right","NA","NA",2.24053658971059,0.349827696482998,0.137788937101159
2854.10000000044,"",78,558577,"5as5h8dv9n","fr","false",1280,800,1280,632,2,60,16.6666666666667,"",NA,"down","touchscreen",998.51800000004,99.8690000000643,94.6999999996042,6,TRUE,3,7,0,14,-0.1875,38,0.1,1,NA,2021-07-01 03:28:32.822964,"F","082014","right","NA","NA",-4.97448018820814,-0.638249991200118,-0.278740549159698
3478.10000000021,"",79,564094,"5as5h8dv9n","fr","false",1280,800,1280,632,2,60,16.6666666666667,"",NA,"up","touchscreen",997.765000000014,100.703999999911,96.7999999993481,6,TRUE,4,7,0,14,-0.0625,6,0.15,1,NA,2021-07-01 03:28:32.822964,"F","082014","right","NA","NA",0.385423514599895,0.18922999402969,0.0792464953320329
8894.09999999963,"",80,575020,"5as5h8dv9n","fr","false",1280,800,1280,632,2,60,16.6666666666667,"",NA,"up","touchscreen",998.554000000004,99.8519999999553,94.5999999985797,6,TRUE,5,7,0,14,0,6,0.05,1,NA,2021-07-01 03:28:32.822964,"F","082014","right","NA","NA",0.127600930304698,0.0636710103517418,0.00757934198462028
2206.30000000168,"",81,579267,"5as5h8dv9n","fr","false",1280,800,1280,632,2,60,16.6666666666667,"",NA,"down","touchscreen",998.543999999994,99.8490000000456,95.5000000012806,6,TRUE,6,7,0,14,-0.1875,18,0.05,1,NA,2021-07-01 03:28:32.822964,"F","082014","right","NA","NA",-6.02425018584395,-0.833080702900035,-0.224974969542159
2470.79999999923,"",82,583774,"5as5h8dv9n","fr","false",1280,800,1280,632,2,60,16.6666666666667,"",NA,"up","touchscreen",998.515999999945,99.9040000000969,95.8000000009779,6,TRUE,7,7,0,14,0.1875,66,0.15,1,NA,2021-07-01 03:28:32.822964,"F","082014","right","NA","NA",0.183242681988879,0.0228993289196773,0.0116780751811263
4167.49999999965,"",83,589983,"5as5h8dv9n","fr","false",1280,800,1280,632,2,60,16.6666666666667,"",NA,"up","touchscreen",998.493999999948,99.9089999999851,95.9000000002561,6,TRUE,8,8,0,14,0.125,6,0.2,1,NA,2021-07-01 03:28:32.822964,"F","082014","right","NA","NA",0.34746568864406,0.171168844580782,0.0726275109562212
3040.50000000105,"",84,595062,"5as5h8dv9n","fr","false",1280,800,1280,632,2,60,16.6666666666667,"",NA,"down","touchscreen",998.489999999991,99.8989999999758,97.9000000007218,6,FALSE,0,8,0,14,0.125,6,0.1,1,NA,2021-07-01 03:28:32.822964,"F","082014","right","NA","NA",0.861948441168352,0.395782676583841,0.0731061423389511
1723,"",85,598820,"5as5h8dv9n","fr","false",1280,800,1280,632,2,60,16.6666666666667,"",NA,"up","touchscreen",999.042999999947,99.3479999999981,96.1999999999534,6,TRUE,1,8,1,15,-0.1875,6,0.2,1,NA,2021-07-01 03:28:32.822964,"F","082014","right","NA","NA",0.529734635392042,0.256038392978224,0.0468082994256752
4062.40000000072,"",86,604922,"5as5h8dv9n","fr","false",1280,800,1280,632,2,60,16.6666666666667,"",NA,"down","touchscreen",998.888000000035,99.4639999999199,95.8000000009779,6,TRUE,2,8,1,16,-0.125,18,0.05,1,NA,2021-07-01 03:28:32.822964,"F","082014","right","NA","NA",-2.70116477933794,-0.559638630918643,-0.112653694350599
3068.49999999942,"",87,610016,"5as5h8dv9n","fr","false",1280,800,1280,632,2,60,16.6666666666667,"",NA,"down","touchscreen",998.484999999986,99.8719999999739,99.1999999987893,6,TRUE,3,8,1,17,-0.125,38,0.05,1,NA,2021-07-01 03:28:32.822964,"F","082014","right","NA","NA",-3.25718308187089,-0.477096413721461,-0.0868037651336583
1637.49999999895,"",88,613698,"5as5h8dv9n","fr","false",1280,800,1280,632,2,60,16.6666666666667,"",NA,"up","touchscreen",998.545000000042,99.8549999999814,95.7999999991152,6,TRUE,4,8,3,20,0.0625,38,0.15,1,NA,2021-07-01 03:28:32.822964,"F","082014","right","NA","NA",2.55118672418446,0.391294804779068,0.121481608117971
5394.39999999921,"",89,621133,"5as5h8dv9n","fr","false",1280,800,1280,632,2,60,16.6666666666667,"",NA,"up","touchscreen",998.554999999935,99.8469999999506,95.1000000004424,6,FALSE,0,8,0,20,-0.125,38,0.2,1,NA,2021-07-01 03:28:32.822964,"F","082014","right","NA","NA",-0.440533442576462,-0.0732251337591599,-0.0502561393229459
6480.79999999935,"",90,629642,"5as5h8dv9n","fr","false",1280,800,1280,632,2,60,16.6666666666667,"",NA,"down","touchscreen",998.778000000049,99.6429999999236,96.7000000000698,6,TRUE,1,8,0,20,-0.1875,18,0.1,1,NA,2021-07-01 03:28:32.822964,"F","082014","right","NA","NA",-3.00308120048158,-0.600394174984498,-0.151278299502799
2793.39999999863,"",91,634476,"5as5h8dv9n","fr","false",1280,800,1280,632,2,60,16.6666666666667,"",NA,"up","touchscreen",999.274000000092,99.2000000000698,95.9000000002561,6,FALSE,0,8,0,20,-0.1875,66,0.2,1,NA,2021-07-01 03:28:32.822964,"F","082014","right","NA","NA",-1.73570304650476,-0.21202983761784,-0.131605663107944
3686.89999999874,"",92,640196,"5as5h8dv9n","fr","false",1280,800,1280,632,2,60,16.6666666666667,"",NA,"down","touchscreen",998.717000000062,99.670999999973,95.7999999991152,6,FALSE,0,8,0,20,0.125,18,0.05,1,NA,2021-07-01 03:28:32.822964,"F","082014","right","NA","NA",2.67311981451131,0.555628468202282,0.139066210638337
1691.20000000112,"",93,643926,"5as5h8dv9n","fr","false",1280,800,1280,632,2,60,16.6666666666667,"",NA,"up","touchscreen",998.552000000025,99.877000000095,95.6000000005588,6,TRUE,1,8,2,22,0.1875,38,0.1,1,NA,2021-07-01 03:28:32.822964,"F","082014","right","NA","NA",4.26665846136169,0.579523046166443,0.191979386559428
1997.80000000098,"",94,647959,"5as5h8dv9n","fr","false",1280,800,1280,632,2,60,16.6666666666667,"",NA,"up","touchscreen",998.572999999975,99.847000000067,95.9000000002561,6,TRUE,2,8,2,24,0.125,66,0.05,1,NA,2021-07-01 03:28:32.822964,"F","082014","right","NA","NA",6.39814592997997,0.624584679338985,0.133751338591791
2112.39999999991,"",95,652104,"5as5h8dv9n","fr","false",1280,800,1280,632,2,60,16.6666666666667,"",NA,"up","touchscreen",998.535999999964,99.8510000000242,96.4999999996508,6,TRUE,3,8,2,26,-0.0625,6,0.1,1,NA,2021-07-01 03:28:32.822964,"F","082014","right","NA","NA",0.426762308257629,0.208683203682355,0.0658138156170983
1657.90000000014,"",96,655792,"5as5h8dv9n","fr","false",1280,800,1280,632,2,60,16.6666666666667,"",NA,"up","touchscreen",998.457999999984,99.8449999999721,96.5000000015134,6,TRUE,4,8,4,30,0.1875,38,0.15,1,NA,2021-07-01 03:28:32.822964,"F","082014","right","NA","NA",2.19147981510908,0.343078610351849,0.147368116896971
1553.90000000084,"",97,659385,"5as5h8dv9n","fr","false",1280,800,1280,632,2,60,16.6666666666667,"",NA,"down","touchscreen",998.572999999975,99.8530000000028,95.4000000001397,6,FALSE,0,8,0,30,0,66,0.15,1,NA,2021-07-01 03:28:32.822964,"F","082014","right","NA","NA",0.0331078909821422,0.00413845093315123,0.00178281188090627
1829.30000000133,"",98,663254,"5as5h8dv9n","fr","false",1280,800,1280,632,2,60,16.6666666666667,"",NA,"up","touchscreen",998.61400000006,99.7789999999804,95.3000000008615,6,FALSE,0,8,0,30,-0.125,38,0.1,1,NA,2021-07-01 03:28:32.822964,"F","082014","right","NA","NA",-3.33940005582266,-0.486317912755266,-0.162170208599804
3165.6999999996,"",99,668451,"5as5h8dv9n","fr","false",1280,800,1280,632,2,60,16.6666666666667,"",NA,"down","touchscreen",998.660999999964,99.7079999999842,97.100000000908,6,FALSE,0,8,0,30,0.0625,6,0.05,1,NA,2021-07-01 03:28:32.822964,"F","082014","right","NA","NA",0.854023413131359,0.392707119010567,0.0462429401728183
3546.60000000149,"",100,674042,"5as5h8dv9n","fr","false",1280,800,1280,632,2,60,16.6666666666667,"",NA,"up","touchscreen",998.064000000013,100.167000000016,95.1999999997206,6,FALSE,0,8,0,30,-0.125,18,0.1,1,NA,2021-07-01 03:28:32.822964,"F","082014","right","NA","NA",-2.74263595308204,-0.565497334578156,-0.213769409065174
5433.39999999991,"",101,681519,"5as5h8dv9n","fr","false",1280,800,1280,632,2,60,16.6666666666667,"",NA,"up","touchscreen",998.494999999995,99.7889999999898,95.9999999995343,6,TRUE,1,8,0,30,0.0625,38,0.1,1,NA,2021-07-01 03:28:32.822964,"F","082014","right","NA","NA",2.22594833479791,0.347826311552499,0.124652158936471
2972.29999999946,"",102,686531,"5as5h8dv9n","fr","false",1280,800,1280,632,2,60,16.6666666666667,"",NA,"down","touchscreen",998.609000000055,99.8050000000512,96.7999999993481,6,TRUE,2,8,0,30,-0.0625,66,0.1,1,NA,2021-07-01 03:28:32.822964,"F","082014","right","NA","NA",-1.97483767389472,-0.23966055912724,-0.083469073005597
7936.30000000121,"",103,696507,"5as5h8dv9n","fr","false",1280,800,1280,632,2,60,16.6666666666667,"",NA,"up","touchscreen",999.496000000043,99.0569999999134,97.4999999998836,6,FALSE,0,8,0,30,0.0625,6,0.1,1,NA,2021-07-01 03:28:32.822964,"F","082014","right","NA","NA",-0.326491797801959,-0.161113242485724,-0.0363404181381537
5802.70000000019,"",104,704339,"5as5h8dv9n","fr","false",1280,800,1280,632,2,60,16.6666666666667,"",NA,"down","touchscreen",998.388999999966,99.9129999999423,97.0000000016298,6,FALSE,0,8,0,30,0.1875,6,0.2,1,NA,2021-07-01 03:28:32.822964,"F","082014","right","NA","NA",1.19824086385401,0.513940856546502,0.21815568951885
2884,"",105,709261,"5as5h8dv9n","fr","false",1280,800,1280,632,2,60,16.6666666666667,"",NA,"up","touchscreen",998.310999999987,99.9650000000838,96.4000000003725,6,TRUE,1,8,0,30,0.125,18,0.2,1,NA,2021-07-01 03:28:32.822964,"F","082014","right","NA","NA",3.22765139882264,0.627969925237458,0.427424368950375
1586.90000000026,"",106,712891,"5as5h8dv9n","fr","false",1280,800,1280,632,2,60,16.6666666666667,"",NA,"up","touchscreen",999.510000000009,98.8120000000345,94.8000000008615,6,TRUE,2,8,2,32,0.1875,18,0.05,1,NA,2021-07-01 03:28:32.822964,"F","082014","right","NA","NA",6.33105312448167,0.845402069194778,0.194225442016385
1511.80000000016,"",107,716443,"5as5h8dv9n","fr","false",1280,800,1280,632,2,60,16.6666666666667,"",NA,"up","touchscreen",998.464999999967,100.037000000011,96.4000000003725,6,TRUE,3,8,4,36,0.125,66,0.1,1,NA,2021-07-01 03:28:32.822964,"F","082014","right","NA","NA",4.73959081110294,0.509710861180169,0.231406160439694
1615.70000000019,"",108,720092,"5as5h8dv9n","fr","false",1280,800,1280,632,2,60,16.6666666666667,"",NA,"up","touchscreen",998.698000000091,99.8449999999721,95.9000000002561,6,TRUE,4,8,6,42,0.1875,6,0.05,1,NA,2021-07-01 03:28:32.822964,"F","082014","right","NA","NA",1.81070198979995,0.671153421211485,0.097142659829582
1868.89999999944,"",109,723987,"5as5h8dv9n","fr","false",1280,800,1280,632,2,60,16.6666666666667,"",NA,"up","touchscreen",998.591000000015,99.8170000000391,98.5,6,TRUE,5,8,7,49,-0.0625,6,0.05,1,NA,2021-07-01 03:28:32.822964,"F","082014","right","NA","NA",1.60451558646097,0.62576829773697,0.0555239087850182
2620.50000000093,"",110,728638,"5as5h8dv9n","fr","false",1280,800,1280,632,2,60,16.6666666666667,"",NA,"up","touchscreen",998.582999999984,99.795999999973,95.699999999837,6,FALSE,0,8,0,49,0,38,0.2,1,NA,2021-07-01 03:28:32.822964,"F","082014","right","NA","NA",-0.481643370733032,-0.0800165000215195,-0.059597215006893
3765.49999999953,"",111,734442,"5as5h8dv9n","fr","false",1280,800,1280,632,2,60,16.6666666666667,"",NA,"up","touchscreen",998.623999999953,99.875,96.9999999997672,6,TRUE,1,8,0,49,0,6,0.1,1,NA,2021-07-01 03:28:32.822964,"F","082014","right","NA","NA",0.252690829424562,0.125348893414833,0.0170107078818308
2921.09999999951,"",112,739408,"5as5h8dv9n","fr","false",1280,800,1280,632,2,60,16.6666666666667,"",NA,"down","touchscreen",999.048999999999,99.3079999999609,96.1000000006752,6,TRUE,2,8,0,49,0,18,0.1,1,NA,2021-07-01 03:28:32.822964,"F","082014","right","NA","NA",-0.13879240721948,-0.0346772331134649,-0.00927838719563525
6054.50000000023,"",113,747499,"5as5h8dv9n","fr","false",1280,800,1280,632,2,60,16.6666666666667,"",NA,"up","touchscreen",998.395000000019,100.011999999988,97.3999999987427,6,FALSE,0,8,0,49,-0.1875,6,0.05,1,NA,2021-07-01 03:28:32.822964,"F","082014","right","NA","NA",-6.04343396909006,-0.94936339427417,-0.214259476360682
5714.60000000024,"",2,73757,"5yzvv2o0d6","fr","false",1280,800,1280,632,2,60,16.6666666666667,"",NA,"up","touchscreen",998.350999999995,99.8659999999945,96.400000000358,6,TRUE,1,1,0,0,0.125,6,0.05,1,NA,2021-07-01 02:47:04.52288,"F","012014","right","NA","NA",3.4863936356102,0.867408627763881,0.141476357248715
2239.00000000049,"",3,78038,"5yzvv2o0d6","fr","false",1280,800,1280,632,2,60,16.6666666666667,"",NA,"down","touchscreen",998.482000000004,99.94200000001,95.6999999998516,6,TRUE,2,2,0,0,-0.125,38,0.05,1,NA,2021-07-01 02:47:04.52288,"F","012014","right","NA","NA",-4.76519465940595,-0.621921264014775,-0.109443122119206
1419.10000000006,"",4,81493,"5yzvv2o0d6","fr","false",1280,800,1280,632,2,60,16.6666666666667,"",NA,"up","touchscreen",998.539000000004,99.7450000000099,96.0999999997584,6,FALSE,0,2,0,0,0,38,0.2,1,NA,2021-07-01 02:47:04.52288,"F","012014","right","NA","NA",-0.945622105873114,-0.155682056729939,-0.097076670144365
2858.79999999997,"",5,86394,"5yzvv2o0d6","fr","false",1280,800,1280,632,2,60,16.6666666666667,"",NA,"down","touchscreen",998.597000000009,99.8449999999866,94.6999999996478,6,TRUE,1,2,0,0,-0.0625,66,0.15,1,NA,2021-07-01 02:47:04.52288,"F","012014","right","NA","NA",-1.12891243948514,-0.13972968187114,-0.0700094540726711
2928.89999999989,"",6,91355,"5yzvv2o0d6","fr","false",1280,800,1280,632,2,60,16.6666666666667,"",NA,"up","touchscreen",998.584999999992,99.8379999999888,95.2999999999593,6,TRUE,2,2,0,0,0.1875,66,0.1,1,NA,2021-07-01 02:47:04.52288,"F","012014","right","NA","NA",3.37440265127422,0.388642100499553,0.140338475509876
1399.10000000054,"",7,94790,"5yzvv2o0d6","fr","false",1280,800,1280,632,2,60,16.6666666666667,"",NA,"down","touchscreen",998.563999999998,99.9270000000106,95.2999999999593,6,TRUE,3,3,3,3,-0.125,38,0.15,1,NA,2021-07-01 02:47:04.52288,"F","012014","right","NA","NA",-1.45043480987983,-0.2349710140228,-0.131122153872756
1568.29999999992,"",8,98401,"5yzvv2o0d6","fr","false",1280,800,1280,632,2,60,16.6666666666667,"",NA,"up","touchscreen",998.472999999998,99.8890000000101,95.8999999993539,6,TRUE,4,4,5,8,0,66,0.15,1,NA,2021-07-01 02:47:04.52288,"F","012014","right","NA","NA",1.21083624814509,0.149650129827365,0.0737660996617568
2504.7999999997,"",9,102948,"5yzvv2o0d6","fr","false",1280,800,1280,632,2,60,16.6666666666667,"",NA,"down","touchscreen",998.569999999992,99.8770000000077,95.8000000000466,6,FALSE,0,4,0,8,0.0625,6,0.1,1,NA,2021-07-01 02:47:04.52288,"F","012014","right","NA","NA",0.760042345531997,0.355235055053222,0.0894439416229724
808.299999999697,"",10,105801,"5yzvv2o0d6","fr","false",1280,800,1280,632,2,60,16.6666666666667,"",NA,"up","touchscreen",998.544999999998,99.8199999999924,96.4999999996508,6,TRUE,1,4,6,14,0.125,18,0.15,1,NA,2021-07-01 02:47:04.52288,"F","012014","right","NA","NA",1.5541760091871,0.362167002617416,0.166882287673754
1725.99999999965,"",11,109559,"5yzvv2o0d6","fr","false",1280,800,1280,632,2,60,16.6666666666667,"",NA,"down","touchscreen",999.971999999994,98.4829999999929,93.6000000001513,6,TRUE,2,4,7,21,-0.1875,38,0.05,1,NA,2021-07-01 02:47:04.52288,"F","012014","right","NA","NA",-6.49923828341826,-0.734763824979639,-0.155773057728972
1472.70000000026,"",12,113064,"5yzvv2o0d6","fr","false",1280,800,1280,632,2,60,16.6666666666667,"",NA,"up","touchscreen",998.573999999993,99.8759999999893,97.2000000001572,6,FALSE,0,4,0,21,-0.0625,66,0.05,1,NA,2021-07-01 02:47:04.52288,"F","012014","right","NA","NA",-2.57270453554496,-0.306146796160598,-0.0505406551423752
420.599999999482,"",13,115522,"5yzvv2o0d6","fr","false",1280,800,1280,632,2,60,16.6666666666667,"",NA,"down","touchscreen",998.469999999987,99.8000000000029,98.8999999999651,6,FALSE,0,4,0,21,-0.1875,6,0.15,1,NA,2021-07-01 02:47:04.52288,"F","012014","right","NA","NA",0.0402988623695241,0.0201453420995755,0.00998238577184266
4034.70000000016,"",14,121589,"5yzvv2o0d6","fr","false",1280,800,1280,632,2,60,16.6666666666667,"",NA,"down","touchscreen",998.600999999995,99.7639999999956,95.2000000006665,6,FALSE,0,4,0,21,0.1875,38,0.05,1,NA,2021-07-01 02:47:04.52288,"F","012014","right","NA","NA",7.4740569184706,0.779811384409692,0.22098743864909
1405.70000000024,"",15,125033,"5yzvv2o0d6","fr","false",1280,800,1280,632,2,60,16.6666666666667,"",NA,"up","touchscreen",998.713000000003,99.7700000000041,94.9000000000524,6,TRUE,1,4,3,24,0.125,38,0.15,1,NA,2021-07-01 02:47:04.52288,"F","012014","right","NA","NA",2.20920451288303,0.345523327130355,0.12733057481901
2100.49999999956,"",16,129171,"5yzvv2o0d6","fr","false",1280,800,1280,632,2,60,16.6666666666667,"",NA,"down","touchscreen",998.582000000009,99.8249999999971,96.9999999997526,6,TRUE,2,4,3,27,-0.1875,6,0.05,1,NA,2021-07-01 02:47:04.52288,"F","012014","right","NA","NA",-1.45188200172769,-0.587466601869313,-0.125026960944596
1628.80000000042,"",17,132845,"5yzvv2o0d6","fr","false",1280,800,1280,632,2,60,16.6666666666667,"",NA,"up","touchscreen",998.598999999987,99.7930000000051,94.5000000001601,6,FALSE,0,4,0,27,-0.0625,18,0.15,1,NA,2021-07-01 02:47:04.52288,"F","012014","right","NA","NA",-0.782200440381217,-0.191915131839099,-0.116175328206279
1595.39999999927,"",18,136473,"5yzvv2o0d6","fr","false",1280,800,1280,632,2,60,16.6666666666667,"",NA,"down","touchscreen",998.591000000015,99.7960000000021,94.7999999998719,6,FALSE,0,4,0,27,0,38,0.1,1,NA,2021-07-01 02:47:04.52288,"F","012014","right","NA","NA",0.789705181492892,0.130492114445545,0.0434716081718751
2428.2000000003,"",19,140933,"5yzvv2o0d6","fr","false",1280,800,1280,632,2,60,16.6666666666667,"",NA,"down","touchscreen",998.584000000003,99.8669999999984,95.3999999992375,6,FALSE,0,4,0,27,0.0625,38,0.1,1,NA,2021-07-01 02:47:04.52288,"F","012014","right","NA","NA",2.00737042950145,0.317276016391768,0.108598139046166
1566.10000000001,"",20,144531,"5yzvv2o0d6","fr","false",1280,800,1280,632,2,60,16.6666666666667,"",NA,"up","touchscreen",998.587999999989,99.8330000000133,97.2000000001281,6,TRUE,1,4,2,29,-0.0625,6,0.2,1,NA,2021-07-01 02:47:04.52288,"F","012014","right","NA","NA",0.686774726322263,0.324773017338227,0.221762492646408
2405.29999999944,"",21,148966,"5yzvv2o0d6","fr","false",1280,800,1280,632,2,60,16.6666666666667,"",NA,"down","touchscreen",998.754999999976,100.102000000014,97.2999999994645,6,FALSE,0,4,0,29,0,18,0.15,1,NA,2021-07-01 02:47:04.52288,"F","012014","right","NA","NA",0.644801228389796,0.159145823219703,0.0892140888737831
1172.09999999977,"",22,152177,"5yzvv2o0d6","fr","false",1280,800,1280,632,2,60,16.6666666666667,"",NA,"up","touchscreen",999.402000000002,99.0270000000019,96.7000000000698,6,FALSE,0,4,0,29,0,6,0.1,1,NA,2021-07-01 02:47:04.52288,"F","012014","right","NA","NA",-0.22416310170562,-0.11138411546916,-0.0416836131906035
2559.40000000008,"",23,156777,"5yzvv2o0d6","fr","false",1280,800,1280,632,2,60,16.6666666666667,"",NA,"down","touchscreen",999.464000000007,99.0719999999856,95.9000000002561,6,FALSE,0,4,0,29,0.125,66,0.15,1,NA,2021-07-01 02:47:04.52288,"F","012014","right","NA","NA",1.49270540302338,0.183422551012836,0.0824139006668694
1043.99999999988,"",24,159853,"5yzvv2o0d6","fr","false",1280,800,1280,632,2,60,16.6666666666667,"",NA,"up","touchscreen",998.666999999987,99.7350000000151,96.9000000004307,6,TRUE,1,4,5,34,0.125,18,0.05,1,NA,2021-07-01 02:47:04.52288,"F","012014","right","NA","NA",0.863748309088622,0.211072120839035,0.0299099397902681
1395.60000000073,"",25,163284,"5yzvv2o0d6","fr","false",1280,800,1280,632,2,60,16.6666666666667,"",NA,"up","touchscreen",999.049999999988,99.377999999997,96.0000000004657,6,FALSE,0,4,0,34,0,38,0.15,1,NA,2021-07-01 02:47:04.52288,"F","012014","right","NA","NA",-1.16300691861058,-0.190292629103052,-0.100589912773188
1408.30000000008,"",26,166725,"5yzvv2o0d6","fr","false",1280,800,1280,632,2,60,16.6666666666667,"",NA,"down","touchscreen",998.101999999984,100.29800000001,97.9999999999418,6,TRUE,1,4,3,37,-0.1875,18,0.1,1,NA,2021-07-01 02:47:04.52288,"F","012014","right","NA","NA",-0.991868184998808,-0.240678055870145,-0.0834437713999467
1960.70000000054,"",27,170723,"5yzvv2o0d6","fr","false",1280,800,1280,632,2,60,16.6666666666667,"",NA,"up","touchscreen",998.578000000009,99.8549999999814,96.7000000000698,6,FALSE,0,4,0,37,0.0625,6,0.2,1,NA,2021-07-01 02:47:04.52288,"F","012014","right","NA","NA",-0.611824214232123,-0.29253036002922,-0.147031624325286
7091.90000000034,"",28,179850,"5yzvv2o0d6","fr","false",1280,800,1280,632,2,60,16.6666666666667,"",NA,"down","touchscreen",998.314999999973,100.068999999989,96.9000000004307,6,TRUE,1,4,0,37,0.125,6,0.2,1,NA,2021-07-01 02:47:04.52288,"F","012014","right","NA","NA",-0.445097129287093,-0.217234005997996,-0.0732780115304191
1561.4999999998,"",29,183440,"5yzvv2o0d6","fr","false",1280,800,1280,632,2,60,16.6666666666667,"",NA,"up","touchscreen",998.57699999999,99.8660000000091,96.1999999999534,6,FALSE,0,4,0,37,-0.125,38,0.1,1,NA,2021-07-01 02:47:04.52288,"F","012014","right","NA","NA",-3.36106095859513,-0.488720805504004,-0.191298706212846
2464.50000000003,"",30,187937,"5yzvv2o0d6","fr","false",1280,800,1280,632,2,60,16.6666666666667,"",NA,"down","touchscreen",998.515000000014,99.890000000014,96.0000000004366,6,TRUE,1,4,0,37,0.125,18,0.1,1,NA,2021-07-01 02:47:04.52288,"F","012014","right","NA","NA",-0.207512491688598,-0.0518084526960518,-0.0168269982710029
3640.80000000013,"",31,193604,"5yzvv2o0d6","fr","false",1280,800,1280,632,2,60,16.6666666666667,"",NA,"down","touchscreen",998.463000000018,99.8519999999844,98.2999999996682,6,FALSE,0,4,0,37,0.0625,66,0.05,1,NA,2021-07-01 02:47:04.52288,"F","012014","right","NA","NA",3.67606417377198,0.417536606258357,0.0810505378131179
2339.10000000015,"",32,197981,"5yzvv2o0d6","fr","false",1280,800,1280,632,2,60,16.6666666666667,"",NA,"up","touchscreen",998.521999999997,99.859999999986,96.5999999998603,6,TRUE,1,4,0,37,-0.0625,18,0.2,1,NA,2021-07-01 02:47:04.52288,"F","012014","right","NA","NA",0.274491506318888,0.0684618690411842,0.0400357812176453
3034.40000000046,"",33,203053,"5yzvv2o0d6","fr","false",1280,800,1280,632,2,60,16.6666666666667,"",NA,"down","touchscreen",998.341000000015,99.7710000000079,95.5999999996566,6,TRUE,2,4,0,37,0,6,0.2,1,NA,2021-07-01 02:47:04.52288,"F","012014","right","NA","NA",-0.802264049660849,-0.372296230718312,-0.195524544951817
1482.20000000036,"",34,206578,"5yzvv2o0d6","fr","false",1280,800,1280,632,2,60,16.6666666666667,"",NA,"up","touchscreen",998.707999999984,99.7490000000107,95.5000000003492,6,FALSE,0,4,0,37,-0.0625,38,0.05,1,NA,2021-07-01 02:47:04.52288,"F","012014","right","NA","NA",-2.13332254432242,-0.335008163542151,-0.0534468667520488
5729.40000000017,"",35,214335,"5yzvv2o0d6","fr","false",1280,800,1280,632,2,60,16.6666666666667,"",NA,"down","touchscreen",998.538,99.8610000000044,96.7000000000698,6,TRUE,1,4,0,37,0.125,6,0.15,1,NA,2021-07-01 02:47:04.52288,"F","012014","right","NA","NA",-0.745683111148895,-0.349349708636558,-0.103050375596146
2820.60000000001,"",36,219199,"5yzvv2o0d6","fr","false",1280,800,1280,632,2,60,16.6666666666667,"",NA,"up","touchscreen",998.513000000006,99.8760000000184,96.500000000553,6,FALSE,0,4,0,37,-0.0625,18,0.1,1,NA,2021-07-01 02:47:04.52288,"F","012014","right","NA","NA",-1.84190290793524,-0.418262224546246,-0.157091866299057
3962.99999999977,"",37,225204,"5yzvv2o0d6","fr","false",1280,800,1280,632,2,60,16.6666666666667,"",NA,"up","touchscreen",998.703999999998,99.6600000000035,95.2999999999593,6,TRUE,1,4,0,37,0.0625,38,0.05,1,NA,2021-07-01 02:47:04.52288,"F","012014","right","NA","NA",3.67426171714615,0.522235769493991,0.101167776818701
6354.99999999956,"",38,233601,"5yzvv2o0d6","fr","false",1280,800,1280,632,2,60,16.6666666666667,"",NA,"down","touchscreen",998.256999999983,100.163,96.9999999997672,6,TRUE,2,4,0,37,0.0625,6,0.15,1,NA,2021-07-01 02:47:04.52288,"F","012014","right","NA","NA",-2.97448881022728,-0.829853847586186,-0.352158925660687
1561.29999999941,"",39,237198,"5yzvv2o0d6","fr","false",1280,800,1280,632,2,60,16.6666666666667,"",NA,"up","touchscreen",998.407000000007,99.8760000000184,95.5999999996566,6,FALSE,0,4,0,37,-0.1875,66,0.15,1,NA,2021-07-01 02:47:04.52288,"F","012014","right","NA","NA",-1.03337145776455,-0.128107103410939,-0.0580182829614669
1744.60000000001,"",40,240975,"5yzvv2o0d6","fr","false",1280,800,1280,632,2,60,16.6666666666667,"",NA,"down","touchscreen",998.540999999997,99.862999999983,95.0000000002619,6,FALSE,0,4,0,37,0.0625,66,0.15,1,NA,2021-07-01 02:47:04.52288,"F","012014","right","NA","NA",0.398248801604654,0.049719531894677,0.0228043283471442
1205.70000000042,"",41,244215,"5yzvv2o0d6","fr","false",1280,800,1280,632,2,60,16.6666666666667,"",NA,"up","touchscreen",998.554000000004,99.8800000000047,96.2000000008557,6,FALSE,0,4,0,37,-0.0625,66,0.1,1,NA,2021-07-01 02:47:04.52288,"F","012014","right","NA","NA",-1.72837387006519,-0.211174528052584,-0.0715750130168782
2054.50000000017,"",42,248306,"5yzvv2o0d6","fr","false",1280,800,1280,632,2,60,16.6666666666667,"",NA,"up","touchscreen",998.592000000004,99.835000000021,96.9000000004598,6,TRUE,1,4,0,37,0.1875,6,0.15,1,NA,2021-07-01 02:47:04.52288,"F","012014","right","NA","NA",2.91727641749426,0.824783982472982,0.206682262045253
2361.20000000027,"",43,252710,"5yzvv2o0d6","fr","false",1280,800,1280,632,2,60,16.6666666666667,"",NA,"down","touchscreen",998.543000000005,99.8610000000044,94.399999999936,6,FALSE,0,4,0,37,0.0625,38,0.2,1,NA,2021-07-01 02:47:04.52288,"F","012014","right","NA","NA",0.781687633430848,0.129189505149963,0.0848782803710932
1879.39999999979,"",44,256619,"5yzvv2o0d6","fr","false",1280,800,1280,632,2,60,16.6666666666667,"",NA,"up","touchscreen",998.523000000016,99.8859999999986,95.5000000003492,6,TRUE,1,4,1,38,0.1875,38,0.15,1,NA,2021-07-01 02:47:04.52288,"F","012014","right","NA","NA",1.65760654844565,0.26629236614125,0.129539326148106
1446.69999999952,"",45,260098,"5yzvv2o0d6","fr","false",1280,800,1280,632,2,60,16.6666666666667,"",NA,"up","touchscreen",998.417999999976,99.8910000000033,96.4999999996508,6,FALSE,0,4,0,38,-0.125,66,0.1,1,NA,2021-07-01 02:47:04.52288,"F","012014","right","NA","NA",-2.79454395680581,-0.329776775047987,-0.11936217440762
5830.50000000003,"",46,267962,"5yzvv2o0d6","fr","false",1280,800,1280,632,2,60,16.6666666666667,"",NA,"down","touchscreen",998.545000000013,99.8739999999816,95.2999999999593,6,TRUE,1,4,0,38,-0.125,66,0.05,1,NA,2021-07-01 02:47:04.52288,"F","012014","right","NA","NA",-5.02433144007823,-0.531849793199471,-0.104478884754432
1752.09999999969,"",47,271755,"5yzvv2o0d6","fr","false",1280,800,1280,632,2,60,16.6666666666667,"",NA,"up","touchscreen",998.39300000004,100.000999999989,96.0999999997439,6,TRUE,2,4,1,39,0,66,0.05,1,NA,2021-07-01 02:47:04.52288,"F","012014","right","NA","NA",2.38642797325744,0.285856057734498,0.048584070646513
1147.59999999934,"",48,274943,"5yzvv2o0d6","fr","false",1280,800,1280,632,2,60,16.6666666666667,"",NA,"down","touchscreen",998.559999999998,99.8629999999539,99.5999999995693,6,FALSE,0,4,0,39,0,6,0.05,1,NA,2021-07-01 02:47:04.52288,"F","012014","right","NA","NA",0.625358760893982,0.298430963575688,0.0387902005103238
815.099999999802,"",49,277792,"5yzvv2o0d6","fr","false",1280,800,1280,632,2,60,16.6666666666667,"",NA,"up","touchscreen",998.540000000037,99.859999999986,95.699999999837,6,FALSE,0,4,0,39,0.0625,6,0.05,1,NA,2021-07-01 02:47:04.52288,"F","012014","right","NA","NA",-0.292252105599274,-0.14459049891791,-0.0187247837542817
959.200000000244,"",50,280783,"5yzvv2o0d6","fr","false",1280,800,1280,632,2,60,16.6666666666667,"",NA,"down","touchscreen",998.526000000013,99.8489999999874,94.6999999996042,6,FALSE,0,4,0,39,0.125,66,0.1,1,NA,2021-07-01 02:47:04.52288,"F","012014","right","NA","NA",2.22836295240229,0.26833026865795,0.0965173390017527
1113.90000000026,"",51,283935,"5yzvv2o0d6","fr","false",1280,800,1280,632,2,60,16.6666666666667,"",NA,"up","touchscreen",999.47100000002,99.0169999999925,92.8000000003376,6,FALSE,0,4,0,39,-0.1875,38,0.15,1,NA,2021-07-01 02:47:04.52288,"F","012014","right","NA","NA",-3.95026215774704,-0.549897609698617,-0.275735893655072
1090.59999999957,"",52,287053,"5yzvv2o0d6","fr","false",1280,800,1280,632,2,60,16.6666666666667,"",NA,"down","touchscreen",997.74099999998,100.70199999999,96.5999999998603,6,FALSE,0,4,0,39,0.125,38,0.1,1,NA,2021-07-01 02:47:04.52288,"F","012014","right","NA","NA",2.31224194355556,0.359595372365101,0.138193147808632
845.000000000291,"",53,289939,"5yzvv2o0d6","fr","false",1280,800,1280,632,2,60,16.6666666666667,"",NA,"up","touchscreen",998.660000000033,99.8770000000368,95.4000000001397,6,TRUE,1,4,6,45,0.1875,18,0.05,1,NA,2021-07-01 02:47:04.52288,"F","012014","right","NA","NA",6.41760492486504,0.848651602619686,0.229709554496818
1649.50000000041,"",54,293622,"5yzvv2o0d6","fr","false",1280,800,1280,632,2,60,16.6666666666667,"",NA,"down","touchscreen",998.649000000034,99.6699999999837,97.4999999998254,6,FALSE,0,4,0,45,0.1875,6,0.2,1,NA,2021-07-01 02:47:04.52288,"F","012014","right","NA","NA",0.568090268197392,0.273236345244564,0.138791116369011
2117.69999999978,"",55,297766,"5yzvv2o0d6","fr","false",1280,800,1280,632,2,60,16.6666666666667,"",NA,"up","touchscreen",998.360000000044,100.005999999994,97.7999999995227,6,FALSE,0,4,0,45,-0.125,6,0.15,1,NA,2021-07-01 02:47:04.52288,"F","012014","right","NA","NA",-2.18348147210536,-0.737410575302262,-0.238844097747974
2046.29999999993,"",56,301855,"5yzvv2o0d6","fr","false",1280,800,1280,632,2,60,16.6666666666667,"",NA,"down","touchscreen",998.480999999971,99.9259999999776,97.0999999999767,6,TRUE,1,4,0,45,-0.1875,38,0.2,1,NA,2021-07-01 02:47:04.52288,"F","012014","right","NA","NA",-1.16047993609249,-0.189894086305971,-0.137583742429542
2054.4999999993,"",57,305944,"5yzvv2o0d6","fr","false",1280,800,1280,632,2,60,16.6666666666667,"",NA,"up","touchscreen",998.523999999976,99.8609999999753,96.8999999995576,6,TRUE,2,4,0,45,0.1875,38,0.2,1,NA,2021-07-01 02:47:04.52288,"F","012014","right","NA","NA",0.73964654076651,0.122348290701186,0.0754322387079699
1212.99999999977,"",58,309196,"5yzvv2o0d6","fr","false",1280,800,1280,632,2,60,16.6666666666667,"",NA,"down","touchscreen",999.399999999965,98.9510000000009,96.4999999996508,6,TRUE,3,4,4,49,-0.1875,18,0.2,1,NA,2021-07-01 02:47:04.52288,"F","012014","right","NA","NA",-0.0963071783992924,-0.0240698190693538,-0.0154420791839211
1308.79999999981,"",59,312539,"5yzvv2o0d6","fr","false",1280,800,1280,632,2,60,16.6666666666667,"",NA,"up","touchscreen",998.527000000002,99.8539999999921,95.8999999993248,6,TRUE,4,4,7,56,0,18,0.05,1,NA,2021-07-01 02:47:04.52288,"F","012014","right","NA","NA",0.958403775723479,0.23300599923918,0.0267956038064619
999.300000000396,"",60,315573,"5yzvv2o0d6","fr","false",1280,800,1280,632,2,60,16.6666666666667,"",NA,"down","touchscreen",998.536000000022,99.875,95.2999999999884,6,TRUE,5,5,12,68,-0.1875,38,0.1,1,NA,2021-07-01 02:47:04.52288,"F","012014","right","NA","NA",-2.17216895321041,-0.34040716082539,-0.122786347703785
1298.49999999988,"",61,318902,"5yzvv2o0d6","fr","false",1280,800,1280,632,2,60,16.6666666666667,"",NA,"up","touchscreen",997.993000000017,100.434999999998,96.1999999999534,6,FALSE,0,5,0,68,-0.1875,66,0.05,1,NA,2021-07-01 02:47:04.52288,"F","012014","right","NA","NA",-9.9531876434382,-0.779436172479635,-0.209611692770625
1493.19999999984,"",62,322425,"5yzvv2o0d6","fr","false",1280,800,1280,632,2,60,16.6666666666667,"",NA,"down","touchscreen",998.484999999986,99.9139999999898,96.3999999994412,6,FALSE,0,5,0,68,0.125,18,0.2,1,NA,2021-07-01 02:47:04.52288,"F","012014","right","NA","NA",0.876467044227849,0.214038766654159,0.129457471879365
1373.3999999995,"",63,325833,"5yzvv2o0d6","fr","false",1280,800,1280,632,2,60,16.6666666666667,"",NA,"up","touchscreen",998.54700000002,99.8430000000517,95.9000000002561,6,TRUE,1,5,3,71,0.125,38,0.2,1,NA,2021-07-01 02:47:04.52288,"F","012014","right","NA","NA",0.465159057995698,0.077294573553727,0.0522298563032993
1147.89999999991,"",64,329020,"5yzvv2o0d6","fr","false",1280,800,1280,632,2,60,16.6666666666667,"",NA,"down","touchscreen",998.545999999973,99.8540000000503,97.2999999994645,6,TRUE,2,5,7,78,-0.125,6,0.1,1,NA,2021-07-01 02:47:04.52288,"F","012014","right","NA","NA",-3.53427641341671,-0.870313201373633,-0.201774844239918
925.599999999569,"",65,331978,"5yzvv2o0d6","fr","false",1280,800,1280,632,2,60,16.6666666666667,"",NA,"up","touchscreen",998.569000000018,99.719000000041,97.1999999992549,6,FALSE,0,5,0,78,-0.125,18,0.1,1,NA,2021-07-01 02:47:04.52288,"F","012014","right","NA","NA",-2.81025453576048,-0.574869337336857,-0.207407345382334
1097.40000000055,"",66,335111,"5yzvv2o0d6","fr","false",1280,800,1280,632,2,60,16.6666666666667,"",NA,"down","touchscreen",998.554000000004,99.85699999996,96.8000000002212,6,TRUE,1,5,5,83,0.0625,38,0.15,1,NA,2021-07-01 02:47:04.52288,"F","012014","right","NA","NA",-0.970491896939724,-0.159673397699816,-0.0879293845824365
841.500000000407,"",67,337982,"5yzvv2o0d6","fr","false",1280,800,1280,632,2,60,16.6666666666667,"",NA,"down","touchscreen",998.565000000002,99.8159999999916,95.6000000005588,6,TRUE,2,5,11,94,-0.1875,66,0.1,1,NA,2021-07-01 02:47:04.52288,"F","012014","right","NA","NA",-3.79797090284754,-0.428869858111667,-0.171392392534927
1003.20000000013,"",68,341025,"5yzvv2o0d6","fr","false",1280,800,1280,632,2,60,16.6666666666667,"",NA,"down","touchscreen",998.608000000007,99.7870000000112,97.4000000006054,6,FALSE,0,5,0,94,0,18,0.2,1,NA,2021-07-01 02:47:04.52288,"F","012014","right","NA","NA",0.281078427316861,0.0700967574383246,0.0428367385270662
904.000000000466,"",69,343971,"5yzvv2o0d6","fr","false",1280,800,1280,632,2,60,16.6666666666667,"",NA,"up","touchscreen",998.61599999998,99.7769999999437,96.4999999996508,6,TRUE,1,5,5,99,0.125,66,0.2,1,NA,2021-07-01 02:47:04.52288,"F","012014","right","NA","NA",1.9529147371801,0.237150475028931,0.141147845664693
1090.59999999951,"",70,347103,"5yzvv2o0d6","fr","false",1280,800,1280,632,2,60,16.6666666666667,"",NA,"up","touchscreen",998.469000000041,99.8850000000093,95.8000000000466,6,FALSE,0,5,0,99,0.125,6,0.1,1,NA,2021-07-01 02:47:04.52288,"F","012014","right","NA","NA",-0.817401004473904,-0.378323245034608,-0.0993484890668705
1383.20000000019,"",71,350522,"5yzvv2o0d6","fr","false",1280,800,1280,632,2,60,16.6666666666667,"",NA,"down","touchscreen",998.494000000006,99.945000000007,99.6999999997206,6,FALSE,0,5,0,99,0.1875,38,0.1,1,NA,2021-07-01 02:47:04.52288,"F","012014","right","NA","NA",4.29610834966888,0.582170474828982,0.243579383153736
1372.10000000056,"",72,353928,"5yzvv2o0d6","fr","false",1280,800,1280,632,2,60,16.6666666666667,"",NA,"up","touchscreen",998.538,99.8630000000121,94.2999999997555,6,FALSE,0,5,0,99,-0.1875,66,0.2,1,NA,2021-07-01 02:47:04.52288,"F","012014","right","NA","NA",-0.90154140563068,-0.111983841895404,-0.0748153664815622
1346.00000000047,"",73,357312,"5yzvv2o0d6","fr","false",1280,800,1280,632,2,60,16.6666666666667,"",NA,"up","touchscreen",998.495999999985,99.9050000000279,96.7999999993481,6,TRUE,1,5,3,102,-0.1875,6,0.2,1,NA,2021-07-01 02:47:04.52288,"F","012014","right","NA","NA",1.08595922510933,0.477174990371926,0.215069971703028
2110.30000000028,"",74,361454,"5yzvv2o0d6","fr","false",1280,800,1280,632,2,60,16.6666666666667,"",NA,"up","touchscreen",998.462,99.8989999999758,96.1999999999534,6,TRUE,2,5,3,105,0.1875,66,0.05,1,NA,2021-07-01 02:47:04.52288,"F","012014","right","NA","NA",8.09280410740517,0.711172704743708,0.166812747415458
1403.00000000029,"",75,364891,"5yzvv2o0d6","fr","false",1280,800,1280,632,2,60,16.6666666666667,"",NA,"down","touchscreen",998.565999999992,99.8439999999828,97.8000000005122,6,TRUE,3,5,6,111,-0.0625,18,0.05,1,NA,2021-07-01 02:47:04.52288,"F","012014","right","NA","NA",-2.49294329290142,-0.528921871165458,-0.0850844585664039
1156.30000000057,"",76,368092,"5yzvv2o0d6","fr","false",1280,800,1280,632,2,60,16.6666666666667,"",NA,"up","touchscreen",998.809000000008,99.5909999999567,95.2999999999302,6,FALSE,0,5,0,111,0,66,0.2,1,NA,2021-07-01 02:47:04.52288,"F","012014","right","NA","NA",-1.52550059636029,-0.18731247688401,-0.121777196858691
2010.00000000023,"",77,372138,"5yzvv2o0d6","fr","false",1280,800,1280,632,2,60,16.6666666666667,"",NA,"down","touchscreen",998.518999999971,99.8729999999632,96.4999999996508,6,TRUE,1,5,0,111,-0.0625,38,0.2,1,NA,2021-07-01 02:47:04.52288,"F","012014","right","NA","NA",-0.548437409771088,-0.0910267571371317,-0.0565077847108543
1383.39999999973,"",78,375557,"5yzvv2o0d6","fr","false",1280,800,1280,632,2,60,16.6666666666667,"",NA,"up","touchscreen",998.428000000014,99.939000000013,95.899999999383,6,TRUE,2,5,3,114,0.0625,18,0.1,1,NA,2021-07-01 02:47:04.52288,"F","012014","right","NA","NA",1.96834679630975,0.441524414713325,0.138339040681468
2057.80000000051,"",79,379641,"5yzvv2o0d6","fr","false",1280,800,1280,632,2,60,16.6666666666667,"",NA,"down","touchscreen",998.119000000006,100.241000000038,96.7000000000698,6,FALSE,0,5,0,114,0.1875,66,0.2,1,NA,2021-07-01 02:47:04.52288,"F","012014","right","NA","NA",2.46167927329024,0.294101216865968,0.197102430085401
935.099999999686,"",80,382615,"5yzvv2o0d6","fr","false",1280,800,1280,632,2,60,16.6666666666667,"",NA,"up","touchscreen",998.652000000002,99.8800000000047,96.7000000000698,6,TRUE,1,5,5,119,0.0625,66,0.2,1,NA,2021-07-01 02:47:04.52288,"F","012014","right","NA","NA",1.23922156436641,0.153077052060258,0.0952614134202242
2111.5,"",81,386768,"5yzvv2o0d6","fr","false",1280,800,1280,632,2,60,16.6666666666667,"",NA,"up","touchscreen",998.901000000013,99.5480000000098,98.5000000000582,6,FALSE,0,5,0,119,-0.1875,18,0.15,1,NA,2021-07-01 02:47:04.52288,"F","012014","right","NA","NA",-2.50312422989034,-0.530474975393377,-0.307746866689929
1372.00000000029,"",82,390175,"5yzvv2o0d6","fr","false",1280,800,1280,632,2,60,16.6666666666667,"",NA,"down","touchscreen",997.871999999974,100.512999999977,95.9000000002561,6,TRUE,1,5,3,122,-0.125,6,0.05,1,NA,2021-07-01 02:47:04.52288,"F","012014","right","NA","NA",-1.06987844286386,-0.471690301634044,-0.054702283442631
1119.79999999952,"",83,393335,"5yzvv2o0d6","fr","false",1280,800,1280,632,2,60,16.6666666666667,"",NA,"up","touchscreen",999.04800000001,99.3999999999651,95.0000000002328,6,TRUE,2,5,7,129,0,6,0.15,1,NA,2021-07-01 02:47:04.52288,"F","012014","right","NA","NA",0.58673166361514,0.281502281432363,0.118610343681169
1525.49999999977,"",84,396903,"5yzvv2o0d6","fr","false",1280,800,1280,632,2,60,16.6666666666667,"",NA,"down","touchscreen",998.566999999981,99.8499999999767,95.1999999997788,6,FALSE,0,5,0,129,0,66,0.1,1,NA,2021-07-01 02:47:04.52288,"F","012014","right","NA","NA",0.0880321251593386,0.01100334947631,0.00358360212761049
1615.3000000004,"",85,400553,"5yzvv2o0d6","fr","false",1280,800,1280,632,2,60,16.6666666666667,"",NA,"up","touchscreen",997.51800000004,100.864999999991,97.4999999998836,6,TRUE,1,5,2,131,0.1875,18,0.2,1,NA,2021-07-01 02:47:04.52288,"F","012014","right","NA","NA",0.41266399420505,0.102621333085036,0.083123843774832
1325.7000000003,"",86,403908,"5yzvv2o0d6","fr","false",1280,800,1280,632,2,60,16.6666666666667,"",NA,"up","touchscreen",998.559000000008,100.072999999975,97.0000000006403,6,TRUE,2,5,5,136,0.125,38,0.05,1,NA,2021-07-01 02:47:04.52288,"F","012014","right","NA","NA",6.11996009044496,0.71407055693865,0.147563235907196
1632.20000000001,"",87,407572,"5yzvv2o0d6","fr","false",1280,800,1280,632,2,60,16.6666666666667,"",NA,"down","touchscreen",998.53899999999,99.8670000000275,98.8000000006286,6,TRUE,3,5,7,143,-0.125,66,0.2,1,NA,2021-07-01 02:47:04.52288,"F","012014","right","NA","NA",-0.690480637053111,-0.0859903842465734,-0.0543706185282876
414.300000000338,"",88,410022,"5yzvv2o0d6","fr","false",1280,800,1280,632,2,60,16.6666666666667,"",NA,"up","touchscreen",998.590000000026,99.7850000000326,94.2999999997555,6,FALSE,0,5,0,143,0.0625,18,0.2,1,NA,2021-07-01 02:47:04.52288,"F","012014","right","NA","NA",-0.436151538158086,-0.108395417843354,-0.0778050128645877
535.600000000151,"",89,412590,"5yzvv2o0d6","fr","false",1280,800,1280,632,2,60,16.6666666666667,"",NA,"down","touchscreen",998.510999999999,99.8800000000047,96.1000000006752,6,FALSE,0,5,0,143,0.0625,18,0.05,1,NA,2021-07-01 02:47:04.52288,"F","012014","right","NA","NA",2.03621709859218,0.453657112560513,0.101869322762543
2502.99999999971,"",90,417133,"5yzvv2o0d6","fr","false",1280,800,1280,632,2,60,16.6666666666667,"",NA,"up","touchscreen",998.545000000042,99.8589999999967,98.8999999999651,6,TRUE,1,5,0,143,0.1875,6,0.1,1,NA,2021-07-01 02:47:04.52288,"F","012014","right","NA","NA",2.39566789194033,0.767652061408843,0.235721440482979
669.5,"",91,419840,"5yzvv2o0d6","fr","false",1280,800,1280,632,2,60,16.6666666666667,"",NA,"down","touchscreen",998.505999999994,99.890000000014,100.199999999837,6,FALSE,0,5,0,143,-0.0625,66,0.2,1,NA,2021-07-01 02:47:04.52288,"F","012014","right","NA","NA",0.907118487774361,0.112667825094199,0.0577286901769235
1022.2000000003,"",92,422894,"5yzvv2o0d6","fr","false",1280,800,1280,632,2,60,16.6666666666667,"",NA,"up","touchscreen",998.524000000034,99.8669999999693,96.7000000000116,6,FALSE,0,5,0,143,-0.125,66,0.15,1,NA,2021-07-01 02:47:04.52288,"F","012014","right","NA","NA",-2.91220654469542,-0.342066263846962,-0.154861469580797
578.400000000314,"",93,425515,"5yzvv2o0d6","fr","false",1280,800,1280,632,2,60,16.6666666666667,"",NA,"down","touchscreen",998.42300000001,99.8580000000075,94.7000000005355,6,TRUE,1,5,7,150,-0.125,18,0.05,1,NA,2021-07-01 02:47:04.52288,"F","012014","right","NA","NA",-2.21083445539778,-0.48373775927852,-0.0857463606550468
206.499999999302,"",94,427755,"5yzvv2o0d6","fr","false",1280,800,1280,632,2,60,16.6666666666667,"",NA,"up","touchscreen",998.504000000015,99.9010000000126,97.0999999999185,6,TRUE,2,5,16,166,0.125,66,0.05,1,NA,2021-07-01 02:47:04.52288,"F","012014","right","NA","NA",8.20414901631668,0.715958493985928,0.135705989515706
1764.00000000017,"",95,431559,"5yzvv2o0d6","fr","false",1280,800,1280,632,2,60,16.6666666666667,"",NA,"down","touchscreen",998.553000000014,99.8609999999753,97.0999999999767,6,FALSE,0,5,0,166,0.0625,66,0.1,1,NA,2021-07-01 02:47:04.52288,"F","012014","right","NA","NA",1.47229352506249,0.180997073393667,0.0547307385829041
989.400000000431,"",96,434575,"5yzvv2o0d6","fr","false",1280,800,1280,632,2,60,16.6666666666667,"",NA,"up","touchscreen",998.508000000031,99.8559999999707,99.0000000001746,6,TRUE,1,5,5,171,0.1875,66,0.15,1,NA,2021-07-01 02:47:04.52288,"F","012014","right","NA","NA",2.68531072149458,0.318215498448257,0.144976535878791
226.000000000524,"",97,436843,"5yzvv2o0d6","fr","false",1280,800,1280,632,2,60,16.6666666666667,"",NA,"down","touchscreen",998.617000000027,99.7209999999614,97.800000000454,6,FALSE,0,5,0,171,-0.125,6,0.2,1,NA,2021-07-01 02:47:04.52288,"F","012014","right","NA","NA",0.0628569749490725,0.0314129772222771,0.0230088948775838
1822.40000000002,"",98,440704,"5yzvv2o0d6","fr","false",1280,800,1280,632,2,60,16.6666666666667,"",NA,"up","touchscreen",998.605999999971,99.8099999999977,95.9999999995343,6,FALSE,0,5,0,171,-0.1875,6,0.1,1,NA,2021-07-01 02:47:04.52288,"F","012014","right","NA","NA",-1.40611349894608,-0.575139389717975,-0.174708138924714
224.199999999662,"",99,442967,"5yzvv2o0d6","fr","false",1280,800,1280,632,2,60,16.6666666666667,"",NA,"down","touchscreen",998.54700000002,99.8720000000321,95.8999999993248,6,TRUE,1,5,9,180,-0.0625,6,0.05,1,NA,2021-07-01 02:47:04.52288,"F","012014","right","NA","NA",-1.39774712296484,-0.572842514046428,-0.0603940331546513
1655.89999999973,"",100,446659,"5yzvv2o0d6","fr","false",1280,800,1280,632,2,60,16.6666666666667,"",NA,"up","touchscreen",998.587999999989,99.8409999999567,99.9000000001397,6,FALSE,0,5,0,180,-0.1875,18,0.05,1,NA,2021-07-01 02:47:04.52288,"F","012014","right","NA","NA",-5.7832725010189,-0.822445287281681,-0.198966796633359
2059.29999999993,"",101,450759,"5yzvv2o0d6","fr","false",1280,800,1280,632,2,60,16.6666666666667,"",NA,"down","touchscreen",998.497999999963,99.8580000000075,98.2000000003609,6,FALSE,0,5,0,180,0.1875,6,0.05,1,NA,2021-07-01 02:47:04.52288,"F","012014","right","NA","NA",3.14910154144837,0.844143613887054,0.144988983187108
1275.89999999962,"",102,454072,"5yzvv2o0d6","fr","false",1280,800,1280,632,2,60,16.6666666666667,"",NA,"up","touchscreen",998.532000000007,99.8880000000354,96.4999999996508,6,TRUE,1,5,4,184,0.1875,18,0.1,1,NA,2021-07-01 02:47:04.52288,"F","012014","right","NA","NA",2.99089978185299,0.598833262501153,0.229749419844199
2111.5,"",103,458219,"5yzvv2o0d6","fr","false",1280,800,1280,632,2,60,16.6666666666667,"",NA,"down","touchscreen",998.890000000014,99.5139999999665,95.2999999999884,6,TRUE,2,5,4,188,-0.125,18,0.15,1,NA,2021-07-01 02:47:04.52288,"F","012014","right","NA","NA",-1.78313738358752,-0.407160154909281,-0.184013834162324
728.499999999302,"",104,460981,"5yzvv2o0d6","fr","false",1280,800,1280,632,2,60,16.6666666666667,"",NA,"up","touchscreen",998.478000000003,99.8730000000214,96.5999999998021,6,FALSE,0,5,0,188,-0.0625,38,0.15,1,NA,2021-07-01 02:47:04.52288,"F","012014","right","NA","NA",-2.32445849221455,-0.36124789692616,-0.146278273940557
2686.30000000028,"",105,465701,"5yzvv2o0d6","fr","false",1280,800,1280,632,2,60,16.6666666666667,"",NA,"down","touchscreen",998.63400000002,99.7800000000279,94.600000000326,6,TRUE,1,5,0,188,-0.0625,6,0.1,1,NA,2021-07-01 02:47:04.52288,"F","012014","right","NA","NA",-0.150787400194559,-0.0751803324748533,-0.0166156757070992
1034.59999999998,"",106,468773,"5yzvv2o0d6","fr","false",1280,800,1280,632,2,60,16.6666666666667,"",NA,"up","touchscreen",998.516000000003,99.8829999999725,95.9999999995343,6,FALSE,0,5,0,188,0,38,0.05,1,NA,2021-07-01 02:47:04.52288,"F","012014","right","NA","NA",-0.085586773028548,-0.014263011162982,-0.0023429106647082
1724.69999999978,"",107,472525,"5yzvv2o0d6","fr","false",1280,800,1280,632,2,60,16.6666666666667,"",NA,"down","touchscreen",998.589999999967,99.8360000000102,99.2999999998719,6,TRUE,1,5,1,189,-0.125,18,0.2,1,NA,2021-07-01 02:47:04.52288,"F","012014","right","NA","NA",-0.293184796842796,-0.0731001031894775,-0.0435236722273418
207.699999999953,"",108,474772,"5yzvv2o0d6","fr","false",1280,800,1280,632,2,60,16.6666666666667,"",NA,"up","touchscreen",998.637999999977,99.7980000000098,96.7999999993481,6,FALSE,0,5,0,189,-0.0625,38,0.1,1,NA,2021-07-01 02:47:04.52288,"F","012014","right","NA","NA",-1.76030321198715,-0.281518217268405,-0.100334447540329
216.899999999441,"",109,477027,"5yzvv2o0d6","fr","false",1280,800,1280,632,2,60,16.6666666666667,"",NA,"down","touchscreen",998.611999999965,99.8369999999995,98.3999999998487,6,TRUE,1,5,9,198,-0.125,38,0.2,1,NA,2021-07-01 02:47:04.52288,"F","012014","right","NA","NA",-1.55457736705049,-0.250814275529879,-0.15271372965947
405.299999999464,"",110,479466,"5yzvv2o0d6","fr","false",1280,800,1280,632,2,60,16.6666666666667,"",NA,"up","touchscreen",998.608999999997,99.8300000000163,95.9999999995925,6,FALSE,0,5,0,198,-0.0625,6,0.15,1,NA,2021-07-01 02:47:04.52288,"F","012014","right","NA","NA",-0.579076643021368,-0.278115362902372,-0.0822235733105595
516.099999999802,"",111,482022,"5yzvv2o0d6","fr","false",1280,800,1280,632,2,60,16.6666666666667,"",NA,"down","touchscreen",998.580000000016,99.8500000000349,96.300000000163,6,TRUE,1,5,7,205,0,18,0.1,1,NA,2021-07-01 02:47:04.52288,"F","012014","right","NA","NA",-0.486763864978105,-0.120799809791004,-0.0421948974673194
1008.90000000072,"",112,485062,"5yzvv2o0d6","fr","false",1280,800,1280,632,2,60,16.6666666666667,"",NA,"down","touchscreen",998.541000000027,99.8520000000135,96.6999999991385,6,FALSE,0,5,0,205,0.1875,18,0.15,1,NA,2021-07-01 02:47:04.52288,"F","012014","right","NA","NA",2.9759886750726,0.596913238552305,0.376440238473499
730.799999999348,"",113,487829,"5yzvv2o0d6","fr","false",1280,800,1280,632,2,60,16.6666666666667,"",NA,"up","touchscreen",998.123999999953,99.9870000000228,97.1999999992549,6,TRUE,1,5,6,211,0.0625,18,0.15,1,NA,2021-07-01 02:47:04.52288,"F","012014","right","NA","NA",0.0312949649563882,0.00782350180086235,0.00305397558441261
5208,"",2,203678,"8o6z0kcwse","fr","false",834,1194,1194,760,2,60,16.6666666666667,"",NA,"down","touchscreen",1008,100,98,6,TRUE,1,1,0,0,0.0625,18,0.2,1,NA,2021-07-02 03:44:12.49101,"M","072014","right","NA","NA",-1.62129403232185,-0.375639921740193,-0.270559313014755
3324,"",3,209094,"8o6z0kcwse","fr","false",834,1194,1194,760,2,60,16.6666666666667,"",NA,"up","touchscreen",992,101,100.000000000029,6,TRUE,2,2,0,0,0,6,0.2,1,NA,2021-07-02 03:44:12.49101,"M","072014","right","NA","NA",2.43451168735152,0.77269160933677,0.235582099220847
2647,"",4,213823,"8o6z0kcwse","fr","false",834,1194,1194,760,2,60,16.6666666666667,"",NA,"down","touchscreen",1005,99,99.0000000000291,6,TRUE,3,3,0,0,-0.125,66,0.1,1,NA,2021-07-02 03:44:12.49101,"M","072014","right","NA","NA",-3.45436436572303,-0.396418500758505,-0.139811500182213
4248.00000000003,"",5,220151,"8o6z0kcwse","fr","false",834,1194,1194,760,2,60,16.6666666666667,"",NA,"up","touchscreen",1006,101,100,6,TRUE,4,4,0,0,0,18,0.2,1,NA,2021-07-02 03:44:12.49101,"M","072014","right","NA","NA",1.22952215507606,0.29381360230309,0.221887480294488
2950.00000000003,"",6,225165,"8o6z0kcwse","fr","false",834,1194,1194,760,2,60,16.6666666666667,"",NA,"down","touchscreen",998,106,106,7,TRUE,5,5,0,0,0.1875,18,0.2,1,NA,2021-07-02 03:44:12.49101,"M","072014","right","NA","NA",-0.435654968698605,-0.108273454521153,-0.069523017172414
3573.00000000003,"",7,230805,"8o6z0kcwse","fr","false",834,1194,1194,760,2,60,16.6666666666667,"",NA,"up","touchscreen",1007,100,99,6,TRUE,6,6,0,0,0.1875,38,0.1,1,NA,2021-07-02 03:44:12.49101,"M","072014","right","NA","NA",3.79049259952111,0.534095618149815,0.193207527583925
4139,"",8,237022,"8o6z0kcwse","fr","false",834,1194,1194,760,2,60,16.6666666666667,"",NA,"down","touchscreen",1003,99,98.0000000000291,5,TRUE,7,7,0,0,0,66,0.2,1,NA,2021-07-02 03:44:12.49101,"M","072014","right","NA","NA",-1.87900504842914,-0.228653287505365,-0.147181842656892
3501.00000000003,"",9,242598,"8o6z0kcwse","fr","false",834,1194,1194,760,2,60,16.6666666666667,"",NA,"down","touchscreen",1008,99,94,6,TRUE,8,8,0,0,0,38,0.2,1,NA,2021-07-02 03:44:12.49101,"M","072014","right","NA","NA",-0.774574342765978,-0.128033249976982,-0.0845268920800564
1721.99999999997,"",10,246376,"8o6z0kcwse","fr","false",834,1194,1194,760,2,60,16.6666666666667,"",NA,"up","touchscreen",1004,100,99.9999999999709,6,TRUE,9,9,1,1,0.125,6,0.05,1,NA,2021-07-02 03:44:12.49101,"M","072014","right","NA","NA",4.52161071074749,0.914531087727874,0.176530974767284
2777,"",11,251216,"8o6z0kcwse","fr","false",834,1194,1194,760,2,60,16.6666666666667,"",NA,"up","touchscreen",1004,100,99,6,FALSE,0,9,0,1,0,66,0.15,1,NA,2021-07-02 03:44:12.49101,"M","072014","right","NA","NA",-0.594032643936138,-0.0740502169415782,-0.0363378246421265
1859,"",12,255153,"8o6z0kcwse","fr","false",834,1194,1194,760,2,60,16.6666666666667,"",NA,"down","touchscreen",1008,100,100.000000000029,6,TRUE,1,9,1,2,-0.1875,18,0.2,1,NA,2021-07-02 03:44:12.49101,"M","072014","right","NA","NA",-0.741571581134039,-0.182286714961557,-0.127868315388444
1510,"",13,258740,"8o6z0kcwse","fr","false",834,1194,1194,760,2,60,16.6666666666667,"",NA,"down","touchscreen",1004,100,100.000000000029,6,TRUE,2,9,3,5,0,38,0.15,1,NA,2021-07-02 03:44:12.49101,"M","072014","right","NA","NA",-0.0245794747620714,-0.0040965447531299,-0.00204506350324532
1655,"",14,262475,"8o6z0kcwse","fr","false",834,1194,1194,760,2,60,16.6666666666667,"",NA,"down","touchscreen",1007,100,99.0000000000582,6,FALSE,0,9,0,5,-0.0625,38,0.15,1,NA,2021-07-02 03:44:12.49101,"M","072014","right","NA","NA",0.0437515647872844,0.007291733608343,0.00378542405431227
3776,"",15,268351,"8o6z0kcwse","fr","false",834,1194,1194,760,2,60,16.6666666666667,"",NA,"up","touchscreen",1006,100,99,6,FALSE,0,9,0,5,-0.125,18,0.15,1,NA,2021-07-02 03:44:12.49101,"M","072014","right","NA","NA",-2.25218384030579,-0.490622586248626,-0.240650673146104
1580,"",16,272011,"8o6z0kcwse","fr","false",834,1194,1194,760,2,60,16.6666666666667,"",NA,"up","touchscreen",1007,100,99,6,TRUE,1,9,2,7,0.1875,18,0.05,1,NA,2021-07-02 03:44:12.49101,"M","072014","right","NA","NA",5.76966546167579,0.821817632030867,0.252596683286126
1363.99999999994,"",17,275454,"8o6z0kcwse","fr","false",834,1194,1194,760,2,60,16.6666666666667,"",NA,"down","touchscreen",1007,100,98.9999999999418,6,TRUE,2,9,5,12,-0.0625,18,0.1,1,NA,2021-07-02 03:44:12.49101,"M","072014","right","NA","NA",-1.25118186870153,-0.29853188768959,-0.087858798518341
2919,"",18,280448,"8o6z0kcwse","fr","false",834,1194,1194,760,2,60,16.6666666666667,"",NA,"up","touchscreen",1003,101,100,6,FALSE,0,9,0,12,-0.0625,38,0.05,1,NA,2021-07-02 03:44:12.49101,"M","072014","right","NA","NA",-1.32974084603357,-0.216373367431052,-0.0332564826634161
1518,"",19,284041,"8o6z0kcwse","fr","false",834,1194,1194,760,2,60,16.6666666666667,"",NA,"down","touchscreen",1002,100,99,6,TRUE,1,9,2,14,-0.0625,66,0.05,1,NA,2021-07-02 03:44:12.49101,"M","072014","right","NA","NA",-3.02549030794716,-0.353734923827014,-0.0619718449879203
1721,"",20,287841,"8o6z0kcwse","fr","false",834,1194,1194,760,2,60,16.6666666666667,"",NA,"down","touchscreen",1006,100,100.000000000058,6,TRUE,2,9,3,17,-0.125,66,0.2,1,NA,2021-07-02 03:44:12.49101,"M","072014","right","NA","NA",-2.25459109048084,-0.271257417706097,-0.205912057529401
1179,"",21,291111,"8o6z0kcwse","fr","false",834,1194,1194,760,2,60,16.6666666666667,"",NA,"up","touchscreen",1005,99,99.0000000000582,6,TRUE,3,9,7,24,0.1875,66,0.15,1,NA,2021-07-02 03:44:12.49101,"M","072014","right","NA","NA",3.66587073281856,0.416579963092827,0.206603957884471
2007,"",22,295197,"8o6z0kcwse","fr","false",834,1194,1194,760,2,60,16.6666666666667,"",NA,"up","touchscreen",1006,100,99,6,TRUE,4,9,7,31,0,6,0.15,1,NA,2021-07-02 03:44:12.49101,"M","072014","right","NA","NA",0.540142722685196,0.260730063735969,0.0603787067376439
2694,"",23,299970,"8o6z0kcwse","fr","false",834,1194,1194,760,2,60,16.6666666666667,"",NA,"up","touchscreen",1008,100,100,6,TRUE,5,9,7,38,0.1875,38,0.15,1,NA,2021-07-02 03:44:12.49101,"M","072014","right","NA","NA",1.5808355217834,0.254777886498143,0.131828274028107
1513,"",24,303538,"8o6z0kcwse","fr","false",834,1194,1194,760,2,60,16.6666666666667,"",NA,"down","touchscreen",1002,100,100,6,TRUE,6,9,9,47,0.125,18,0.2,1,NA,2021-07-02 03:44:12.49101,"M","072014","right","NA","NA",-0.605718629965962,-0.149722745568356,-0.0718302987998569
1539,"",25,307123,"8o6z0kcwse","fr","false",834,1194,1194,760,2,60,16.6666666666667,"",NA,"up","touchscreen",993,101,100,6,TRUE,7,9,11,58,0,66,0.05,1,NA,2021-07-02 03:44:12.49101,"M","072014","right","NA","NA",1.54640120611631,0.189786976907538,0.0334555582102966
1883,"",26,311067,"8o6z0kcwse","fr","false",834,1194,1194,760,2,60,16.6666666666667,"",NA,"up","touchscreen",1006,100,99,6,TRUE,8,9,12,70,0.125,6,0.1,1,NA,2021-07-02 03:44:12.49101,"M","072014","right","NA","NA",2.0226562382975,0.711078040751352,0.163782682051729
1325.00000000006,"",27,314452,"8o6z0kcwse","fr","false",834,1194,1194,760,2,60,16.6666666666667,"",NA,"up","touchscreen",1007,101,100,6,TRUE,9,9,15,85,-0.1875,6,0.15,1,NA,2021-07-02 03:44:12.49101,"M","072014","right","NA","NA",0.178580615515907,0.0889364770579663,0.0291581324569987
1267,"",28,317780,"8o6z0kcwse","fr","false",834,1194,1194,760,2,60,16.6666666666667,"",NA,"up","touchscreen",1005,100,98,6,FALSE,0,9,0,85,0,18,0.1,1,NA,2021-07-02 03:44:12.49101,"M","072014","right","NA","NA",-0.61138574680511,-0.151091721062835,-0.0676339362927649
1584,"",29,321439,"8o6z0kcwse","fr","false",834,1194,1194,760,2,60,16.6666666666667,"",NA,"down","touchscreen",1005,100,100,6,TRUE,1,9,2,87,0,38,0.1,1,NA,2021-07-02 03:44:12.49101,"M","072014","right","NA","NA",-1.87495114845607,-0.298267913205003,-0.088662621558806
1872,"",30,325383,"8o6z0kcwse","fr","false",834,1194,1194,760,2,60,16.6666666666667,"",NA,"up","touchscreen",994,100,99,6,FALSE,0,9,0,87,-0.0625,66,0.1,1,NA,2021-07-02 03:44:12.49101,"M","072014","right","NA","NA",-0.285639800301593,-0.0356822376166317,-0.0112110367144214
1762,"",31,329240,"8o6z0kcwse","fr","false",834,1194,1194,760,2,60,16.6666666666667,"",NA,"up","touchscreen",1007,99,98,6,FALSE,0,9,0,87,-0.0625,38,0.2,1,NA,2021-07-02 03:44:12.49101,"M","072014","right","NA","NA",-0.478214570850351,-0.0794504743153397,-0.0716290970632387
1714,"",32,333029,"8o6z0kcwse","fr","false",834,1194,1194,760,2,60,16.6666666666667,"",NA,"down","touchscreen",1006,100,100,6,TRUE,1,9,1,88,-0.1875,66,0.15,1,NA,2021-07-02 03:44:12.49101,"M","072014","right","NA","NA",-2.81881779522168,-0.332326123319169,-0.189174935395888
1350,"",33,336450,"8o6z0kcwse","fr","false",834,1194,1194,760,2,60,16.6666666666667,"",NA,"down","touchscreen",993,101,100,6,TRUE,2,9,4,92,-0.1875,66,0.1,1,NA,2021-07-02 03:44:12.49101,"M","072014","right","NA","NA",-3.60264348504517,-0.410615218254764,-0.173476113695267
5649,"",34,344163,"8o6z0kcwse","fr","false",834,1194,1194,760,2,60,16.6666666666667,"",NA,"down","touchscreen",994,100,99.9999999999418,6,FALSE,0,9,0,92,0.1875,6,0.1,1,NA,2021-07-02 03:44:12.49101,"M","072014","right","NA","NA",2.86620493001982,0.82008369927469,0.276677688090836
1263,"",35,347487,"8o6z0kcwse","fr","false",834,1194,1194,760,2,60,16.6666666666667,"",NA,"up","touchscreen",992,100,99,6,TRUE,1,9,4,96,0.1875,66,0.05,1,NA,2021-07-02 03:44:12.49101,"M","072014","right","NA","NA",5.39472214565063,0.559097024137798,0.147545405808339
1438,"",36,351010,"8o6z0kcwse","fr","false",834,1194,1194,760,2,60,16.6666666666667,"",NA,"up","touchscreen",1007,99,98,6,TRUE,2,9,7,103,0.125,66,0.1,1,NA,2021-07-02 03:44:12.49101,"M","072014","right","NA","NA",3.22370962435082,0.373759217497136,0.126385674337389
2081,"",37,355168,"8o6z0kcwse","fr","false",834,1194,1194,760,2,60,16.6666666666667,"",NA,"down","touchscreen",1004,100,100.000000000058,6,TRUE,3,9,7,110,-0.0625,6,0.2,1,NA,2021-07-02 03:44:12.49101,"M","072014","right","NA","NA",-1.18220973588612,-0.508854224124565,-0.360455276817242
1547.99999999994,"",38,358793,"8o6z0kcwse","fr","false",834,1194,1194,760,2,60,16.6666666666667,"",NA,"up","touchscreen",1006,100,99.9999999999418,6,TRUE,4,9,9,119,0.125,66,0.2,1,NA,2021-07-02 03:44:12.49101,"M","072014","right","NA","NA",0.47018142905124,0.0586714337393823,0.0415760737788754
1814,"",39,362669,"8o6z0kcwse","fr","false",834,1194,1194,760,2,60,16.6666666666667,"",NA,"down","touchscreen",993,100,100,6,TRUE,5,9,10,129,0.0625,6,0.2,1,NA,2021-07-02 03:44:12.49101,"M","072014","right","NA","NA",-1.20045723171123,-0.514639878090595,-0.298368452015473
1655,"",40,366379,"8o6z0kcwse","fr","false",834,1194,1194,760,2,60,16.6666666666667,"",NA,"up","touchscreen",1003,100,99,6,FALSE,0,9,0,129,-0.1875,6,0.1,1,NA,2021-07-02 03:44:12.49101,"M","072014","right","NA","NA",-0.662026331030796,-0.314244706106711,-0.094934015377625
1654,"",41,370113,"8o6z0kcwse","fr","false",834,1194,1194,760,2,60,16.6666666666667,"",NA,"up","touchscreen",1005,100,98.9999999999418,6,TRUE,1,9,2,131,0.125,66,0.05,1,NA,2021-07-02 03:44:12.49101,"M","072014","right","NA","NA",7.02225093490687,0.659687684358371,0.160006554632907
2634,"",42,374824,"8o6z0kcwse","fr","false",834,1194,1194,760,2,60,16.6666666666667,"",NA,"down","touchscreen",1003,100,100,6,TRUE,2,9,2,133,0.1875,6,0.15,1,NA,2021-07-02 03:44:12.49101,"M","072014","right","NA","NA",-0.163858888431514,-0.0816558478345818,-0.0205273340219925
1592,"",43,378488,"8o6z0kcwse","fr","false",834,1194,1194,760,2,60,16.6666666666667,"",NA,"down","touchscreen",1004,100,99,6,TRUE,3,9,4,137,-0.1875,18,0.05,1,NA,2021-07-02 03:44:12.49101,"M","072014","right","NA","NA",-5.66871551056086,-0.817066061477355,-0.20398307820931
2164,"",44,382728,"8o6z0kcwse","fr","false",834,1194,1194,760,2,60,16.6666666666667,"",NA,"up","touchscreen",1005,100,99,6,TRUE,4,9,4,141,0.0625,6,0.05,1,NA,2021-07-02 03:44:12.49101,"M","072014","right","NA","NA",3.25938280868505,0.852331566328598,0.17014232254506
2258,"",45,387045,"8o6z0kcwse","fr","false",834,1194,1194,760,2,60,16.6666666666667,"",NA,"up","touchscreen",992,100,99,6,TRUE,5,9,4,145,0.125,18,0.1,1,NA,2021-07-02 03:44:12.49101,"M","072014","right","NA","NA",0.763765896492318,0.187553115028095,0.053759084611685
2044,"",46,391166,"8o6z0kcwse","fr","false",834,1194,1194,760,2,60,16.6666666666667,"",NA,"up","touchscreen",1008,100,99.0000000000582,6,TRUE,6,9,4,149,0,6,0.1,1,NA,2021-07-02 03:44:12.49101,"M","072014","right","NA","NA",0.88065406848646,0.402989355909697,0.158846598775657
1246,"",47,394457,"8o6z0kcwse","fr","false",834,1194,1194,760,2,60,16.6666666666667,"",NA,"up","touchscreen",993,99,98.0000000000582,6,TRUE,7,9,8,157,0.1875,6,0.05,1,NA,2021-07-02 03:44:12.49101,"M","072014","right","NA","NA",6.77478044758059,0.959080760039059,0.252757649921459
1354,"",48,397875,"8o6z0kcwse","fr","false",834,1194,1194,760,2,60,16.6666666666667,"",NA,"down","touchscreen",1007,99,98.0000000000582,6,TRUE,8,9,11,168,0.0625,6,0.15,1,NA,2021-07-02 03:44:12.49101,"M","072014","right","NA","NA",-0.633938970279775,-0.302154049255174,-0.0755515086207055
1399,"",49,401336,"8o6z0kcwse","fr","false",834,1194,1194,760,2,60,16.6666666666667,"",NA,"down","touchscreen",1006,100,99,6,TRUE,9,9,14,182,-0.125,18,0.1,1,NA,2021-07-02 03:44:12.49101,"M","072014","right","NA","NA",-2.99831934474328,-0.599784811038587,-0.217801354421163
1468.00000000006,"",50,404861,"8o6z0kcwse","fr","false",834,1194,1194,760,2,60,16.6666666666667,"",NA,"down","touchscreen",1006,100,99,6,FALSE,0,9,0,182,0.0625,18,0.15,1,NA,2021-07-02 03:44:12.49101,"M","072014","right","NA","NA",0.677880662711054,0.167087758689394,0.103905483436581
2201,"",51,409137,"8o6z0kcwse","fr","false",834,1194,1194,760,2,60,16.6666666666667,"",NA,"down","touchscreen",1005,100,100,6,TRUE,1,9,0,182,-0.125,18,0.2,1,NA,2021-07-02 03:44:12.49101,"M","072014","right","NA","NA",-1.22334280258149,-0.292463546116888,-0.144316895004544
1605,"",52,412820,"8o6z0kcwse","fr","false",834,1194,1194,760,2,60,16.6666666666667,"",NA,"down","touchscreen",1007,100,99,6,TRUE,2,9,2,184,-0.125,66,0.15,1,NA,2021-07-02 03:44:12.49101,"M","072014","right","NA","NA",-1.91268059281847,-0.232531482032407,-0.12145615511907
1514,"",53,416417,"8o6z0kcwse","fr","false",834,1194,1194,760,2,60,16.6666666666667,"",NA,"up","touchscreen",1007,101,100,6,TRUE,3,9,4,188,0.1875,66,0.1,1,NA,2021-07-02 03:44:12.49101,"M","072014","right","NA","NA",4.00119943323671,0.447320866419337,0.163050971914805
1413,"",54,419908,"8o6z0kcwse","fr","false",834,1194,1194,760,2,60,16.6666666666667,"",NA,"down","touchscreen",1008,100,99.0000000000582,6,TRUE,4,9,7,195,-0.0625,6,0.1,1,NA,2021-07-02 03:44:12.49101,"M","072014","right","NA","NA",-1.02945236068492,-0.457657699451028,-0.125753805172257
2881,"",55,424869,"8o6z0kcwse","fr","false",834,1194,1194,760,2,60,16.6666666666667,"",NA,"up","touchscreen",1005,100,98,6,FALSE,0,9,0,195,-0.1875,38,0.1,1,NA,2021-07-02 03:44:12.49101,"M","072014","right","NA","NA",-2.55012608761794,-0.391157021642393,-0.147195160253484
12045,"",56,438994,"8o6z0kcwse","fr","false",834,1194,1194,760,2,60,16.6666666666667,"",NA,"down","touchscreen",1005,99,98,6,TRUE,1,9,0,195,-0.0625,18,0.05,1,NA,2021-07-02 03:44:12.49101,"M","072014","right","NA","NA",-2.6777791358639,-0.55629741296787,-0.111859947995949
2472,"",57,443526,"8o6z0kcwse","fr","false",834,1194,1194,760,2,60,16.6666666666667,"",NA,"up","touchscreen",1008,100,100,6,FALSE,0,9,0,195,0.125,6,0.2,1,NA,2021-07-02 03:44:12.49101,"M","072014","right","NA","NA",-0.360727707452147,-0.177499825779876,-0.0451727135828274
1807,"",58,447394,"8o6z0kcwse","fr","false",834,1194,1194,760,2,60,16.6666666666667,"",NA,"down","touchscreen",993,100,99,6,FALSE,0,9,0,195,0.0625,18,0.1,1,NA,2021-07-02 03:44:12.49101,"M","072014","right","NA","NA",0.0565518157875273,0.0141365411992349,0.00405157208738369
2325,"",59,451802,"8o6z0kcwse","fr","false",834,1194,1194,760,2,60,16.6666666666667,"",NA,"up","touchscreen",1004,100,99,6,TRUE,1,9,0,195,0.1875,66,0.2,1,NA,2021-07-02 03:44:12.49101,"M","072014","right","NA","NA",1.52970766214531,0.187810855231057,0.124148715739112
1803,"",60,455683,"8o6z0kcwse","fr","false",834,1194,1194,760,2,60,16.6666666666667,"",NA,"down","touchscreen",1006,100,99.0000000000582,6,TRUE,2,9,1,196,-0.1875,18,0.15,1,NA,2021-07-02 03:44:12.49101,"M","072014","right","NA","NA",-1.12615527183752,-0.271003198155768,-0.183218446176854
1714,"",61,459483,"8o6z0kcwse","fr","false",834,1194,1194,760,2,60,16.6666666666667,"",NA,"up","touchscreen",1007,100,99,6,FALSE,0,9,0,196,0.0625,38,0.2,1,NA,2021-07-02 03:44:12.49101,"M","072014","right","NA","NA",-0.077899406371667,-0.0129821402781997,-0.00881982419717942
2227,"",62,463785,"8o6z0kcwse","fr","false",834,1194,1194,760,2,60,16.6666666666667,"",NA,"down","touchscreen",1004,100,99.0000000000582,6,TRUE,1,9,0,196,0,18,0.05,1,NA,2021-07-02 03:44:12.49101,"M","072014","right","NA","NA",-0.663342898009765,-0.163601342379485,-0.0300221581530573
4063.00000000006,"",63,469911,"8o6z0kcwse","fr","false",834,1194,1194,760,2,60,16.6666666666667,"",NA,"down","touchscreen",993,100,100,6,TRUE,2,9,0,196,-0.1875,66,0.05,1,NA,2021-07-02 03:44:12.49101,"M","072014","right","NA","NA",-9.98129403114138,-0.780297807268731,-0.19159144946267
3577.99999999994,"",64,475554,"8o6z0kcwse","fr","false",834,1194,1194,760,2,60,16.6666666666667,"",NA,"down","touchscreen",993,100,98.9999999999418,6,TRUE,3,9,0,196,-0.0625,6,0.15,1,NA,2021-07-02 03:44:12.49101,"M","072014","right","NA","NA",-1.92367962044974,-0.693221559434013,-0.258829304955344
2498,"",65,480115,"8o6z0kcwse","fr","false",834,1194,1194,760,2,60,16.6666666666667,"",NA,"up","touchscreen",992,101,100,6,TRUE,4,9,0,196,0.0625,18,0.05,1,NA,2021-07-02 03:44:12.49101,"M","072014","right","NA","NA",2.96488046040674,0.595476193384426,0.108040025399789
1768.99999999994,"",66,483966,"8o6z0kcwse","fr","false",834,1194,1194,760,2,60,16.6666666666667,"",NA,"up","touchscreen",1006,99,97.9999999999418,6,FALSE,0,9,0,196,-0.0625,18,0.15,1,NA,2021-07-02 03:44:12.49101,"M","072014","right","NA","NA",-0.334100475124557,-0.083235280216572,-0.0401584635610223
2504,"",67,488533,"8o6z0kcwse","fr","false",834,1194,1194,760,2,60,16.6666666666667,"",NA,"up","touchscreen",993,100,99,6,FALSE,0,9,0,196,-0.0625,18,0.2,1,NA,2021-07-02 03:44:12.49101,"M","072014","right","NA","NA",-0.577765872847624,-0.142957877194461,-0.0997324047185575
1705,"",68,492325,"8o6z0kcwse","fr","false",834,1194,1194,760,2,60,16.6666666666667,"",NA,"down","touchscreen",1008,100,99,6,FALSE,0,9,0,196,0.0625,66,0.2,1,NA,2021-07-02 03:44:12.49101,"M","072014","right","NA","NA",1.60169054178186,0.196315367292601,0.129775056366962
1550,"",69,495958,"8o6z0kcwse","fr","false",834,1194,1194,760,2,60,16.6666666666667,"",NA,"down","touchscreen",1005,100,100,6,TRUE,1,9,2,198,-0.125,38,0.2,1,NA,2021-07-02 03:44:12.49101,"M","072014","right","NA","NA",-0.993102577234556,-0.163295396834263,-0.108627396262111
3429,"",70,501473,"8o6z0kcwse","fr","false",834,1194,1194,760,2,60,16.6666666666667,"",NA,"up","touchscreen",1005,100,99,6,TRUE,2,9,2,200,0.0625,66,0.05,1,NA,2021-07-02 03:44:12.49101,"M","072014","right","NA","NA",2.76398880396093,0.326557452921899,0.0637694029820587
4465.00000000006,"",71,508013,"8o6z0kcwse","fr","false",834,1194,1194,760,2,60,16.6666666666667,"",NA,"up","touchscreen",993,99,98,6,FALSE,0,9,0,200,0,6,0.05,1,NA,2021-07-02 03:44:12.49101,"M","072014","right","NA","NA",-0.245755431049413,-0.121960428894145,-0.0193543637890041
1457.99999999994,"",72,511553,"8o6z0kcwse","fr","false",834,1194,1194,760,2,60,16.6666666666667,"",NA,"down","touchscreen",1005,100,98.9999999999418,6,FALSE,0,9,0,200,0.0625,6,0.1,1,NA,2021-07-02 03:44:12.49101,"M","072014","right","NA","NA",0.376603913957016,0.1850498203735,0.0720526630762543
2519,"",73,516153,"8o6z0kcwse","fr","false",834,1194,1194,760,2,60,16.6666666666667,"",NA,"down","touchscreen",1005,100,98.0000000000582,6,TRUE,1,9,0,200,0,18,0.15,1,NA,2021-07-02 03:44:12.49101,"M","072014","right","NA","NA",-0.692180435507308,-0.17051099706471,-0.0647830263138346
2213.00000000012,"",74,520445,"8o6z0kcwse","fr","false",834,1194,1194,760,2,60,16.6666666666667,"",NA,"down","touchscreen",1005,99,99.0000000000582,6,TRUE,2,9,0,200,-0.1875,38,0.05,1,NA,2021-07-02 03:44:12.49101,"M","072014","right","NA","NA",-4.46224573832792,-0.596763674488679,-0.148940966568814
3340.00000000012,"",75,525850,"8o6z0kcwse","fr","false",834,1194,1194,760,2,60,16.6666666666667,"",NA,"down","touchscreen",993,100,100,6,TRUE,3,9,0,200,-0.125,6,0.15,1,NA,2021-07-02 03:44:12.49101,"M","072014","right","NA","NA",-0.547476013723779,-0.264024667647442,-0.164261850404079
2626,"",76,530563,"8o6z0kcwse","fr","false",834,1194,1194,760,2,60,16.6666666666667,"",NA,"up","touchscreen",1007,100,99,6,TRUE,4,9,0,200,0.0625,66,0.15,1,NA,2021-07-02 03:44:12.49101,"M","072014","right","NA","NA",0.562731583056623,0.070168069112126,0.0399870631403158
3338,"",77,535974,"8o6z0kcwse","fr","false",834,1194,1194,760,2,60,16.6666666666667,"",NA,"down","touchscreen",1002,100,99,6,TRUE,5,9,0,200,-0.1875,18,0.1,1,NA,2021-07-02 03:44:12.49101,"M","072014","right","NA","NA",-2.37808774091923,-0.511029250025275,-0.175968190188956
3417,"",78,541451,"8o6z0kcwse","fr","false",834,1194,1194,760,2,60,16.6666666666667,"",NA,"down","touchscreen",1004,100,99,6,FALSE,0,9,0,200,0.1875,6,0.2,1,NA,2021-07-02 03:44:12.49101,"M","072014","right","NA","NA",0.602466811776462,0.288431175959716,0.143732995753061
2194,"",79,545722,"8o6z0kcwse","fr","false",834,1194,1194,760,2,60,16.6666666666667,"",NA,"up","touchscreen",1004,101,100.000000000116,6,TRUE,1,9,0,200,0.1875,18,0.1,1,NA,2021-07-02 03:44:12.49101,"M","072014","right","NA","NA",2.49469301033061,0.529189170180682,0.20087179213957
5189,"",80,552989,"8o6z0kcwse","fr","false",834,1194,1194,760,2,60,16.6666666666667,"",NA,"down","touchscreen",1004,101,100,6,TRUE,2,9,0,200,0,66,0.1,1,NA,2021-07-02 03:44:12.49101,"M","072014","right","NA","NA",-0.539111774141604,-0.0672364750920446,-0.0184360744869625
2121,"",81,557178,"8o6z0kcwse","fr","false",834,1194,1194,760,2,60,16.6666666666667,"",NA,"up","touchscreen",992,100,99.0000000001164,6,TRUE,3,9,0,200,0.0625,66,0.1,1,NA,2021-07-02 03:44:12.49101,"M","072014","right","NA","NA",3.89895666635475,0.438107521751343,0.150966966308533
1844,"",82,561094,"8o6z0kcwse","fr","false",834,1194,1194,760,2,60,16.6666666666667,"",NA,"down","touchscreen",1003,99,99,6,TRUE,4,9,1,201,-0.125,18,0.05,1,NA,2021-07-02 03:44:12.49101,"M","072014","right","NA","NA",-6.05129622944363,-0.834219768989252,-0.13376970642462
1805.00000000012,"",83,564978,"8o6z0kcwse","fr","false",834,1194,1194,760,2,60,16.6666666666667,"",NA,"down","touchscreen",1007,100,99,6,TRUE,5,9,2,203,-0.125,6,0.05,1,NA,2021-07-02 03:44:12.49101,"M","072014","right","NA","NA",-3.22604932285214,-0.849920457863345,-0.13522047713172
1533,"",84,568567,"8o6z0kcwse","fr","false",834,1194,1194,760,2,60,16.6666666666667,"",NA,"up","touchscreen",1003,100,99,6,FALSE,0,9,0,203,0.125,6,0.15,1,NA,2021-07-02 03:44:12.49101,"M","072014","right","NA","NA",-0.0122688176545499,-0.00613429340865005,-0.00237630714862223
1695,"",85,572344,"8o6z0kcwse","fr","false",834,1194,1194,760,2,60,16.6666666666667,"",NA,"up","touchscreen",992,101,99,6,TRUE,1,9,2,205,0.125,18,0.05,1,NA,2021-07-02 03:44:12.49101,"M","072014","right","NA","NA",5.44327687592398,0.805821216543561,0.164952213288439
1482,"",86,575912,"8o6z0kcwse","fr","false",834,1194,1194,760,2,60,16.6666666666667,"",NA,"down","touchscreen",1004,100,99,6,TRUE,2,9,5,210,-0.125,38,0.05,1,NA,2021-07-02 03:44:12.49101,"M","072014","right","NA","NA",-4.17915267513406,-0.571547282161191,-0.114405200618562
1430.99999999988,"",87,579428,"8o6z0kcwse","fr","false",834,1194,1194,760,2,60,16.6666666666667,"",NA,"up","touchscreen",1006,99,97.9999999998836,6,TRUE,3,9,8,218,0.125,38,0.05,1,NA,2021-07-02 03:44:12.49101,"M","072014","right","NA","NA",5.4356677042928,0.67139515225275,0.12999652170229
2793,"",88,584308,"8o6z0kcwse","fr","false",834,1194,1194,760,2,60,16.6666666666667,"",NA,"down","touchscreen",1004,100,99,6,TRUE,4,9,8,226,-0.125,66,0.05,1,NA,2021-07-02 03:44:12.49101,"M","072014","right","NA","NA",-6.17874495702888,-0.611257119804408,-0.144672497973073
2255.00000000012,"",89,588645,"8o6z0kcwse","fr","false",834,1194,1194,760,2,60,16.6666666666667,"",NA,"down","touchscreen",1006,100,100,6,TRUE,5,9,8,234,-0.0625,38,0.1,1,NA,2021-07-02 03:44:12.49101,"M","072014","right","NA","NA",-1.73309174717699,-0.277503949353497,-0.10028520832449
4952,"",90,595656,"8o6z0kcwse","fr","false",834,1194,1194,760,2,60,16.6666666666667,"",NA,"up","touchscreen",1006,100,99.0000000001164,6,FALSE,0,9,0,234,-0.0625,66,0.15,1,NA,2021-07-02 03:44:12.49101,"M","072014","right","NA","NA",-0.235515606147722,-0.0294267017447064,-0.0167338911736573
3181,"",91,600917,"8o6z0kcwse","fr","false",834,1194,1194,760,2,60,16.6666666666667,"",NA,"down","touchscreen",1004,100,99,6,FALSE,0,9,0,234,0.125,66,0.15,1,NA,2021-07-02 03:44:12.49101,"M","072014","right","NA","NA",1.1191000373922,0.138538574822437,0.0773838651267813
2142,"",92,605135,"8o6z0kcwse","fr","false",834,1194,1194,760,2,60,16.6666666666667,"",NA,"down","touchscreen",1005,99,99,6,TRUE,1,9,0,234,0.0625,38,0.15,1,NA,2021-07-02 03:44:12.49101,"M","072014","right","NA","NA",-0.835030254296655,-0.137843185063351,-0.0706926699909403
1625,"",93,608836,"8o6z0kcwse","fr","false",834,1194,1194,760,2,60,16.6666666666667,"",NA,"up","touchscreen",1005,100,99,6,TRUE,2,9,2,236,0.1875,18,0.15,1,NA,2021-07-02 03:44:12.49101,"M","072014","right","NA","NA",2.60197924656244,0.545279901368564,0.275289629982431
2240,"",94,613145,"8o6z0kcwse","fr","false",834,1194,1194,760,2,60,16.6666666666667,"",NA,"down","touchscreen",1003,100,100,6,TRUE,3,9,2,238,-0.1875,6,0.2,1,NA,2021-07-02 03:44:12.49101,"M","072014","right","NA","NA",-0.84952843403118,-0.3909568173726,-0.167185485437211
2679.00000000012,"",95,617900,"8o6z0kcwse","fr","false",834,1194,1194,760,2,60,16.6666666666667,"",NA,"down","touchscreen",1005,100,98,6,TRUE,4,9,2,240,-0.125,6,0.1,1,NA,2021-07-02 03:44:12.49101,"M","072014","right","NA","NA",-0.240193727802892,-0.119240027667702,-0.0261100698541894
2165,"",96,622144,"8o6z0kcwse","fr","false",834,1194,1194,760,2,60,16.6666666666667,"",NA,"down","touchscreen",1007,100,98,6,TRUE,5,9,2,242,0.0625,38,0.1,1,NA,2021-07-02 03:44:12.49101,"M","072014","right","NA","NA",-0.643337985251136,-0.1066119026013,-0.0304108881132069
2648,"",97,626836,"8o6z0kcwse","fr","false",834,1194,1194,760,2,60,16.6666666666667,"",NA,"up","touchscreen",992,101,100,6,TRUE,6,9,2,244,0.0625,38,0.05,1,NA,2021-07-02 03:44:12.49101,"M","072014","right","NA","NA",1.93203273087668,0.306506835768593,0.0473157576106622
3115,"",98,632005,"8o6z0kcwse","fr","false",834,1194,1194,760,2,60,16.6666666666667,"",NA,"down","touchscreen",1003,100,99,6,TRUE,7,9,2,246,-0.0625,6,0.05,1,NA,2021-07-02 03:44:12.49101,"M","072014","right","NA","NA",-1.04498867796429,-0.463092055462804,-0.0809743515744878
2469.99999999988,"",99,636522,"8o6z0kcwse","fr","false",834,1194,1194,760,2,60,16.6666666666667,"",NA,"down","touchscreen",992,99,97.9999999998836,6,FALSE,0,9,0,246,0,38,0.05,1,NA,2021-07-02 03:44:12.49101,"M","072014","right","NA","NA",0.868576143840232,0.14326928164936,0.0272733985285682
2519,"",100,641112,"8o6z0kcwse","fr","false",834,1194,1194,760,2,60,16.6666666666667,"",NA,"up","touchscreen",1005,100,99,6,TRUE,1,9,0,246,0.125,38,0.15,1,NA,2021-07-02 03:44:12.49101,"M","072014","right","NA","NA",0.733073397349359,0.121277059902363,0.061581031779939
2969,"",101,646145,"8o6z0kcwse","fr","false",834,1194,1194,760,2,60,16.6666666666667,"",NA,"up","touchscreen",993,100,99,6,FALSE,0,9,0,246,-0.125,38,0.15,1,NA,2021-07-02 03:44:12.49101,"M","072014","right","NA","NA",-1.10605911285471,-0.181288607268232,-0.120384968181357
2010.99999999988,"",102,650229,"8o6z0kcwse","fr","false",834,1194,1194,760,2,60,16.6666666666667,"",NA,"up","touchscreen",1003,100,98.9999999998836,6,TRUE,1,9,0,246,0.1875,38,0.05,1,NA,2021-07-02 03:44:12.49101,"M","072014","right","NA","NA",6.29978939262062,0.724126416941117,0.158080031794333
2822.99999999988,"",103,655114,"8o6z0kcwse","fr","false",834,1194,1194,760,2,60,16.6666666666667,"",NA,"down","touchscreen",992,100,98.9999999998836,6,TRUE,2,9,0,246,-0.1875,6,0.05,1,NA,2021-07-02 03:44:12.49101,"M","072014","right","NA","NA",-7.09889125641395,-0.962529389172974,-0.312560326151062
3962,"",104,661155,"8o6z0kcwse","fr","false",834,1194,1194,760,2,60,16.6666666666667,"",NA,"down","touchscreen",1003,100,99,6,FALSE,0,9,0,246,-0.0625,66,0.2,1,NA,2021-07-02 03:44:12.49101,"M","072014","right","NA","NA",0.0175017071099332,0.002187708153464,0.00124892351796547
3963,"",105,667186,"8o6z0kcwse","fr","false",834,1194,1194,760,2,60,16.6666666666667,"",NA,"up","touchscreen",992,100,98.0000000001164,6,TRUE,1,9,0,246,0.125,38,0.1,1,NA,2021-07-02 03:44:12.49101,"M","072014","right","NA","NA",1.96558017142859,0.311317130975549,0.141506626344289
2429,"",106,671688,"8o6z0kcwse","fr","false",834,1194,1194,760,2,60,16.6666666666667,"",NA,"down","touchscreen",1002,100,98,6,FALSE,0,9,0,246,0.1875,38,0.2,1,NA,2021-07-02 03:44:12.49101,"M","072014","right","NA","NA",1.43852770111435,0.233147321440883,0.166102098874747
2342,"",107,676097,"8o6z0kcwse","fr","false",834,1194,1194,760,2,60,16.6666666666667,"",NA,"up","touchscreen",993,100,99,6,FALSE,0,9,0,246,-0.1875,38,0.2,1,NA,2021-07-02 03:44:12.49101,"M","072014","right","NA","NA",-0.38360015160666,-0.0638030948213165,-0.0432183439783087
1464,"",108,679633,"8o6z0kcwse","fr","false",834,1194,1194,760,2,60,16.6666666666667,"",NA,"up","touchscreen",1003,99,98,6,TRUE,1,9,3,249,0.125,18,0.15,1,NA,2021-07-02 03:44:12.49101,"M","072014","right","NA","NA",2.70467808390218,0.560138251379754,0.267410636101887
1799,"",109,683508,"8o6z0kcwse","fr","false",834,1194,1194,760,2,60,16.6666666666667,"",NA,"down","touchscreen",1005,100,99,6,TRUE,2,9,4,253,-0.1875,38,0.15,1,NA,2021-07-02 03:44:12.49101,"M","072014","right","NA","NA",-1.71369630544662,-0.274633798067861,-0.139372361581025
1653,"",110,687237,"8o6z0kcwse","fr","false",834,1194,1194,760,2,60,16.6666666666667,"",NA,"up","touchscreen",1005,100,99,6,FALSE,0,9,0,253,-0.125,6,0.2,1,NA,2021-07-02 03:44:12.49101,"M","072014","right","NA","NA",-0.00347565131633593,-0.00173782303402413,-0.00103268416715802
2693,"",111,692007,"8o6z0kcwse","fr","false",834,1194,1194,760,2,60,16.6666666666667,"",NA,"up","touchscreen",1004,100,99,6,FALSE,0,9,0,253,-0.125,38,0.1,1,NA,2021-07-02 03:44:12.49101,"M","072014","right","NA","NA",-0.881100696203461,-0.145291865736559,-0.0592431133968834
2122,"",112,696195,"8o6z0kcwse","fr","false",834,1194,1194,760,2,60,16.6666666666667,"",NA,"down","touchscreen",1004,100,100,6,FALSE,0,9,0,253,0.125,38,0.2,1,NA,2021-07-02 03:44:12.49101,"M","072014","right","NA","NA",1.06049672774224,0.174051643884664,0.106921124818349
1317,"",113,699597,"8o6z0kcwse","fr","false",834,1194,1194,760,2,60,16.6666666666667,"",NA,"down","touchscreen",1001,101,100,6,TRUE,1,9,3,256,-0.1875,66,0.2,1,NA,2021-07-02 03:44:12.49101,"M","072014","right","NA","NA",-3.19738811239445,-0.371129309300868,-0.290515412082583
9505.89999999966,"",2,157268,"9xv1g4e459","fr","false",1280,800,1280,632,2,60,16.6666666666667,"",NA,"down","touchscreen",998.51999999999,99.8509999999951,94.0999999998021,6,TRUE,1,1,0,0,-0.125,18,0.15,1,NA,2021-07-01 03:25:11.938958,"M","6","right","NA","NA",-1.37605148409818,-0.325302064572667,-0.172318472479887
2224.49999999981,"",3,161531,"9xv1g4e459","fr","false",1280,800,1280,632,2,60,16.6666666666667,"",NA,"up","touchscreen",998.695999999996,99.8629999999976,96.0999999997439,6,TRUE,2,2,0,0,0.1875,6,0.05,1,NA,2021-07-01 03:25:11.938958,"M","6","right","NA","NA",3.23392987715609,0.85049535480277,0.226720923332543
1298.09999999998,"",4,164865,"9xv1g4e459","fr","false",1280,800,1280,632,2,60,16.6666666666667,"",NA,"down","touchscreen",998.521999999997,99.872000000003,96.4999999996508,6,TRUE,3,3,4,4,-0.125,18,0.1,1,NA,2021-07-01 03:25:11.938958,"M","6","right","NA","NA",-1.39858446419663,-0.330052810830576,-0.104266378748677
1356.89999999978,"",5,168253,"9xv1g4e459","fr","false",1280,800,1280,632,2,60,16.6666666666667,"",NA,"up","touchscreen",998.497999999992,99.9550000000017,95.899999999805,6,FALSE,0,3,0,4,0,66,0.05,1,NA,2021-07-01 03:25:11.938958,"M","6","right","NA","NA",-0.854532578067815,-0.106212361007592,-0.0186877576157561
4364.19999999998,"",6,174654,"9xv1g4e459","fr","false",1280,800,1280,632,2,60,16.6666666666667,"",NA,"up","touchscreen",998.458999999988,99.8699999999953,97.6000000000495,6,TRUE,1,3,0,4,-0.0625,6,0.2,1,NA,2021-07-01 03:25:11.938958,"M","6","right","NA","NA",0.254021707293133,0.125998629914891,0.0803650555964104
1903.4999999999,"",7,178585,"9xv1g4e459","fr","false",1280,800,1280,632,2,60,16.6666666666667,"",NA,"down","touchscreen",998.300000000003,100.122000000003,97.0000000002037,6,TRUE,2,3,0,4,0,18,0.1,1,NA,2021-07-01 03:25:11.938958,"M","6","right","NA","NA",-0.487313251193268,-0.120934157655233,-0.0340191687548353
2134.30000000016,"",8,182763,"9xv1g4e459","fr","false",1280,800,1280,632,2,60,16.6666666666667,"",NA,"up","touchscreen",998.712,99.8709999999992,95.899999999805,6,TRUE,3,3,0,4,0.1875,38,0.1,1,NA,2021-07-01 03:25:11.938958,"M","6","right","NA","NA",3.21420410765644,0.472212096821251,0.181956079195775
1283.69999999995,"",9,186089,"9xv1g4e459","fr","false",1280,800,1280,632,2,60,16.6666666666667,"",NA,"down","touchscreen",997.952000000005,100.358000000007,96.6000000003114,6,TRUE,4,4,4,8,-0.0625,66,0.2,1,NA,2021-07-01 03:25:11.938958,"M","6","right","NA","NA",-0.0955676070533681,-0.0119450985949946,-0.00771181456616285
870.000000000349,"",10,188988,"9xv1g4e459","fr","false",1280,800,1280,632,2,60,16.6666666666667,"",NA,"up","touchscreen",998.592000000004,99.6189999999915,95.9000000002561,6,FALSE,0,4,0,8,-0.1875,18,0.2,1,NA,2021-07-01 03:25:11.938958,"M","6","right","NA","NA",-1.53100968483872,-0.357462943922803,-0.310842404196832
128.600000000006,"",11,191156,"9xv1g4e459","fr","false",1280,800,1280,632,2,60,16.6666666666667,"",NA,"down","touchscreen",998.399999999994,99.7220000000088,98.3999999998487,6,FALSE,0,4,0,8,-0.0625,6,0.15,1,NA,2021-07-01 03:25:11.938958,"M","6","right","NA","NA",0.0221040265193937,0.0110513383364103,0.00565930825646941
3598.99999999971,"",12,196792,"9xv1g4e459","fr","false",1280,800,1280,632,2,60,16.6666666666667,"",NA,"up","touchscreen",998.766999999993,99.5840000000026,96.1000000002095,6,FALSE,0,4,0,8,-0.125,66,0.2,1,NA,2021-07-01 03:25:11.938958,"M","6","right","NA","NA",-1.46401871040693,-0.180012859614113,-0.118798958241137
2711.69999999984,"",13,201547,"9xv1g4e459","fr","false",1280,800,1280,632,2,60,16.6666666666667,"",NA,"down","touchscreen",998.434999999998,99.792999999976,96.7999999998137,6,FALSE,0,4,0,8,0.125,18,0.05,1,NA,2021-07-01 03:25:11.938958,"M","6","right","NA","NA",3.13880763694303,0.617328993614734,0.124692199125439
2006.99999999959,"",14,205583,"9xv1g4e459","fr","false",1280,800,1280,632,2,60,16.6666666666667,"",NA,"down","touchscreen",998.532999999996,99.8349999999919,96.5999999998603,6,FALSE,0,4,0,8,0,38,0.05,1,NA,2021-07-01 03:25:11.938958,"M","6","right","NA","NA",0.0176238462133854,0.00293729503109565,0.000496911474729425
934.50000000032,"",15,208556,"9xv1g4e459","fr","false",1280,800,1280,632,2,60,16.6666666666667,"",NA,"up","touchscreen",998.388000000006,99.8559999999998,97.7000000002736,6,FALSE,0,4,0,8,0.0625,66,0.1,1,NA,2021-07-01 03:25:11.938958,"M","6","right","NA","NA",-0.277475064911846,-0.034663539150675,-0.0117854267612924
2046.60000000012,"",16,212630,"9xv1g4e459","fr","false",1280,800,1280,632,2,60,16.6666666666667,"",NA,"up","touchscreen",997.729999999981,100.717999999993,96.7000000000407,6,TRUE,1,4,0,8,0.125,38,0.1,1,NA,2021-07-01 03:25:11.938958,"M","6","right","NA","NA",2.24223791761219,0.350060793345153,0.111495023309957
258.399999999703,"",17,214929,"9xv1g4e459","fr","false",1280,800,1280,632,2,60,16.6666666666667,"",NA,"down","touchscreen",998.205000000016,99.86599999998,89.6999999999825,6,FALSE,0,4,0,8,0,6,0.1,1,NA,2021-07-01 03:25:11.938958,"M","6","right","NA","NA",1.67605991175224,0.642306374903725,0.162191203949917
166.400000000081,"",18,217126,"9xv1g4e459","fr","false",1280,800,1280,632,2,60,16.6666666666667,"",NA,"up","touchscreen",998.639999999985,99.7509999999893,95.2000000002154,6,TRUE,1,4,9,17,0.0625,38,0.2,1,NA,2021-07-01 03:25:11.938958,"M","6","right","NA","NA",1.38644624840143,0.225141774452634,0.122785546595511
835.599999999889,"",19,219991,"9xv1g4e459","fr","false",1280,800,1280,632,2,60,16.6666666666667,"",NA,"up","touchscreen",998.061999999976,100.33600000001,98.8999999999651,6,TRUE,2,4,15,32,0.0625,66,0.2,1,NA,2021-07-01 03:25:11.938958,"M","6","right","NA","NA",0.738987630459222,0.0919818534923389,0.0594659399197084
255.999999999854,"",20,222275,"9xv1g4e459","fr","false",1280,800,1280,632,2,60,16.6666666666667,"",NA,"up","touchscreen",999.000999999989,99.2930000000051,95.1000000000058,6,FALSE,0,4,0,32,-0.125,18,0.2,1,NA,2021-07-01 03:25:11.938958,"M","6","right","NA","NA",-0.968225008918281,-0.235262202810707,-0.162343117087569
937.800000000163,"",21,225254,"9xv1g4e459","fr","false",1280,800,1280,632,2,60,16.6666666666667,"",NA,"up","touchscreen",999.116999999998,99.9539999999979,95.8999999997905,6,TRUE,1,4,5,37,0.0625,18,0.05,1,NA,2021-07-01 03:25:11.938958,"M","6","right","NA","NA",1.19342338056083,0.285902121764128,0.0545686925601433
102.600000000151,"",22,227395,"9xv1g4e459","fr","false",1280,800,1280,632,2,60,16.6666666666667,"",NA,"down","touchscreen",999.377999999997,98.7880000000005,98.4000000002852,6,TRUE,2,4,14,51,0,6,0.2,1,NA,2021-07-01 03:25:11.938958,"M","6","right","NA","NA",-0.253400543094911,-0.125695396781194,-0.0155631869374271
1858.50000000029,"",23,231284,"9xv1g4e459","fr","false",1280,800,1280,632,2,60,16.6666666666667,"",NA,"up","touchscreen",998.437999999995,99.920999999973,95.6999999998661,6,FALSE,0,4,0,51,-0.1875,66,0.2,1,NA,2021-07-01 03:25:11.938958,"M","6","right","NA","NA",-0.908612494388202,-0.112851025547997,-0.0892997325210143
2698.70000000039,"",24,236014,"9xv1g4e459","fr","false",1280,800,1280,632,2,60,16.6666666666667,"",NA,"down","touchscreen",998.50999999998,99.8969999999972,99.9000000001688,6,TRUE,1,4,0,51,-0.0625,6,0.05,1,NA,2021-07-01 03:25:11.938958,"M","6","right","NA","NA",-1.7012822710023,-0.647931888646817,-0.148391244402409
1441.10000000001,"",25,239481,"9xv1g4e459","fr","false",1280,800,1280,632,2,60,16.6666666666667,"",NA,"up","touchscreen",998.290999999997,99.8700000000244,99.4000000000815,6,FALSE,0,4,0,51,-0.125,6,0.15,1,NA,2021-07-01 03:25:11.938958,"M","6","right","NA","NA",-0.997590982346579,-0.446351096260705,-0.194378775774294
1617.99999999994,"",26,243143,"9xv1g4e459","fr","false",1280,800,1280,632,2,60,16.6666666666667,"",NA,"up","touchscreen",998.448000000004,99.8550000000105,96.0999999997439,6,FALSE,0,4,0,51,-0.0625,38,0.15,1,NA,2021-07-01 03:25:11.938958,"M","6","right","NA","NA",-2.17434834114001,-0.340709070161186,-0.164414662393742
1192.6999999996,"",27,246380,"9xv1g4e459","fr","false",1280,800,1280,632,2,60,16.6666666666667,"",NA,"down","touchscreen",999.861000000004,98.3849999999802,94.2999999997264,6,TRUE,1,4,4,55,-0.1875,66,0.15,1,NA,2021-07-01 03:25:11.938958,"M","6","right","NA","NA",-2.05056032958368,-0.248293350388526,-0.117610084385213
1744.69999999975,"",28,250159,"9xv1g4e459","fr","false",1280,800,1280,632,2,60,16.6666666666667,"",NA,"up","touchscreen",998.275999999983,100.077000000019,95.4000000001688,6,TRUE,2,4,5,60,0.0625,38,0.05,1,NA,2021-07-01 03:25:11.938958,"M","6","right","NA","NA",2.67219193656799,0.406840809359166,0.0623377016478478
1566.90000000026,"",29,253760,"9xv1g4e459","fr","false",1280,800,1280,632,2,60,16.6666666666667,"",NA,"up","touchscreen",998.592000000004,99.8319999999949,96.20000000039,6,FALSE,0,4,0,60,-0.0625,38,0.05,1,NA,2021-07-01 03:25:11.938958,"M","6","right","NA","NA",-3.3694632679755,-0.489649911796685,-0.0792917649302312
1198.49999999997,"",30,256985,"9xv1g4e459","fr","false",1280,800,1280,632,2,60,16.6666666666667,"",NA,"up","touchscreen",998.400999999983,99.9679999999935,94.9000000000524,6,FALSE,0,4,0,60,-0.1875,18,0.1,1,NA,2021-07-01 03:25:11.938958,"M","6","right","NA","NA",-2.75787083218232,-0.567628360513508,-0.236737172187461
907.999999999913,"",31,259926,"9xv1g4e459","fr","false",1280,800,1280,632,2,60,16.6666666666667,"",NA,"down","touchscreen",998.505000000005,99.9210000000021,95.8999999998196,6,FALSE,0,4,0,60,0.1875,38,0.2,1,NA,2021-07-01 03:25:11.938958,"M","6","right","NA","NA",1.32062988003915,0.214959574313928,0.145457356154739
214.899999999936,"",32,262177,"9xv1g4e459","fr","false",1280,800,1280,632,2,60,16.6666666666667,"",NA,"up","touchscreen",999.347000000009,99.0590000000084,95.4999999998836,6,TRUE,1,4,9,69,0.1875,38,0.15,1,NA,2021-07-01 03:25:11.938958,"M","6","right","NA","NA",1.40122846664898,0.227418696237609,0.121145746535213
4876.19999999969,"",33,269087,"9xv1g4e459","fr","false",1280,800,1280,632,2,60,16.6666666666667,"",NA,"down","touchscreen",998.47100000002,99.9079999999958,94.7999999998428,6,FALSE,0,4,0,69,-0.0625,6,0.1,1,NA,2021-07-01 03:25:11.938958,"M","6","right","NA","NA",2.15297243028279,0.732655809765425,0.099418242375062
841.799999999697,"",34,271953,"9xv1g4e459","fr","false",1280,800,1280,632,2,60,16.6666666666667,"",NA,"up","touchscreen",998.662000000011,99.695000000007,99.0999999998894,6,TRUE,1,4,6,75,-0.125,38,0.2,1,NA,2021-07-01 03:25:11.938958,"M","6","right","NA","NA",0.844403125223267,0.139360532286619,0.100777044356692
446.699999999983,"",35,274444,"9xv1g4e459","fr","false",1280,800,1280,632,2,60,16.6666666666667,"",NA,"up","touchscreen",998.40399999998,100.015000000014,95.6999999998661,6,FALSE,0,4,0,75,-0.125,66,0.05,1,NA,2021-07-01 03:25:11.938958,"M","6","right","NA","NA",-6.77424435025906,-0.646220911201933,-0.144686743931481
2232.39999999988,"",36,278706,"9xv1g4e459","fr","false",1280,800,1280,632,2,60,16.6666666666667,"",NA,"up","touchscreen",997.652000000002,100.853000000003,98.0999999997148,6,TRUE,1,4,0,75,0,6,0.05,1,NA,2021-07-01 03:25:11.938958,"M","6","right","NA","NA",3.01129524765157,0.833010456528613,0.142239239120115
777.799999999843,"",37,281515,"9xv1g4e459","fr","false",1280,800,1280,632,2,60,16.6666666666667,"",NA,"down","touchscreen",998.478999999992,99.6059999999998,94.499999999709,6,FALSE,0,4,0,75,-0.125,6,0.2,1,NA,2021-07-01 03:25:11.938958,"M","6","right","NA","NA",0.934664459148577,0.423380540166822,0.0979269753448822
1106.40000000011,"",38,284657,"9xv1g4e459","fr","false",1280,800,1280,632,2,60,16.6666666666667,"",NA,"up","touchscreen",998.409000000014,99.9079999999958,95.4999999998836,6,FALSE,0,4,0,75,-0.125,6,0.1,1,NA,2021-07-01 03:25:11.938958,"M","6","right","NA","NA",-3.7894238503016,-0.88438221900982,-0.169322416753704
2869.30000000028,"",39,289564,"9xv1g4e459","fr","false",1280,800,1280,632,2,60,16.6666666666667,"",NA,"down","touchscreen",998.677999999985,99.6840000000084,95.8999999998196,6,TRUE,1,4,0,75,-0.125,38,0.15,1,NA,2021-07-01 03:25:11.938958,"M","6","right","NA","NA",-1.39100222603817,-0.225843932077358,-0.15968238125957
2925.89999999973,"",40,294530,"9xv1g4e459","fr","false",1280,800,1280,632,2,60,16.6666666666667,"",NA,"down","touchscreen",998.641000000003,99.3919999999925,95.5999999996566,6,TRUE,2,4,0,75,-0.0625,66,0.05,1,NA,2021-07-01 03:25:11.938958,"M","6","right","NA","NA",-2.89220061537149,-0.339988836994975,-0.0623065864483752
710.700000000099,"",41,297272,"9xv1g4e459","fr","false",1280,800,1280,632,2,60,16.6666666666667,"",NA,"down","touchscreen",998.603999999992,99.8010000000068,98.1000000001513,6,FALSE,0,4,0,75,0.125,38,0.2,1,NA,2021-07-01 03:25:11.938958,"M","6","right","NA","NA",2.31830583733521,0.360416055494742,0.27543086410331
1334.20000000024,"",42,300644,"9xv1g4e459","fr","false",1280,800,1280,632,2,60,16.6666666666667,"",NA,"up","touchscreen",998.248999999982,99.9370000000054,95.2999999999593,6,FALSE,0,4,0,75,-0.125,38,0.05,1,NA,2021-07-01 03:25:11.938958,"M","6","right","NA","NA",-5.85607224885936,-0.698471336271804,-0.127554512931046
986.499999999971,"",43,303675,"9xv1g4e459","fr","false",1280,800,1280,632,2,60,16.6666666666667,"",NA,"down","touchscreen",998.146999999997,100.313999999984,95.9000000002561,6,FALSE,0,4,0,75,0.0625,38,0.15,1,NA,2021-07-01 03:25:11.938958,"M","6","right","NA","NA",0.404702484412311,0.0672975008395552,0.0371909828937865
2789.80000000002,"",44,308509,"9xv1g4e459","fr","false",1280,800,1280,632,2,60,16.6666666666667,"",NA,"down","touchscreen",998.902999999991,99.377999999997,95.2999999999302,6,FALSE,0,4,0,75,0.0625,6,0.15,1,NA,2021-07-01 03:25:11.938958,"M","6","right","NA","NA",0.854370350515159,0.392842036194032,0.185906339027013
814.399999999732,"",45,311353,"9xv1g4e459","fr","false",1280,800,1280,632,2,60,16.6666666666667,"",NA,"up","touchscreen",998.479999999981,99.8500000000058,97.9999999999418,6,FALSE,0,4,0,75,-0.125,38,0.1,1,NA,2021-07-01 03:25:11.938958,"M","6","right","NA","NA",-2.12419983054671,-0.333735435861037,-0.115304735343741
215.299999999843,"",46,313601,"9xv1g4e459","fr","false",1280,800,1280,632,2,60,16.6666666666667,"",NA,"down","touchscreen",998.58600000001,99.8449999999721,98.3999999998487,6,TRUE,1,4,9,84,0,38,0.1,1,NA,2021-07-01 03:25:11.938958,"M","6","right","NA","NA",-0.998678853988228,-0.164187651061624,-0.0519565499209422
2525.49999999971,"",47,318161,"9xv1g4e459","fr","false",1280,800,1280,632,2,60,16.6666666666667,"",NA,"up","touchscreen",998.517999999982,99.8550000000105,96.5999999998312,6,FALSE,0,4,0,84,-0.1875,66,0.1,1,NA,2021-07-01 03:25:11.938958,"M","6","right","NA","NA",-4.58511123609319,-0.497257151704073,-0.188496441978329
1037.49999999988,"",48,321232,"9xv1g4e459","fr","false",1280,800,1280,632,2,60,16.6666666666667,"",NA,"down","touchscreen",998.544999999984,99.8760000000184,98.3999999998487,6,FALSE,0,4,0,84,0.125,66,0.2,1,NA,2021-07-01 03:25:11.938958,"M","6","right","NA","NA",2.97714675823632,0.348775137762345,0.261365348427346
1130.59999999998,"",49,324387,"9xv1g4e459","fr","false",1280,800,1280,632,2,60,16.6666666666667,"",NA,"up","touchscreen",998.429000000004,99.7739999999758,99.2000000001281,6,FALSE,0,4,0,84,0,18,0.15,1,NA,2021-07-01 03:25:11.938958,"M","6","right","NA","NA",-2.44900801914749,-0.522158268167282,-0.224174098415702
906.000000000407,"",50,327324,"9xv1g4e459","fr","false",1280,800,1280,632,2,60,16.6666666666667,"",NA,"down","touchscreen",998.819000000018,99.6329999999725,99.8000000003958,6,FALSE,0,4,0,84,0.1875,6,0.15,1,NA,2021-07-01 03:25:11.938958,"M","6","right","NA","NA",8.12858431887584,0.971039335939963,0.285956555457786
4833.30000000028,"",51,334185,"9xv1g4e459","fr","false",1280,800,1280,632,2,60,16.6666666666667,"",NA,"up","touchscreen",999.559000000008,98.8269999999902,95.4999999999418,6,TRUE,1,4,0,84,0.1875,18,0.2,1,NA,2021-07-01 03:25:11.938958,"M","6","right","NA","NA",1.13007840866403,0.271877607999923,0.240622305437602
1567.80000000028,"",52,337790,"9xv1g4e459","fr","false",1280,800,1280,632,2,60,16.6666666666667,"",NA,"down","touchscreen",997.622000000032,100.717999999993,97.9999999999418,6,TRUE,2,4,2,86,0,18,0.05,1,NA,2021-07-01 03:25:11.938958,"M","6","right","NA","NA",-1.51523580255218,-0.354244295380771,-0.0749122651409988
3967.69999999972,"",53,343788,"9xv1g4e459","fr","false",1280,800,1280,632,2,60,16.6666666666667,"",NA,"up","touchscreen",998.624000000011,99.5270000000019,94.6999999996624,6,TRUE,3,4,2,88,0.125,66,0.15,1,NA,2021-07-01 03:25:11.938958,"M","6","right","NA","NA",2.22160068374107,0.267574366081476,0.125170570901442
3537.7000000003,"",54,349364,"9xv1g4e459","fr","false",1280,800,1280,632,2,60,16.6666666666667,"",NA,"up","touchscreen",997.385000000009,100.819000000018,97.2999999998719,6,TRUE,4,4,2,90,-0.0625,18,0.1,1,NA,2021-07-01 03:25:11.938958,"M","6","right","NA","NA",1.03725573815907,0.251011749943335,0.092574512783018
2229.60000000009,"",55,353633,"9xv1g4e459","fr","false",1280,800,1280,632,2,60,16.6666666666667,"",NA,"up","touchscreen",998.564000000013,99.7449999999953,96.9000000000233,6,TRUE,5,5,2,92,-0.1875,6,0.1,1,NA,2021-07-01 03:25:11.938958,"M","6","right","NA","NA",0.248610647420785,0.123355940580333,0.0485296627104559
2689.80000000005,"",56,358353,"9xv1g4e459","fr","false",1280,800,1280,632,2,60,16.6666666666667,"",NA,"up","touchscreen",998.524999999965,99.7880000000005,95.8000000000466,6,FALSE,0,5,0,92,0.0625,6,0.2,1,NA,2021-07-01 03:25:11.938958,"M","6","right","NA","NA",-0.752573855485209,-0.352179198664977,-0.128655013342428
2260.20000000019,"",57,362647,"9xv1g4e459","fr","false",1280,800,1280,632,2,60,16.6666666666667,"",NA,"down","touchscreen",998.30600000004,99.8929999999818,96.7000000000698,6,FALSE,0,5,0,92,0.125,6,0.1,1,NA,2021-07-01 03:25:11.938958,"M","6","right","NA","NA",0.814905309722747,0.377332824721603,0.0632749431689817
366.399999999907,"",58,365046,"9xv1g4e459","fr","false",1280,800,1280,632,2,60,16.6666666666667,"",NA,"up","touchscreen",998.498999999953,99.8209999999963,98.8999999999651,6,FALSE,0,5,0,92,-0.0625,18,0.05,1,NA,2021-07-01 03:25:11.938958,"M","6","right","NA","NA",-0.229918960347361,-0.0573850204854594,-0.0118646426018358
3605.49999999965,"",59,370684,"9xv1g4e459","fr","false",1280,800,1280,632,2,60,16.6666666666667,"",NA,"up","touchscreen",997.544999999984,100.623000000021,97.1999999997206,6,TRUE,1,5,0,92,0.1875,18,0.15,1,NA,2021-07-01 03:25:11.938958,"M","6","right","NA","NA",1.02311028561946,0.247800167409272,0.12526424774019
4483.79999999999,"",60,377206,"9xv1g4e459","fr","false",1280,800,1280,632,2,60,16.6666666666667,"",NA,"down","touchscreen",998.93200000003,99.3530000000028,96.0000000000582,6,TRUE,2,5,0,92,-0.1875,38,0.05,1,NA,2021-07-01 03:25:11.938958,"M","6","right","NA","NA",-5.51978159879046,-0.677042022173797,-0.194049716633938
2821.80000000016,"",61,382068,"9xv1g4e459","fr","false",1280,800,1280,632,2,60,16.6666666666667,"",NA,"up","touchscreen",998.780000000028,99.9009999999544,96.7000000000116,6,FALSE,0,5,0,92,-0.0625,18,0.2,1,NA,2021-07-01 03:25:11.938958,"M","6","right","NA","NA",-0.190720709319032,-0.0476260715242504,-0.0274229671248111
898.000000000116,"",62,385005,"9xv1g4e459","fr","false",1280,800,1280,632,2,60,16.6666666666667,"",NA,"down","touchscreen",999.07799999998,99.0989999999874,94.5999999998603,6,FALSE,0,5,0,92,0.1875,66,0.1,1,NA,2021-07-01 03:25:11.938958,"M","6","right","NA","NA",5.77503694306757,0.585307976902455,0.216844498970659
4543.89999999967,"",63,391578,"9xv1g4e459","fr","false",1280,800,1280,632,2,60,16.6666666666667,"",NA,"up","touchscreen",999.565999999992,98.9459999999963,98.1000000001513,6,TRUE,1,5,0,92,0.125,18,0.2,1,NA,2021-07-01 03:25:11.938958,"M","6","right","NA","NA",1.38654730806942,0.327518046285927,0.259107781542701
2721.70000000007,"",64,396330,"9xv1g4e459","fr","false",1280,800,1280,632,2,60,16.6666666666667,"",NA,"down","touchscreen",997.802000000025,100.864999999991,96.7999999998137,6,TRUE,2,5,0,92,-0.1875,66,0.05,1,NA,2021-07-01 03:25:11.938958,"M","6","right","NA","NA",-9.95997264517147,-0.779644580910812,-0.221170114854078
5666.40000000008,"",65,404038,"9xv1g4e459","fr","false",1280,800,1280,632,2,60,16.6666666666667,"",NA,"down","touchscreen",998.989000000001,98.9770000000135,95.2999999999884,6,FALSE,0,5,0,92,0,66,0.15,1,NA,2021-07-01 03:25:11.938958,"M","6","right","NA","NA",0.178568955421096,0.0223155609524653,0.0103425249674138
729.600000000093,"",66,406806,"9xv1g4e459","fr","false",1280,800,1280,632,2,60,16.6666666666667,"",NA,"up","touchscreen",998.618000000017,99.9120000000112,97.0999999999767,6,FALSE,0,5,0,92,-0.1875,38,0.1,1,NA,2021-07-01 03:25:11.938958,"M","6","right","NA","NA",-3.82079894983077,-0.537137340808953,-0.190589596397826
3704.30000000034,"",67,412541,"9xv1g4e459","fr","false",1280,800,1280,632,2,60,16.6666666666667,"",NA,"up","touchscreen",997.256999999983,101.200000000012,96.9999999997672,6,TRUE,1,5,0,92,0.0625,38,0.1,1,NA,2021-07-01 03:25:11.938958,"M","6","right","NA","NA",1.68313348537937,0.270096174854656,0.0830806135426804
4932.40000000014,"",68,419512,"9xv1g4e459","fr","false",1280,800,1280,632,2,60,16.6666666666667,"",NA,"down","touchscreen",998.391999999993,99.8400000000256,97.0999999999767,6,TRUE,2,5,0,92,0,66,0.1,1,NA,2021-07-01 03:25:11.938958,"M","6","right","NA","NA",-0.0154338901682453,-0.00192923268077771,-0.000530052963174162
2364.39999999991,"",69,423918,"9xv1g4e459","fr","false",1280,800,1280,632,2,60,16.6666666666667,"",NA,"up","touchscreen",998.434999999998,99.859999999986,96.300000000163,6,FALSE,0,5,0,92,0.125,6,0.15,1,NA,2021-07-01 03:25:11.938958,"M","6","right","NA","NA",-0.317641010699565,-0.156854578995003,-0.0444084171485939
459.100000000035,"",70,426407,"9xv1g4e459","fr","false",1280,800,1280,632,2,60,16.6666666666667,"",NA,"down","touchscreen",998.502000000037,99.9580000000424,96,6,FALSE,0,5,0,92,0.0625,66,0.05,1,NA,2021-07-01 03:25:11.938958,"M","6","right","NA","NA",4.53045667037524,0.492775712678718,0.0938581479852702
2532.49999999977,"",71,430973,"9xv1g4e459","fr","false",1280,800,1280,632,2,60,16.6666666666667,"",NA,"down","touchscreen",998.445000000007,99.8709999999846,98.8999999999651,6,FALSE,0,5,0,92,0.1875,6,0.2,1,NA,2021-07-01 03:25:11.938958,"M","6","right","NA","NA",0.233377670072949,0.115902422822742,0.0586395311732546
265.800000000105,"",72,433268,"9xv1g4e459","fr","false",1280,800,1280,632,2,60,16.6666666666667,"",NA,"up","touchscreen",998.454000000027,99.9589999999735,98.8999999999651,6,FALSE,0,5,0,92,-0.125,66,0.1,1,NA,2021-07-01 03:25:11.938958,"M","6","right","NA","NA",-3.57911352706838,-0.40838185728541,-0.169969993276388
1827.69999999984,"",73,437128,"9xv1g4e459","fr","false",1280,800,1280,632,2,60,16.6666666666667,"",NA,"up","touchscreen",998.679000000004,99.6390000000247,95.4999999998836,6,FALSE,0,5,0,92,-0.1875,18,0.15,1,NA,2021-07-01 03:25:11.938958,"M","6","right","NA","NA",-0.289866748970425,-0.0722771568617271,-0.0286190860503464
2687.19999999984,"",74,441847,"9xv1g4e459","fr","false",1280,800,1280,632,2,60,16.6666666666667,"",NA,"up","touchscreen",998.722000000009,99.2819999999483,98.3000000001048,6,TRUE,1,5,0,92,0.125,66,0.05,1,NA,2021-07-01 03:25:11.938958,"M","6","right","NA","NA",6.50332267446078,0.630786732427741,0.134809558149855
5983.40000000008,"",75,449875,"9xv1g4e459","fr","false",1280,800,1280,632,2,60,16.6666666666667,"",NA,"down","touchscreen",999.102999999945,99.3190000000177,95.1000000000349,6,FALSE,0,5,0,92,0.1875,66,0.15,1,NA,2021-07-01 03:25:11.938958,"M","6","right","NA","NA",3.18748943417216,0.370137965080023,0.212563594919654
1498.39999999997,"",76,453405,"9xv1g4e459","fr","false",1280,800,1280,632,2,60,16.6666666666667,"",NA,"up","touchscreen",998.226999999955,99.9079999999958,99.0999999999185,6,FALSE,0,5,0,92,0.125,6,0.2,1,NA,2021-07-01 03:25:11.938958,"M","6","right","NA","NA",-0.445389590542007,-0.217370002325415,-0.155397005530744
274.799999999697,"",77,455710,"9xv1g4e459","fr","false",1280,800,1280,632,2,60,16.6666666666667,"",NA,"down","touchscreen",998.522999999986,99.8889999999665,98.7000000000116,6,TRUE,1,5,9,101,-0.125,6,0.05,1,NA,2021-07-01 03:25:11.938958,"M","6","right","NA","NA",-4.15084464290304,-0.900879036651038,-0.217458640659925
3105.49999999965,"",78,460858,"9xv1g4e459","fr","false",1280,800,1280,632,2,60,16.6666666666667,"",NA,"down","touchscreen",998.453000000038,99.8410000000149,96,6,TRUE,2,5,9,110,0,66,0.2,1,NA,2021-07-01 03:25:11.938958,"M","6","right","NA","NA",-0.325779661854816,-0.0406887342654398,-0.0228669736676654
2949.20000000001,"",79,465844,"9xv1g4e459","fr","false",1280,800,1280,632,2,60,16.6666666666667,"",NA,"up","touchscreen",998.469000000041,99.6969999999856,97.0000000001746,6,TRUE,3,5,9,119,0.0625,6,0.05,1,NA,2021-07-01 03:25:11.938958,"M","6","right","NA","NA",3.73353135045633,0.881490395193639,0.0868463938286099
4968.79999999964,"",80,472839,"9xv1g4e459","fr","false",1280,800,1280,632,2,60,16.6666666666667,"",NA,"down","touchscreen",998.551000000036,99.9100000000326,95.8999999997905,6,TRUE,4,5,9,128,-0.0625,38,0.1,1,NA,2021-07-01 03:25:11.938958,"M","6","right","NA","NA",-2.32969492455445,-0.361955186062242,-0.128981886412319
4136.1999999999,"",81,479014,"9xv1g4e459","fr","false",1280,800,1280,632,2,60,16.6666666666667,"",NA,"up","touchscreen",998.517999999982,99.859999999986,96.4999999996508,6,TRUE,5,5,9,137,-0.1875,38,0.2,1,NA,2021-07-01 03:25:11.938958,"M","6","right","NA","NA",1.34328617874985,0.21847274701535,0.153135511781518
3010.40000000014,"",82,484061,"9xv1g4e459","fr","false",1280,800,1280,632,2,60,16.6666666666667,"",NA,"up","touchscreen",998.197999999975,100.273999999976,97.0999999999767,6,FALSE,0,5,0,137,-0.1875,6,0.05,1,NA,2021-07-01 03:25:11.938958,"M","6","right","NA","NA",-2.66932691003459,-0.80028703133525,-0.146585714527952
2070.50000000029,"",83,488162,"9xv1g4e459","fr","false",1280,800,1280,632,2,60,16.6666666666667,"",NA,"down","touchscreen",997.545999999973,100.913,99.4999999998254,6,FALSE,0,5,0,137,0,6,0.15,1,NA,2021-07-01 03:25:11.938958,"M","6","right","NA","NA",3.50968825866775,0.86883289171655,0.354350170495046
231.099999999977,"",84,490418,"9xv1g4e459","fr","false",1280,800,1280,632,2,60,16.6666666666667,"",NA,"up","touchscreen",998.255999999994,99.6730000000098,99.2000000000698,6,FALSE,0,5,0,137,-0.125,18,0.05,1,NA,2021-07-01 03:25:11.938958,"M","6","right","NA","NA",-4.53833206455047,-0.750199452594037,-0.182390913150427
2000.99999999977,"",85,494456,"9xv1g4e459","fr","false",1280,800,1280,632,2,60,16.6666666666667,"",NA,"up","touchscreen",999.440000000002,98.9029999999912,94.9000000000815,6,TRUE,1,5,0,137,0.125,18,0.1,1,NA,2021-07-01 03:25:11.938958,"M","6","right","NA","NA",2.10143900136949,0.465083542466201,0.139273099613043
1283.00000000035,"",86,497780,"9xv1g4e459","fr","false",1280,800,1280,632,2,60,16.6666666666667,"",NA,"up","touchscreen",998.021999999997,99.810999999987,97.1999999997206,6,TRUE,2,5,4,141,0.1875,38,0.05,1,NA,2021-07-01 03:25:11.938958,"M","6","right","NA","NA",7.49368621788632,0.78061207922614,0.237001083091181
1005.29999999981,"",87,500816,"9xv1g4e459","fr","false",1280,800,1280,632,2,60,16.6666666666667,"",NA,"up","touchscreen",998.353999999992,99.9629999999888,96.5000000001164,6,FALSE,0,5,0,141,0.0625,18,0.1,1,NA,2021-07-01 03:25:11.938958,"M","6","right","NA","NA",-0.258038737517737,-0.0643758733699913,-0.0181462543355059
1527.39999999997,"",88,504386,"9xv1g4e459","fr","false",1280,800,1280,632,2,60,16.6666666666667,"",NA,"down","touchscreen",1000.41500000004,98.1240000000107,93.8000000001048,6,FALSE,0,5,0,141,0,38,0.2,1,NA,2021-07-01 03:25:11.938958,"M","6","right","NA","NA",0.143973439616324,0.0239886680751778,0.0167818997483213
932.000000000233,"",89,507346,"9xv1g4e459","fr","false",1280,800,1280,632,2,60,16.6666666666667,"",NA,"up","touchscreen",998.647999999986,99.8479999999981,98.5000000000582,6,TRUE,1,5,5,146,-0.0625,38,0.2,1,NA,2021-07-01 03:25:11.938958,"M","6","right","NA","NA",0.541552231081939,0.0898932840727554,0.0648415488985638
665.199999999895,"",90,510047,"9xv1g4e459","fr","false",1280,800,1280,632,2,60,16.6666666666667,"",NA,"up","touchscreen",999.292000000016,98.9520000000484,93.4999999999418,6,TRUE,2,5,12,158,0.1875,18,0.05,1,NA,2021-07-01 03:25:11.938958,"M","6","right","NA","NA",6.06189066186775,0.834663071892324,0.174365367282225
553.699999999953,"",91,512626,"9xv1g4e459","fr","false",1280,800,1280,632,2,60,16.6666666666667,"",NA,"up","touchscreen",998.043999999994,99.8619999999646,98.8999999999651,6,TRUE,3,5,19,177,0.125,18,0.15,1,NA,2021-07-01 03:25:11.938958,"M","6","right","NA","NA",1.9645520439369,0.440838756789318,0.244636461980524
1115.99999999994,"",92,515770,"9xv1g4e459","fr","false",1280,800,1280,632,2,60,16.6666666666667,"",NA,"up","touchscreen",998.718999999983,99.789999999979,95.4000000001397,6,TRUE,4,5,23,200,0.0625,66,0.15,1,NA,2021-07-01 03:25:11.938958,"M","6","right","NA","NA",0.854780415925875,0.106242817845023,0.0531081984070689
262.699999999779,"",93,518065,"9xv1g4e459","fr","false",1280,800,1280,632,2,60,16.6666666666667,"",NA,"up","touchscreen",998.852000000014,99.61599999998,95.8000000000466,6,TRUE,5,5,32,232,0,38,0.15,1,NA,2021-07-01 03:25:11.938958,"M","6","right","NA","NA",0.971752395463263,0.159875487884501,0.0852143285671023
1682.40000000014,"",94,521779,"9xv1g4e459","fr","false",1280,800,1280,632,2,60,16.6666666666667,"",NA,"up","touchscreen",997.875999999989,100.82699999999,97.0999999999185,6,TRUE,6,6,34,266,0.125,66,0.1,1,NA,2021-07-01 03:25:11.938958,"M","6","right","NA","NA",2.70935495467807,0.320772784595742,0.112590203861046
298.700000000303,"",95,524109,"9xv1g4e459","fr","false",1280,800,1280,632,2,60,16.6666666666667,"",NA,"up","touchscreen",998.35699999996,99.8520000000135,95.4999999999418,6,TRUE,7,7,43,309,0.0625,18,0.15,1,NA,2021-07-01 03:25:11.938958,"M","6","right","NA","NA",1.59880102383458,0.371150720750009,0.194154912514269
194.899999999965,"",96,526340,"9xv1g4e459","fr","false",1280,800,1280,632,2,60,16.6666666666667,"",NA,"up","touchscreen",998.303000000014,99.8739999999525,96.3999999999069,6,TRUE,8,8,52,361,0.1875,6,0.1,1,NA,2021-07-01 03:25:11.938958,"M","6","right","NA","NA",1.5018254174681,0.600466999880677,0.187791813700093
1593.59999999969,"",97,529964,"9xv1g4e459","fr","false",1280,800,1280,632,2,60,16.6666666666667,"",NA,"up","touchscreen",999.141000000003,99.1440000000293,96.5000000001164,6,TRUE,9,9,54,415,0,18,0.2,1,NA,2021-07-01 03:25:11.938958,"M","6","right","NA","NA",2.30545884781095,0.499359451961922,0.238824355866862
635.40000000014,"",98,532635,"9xv1g4e459","fr","false",1280,800,1280,632,2,60,16.6666666666667,"",NA,"up","touchscreen",999.135999999999,99.2819999999483,95.9000000002561,6,TRUE,10,10,61,476,0.125,38,0.15,1,NA,2021-07-01 03:25:11.938958,"M","6","right","NA","NA",0.0954448627309673,0.0159054648274545,0.0075399619128656
375.200000000419,"",99,535053,"9xv1g4e459","fr","false",1280,800,1280,632,2,60,16.6666666666667,"",NA,"up","touchscreen",998.360999999975,100,96.2000000004191,6,FALSE,0,10,0,476,-0.0625,66,0.1,1,NA,2021-07-01 03:25:11.938958,"M","6","right","NA","NA",-2.46280683549637,-0.294224269447568,-0.109610575101425
1470.80000000005,"",100,538559,"9xv1g4e459","fr","false",1280,800,1280,632,2,60,16.6666666666667,"",NA,"up","touchscreen",998.511999999988,99.8730000000214,99.2000000001281,6,TRUE,1,10,3,479,0.1875,66,0.2,1,NA,2021-07-01 03:25:11.938958,"M","6","right","NA","NA",3.14717530935098,0.366087474259436,0.281101649383861
5387.09999999992,"",101,545989,"9xv1g4e459","fr","false",1280,800,1280,632,2,60,16.6666666666667,"",NA,"up","touchscreen",998.841999999946,99.765000000014,96.0999999997439,6,TRUE,2,10,3,482,0.125,6,0.05,1,NA,2021-07-01 03:25:11.938958,"M","6","right","NA","NA",2.06208512960451,0.717830401084984,0.141603822921938
992.300000000396,"",102,549019,"9xv1g4e459","fr","false",1280,800,1280,632,2,60,16.6666666666667,"",NA,"up","touchscreen",998.523999999976,99.8679999999586,94.9000000000815,6,FALSE,0,10,0,482,-0.1875,18,0.05,1,NA,2021-07-01 03:25:11.938958,"M","6","right","NA","NA",-3.13484340863943,-0.616846103721196,-0.142731876686513
2759.20000000001,"",103,553815,"9xv1g4e459","fr","false",1280,800,1280,632,2,60,16.6666666666667,"",NA,"up","touchscreen",998.814000000013,99.8379999999888,96.1999999999534,6,TRUE,1,10,0,482,0.0625,6,0.1,1,NA,2021-07-01 03:25:11.938958,"M","6","right","NA","NA",0.207270992521661,0.103083400569577,0.0178908753507328
2200.00000000023,"",104,558049,"9xv1g4e459","fr","false",1280,800,1280,632,2,60,16.6666666666667,"",NA,"up","touchscreen",998.539999999979,99.7229999999981,95.9000000002561,6,TRUE,2,10,0,482,0.1875,18,0.1,1,NA,2021-07-01 03:25:11.938958,"M","6","right","NA","NA",1.31910376565643,0.313185557972791,0.115534448733333
6575.49999999988,"",105,566663,"9xv1g4e459","fr","false",1280,800,1280,632,2,60,16.6666666666667,"",NA,"down","touchscreen",998.648999999976,99.9379999999655,99.3000000002794,6,TRUE,3,10,0,482,-0.1875,6,0.15,1,NA,2021-07-01 03:25:11.938958,"M","6","right","NA","NA",-2.28715076037493,-0.75278167522244,-0.488452503216592
9727.79999999964,"",106,578424,"9xv1g4e459","fr","false",1280,800,1280,632,2,60,16.6666666666667,"",NA,"up","touchscreen",998.585000000021,99.8969999999972,95.2999999999302,6,TRUE,4,10,0,482,0.1875,66,0.05,1,NA,2021-07-01 03:25:11.938958,"M","6","right","NA","NA",8.088787084797,0.710998172384878,0.16880506215067
1252.50000000006,"",107,581723,"9xv1g4e459","fr","false",1280,800,1280,632,2,60,16.6666666666667,"",NA,"up","touchscreen",998.311999999976,100.071999999986,87.7999999998137,6,FALSE,0,10,0,482,-0.1875,38,0.15,1,NA,2021-07-01 03:25:11.938958,"M","6","right","NA","NA",-4.64187892866634,-0.611902621540826,-0.324255082499933
944.39999999979,"",108,584700,"9xv1g4e459","fr","false",1280,800,1280,632,2,60,16.6666666666667,"",NA,"down","touchscreen",999.081000000006,99.4409999999916,98.6000000002095,6,TRUE,1,10,5,487,-0.1875,6,0.2,1,NA,2021-07-01 03:25:11.938958,"M","6","right","NA","NA",-1.20766572115581,-0.516906284975424,-0.30043920226419
1548.00000000023,"",109,588287,"9xv1g4e459","fr","false",1280,800,1280,632,2,60,16.6666666666667,"",NA,"down","touchscreen",999.105999999912,99.3429999999935,95.6000000000931,6,FALSE,0,10,0,487,0.0625,18,0.2,1,NA,2021-07-01 03:25:11.938958,"M","6","right","NA","NA",1.67001259048851,0.385273006412927,0.232419257132294
321.199999999837,"",110,590636,"9xv1g4e459","fr","false",1280,800,1280,632,2,60,16.6666666666667,"",NA,"up","touchscreen",998.587999999989,99.734999999986,98.0999999996275,6,FALSE,0,10,0,487,-0.0625,18,0.15,1,NA,2021-07-01 03:25:11.938958,"M","6","right","NA","NA",-0.29909867495392,-0.0745664993046989,-0.0278646404155455
119.09999999986,"",111,592795,"9xv1g4e459","fr","false",1280,800,1280,632,2,60,16.6666666666667,"",NA,"down","touchscreen",998.330000000075,99.6909999999916,98.9999999996508,6,TRUE,1,10,9,496,-0.0625,66,0.15,1,NA,2021-07-01 03:25:11.938958,"M","6","right","NA","NA",-1.32316481250387,-0.163178725778414,-0.086269115949419
5003.20000000007,"",112,599831,"9xv1g4e459","fr","false",1280,800,1280,632,2,60,16.6666666666667,"",NA,"down","touchscreen",999.690999999992,98.6999999999534,94.5000000001164,6,TRUE,2,10,9,505,-0.125,66,0.15,1,NA,2021-07-01 03:25:11.938958,"M","6","right","NA","NA",-3.44079712606773,-0.395104999313005,-0.225873776477121
1720.59999999963,"",113,603587,"9xv1g4e459","fr","false",1280,800,1280,632,2,60,16.6666666666667,"",NA,"up","touchscreen",998.510000000009,99.8549999999814,96.300000000163,6,TRUE,3,10,10,515,0.125,38,0.05,1,NA,2021-07-01 03:25:11.938958,"M","6","right","NA","NA",1.46473401046012,0.237157803221525,0.0397016705348513
2211,"",2,271890,"aejju3f3e1","fr","false",834,1194,1194,760,2,63,16.6666666666667,"",NA,"up","touchscreen",992,100,97.0000000000582,6,TRUE,1,1,0,0,0.0625,18,0.1,1,NA,2021-07-02 03:44:18.614314,"M","012014","right","NA","NA",0.50406219439894,0.125026751333033,0.0374373217264466
1646,"",3,275652,"aejju3f3e1","fr","false",834,1194,1194,760,2,63,16.6666666666667,"",NA,"down","touchscreen",1007,100,99.0000000000582,6,TRUE,2,2,2,2,-0.0625,38,0.05,1,NA,2021-07-02 03:44:18.614314,"M","012014","right","NA","NA",-2.03710702371593,-0.321493447548803,-0.0586289212670247
1337,"",4,279080,"aejju3f3e1","fr","false",834,1194,1194,760,2,63,16.6666666666667,"",NA,"down","touchscreen",1003,100,99,6,TRUE,3,3,5,7,-0.1875,66,0.05,1,NA,2021-07-02 03:44:18.614314,"M","012014","right","NA","NA",-8.5827525768998,-0.731504438694804,-0.191680702279981
2797,"",5,283971,"aejju3f3e1","fr","false",834,1194,1194,760,2,63,16.6666666666667,"",NA,"up","touchscreen",1005,100,99,6,TRUE,4,4,5,12,0.0625,6,0.1,1,NA,2021-07-02 03:44:18.614314,"M","012014","right","NA","NA",0.405694348799099,0.198798425958541,0.0245799074776967
2045.99999999994,"",6,288089,"aejju3f3e1","fr","false",834,1194,1194,760,2,63,16.6666666666667,"",NA,"up","touchscreen",994,100,97.9999999999418,6,FALSE,0,4,0,12,0,38,0.15,1,NA,2021-07-02 03:44:18.614314,"M","012014","right","NA","NA",-0.968310357881652,-0.159323593707513,-0.0744221892466756
2408,"",7,292563,"aejju3f3e1","fr","false",834,1194,1194,760,2,63,16.6666666666667,"",NA,"up","touchscreen",1006,99,99,6,TRUE,1,4,0,12,0.1875,18,0.2,1,NA,2021-07-02 03:44:18.614314,"M","012014","right","NA","NA",0.231659217182568,0.057817921212441,0.0321058368719466
1391,"",8,296031,"aejju3f3e1","fr","false",834,1194,1194,760,2,63,16.6666666666667,"",NA,"up","touchscreen",1005,100,100,6,TRUE,2,4,3,15,0.1875,18,0.05,1,NA,2021-07-02 03:44:18.614314,"M","012014","right","NA","NA",3.78278555913572,0.687104156578259,0.172239789220067
1083.99999999994,"",9,299208,"aejju3f3e1","fr","false",834,1194,1194,760,2,63,16.6666666666667,"",NA,"up","touchscreen",1005,100,98.9999999999418,6,TRUE,3,4,8,23,0.1875,6,0.05,1,NA,2021-07-02 03:44:18.614314,"M","012014","right","NA","NA",2.05335433224305,0.716352376212839,0.132921811637569
1313,"",10,302602,"aejju3f3e1","fr","false",834,1194,1194,760,2,63,16.6666666666667,"",NA,"up","touchscreen",1004,100,99,6,FALSE,0,4,0,23,-0.125,38,0.2,1,NA,2021-07-02 03:44:18.614314,"M","012014","right","NA","NA",-0.0669336807923129,-0.0111549193848827,-0.00689361160754454
3313,"",11,308004,"aejju3f3e1","fr","false",834,1194,1194,760,2,63,16.6666666666667,"",NA,"up","touchscreen",1006,100,99,6,TRUE,1,4,0,23,0.125,6,0.05,1,NA,2021-07-02 03:44:18.614314,"M","012014","right","NA","NA",0.237067037472611,0.117709482512479,0.0152697562054501
2039,"",12,312122,"aejju3f3e1","fr","false",834,1194,1194,760,2,63,16.6666666666667,"",NA,"up","touchscreen",1004,101,100,6,TRUE,2,4,0,23,0.125,66,0.1,1,NA,2021-07-02 03:44:18.614314,"M","012014","right","NA","NA",4.33667068159285,0.476566677246429,0.193624971138662
1677,"",13,315887,"aejju3f3e1","fr","false",834,1194,1194,760,2,63,16.6666666666667,"",NA,"up","touchscreen",1008,100,99,6,TRUE,3,4,2,25,0.125,18,0.05,1,NA,2021-07-02 03:44:18.614314,"M","012014","right","NA","NA",3.53914085027372,0.662645232164997,0.131949309712206
1020,"",14,318973,"aejju3f3e1","fr","false",834,1194,1194,760,2,63,16.6666666666667,"",NA,"down","touchscreen",992,99,98.0000000000582,6,FALSE,0,4,0,25,-0.0625,6,0.05,1,NA,2021-07-02 03:44:18.614314,"M","012014","right","NA","NA",1.29931688830621,0.544786985134922,0.054464732320257
1032,"",15,322082,"aejju3f3e1","fr","false",834,1194,1194,760,2,63,16.6666666666667,"",NA,"up","touchscreen",1006,99,99,6,TRUE,1,4,5,30,0.1875,18,0.15,1,NA,2021-07-02 03:44:18.614314,"M","012014","right","NA","NA",0.917136227626781,0.223484866814895,0.101258558572139
901,"",16,325052,"aejju3f3e1","fr","false",834,1194,1194,760,2,63,16.6666666666667,"",NA,"up","touchscreen",993,100,99,6,TRUE,2,4,10,40,0.125,38,0.2,1,NA,2021-07-02 03:44:18.614314,"M","012014","right","NA","NA",1.61306059210355,0.259624682202068,0.172231345776798
1216.99999999994,"",17,328354,"aejju3f3e1","fr","false",834,1194,1194,760,2,63,16.6666666666667,"",NA,"down","touchscreen",1005,100,98.9999999999418,6,TRUE,3,4,14,54,0,38,0.1,1,NA,2021-07-02 03:44:18.614314,"M","012014","right","NA","NA",-2.19413357246358,-0.343445081119073,-0.119837915477941
1174,"",18,331596,"aejju3f3e1","fr","false",834,1194,1194,760,2,63,16.6666666666667,"",NA,"up","touchscreen",993,99,97,6,TRUE,4,4,18,72,0.1875,6,0.15,1,NA,2021-07-02 03:44:18.614314,"M","012014","right","NA","NA",1.43666016890883,0.583411150799496,0.30029871736284
1434,"",19,335100,"aejju3f3e1","fr","false",834,1194,1194,760,2,63,16.6666666666667,"",NA,"down","touchscreen",992,101,100,6,TRUE,5,5,21,93,-0.125,38,0.05,1,NA,2021-07-02 03:44:18.614314,"M","012014","right","NA","NA",-7.78376415973877,-0.792009452958505,-0.163593048522439
1011,"",20,338179,"aejju3f3e1","fr","false",834,1194,1194,760,2,63,16.6666666666667,"",NA,"up","touchscreen",994,100,99,6,TRUE,6,6,26,119,0.125,38,0.05,1,NA,2021-07-02 03:44:18.614314,"M","012014","right","NA","NA",6.69588795742753,0.744746864668432,0.169482771135547
1438,"",21,341679,"aejju3f3e1","fr","false",834,1194,1194,760,2,63,16.6666666666667,"",NA,"down","touchscreen",997,100,100.000000000058,6,TRUE,7,7,29,148,-0.125,18,0.05,1,NA,2021-07-02 03:44:18.614314,"M","012014","right","NA","NA",-3.05921072322565,-0.607498623744027,-0.14136784503418
1380,"",22,345108,"aejju3f3e1","fr","false",834,1194,1194,760,2,63,16.6666666666667,"",NA,"down","touchscreen",993,100,99,6,TRUE,8,8,32,180,-0.125,66,0.05,1,NA,2021-07-02 03:44:18.614314,"M","012014","right","NA","NA",-5.63176554362761,-0.575639409740153,-0.126935498547883
1296,"",23,348449,"aejju3f3e1","fr","false",834,1194,1194,760,2,63,16.6666666666667,"",NA,"up","touchscreen",992,100,100,6,TRUE,9,9,36,216,0.0625,38,0.1,1,NA,2021-07-02 03:44:18.614314,"M","012014","right","NA","NA",1.74656212137677,0.279492947101323,0.0966765244092779
1004,"",24,351502,"aejju3f3e1","fr","false",834,1194,1194,760,2,63,16.6666666666667,"",NA,"down","touchscreen",994,100,99.0000000000582,6,TRUE,10,10,41,257,-0.1875,66,0.1,1,NA,2021-07-02 03:44:18.614314,"M","012014","right","NA","NA",-3.59982870629534,-0.41034843946077,-0.173533894960145
1121,"",25,354680,"aejju3f3e1","fr","false",834,1194,1194,760,2,63,16.6666666666667,"",NA,"down","touchscreen",1003,100,100.000000000058,6,FALSE,0,10,0,257,-0.0625,6,0.2,1,NA,2021-07-02 03:44:18.614314,"M","012014","right","NA","NA",0.0787411320578212,0.0393400884504604,0.0195573660667619
1250,"",26,358005,"aejju3f3e1","fr","false",834,1194,1194,760,2,63,16.6666666666667,"",NA,"up","touchscreen",1003,100,100,6,TRUE,1,10,4,261,0.125,38,0.15,1,NA,2021-07-02 03:44:18.614314,"M","012014","right","NA","NA",2.16262173495735,0.339083349596804,0.193917621119159
1108.99999999994,"",27,361183,"aejju3f3e1","fr","false",834,1194,1194,760,2,63,16.6666666666667,"",NA,"up","touchscreen",995,100,98.9999999999418,6,FALSE,0,10,0,261,0.125,18,0.15,1,NA,2021-07-02 03:44:18.614314,"M","012014","right","NA","NA",-0.406880611816664,-0.101197953196373,-0.0532528061070705
1341,"",28,364608,"aejju3f3e1","fr","false",834,1194,1194,760,2,63,16.6666666666667,"",NA,"up","touchscreen",1008,100,99,6,FALSE,0,10,0,261,-0.125,66,0.15,1,NA,2021-07-02 03:44:18.614314,"M","012014","right","NA","NA",-0.946410364146085,-0.117482059644611,-0.057939192476113
1008,"",29,367700,"aejju3f3e1","fr","false",834,1194,1194,760,2,63,16.6666666666667,"",NA,"down","touchscreen",1007,101,100,6,TRUE,1,10,5,266,-0.1875,38,0.1,1,NA,2021-07-02 03:44:18.614314,"M","012014","right","NA","NA",-5.82616175765409,-0.696637431672968,-0.287884776832434
1276,"",30,371054,"aejju3f3e1","fr","false",834,1194,1194,760,2,63,16.6666666666667,"",NA,"down","touchscreen",1003,100,99,6,FALSE,0,10,0,266,0.125,66,0.2,1,NA,2021-07-02 03:44:18.614314,"M","012014","right","NA","NA",2.63798202152478,0.31316141286512,0.241650481548237
1577.00000000006,"",31,374706,"aejju3f3e1","fr","false",834,1194,1194,760,2,63,16.6666666666667,"",NA,"down","touchscreen",1003,100,99,6,TRUE,1,10,2,268,-0.0625,6,0.1,1,NA,2021-07-02 03:44:18.614314,"M","012014","right","NA","NA",-1.71459435685084,-0.650858910474071,-0.131265996129936
1539,"",32,378315,"aejju3f3e1","fr","false",834,1194,1194,760,2,63,16.6666666666667,"",NA,"up","touchscreen",993,100,99,6,TRUE,2,10,4,272,-0.0625,38,0.15,1,NA,2021-07-02 03:44:18.614314,"M","012014","right","NA","NA",0.072921343504528,0.012152659755566,0.0064265516341852
1285,"",33,381666,"aejju3f3e1","fr","false",834,1194,1194,760,2,63,16.6666666666667,"",NA,"up","touchscreen",993,100,100,6,TRUE,3,10,8,280,0.1875,66,0.2,1,NA,2021-07-02 03:44:18.614314,"M","012014","right","NA","NA",1.88125749553886,0.228913029542892,0.161866311972556
1050,"",34,384801,"aejju3f3e1","fr","false",834,1194,1194,760,2,63,16.6666666666667,"",NA,"up","touchscreen",1006,100,99,6,TRUE,4,10,13,293,0,66,0.1,1,NA,2021-07-02 03:44:18.614314,"M","012014","right","NA","NA",1.45511553083993,0.178953303513526,0.0598635623270379
1153,"",35,388028,"aejju3f3e1","fr","false",834,1194,1194,760,2,63,16.6666666666667,"",NA,"down","touchscreen",1004,100,99,6,TRUE,5,10,17,310,-0.125,6,0.2,1,NA,2021-07-02 03:44:18.614314,"M","012014","right","NA","NA",-1.40711349330343,-0.575413018950333,-0.312821974126683
1020,"",36,391105,"aejju3f3e1","fr","false",834,1194,1194,760,2,63,16.6666666666667,"",NA,"down","touchscreen",1003,100,99,6,TRUE,6,10,22,332,-0.125,18,0.2,1,NA,2021-07-02 03:44:18.614314,"M","012014","right","NA","NA",-2.31394101413401,-0.500736650590396,-0.430325902571517
1245,"",37,394409,"aejju3f3e1","fr","false",834,1194,1194,760,2,63,16.6666666666667,"",NA,"down","touchscreen",1006,100,100,6,TRUE,7,10,26,358,-0.125,18,0.1,1,NA,2021-07-02 03:44:18.614314,"M","012014","right","NA","NA",-1.54328178396291,-0.359958283868164,-0.104538562898518
981,"",38,397470,"aejju3f3e1","fr","false",834,1194,1194,760,2,63,16.6666666666667,"",NA,"down","touchscreen",1005,100,99,6,FALSE,0,10,0,358,0.0625,18,0.05,1,NA,2021-07-02 03:44:18.614314,"M","012014","right","NA","NA",1.26328792939872,0.30115955618633,0.0559215772583646
2397,"",39,401940,"aejju3f3e1","fr","false",834,1194,1194,760,2,63,16.6666666666667,"",NA,"up","touchscreen",1002,100,98,6,TRUE,1,10,0,358,0.125,18,0.1,1,NA,2021-07-02 03:44:18.614314,"M","012014","right","NA","NA",1.79168841103412,0.408787056705618,0.102535735634999
1546,"",40,405569,"aejju3f3e1","fr","false",834,1194,1194,760,2,63,16.6666666666667,"",NA,"up","touchscreen",1007,101,100.000000000058,6,TRUE,2,10,2,360,0,18,0.05,1,NA,2021-07-02 03:44:18.614314,"M","012014","right","NA","NA",0.120206348430097,0.0300380265293114,0.00440712251609679
1462,"",41,409101,"aejju3f3e1","fr","false",834,1194,1194,760,2,63,16.6666666666667,"",NA,"up","touchscreen",994,100,99,6,FALSE,0,10,0,360,0,18,0.1,1,NA,2021-07-02 03:44:18.614314,"M","012014","right","NA","NA",-0.920029527520807,-0.224154525509742,-0.0630525546317763
1541,"",42,412718,"aejju3f3e1","fr","false",834,1194,1194,760,2,63,16.6666666666667,"",NA,"up","touchscreen",1007,100,99.0000000000582,6,TRUE,1,10,2,362,0.0625,66,0.05,1,NA,2021-07-02 03:44:18.614314,"M","012014","right","NA","NA",1.8950477712741,0.230502194497954,0.0512557807397399
2022,"",43,416825,"aejju3f3e1","fr","false",834,1194,1194,760,2,63,16.6666666666667,"",NA,"up","touchscreen",1007,100,99,6,FALSE,0,10,0,362,-0.1875,18,0.2,1,NA,2021-07-02 03:44:18.614314,"M","012014","right","NA","NA",-2.18882382722619,-0.48003581778493,-0.376919759852354
1428,"",44,420333,"aejju3f3e1","fr","false",834,1194,1194,760,2,63,16.6666666666667,"",NA,"down","touchscreen",1004,96,94.9999999999418,6,TRUE,1,10,3,365,-0.0625,18,0.15,1,NA,2021-07-02 03:44:18.614314,"M","012014","right","NA","NA",-2.81932444916871,-0.576109557247697,-0.264787030479162
1329.99999999994,"",45,423740,"aejju3f3e1","fr","false",834,1194,1194,760,2,63,16.6666666666667,"",NA,"down","touchscreen",1003,99,99.9999999999418,6,TRUE,2,10,6,371,-0.0625,66,0.15,1,NA,2021-07-02 03:44:18.614314,"M","012014","right","NA","NA",-1.3180450871926,-0.162564055158518,-0.0763043390307392
2497,"",46,428301,"aejju3f3e1","fr","false",834,1194,1194,760,2,63,16.6666666666667,"",NA,"up","touchscreen",993,100,100,6,TRUE,3,10,6,377,0,18,0.15,1,NA,2021-07-02 03:44:18.614314,"M","012014","right","NA","NA",0.196483751646505,0.0490617838045694,0.0201691408052398
1395.99999999994,"",47,431758,"aejju3f3e1","fr","false",834,1194,1194,760,2,63,16.6666666666667,"",NA,"up","touchscreen",992,100,98.9999999999418,6,TRUE,4,10,9,386,0,6,0.2,1,NA,2021-07-02 03:44:18.614314,"M","012014","right","NA","NA",0.207150114302498,0.103023921699422,0.0386189829482338
1570,"",48,435406,"aejju3f3e1","fr","false",834,1194,1194,760,2,63,16.6666666666667,"",NA,"up","touchscreen",1004,100,99,6,TRUE,5,10,11,397,0.1875,66,0.15,1,NA,2021-07-02 03:44:18.614314,"M","012014","right","NA","NA",2.31539208985853,0.278014050653608,0.155454494450971
1405,"",49,438860,"aejju3f3e1","fr","false",834,1194,1194,760,2,63,16.6666666666667,"",NA,"up","touchscreen",992,100,99.0000000000582,6,TRUE,6,10,14,411,0.125,38,0.1,1,NA,2021-07-02 03:44:18.614314,"M","012014","right","NA","NA",1.50157752717763,0.242775669602299,0.0755312452992862
1342,"",50,442267,"aejju3f3e1","fr","false",834,1194,1194,760,2,63,16.6666666666667,"",NA,"up","touchscreen",1007,100,99,6,FALSE,0,10,0,411,-0.1875,66,0.2,1,NA,2021-07-02 03:44:18.614314,"M","012014","right","NA","NA",-0.948910461584582,-0.117788107492385,-0.0744675089978754
1825.99999999994,"",51,446170,"aejju3f3e1","fr","false",834,1194,1194,760,2,63,16.6666666666667,"",NA,"up","touchscreen",1004,100,99.9999999999418,6,TRUE,1,10,1,412,0.0625,38,0.2,1,NA,2021-07-02 03:44:18.614314,"M","012014","right","NA","NA",0.579421323486481,0.0961230482004902,0.0658516004053247
1264,"",52,449505,"aejju3f3e1","fr","false",834,1194,1194,760,2,63,16.6666666666667,"",NA,"up","touchscreen",993,100,100,6,TRUE,2,10,5,417,0.1875,66,0.05,1,NA,2021-07-02 03:44:18.614314,"M","012014","right","NA","NA",8.42309907157091,0.72508299575036,0.19103688018086
1046,"",53,452636,"aejju3f3e1","fr","false",834,1194,1194,760,2,63,16.6666666666667,"",NA,"up","touchscreen",1006,100,98,6,FALSE,0,10,0,417,-0.0625,66,0.1,1,NA,2021-07-02 03:44:18.614314,"M","012014","right","NA","NA",-2.15381433949044,-0.259969892921887,-0.099869797371697
119,"",54,454818,"aejju3f3e1","fr","false",834,1194,1194,760,2,63,16.6666666666667,"",NA,"down","touchscreen",996,100,99,6,TRUE,1,10,9,426,-0.0625,18,0.2,1,NA,2021-07-02 03:44:18.614314,"M","012014","right","NA","NA",-0.684020727926306,-0.168558383665329,-0.129942133115644
1063,"",55,457963,"aejju3f3e1","fr","false",834,1194,1194,760,2,63,16.6666666666667,"",NA,"up","touchscreen",1006,100,99,6,TRUE,2,10,14,440,0.1875,38,0.2,1,NA,2021-07-02 03:44:18.614314,"M","012014","right","NA","NA",1.98703532639722,0.314381068670701,0.256426123683984
1100.00000000006,"",56,461130,"aejju3f3e1","fr","false",834,1194,1194,760,2,63,16.6666666666667,"",NA,"up","touchscreen",993,100,100.000000000058,6,TRUE,3,10,18,458,0.0625,18,0.15,1,NA,2021-07-02 03:44:18.614314,"M","012014","right","NA","NA",0.571630922785388,0.141470433533568,0.075187985382476
585,"",57,463784,"aejju3f3e1","fr","false",834,1194,1194,760,2,63,16.6666666666667,"",NA,"up","touchscreen",992,100,99,6,FALSE,0,10,0,458,-0.0625,66,0.2,1,NA,2021-07-02 03:44:18.614314,"M","012014","right","NA","NA",-0.920063604966203,-0.1142548183719,-0.0901826018348102
1247,"",58,467120,"aejju3f3e1","fr","false",834,1194,1194,760,2,63,16.6666666666667,"",NA,"down","touchscreen",994,96,95,6,TRUE,1,10,4,462,-0.125,38,0.1,1,NA,2021-07-02 03:44:18.614314,"M","012014","right","NA","NA",-2.56635553910146,-0.393262446074099,-0.129138060712776
1487.00000000006,"",59,470672,"aejju3f3e1","fr","false",834,1194,1194,760,2,63,16.6666666666667,"",NA,"up","touchscreen",993,100,99,6,FALSE,0,10,0,462,-0.0625,38,0.2,1,NA,2021-07-02 03:44:18.614314,"M","012014","right","NA","NA",-0.0580455730059881,-0.00967380948581881,-0.00734316099110717
2508.00000000006,"",60,475263,"aejju3f3e1","fr","false",834,1194,1194,760,2,63,16.6666666666667,"",NA,"down","touchscreen",1006,99,98,6,TRUE,1,10,0,462,-0.1875,6,0.15,1,NA,2021-07-02 03:44:18.614314,"M","012014","right","NA","NA",-0.808543472643194,-0.374802257931,-0.138008596989482
1544,"",61,478883,"aejju3f3e1","fr","false",834,1194,1194,760,2,63,16.6666666666667,"",NA,"down","touchscreen",1005,100,99,6,FALSE,0,10,0,462,0.0625,6,0.2,1,NA,2021-07-02 03:44:18.614314,"M","012014","right","NA","NA",0.355357990000253,0.17493905414673,0.131680961378775
2684,"",62,483632,"aejju3f3e1","fr","false",834,1194,1194,760,2,63,16.6666666666667,"",NA,"up","touchscreen",992,100,100,6,FALSE,0,10,0,462,0,18,0.2,1,NA,2021-07-02 03:44:18.614314,"M","012014","right","NA","NA",-0.016065135306069,-0.00401625143450416,-0.00290825566387384
3190,"",63,488903,"aejju3f3e1","fr","false",834,1194,1194,760,2,63,16.6666666666667,"",NA,"up","touchscreen",1004,100,99,6,FALSE,0,10,0,462,-0.125,6,0.05,1,NA,2021-07-02 03:44:18.614314,"M","012014","right","NA","NA",-0.85099545094571,-0.391528527286671,-0.0483224802016375
1145.00000000006,"",64,492119,"aejju3f3e1","fr","false",834,1194,1194,760,2,63,16.6666666666667,"",NA,"up","touchscreen",992,100,99,6,TRUE,1,10,4,466,0.0625,66,0.1,1,NA,2021-07-02 03:44:18.614314,"M","012014","right","NA","NA",1.33070161548782,0.164083243212776,0.0556066613443961
1108,"",65,495301,"aejju3f3e1","fr","false",834,1194,1194,760,2,63,16.6666666666667,"",NA,"up","touchscreen",1007,100,98.9999999999418,6,FALSE,0,10,0,466,-0.125,18,0.15,1,NA,2021-07-02 03:44:18.614314,"M","012014","right","NA","NA",-1.39439646949615,-0.329171715974349,-0.146643800074241
3774.99999999994,"",66,501155,"aejju3f3e1","fr","false",834,1194,1194,760,2,63,16.6666666666667,"",NA,"up","touchscreen",1002,100,98.9999999999418,6,FALSE,0,10,0,466,0.0625,66,0.15,1,NA,2021-07-02 03:44:18.614314,"M","012014","right","NA","NA",-0.244775970511924,-0.0305826842725342,-0.0171876853172336
1526,"",67,504758,"aejju3f3e1","fr","false",834,1194,1194,760,2,63,16.6666666666667,"",NA,"up","touchscreen",1006,100,100.000000000058,6,TRUE,1,10,2,468,0.125,18,0.2,1,NA,2021-07-02 03:44:18.614314,"M","012014","right","NA","NA",1.65996204441971,0.383295866497202,0.298884333917666
1589,"",68,508409,"aejju3f3e1","fr","false",834,1194,1194,760,2,63,16.6666666666667,"",NA,"down","touchscreen",992,101,100.000000000058,6,TRUE,2,10,4,472,-0.1875,38,0.2,1,NA,2021-07-02 03:44:18.614314,"M","012014","right","NA","NA",-1.78500406123567,-0.285149368628661,-0.179395547413405
1380,"",69,511868,"aejju3f3e1","fr","false",834,1194,1194,760,2,63,16.6666666666667,"",NA,"down","touchscreen",1008,100,99.0000000000582,6,TRUE,3,10,7,479,-0.1875,18,0.15,1,NA,2021-07-02 03:44:18.614314,"M","012014","right","NA","NA",-2.87123975365856,-0.583132386047106,-0.322853115495893
1824.00000000006,"",70,515755,"aejju3f3e1","fr","false",834,1194,1194,760,2,63,16.6666666666667,"",NA,"up","touchscreen",992,100,99,6,FALSE,0,10,0,479,0,66,0.05,1,NA,2021-07-02 03:44:18.614314,"M","012014","right","NA","NA",-1.44122605218768,-0.177299091368121,-0.0311508841030079
3012.99999999994,"",71,520840,"aejju3f3e1","fr","false",834,1194,1194,760,2,63,16.6666666666667,"",NA,"down","touchscreen",992,100,97.9999999999418,6,FALSE,0,10,0,479,0.125,6,0.1,1,NA,2021-07-02 03:44:18.614314,"M","012014","right","NA","NA",1.03905364980019,0.4610221865288,0.0787154280407517
1383.99999999994,"",72,524296,"aejju3f3e1","fr","false",834,1194,1194,760,2,63,16.6666666666667,"",NA,"up","touchscreen",1005,100,98.9999999998836,6,TRUE,1,10,3,482,0.0625,6,0.05,1,NA,2021-07-02 03:44:18.614314,"M","012014","right","NA","NA",0.606587294404554,0.290238200236171,0.0452179713911444
1988,"",73,528349,"aejju3f3e1","fr","false",834,1194,1194,760,2,63,16.6666666666667,"",NA,"down","touchscreen",994,100,100.000000000116,6,FALSE,0,10,0,482,0.0625,6,0.15,1,NA,2021-07-02 03:44:18.614314,"M","012014","right","NA","NA",0.0708361817531437,0.0353958967997372,0.00910283448486226
2184.00000000012,"",74,532610,"aejju3f3e1","fr","false",834,1194,1194,760,2,63,16.6666666666667,"",NA,"up","touchscreen",1005,100,99,6,FALSE,0,10,0,482,-0.125,6,0.15,1,NA,2021-07-02 03:44:18.614314,"M","012014","right","NA","NA",-2.23191912090863,-0.744740395676311,-0.331324387838416
1038,"",75,535729,"aejju3f3e1","fr","false",834,1194,1194,760,2,63,16.6666666666667,"",NA,"up","touchscreen",1004,100,99,6,TRUE,1,10,5,487,0.0625,38,0.15,1,NA,2021-07-02 03:44:18.614314,"M","012014","right","NA","NA",0.805596975508001,0.133072048555143,0.0527683609452262
2383,"",76,540193,"aejju3f3e1","fr","false",834,1194,1194,760,2,63,16.6666666666667,"",NA,"up","touchscreen",1007,100,100.000000000116,6,TRUE,2,10,5,492,0.0625,38,0.05,1,NA,2021-07-02 03:44:18.614314,"M","012014","right","NA","NA",1.92454127086777,0.305429420565745,0.0490477421373484
1029,"",77,543297,"aejju3f3e1","fr","false",834,1194,1194,760,2,63,16.6666666666667,"",NA,"up","touchscreen",994,100,99,6,TRUE,3,10,10,502,0.1875,18,0.1,1,NA,2021-07-02 03:44:18.614314,"M","012014","right","NA","NA",2.38024164420723,0.511371108016156,0.239102070393942
2211,"",78,547581,"aejju3f3e1","fr","false",834,1194,1194,760,2,63,16.6666666666667,"",NA,"up","touchscreen",1005,100,99,6,TRUE,4,10,10,512,-0.125,6,0.1,1,NA,2021-07-02 03:44:18.614314,"M","012014","right","NA","NA",0.575666240553308,0.276603095071749,0.0717231237896903
1116,"",79,550774,"aejju3f3e1","fr","false",834,1194,1194,760,2,63,16.6666666666667,"",NA,"up","touchscreen",1004,100,99,6,TRUE,5,10,14,526,-0.0625,6,0.15,1,NA,2021-07-02 03:44:18.614314,"M","012014","right","NA","NA",0.111820074423899,0.0558228560560619,0.0194125686315145
2796.99999999988,"",80,555626,"aejju3f3e1","fr","false",834,1194,1194,760,2,63,16.6666666666667,"",NA,"up","touchscreen",1003,100,98.9999999998836,6,TRUE,6,10,14,540,0.125,66,0.05,1,NA,2021-07-02 03:44:18.614314,"M","012014","right","NA","NA",4.02171494801584,0.44915267632846,0.0790180968445337
1443,"",81,559111,"aejju3f3e1","fr","false",834,1194,1194,760,2,63,16.6666666666667,"",NA,"up","touchscreen",992,100,99,6,TRUE,7,10,17,557,0.1875,38,0.1,1,NA,2021-07-02 03:44:18.614314,"M","012014","right","NA","NA",3.6694900686016,0.521742264858752,0.214268271598129
821,"",82,561980,"aejju3f3e1","fr","false",834,1194,1194,760,2,63,16.6666666666667,"",NA,"up","touchscreen",993,100,100,6,FALSE,0,10,0,557,-0.125,66,0.2,1,NA,2021-07-02 03:44:18.614314,"M","012014","right","NA","NA",-3.06275709694732,-0.357538058640162,-0.231869477935041
721,"",83,564764,"aejju3f3e1","fr","false",834,1194,1194,760,2,63,16.6666666666667,"",NA,"up","touchscreen",994,99,100,6,TRUE,1,10,6,563,0,66,0.15,1,NA,2021-07-02 03:44:18.614314,"M","012014","right","NA","NA",1.62182238230396,0.19868605183098,0.0922420101366432
1283,"",84,568123,"aejju3f3e1","fr","false",834,1194,1194,760,2,63,16.6666666666667,"",NA,"up","touchscreen",1003,100,99,6,TRUE,2,10,10,573,0.125,66,0.15,1,NA,2021-07-02 03:44:18.614314,"M","012014","right","NA","NA",0.988557830101202,0.12263697465506,0.0556156011549276
1833,"",85,572033,"aejju3f3e1","fr","false",834,1194,1194,760,2,63,16.6666666666667,"",NA,"up","touchscreen",1002,100,99,6,TRUE,3,10,11,584,0.1875,38,0.15,1,NA,2021-07-02 03:44:18.614314,"M","012014","right","NA","NA",2.34334799293332,0.363796378675402,0.224332877483383
2455,"",86,576571,"aejju3f3e1","fr","false",834,1194,1194,760,2,63,16.6666666666667,"",NA,"down","touchscreen",1007,100,99,6,TRUE,4,10,11,595,-0.1875,38,0.05,1,NA,2021-07-02 03:44:18.614314,"M","012014","right","NA","NA",-5.85961790036886,-0.698687823671062,-0.150990696341191
4556,"",87,583204,"aejju3f3e1","fr","false",834,1194,1194,760,2,63,16.6666666666667,"",NA,"down","touchscreen",1008,100,99,6,TRUE,5,10,11,606,0.125,6,0.2,1,NA,2021-07-02 03:44:18.614314,"M","012014","right","NA","NA",-0.139212846588775,-0.0694384101276447,-0.0250455237504921
1249,"",88,586518,"aejju3f3e1","fr","false",834,1194,1194,760,2,63,16.6666666666667,"",NA,"up","touchscreen",1006,99,98,6,FALSE,0,10,0,606,0.0625,66,0.2,1,NA,2021-07-02 03:44:18.614314,"M","012014","right","NA","NA",-1.36274983982268,-0.167924815854075,-0.119577949774244
5621,"",89,594212,"aejju3f3e1","fr","false",834,1194,1194,760,2,63,16.6666666666667,"",NA,"down","touchscreen",1003,100,99,6,TRUE,1,10,0,606,-0.1875,18,0.05,1,NA,2021-07-02 03:44:18.614314,"M","012014","right","NA","NA",-5.19597027192339,-0.79239547945076,-0.128343851473401
1484,"",90,597755,"aejju3f3e1","fr","false",834,1194,1194,760,2,63,16.6666666666667,"",NA,"up","touchscreen",1005,100,99,6,TRUE,2,10,3,609,0.1875,6,0.2,1,NA,2021-07-02 03:44:18.614314,"M","012014","right","NA","NA",0.945212724159368,0.427290264864056,0.106134455314863
1383,"",91,601214,"aejju3f3e1","fr","false",834,1194,1194,760,2,63,16.6666666666667,"",NA,"down","touchscreen",1005,101,100,6,TRUE,3,10,6,615,-0.1875,66,0.15,1,NA,2021-07-02 03:44:18.614314,"M","012014","right","NA","NA",-2.23330435980662,-0.268882317840159,-0.129278837399125
1154,"",92,604446,"aejju3f3e1","fr","false",834,1194,1194,760,2,63,16.6666666666667,"",NA,"up","touchscreen",1006,100,99,6,TRUE,4,10,10,625,0,6,0.15,1,NA,2021-07-02 03:44:18.614314,"M","012014","right","NA","NA",0.705057540209227,0.332474233014314,0.129664533906193
1335,"",93,607855,"aejju3f3e1","fr","false",834,1194,1194,760,2,63,16.6666666666667,"",NA,"up","touchscreen",1002,100,99,6,FALSE,0,10,0,625,0,66,0.2,1,NA,2021-07-02 03:44:18.614314,"M","012014","right","NA","NA",-0.0578636306258206,-0.00723276463741488,-0.00544012534909039
2731,"",94,612667,"aejju3f3e1","fr","false",834,1194,1194,760,2,63,16.6666666666667,"",NA,"up","touchscreen",1008,100,100,6,FALSE,0,10,0,625,-0.0625,66,0.05,1,NA,2021-07-02 03:44:18.614314,"M","012014","right","NA","NA",-4.35167159600491,-0.477839263975011,-0.0860051986456772
2658,"",95,617389,"aejju3f3e1","fr","false",834,1194,1194,760,2,63,16.6666666666667,"",NA,"up","touchscreen",993,101,100,6,FALSE,0,10,0,625,0,38,0.05,1,NA,2021-07-02 03:44:18.614314,"M","012014","right","NA","NA",-0.396092251836363,-0.0658719952913593,-0.0121941996059164
1370,"",96,620838,"aejju3f3e1","fr","false",834,1194,1194,760,2,63,16.6666666666667,"",NA,"down","touchscreen",1006,100,99,6,FALSE,0,10,0,625,0,6,0.05,1,NA,2021-07-02 03:44:18.614314,"M","012014","right","NA","NA",0.428441674981258,0.209468435860136,0.043380323299975
1177,"",97,624091,"aejju3f3e1","fr","false",834,1194,1194,760,2,63,16.6666666666667,"",NA,"up","touchscreen",1007,100,100,6,TRUE,1,10,4,629,0.1875,6,0.1,1,NA,2021-07-02 03:44:18.614314,"M","012014","right","NA","NA",7.4876455311932,0.966129026128673,0.40004019475747
6302,"",98,632470,"aejju3f3e1","fr","false",834,1194,1194,760,2,63,16.6666666666667,"",NA,"down","touchscreen",1004,100,99,6,TRUE,2,10,4,633,-0.125,66,0.1,1,NA,2021-07-02 03:44:18.614314,"M","012014","right","NA","NA",-3.87955215169292,-0.4363431038267,-0.162583544455939
2267,"",99,636803,"aejju3f3e1","fr","false",834,1194,1194,760,2,63,16.6666666666667,"",NA,"down","touchscreen",1005,100,99,6,TRUE,3,10,4,637,-0.1875,38,0.15,1,NA,2021-07-02 03:44:18.614314,"M","012014","right","NA","NA",-3.00209198704714,-0.44746302732132,-0.203035597599089
2193,"",100,641074,"aejju3f3e1","fr","false",834,1194,1194,760,2,63,16.6666666666667,"",NA,"up","touchscreen",993,100,99,6,TRUE,4,10,4,641,0.125,6,0.15,1,NA,2021-07-02 03:44:18.614314,"M","012014","right","NA","NA",2.8585606101017,0.819365539564613,0.331413968501506
2797.00000000012,"",101,645946,"aejju3f3e1","fr","false",834,1194,1194,760,2,63,16.6666666666667,"",NA,"down","touchscreen",1004,100,99,6,TRUE,5,10,4,645,0,6,0.1,1,NA,2021-07-02 03:44:18.614314,"M","012014","right","NA","NA",-0.163914162600254,-0.0816832088751545,-0.0161405700165374
2047,"",102,650049,"aejju3f3e1","fr","false",834,1194,1194,760,2,63,16.6666666666667,"",NA,"up","touchscreen",1003,100,99.0000000001164,6,FALSE,0,10,0,645,-0.125,38,0.15,1,NA,2021-07-02 03:44:18.614314,"M","012014","right","NA","NA",-2.4277115874201,-0.375078610894429,-0.156550235109545
5348,"",103,657476,"aejju3f3e1","fr","false",834,1194,1194,760,2,63,16.6666666666667,"",NA,"down","touchscreen",1007,100,99,6,FALSE,0,10,0,645,-0.0625,38,0.1,1,NA,2021-07-02 03:44:18.614314,"M","012014","right","NA","NA",0.0829936969926076,0.0138309597424565,0.00510436859144931
2080,"",104,661618,"aejju3f3e1","fr","false",834,1194,1194,760,2,63,16.6666666666667,"",NA,"up","touchscreen",992,100,100,6,FALSE,0,10,0,645,-0.1875,18,0.1,1,NA,2021-07-02 03:44:18.614314,"M","012014","right","NA","NA",-2.91030151298467,-0.588331752493595,-0.256776607280526
1104,"",105,664796,"aejju3f3e1","fr","false",834,1194,1194,760,2,63,16.6666666666667,"",NA,"up","touchscreen",1002,100,100,6,TRUE,1,10,4,649,0.0625,18,0.2,1,NA,2021-07-02 03:44:18.614314,"M","012014","right","NA","NA",0.369339859008641,0.0919438516658232,0.0716859203172177
1133,"",106,668006,"aejju3f3e1","fr","false",834,1194,1194,760,2,63,16.6666666666667,"",NA,"up","touchscreen",1005,99,99,6,FALSE,0,10,0,649,-0.1875,6,0.05,1,NA,2021-07-02 03:44:18.614314,"M","012014","right","NA","NA",-4.14976282553141,-0.900834783749044,-0.311270629247907
2831,"",107,672915,"aejju3f3e1","fr","false",834,1194,1194,760,2,63,16.6666666666667,"",NA,"up","touchscreen",1005,100,99,6,TRUE,1,10,0,649,-0.0625,18,0.1,1,NA,2021-07-02 03:44:18.614314,"M","012014","right","NA","NA",0.156688889698541,0.0391422028050589,0.0124523343519179
3450.99999999988,"",108,678430,"aejju3f3e1","fr","false",834,1194,1194,760,2,63,16.6666666666667,"",NA,"up","touchscreen",992,100,98.9999999998836,6,TRUE,2,10,0,649,0.1875,66,0.1,1,NA,2021-07-02 03:44:18.614314,"M","012014","right","NA","NA",5.57116268913426,0.571475387771063,0.268781908083738
2287,"",109,682792,"aejju3f3e1","fr","false",834,1194,1194,760,2,63,16.6666666666667,"",NA,"up","touchscreen",1006,100,99,6,FALSE,0,10,0,649,-0.0625,18,0.05,1,NA,2021-07-02 03:44:18.614314,"M","012014","right","NA","NA",-1.86580950098466,-0.422725985338017,-0.0679077416045571
2321,"",110,687187,"aejju3f3e1","fr","false",834,1194,1194,760,2,63,16.6666666666667,"",NA,"up","touchscreen",1005,99,99,6,FALSE,0,10,0,649,0,38,0.2,1,NA,2021-07-02 03:44:18.614314,"M","012014","right","NA","NA",-0.193163011226923,-0.032177164623973,-0.0220506099957148
1942,"",111,691206,"aejju3f3e1","fr","false",834,1194,1194,760,2,63,16.6666666666667,"",NA,"down","touchscreen",1008,100,100,6,TRUE,1,10,0,649,-0.1875,6,0.2,1,NA,2021-07-02 03:44:18.614314,"M","012014","right","NA","NA",-1.46214731733091,-0.590176781732755,-0.418827950864496
2420,"",112,695702,"aejju3f3e1","fr","false",834,1194,1194,760,2,63,16.6666666666667,"",NA,"up","touchscreen",1006,100,100,6,TRUE,2,10,0,649,0.1875,38,0.05,1,NA,2021-07-02 03:44:18.614314,"M","012014","right","NA","NA",7.77875236812401,0.791819265993841,0.203704232730825
2196,"",113,699976,"aejju3f3e1","fr","false",834,1194,1194,760,2,63,16.6666666666667,"",NA,"down","touchscreen",1006,101,100,6,TRUE,3,10,0,649,-0.1875,6,0.1,1,NA,2021-07-02 03:44:18.614314,"M","012014","right","NA","NA",-4.54933280460376,-0.915441567562518,-0.26158907259002
582.600000000632,"",2,140017,"bq1rkpg2ba","fr","false",1280,800,1280,632,2,60,16.6666666666667,"",NA,"up","touchscreen",998.864999999991,99.4579999999987,93.400000000649,6,FALSE,0,0,0,0,-0.125,66,0.15,1,NA,2021-07-01 07:32:06.51546,"M","7","right","NA","NA",-1.60382261975986,-0.196566600291606,-0.108778562598127
2177.09999999989,"",3,144219,"bq1rkpg2ba","fr","false",1280,800,1280,632,2,60,16.6666666666667,"",NA,"down","touchscreen",998.955000000002,99.4540000000125,98.3000000005704,6,TRUE,1,1,0,0,-0.1875,6,0.15,1,NA,2021-07-01 07:32:06.51546,"M","7","right","NA","NA",-2.7307464129239,-0.806763740182387,-0.458307615859883
3014.50000000022,"",4,149270,"bq1rkpg2ba","fr","false",1280,800,1280,632,2,60,16.6666666666667,"",NA,"up","touchscreen",997.956000000006,100.260000000009,97.7999999995518,6,FALSE,0,1,0,0,0,38,0.05,1,NA,2021-07-01 07:32:06.51546,"M","7","right","NA","NA",-0.235215066297583,-0.0391724217946266,-0.00678761810236762
4658.80000000016,"",5,155958,"bq1rkpg2ba","fr","false",1280,800,1280,632,2,60,16.6666666666667,"",NA,"down","touchscreen",998.176999999996,100.014999999999,96.4000000003725,6,FALSE,0,1,0,0,0,18,0.05,1,NA,2021-07-01 07:32:06.51546,"M","7","right","NA","NA",0.266709895864424,0.066529746161204,0.011615347233611
734.000000000378,"",6,158721,"bq1rkpg2ba","fr","false",1280,800,1280,632,2,60,16.6666666666667,"",NA,"up","touchscreen",996.656000000003,101.599000000002,97.4000000005617,6,FALSE,0,1,0,0,-0.1875,66,0.2,1,NA,2021-07-01 07:32:06.51546,"M","7","right","NA","NA",-3.0416725776196,-0.355388519893873,-0.280213927459842
1879.6999999995,"",7,162626,"bq1rkpg2ba","fr","false",1280,800,1280,632,2,60,16.6666666666667,"",NA,"down","touchscreen",999.133000000002,99.1719999999914,96.7000000000553,6,TRUE,1,1,1,1,-0.1875,66,0.1,1,NA,2021-07-01 07:32:06.51546,"M","7","right","NA","NA",-4.39392716251286,-0.481407840417237,-0.204056612939048
4253.9999999999,"",8,168918,"bq1rkpg2ba","fr","false",1280,800,1280,632,2,60,16.6666666666667,"",NA,"up","touchscreen",998.064000000013,99.8530000000028,95.8999999993539,6,TRUE,2,2,1,2,0.1875,66,0.15,1,NA,2021-07-01 07:32:06.51546,"M","7","right","NA","NA",3.73460933993015,0.42300414355702,0.221137969838035
1938.1000000003,"",9,172893,"bq1rkpg2ba","fr","false",1280,800,1280,632,2,60,16.6666666666667,"",NA,"down","touchscreen",998.434999999998,99.9780000000028,95.4000000001543,6,FALSE,0,2,0,2,0.0625,6,0.2,1,NA,2021-07-01 07:32:06.51546,"M","7","right","NA","NA",0.945509512993838,0.427399925439034,0.188620020322028
355.799999999363,"",10,175282,"bq1rkpg2ba","fr","false",1280,800,1280,632,2,60,16.6666666666667,"",NA,"up","touchscreen",998.445000000007,99.8399999999965,98.9999999992579,6,TRUE,1,2,8,10,0.125,18,0.1,1,NA,2021-07-01 07:32:06.51546,"M","7","right","NA","NA",1.95079322825937,0.438346255396801,0.120261529879024
2649.90000000034,"",11,179959,"bq1rkpg2ba","fr","false",1280,800,1280,632,2,60,16.6666666666667,"",NA,"down","touchscreen",997.910000000003,100.399999999994,96.1000000006461,6,TRUE,2,2,8,18,0.0625,6,0.05,1,NA,2021-07-01 07:32:06.51546,"M","7","right","NA","NA",-0.328433791236724,-0.162046462128938,-0.0212690111569588
1367.20000000059,"",12,183352,"bq1rkpg2ba","fr","false",1280,800,1280,632,2,60,16.6666666666667,"",NA,"up","touchscreen",997.383999999991,100.831999999995,96.9999999997672,6,FALSE,0,2,0,18,0,38,0.1,1,NA,2021-07-01 07:32:06.51546,"M","7","right","NA","NA",-1.91196562549932,-0.30361816322988,-0.1051920653897
652.599999999424,"",13,186037,"bq1rkpg2ba","fr","false",1280,800,1280,632,2,60,16.6666666666667,"",NA,"down","touchscreen",998.458000000013,99.7839999999851,95.2999999999302,6,FALSE,0,2,0,18,0.125,6,0.05,1,NA,2021-07-01 07:32:06.51546,"M","7","right","NA","NA",1.34291069328231,0.557449509557541,0.0688934861134084
297.600000000792,"",14,188375,"bq1rkpg2ba","fr","false",1280,800,1280,632,2,60,16.6666666666667,"",NA,"up","touchscreen",998.71100000001,99.7030000000086,98.6000000002678,6,FALSE,0,2,0,18,-0.0625,6,0.05,1,NA,2021-07-01 07:32:06.51546,"M","7","right","NA","NA",-0.952737289040059,-0.430064693900726,-0.0755355718901857
4474.00000000017,"",15,194885,"bq1rkpg2ba","fr","false",1280,800,1280,632,2,60,16.6666666666667,"",NA,"up","touchscreen",999.627999999997,100.124000000011,96.0999999997439,6,TRUE,1,2,0,18,0.1875,66,0.1,1,NA,2021-07-01 07:32:06.51546,"M","7","right","NA","NA",3.45572141407768,0.396549748665361,0.159108748863149
3044.89999999985,"",16,199964,"bq1rkpg2ba","fr","false",1280,800,1280,632,2,60,16.6666666666667,"",NA,"down","touchscreen",998.172999999981,99.8569999999891,96.8000000002503,6,FALSE,0,2,0,18,0,66,0.05,1,NA,2021-07-01 07:32:06.51546,"M","7","right","NA","NA",0.567078363952225,0.0707073780170414,0.0127153188761193
1608.6000000005,"",17,203598,"bq1rkpg2ba","fr","false",1280,800,1280,632,2,60,16.6666666666667,"",NA,"up","touchscreen",998.423999999999,99.8450000000012,97.3999999996449,6,FALSE,0,2,0,18,0,6,0.15,1,NA,2021-07-01 07:32:06.51546,"M","7","right","NA","NA",-0.639581927197405,-0.30459511259464,-0.103322079629479
2314.10000000053,"",18,207953,"bq1rkpg2ba","fr","false",1280,800,1280,632,2,60,16.6666666666667,"",NA,"up","touchscreen",999.948000000004,98.4710000000196,94.9000000000524,6,TRUE,1,2,0,18,0.1875,18,0.1,1,NA,2021-07-01 07:32:06.51546,"M","7","right","NA","NA",1.73605474454006,0.398132812922284,0.119201496225377
915.699999999546,"",19,210901,"bq1rkpg2ba","fr","false",1280,800,1280,632,2,60,16.6666666666667,"",NA,"down","touchscreen",998.104999999981,99.86599999998,95.5999999996566,6,TRUE,2,2,5,23,-0.125,18,0.2,1,NA,2021-07-01 07:32:06.51546,"M","7","right","NA","NA",-0.471476387335208,-0.117058745866798,-0.0635152364913011
1254.69999999949,"",20,214180,"bq1rkpg2ba","fr","false",1280,800,1280,632,2,60,16.6666666666667,"",NA,"up","touchscreen",998.462,99.9890000000014,98.7999999997555,6,TRUE,3,3,9,32,0.125,66,0.15,1,NA,2021-07-01 07:32:06.51546,"M","7","right","NA","NA",3.25499367171823,0.376873270575888,0.208181502466838
2164.09999999998,"",21,218372,"bq1rkpg2ba","fr","false",1280,800,1280,632,2,60,16.6666666666667,"",NA,"down","touchscreen",998.795000000013,99.4100000000035,95.9999999995343,6,TRUE,4,4,9,41,-0.125,6,0.05,1,NA,2021-07-01 07:32:06.51546,"M","7","right","NA","NA",-4.51345667052302,-0.914260609653332,-0.201163235208036
944.899999999499,"",22,221346,"bq1rkpg2ba","fr","false",1280,800,1280,632,2,60,16.6666666666667,"",NA,"up","touchscreen",998.479000000021,99.8530000000028,96.5999999998603,6,TRUE,5,5,14,55,-0.125,6,0.15,1,NA,2021-07-01 07:32:06.51546,"M","7","right","NA","NA",0.480514301737216,0.233609363543906,0.0769121789461982
865.400000000576,"",23,224245,"bq1rkpg2ba","fr","false",1280,800,1280,632,2,60,16.6666666666667,"",NA,"down","touchscreen",998.766999999993,100.044999999984,95.7000000007683,6,TRUE,6,6,20,75,-0.1875,18,0.05,1,NA,2021-07-01 07:32:06.51546,"M","7","right","NA","NA",-5.2185251427703,-0.793670193105738,-0.214824484328453
835.299999999726,"",24,227112,"bq1rkpg2ba","fr","false",1280,800,1280,632,2,60,16.6666666666667,"",NA,"up","touchscreen",998.570999999996,100.118999999977,96.300000000163,6,FALSE,0,6,0,75,-0.1875,38,0.1,1,NA,2021-07-01 07:32:06.51546,"M","7","right","NA","NA",-3.81218660524673,-0.536275075396574,-0.204322874914411
490.100000000006,"",25,229648,"bq1rkpg2ba","fr","false",1280,800,1280,632,2,60,16.6666666666667,"",NA,"down","touchscreen",998.728000000003,99.9610000000102,95.8999999993539,6,FALSE,0,6,0,75,0.125,38,0.05,1,NA,2021-07-01 07:32:06.51546,"M","7","right","NA","NA",4.83169137372672,0.627200267490891,0.143898777879743
921.000000000262,"",26,232608,"bq1rkpg2ba","fr","false",1280,800,1280,632,2,60,16.6666666666667,"",NA,"up","touchscreen",998.657000000007,99.6610000000219,96.5999999998603,6,TRUE,1,6,5,80,0.1875,38,0.1,1,NA,2021-07-01 07:32:06.51546,"M","7","right","NA","NA",2.58785383884915,0.396041892160439,0.148151214498547
1771.40000000055,"",27,236415,"bq1rkpg2ba","fr","false",1280,800,1280,632,2,60,16.6666666666667,"",NA,"down","touchscreen",998.599000000017,99.7749999999942,96.0000000004657,6,TRUE,2,6,6,86,-0.1875,18,0.2,1,NA,2021-07-01 07:32:06.51546,"M","7","right","NA","NA",-1.66068404437015,-0.383438074308689,-0.271372260510216
2454.09999999992,"",28,240911,"bq1rkpg2ba","fr","false",1280,800,1280,632,2,60,16.6666666666667,"",NA,"up","touchscreen",998.566000000021,99.8459999999905,98.699999999546,6,TRUE,3,6,6,92,0.125,38,0.2,1,NA,2021-07-01 07:32:06.51546,"M","7","right","NA","NA",1.43874979235891,0.233181359522427,0.124461046158653
707.699999999953,"",29,243658,"bq1rkpg2ba","fr","false",1280,800,1280,632,2,60,16.6666666666667,"",NA,"down","touchscreen",998.540999999997,99.8099999999977,96.0000000004657,6,TRUE,4,6,12,104,-0.0625,66,0.05,1,NA,2021-07-01 07:32:06.51546,"M","7","right","NA","NA",-1.4006512480957,-0.172458134773872,-0.0305904868893758
1650.00000000055,"",30,247351,"bq1rkpg2ba","fr","false",1280,800,1280,632,2,60,16.6666666666667,"",NA,"up","touchscreen",1000.06199999998,98.323000000004,94.399999999936,6,TRUE,5,6,14,118,0.125,18,0.2,1,NA,2021-07-01 07:32:06.51546,"M","7","right","NA","NA",1.65465419289935,0.382249575429541,0.213707325025456
716.800000000163,"",31,250111,"bq1rkpg2ba","fr","false",1280,800,1280,632,2,60,16.6666666666667,"",NA,"down","touchscreen",998.67200000002,99.695000000007,95.5999999996275,6,FALSE,0,6,0,118,0.125,38,0.1,1,NA,2021-07-01 07:32:06.51546,"M","7","right","NA","NA",1.03421365258424,0.16986399309566,0.0522894095226164
4206.40000000002,"",32,256347,"bq1rkpg2ba","fr","false",1280,800,1280,632,2,60,16.6666666666667,"",NA,"up","touchscreen",998.771999999997,99.5270000000019,95.1999999997497,6,FALSE,0,6,0,118,-0.0625,66,0.15,1,NA,2021-07-01 07:32:06.51546,"M","7","right","NA","NA",-1.23191777133455,-0.152195797008444,-0.082594237575318
2408.40000000026,"",33,260790,"bq1rkpg2ba","fr","false",1280,800,1280,632,2,60,16.6666666666667,"",NA,"up","touchscreen",998.135000000009,100.003999999986,95.8000000000466,6,TRUE,1,6,0,118,0.0625,38,0.1,1,NA,2021-07-01 07:32:06.51546,"M","7","right","NA","NA",0.0581249377292323,0.00968703508040764,0.00324144748023781
1474.69999999975,"",34,264300,"bq1rkpg2ba","fr","false",1280,800,1280,632,2,60,16.6666666666667,"",NA,"down","touchscreen",998.315999999992,100.13400000002,96.4999999996508,6,TRUE,2,6,3,121,-0.1875,6,0.2,1,NA,2021-07-01 07:32:06.51546,"M","7","right","NA","NA",-2.53443258238442,-0.785013478700749,-0.359425018837402
5049.10000000018,"",35,271385,"bq1rkpg2ba","fr","false",1280,800,1280,632,2,60,16.6666666666667,"",NA,"up","touchscreen",999.073999999993,99.3070000000007,95.4000000001397,6,FALSE,0,6,0,121,0.0625,38,0.2,1,NA,2021-07-01 07:32:06.51546,"M","7","right","NA","NA",-1.2003311256763,-0.196168168835304,-0.11945051403228
2341.99999999962,"",36,275764,"bq1rkpg2ba","fr","false",1280,800,1280,632,2,60,16.6666666666667,"",NA,"down","touchscreen",997.530999999988,100.654999999999,100.999999999651,6,TRUE,1,6,0,121,-0.125,6,0.1,1,NA,2021-07-01 07:32:06.51546,"M","7","right","NA","NA",-3.58234084243051,-0.873140237434645,-0.249959978882326
2023.50000000026,"",37,279829,"bq1rkpg2ba","fr","false",1280,800,1280,632,2,60,16.6666666666667,"",NA,"down","touchscreen",999.348000000027,98.7889999999898,95.0999999995402,6,TRUE,2,6,0,121,0.0625,6,0.15,1,NA,2021-07-01 07:32:06.51546,"M","7","right","NA","NA",-0.767992227106036,-0.358475412458684,-0.136534644429416
1966.50000000044,"",38,283832,"bq1rkpg2ba","fr","false",1280,800,1280,632,2,60,16.6666666666667,"",NA,"up","touchscreen",998.573000000004,99.875,95.9000000002561,6,FALSE,0,6,0,121,-0.125,38,0.15,1,NA,2021-07-01 07:32:06.51546,"M","7","right","NA","NA",-3.8778126887847,-0.542803230158325,-0.315862468284917
3241.20000000039,"",39,289099,"bq1rkpg2ba","fr","false",1280,800,1280,632,2,60,16.6666666666667,"",NA,"down","touchscreen",998.563999999984,99.8999999999942,96.8000000002503,6,TRUE,1,6,0,121,-0.125,18,0.05,1,NA,2021-07-01 07:32:06.51546,"M","7","right","NA","NA",-4.14204821629256,-0.719333679459343,-0.171744769255828
1985.8000000004,"",40,293122,"bq1rkpg2ba","fr","false",1280,800,1280,632,2,60,16.6666666666667,"",NA,"up","touchscreen",999.406999999977,98.8709999999846,94.3000000006577,6,FALSE,0,6,0,121,-0.125,66,0.2,1,NA,2021-07-01 07:32:06.51546,"M","7","right","NA","NA",-2.29059336110479,-0.275263157305434,-0.189146077856312
1301.69999999998,"",41,296466,"bq1rkpg2ba","fr","false",1280,800,1280,632,2,60,16.6666666666667,"",NA,"down","touchscreen",999.919000000024,98.3889999999956,94.9000000000524,6,FALSE,0,6,0,121,0.0625,66,0.1,1,NA,2021-07-01 07:32:06.51546,"M","7","right","NA","NA",4.59804984811833,0.498312282914995,0.202574478434517
1727.39999999976,"",42,300235,"bq1rkpg2ba","fr","false",1280,800,1280,632,2,60,16.6666666666667,"",NA,"up","touchscreen",998.643000000011,99.7010000000009,94.9999999993597,6,FALSE,0,6,0,121,-0.125,38,0.05,1,NA,2021-07-01 07:32:06.51546,"M","7","right","NA","NA",-7.32011792336648,-0.773397111781066,-0.16710286648916
2961.69999999984,"",43,305229,"bq1rkpg2ba","fr","false",1280,800,1280,632,2,60,16.6666666666667,"",NA,"up","touchscreen",997.895999999979,100.292000000016,96.1000000006461,6,TRUE,1,6,0,121,0,6,0.2,1,NA,2021-07-01 07:32:06.51546,"M","7","right","NA","NA",0.66278644038868,0.3145698235795,0.108648341712891
2463.70000000024,"",44,309725,"bq1rkpg2ba","fr","false",1280,800,1280,632,2,60,16.6666666666667,"",NA,"down","touchscreen",998.544999999984,99.8740000000107,96.7000000000407,6,FALSE,0,6,0,121,0,6,0.05,1,NA,2021-07-01 07:32:06.51546,"M","7","right","NA","NA",0.82986977750973,0.383252038657019,0.0455082001052538
2417.89999999944,"",45,314174,"bq1rkpg2ba","fr","false",1280,800,1280,632,2,60,16.6666666666667,"",NA,"up","touchscreen",998.712999999989,99.7770000000019,96.8000000002794,6,FALSE,0,6,0,121,-0.125,66,0.1,1,NA,2021-07-01 07:32:06.51546,"M","7","right","NA","NA",-3.43692940972706,-0.39473010465482,-0.155832000132954
1242.79999999999,"",46,317459,"bq1rkpg2ba","fr","false",1280,800,1280,632,2,60,16.6666666666667,"",NA,"down","touchscreen",997.964999999967,100.260999999999,96.0999999998021,6,FALSE,0,6,0,121,-0.0625,6,0.1,1,NA,2021-07-01 07:32:06.51546,"M","7","right","NA","NA",1.36866521070342,0.564752535641387,0.0989514390309728
3247.70000000083,"",47,322742,"bq1rkpg2ba","fr","false",1280,800,1280,632,2,60,16.6666666666667,"",NA,"up","touchscreen",997.637999999977,100.782999999996,96.8999999995576,6,FALSE,0,6,0,121,-0.1875,38,0.05,1,NA,2021-07-01 07:32:06.51546,"M","7","right","NA","NA",-7.38301514429508,-0.776047109429223,-0.180472989681767
2099.70000000065,"",48,326873,"bq1rkpg2ba","fr","false",1280,800,1280,632,2,60,16.6666666666667,"",NA,"up","touchscreen",999.169999999984,99.085000000021,95.2999999999884,6,FALSE,0,6,0,121,-0.125,38,0.2,1,NA,2021-07-01 07:32:06.51546,"M","7","right","NA","NA",-3.51387297105287,-0.505358913311419,-0.389547340624262
1773.60000000044,"",49,330673,"bq1rkpg2ba","fr","false",1280,800,1280,632,2,60,16.6666666666667,"",NA,"up","touchscreen",997.314000000013,100.892999999982,96.900000000489,6,TRUE,1,6,1,122,0.1875,38,0.2,1,NA,2021-07-01 07:32:06.51546,"M","7","right","NA","NA",1.26437196591674,0.206200070905714,0.159463174730129
871.199999999546,"",50,333580,"bq1rkpg2ba","fr","false",1280,800,1280,632,2,60,16.6666666666667,"",NA,"down","touchscreen",997.390000000014,100.786000000022,96.7000000000116,6,FALSE,0,6,0,122,0.125,66,0.2,1,NA,2021-07-01 07:32:06.51546,"M","7","right","NA","NA",1.65237468280119,0.2022771642593,0.132321501903507
1756.09999999957,"",51,337378,"bq1rkpg2ba","fr","false",1280,800,1280,632,2,60,16.6666666666667,"",NA,"up","touchscreen",998.28899999999,100.02899999998,96.1999999999534,6,TRUE,1,6,1,123,0.125,66,0.1,1,NA,2021-07-01 07:32:06.51546,"M","7","right","NA","NA",2.9198374441367,0.342857343228413,0.146700493355263
1243.99999999971,"",52,340660,"bq1rkpg2ba","fr","false",1280,800,1280,632,2,60,16.6666666666667,"",NA,"down","touchscreen",997.536000000022,100.837,97.2000000001863,6,TRUE,2,6,5,128,0.0625,18,0.1,1,NA,2021-07-01 07:32:06.51546,"M","7","right","NA","NA",-1.10305798323572,-0.265841586786793,-0.0846685650771921
921.899999999325,"",53,343619,"bq1rkpg2ba","fr","false",1280,800,1280,632,2,60,16.6666666666667,"",NA,"up","touchscreen",998.521999999997,99.6639999999898,95.5999999996275,6,FALSE,0,6,0,128,-0.1875,38,0.15,1,NA,2021-07-01 07:32:06.51546,"M","7","right","NA","NA",-2.56850431712773,-0.393540741870168,-0.254672710368361
2947.39999999997,"",54,348607,"bq1rkpg2ba","fr","false",1280,800,1280,632,2,60,16.6666666666667,"",NA,"down","touchscreen",998.984999999986,99.3040000000037,95.9000000002561,6,TRUE,1,6,0,128,-0.1875,6,0.1,1,NA,2021-07-01 07:32:06.51546,"M","7","right","NA","NA",-2.91967234915857,-0.825000383071059,-0.26212534793432
1246.20000000048,"",55,351898,"bq1rkpg2ba","fr","false",1280,800,1280,632,2,60,16.6666666666667,"",NA,"down","touchscreen",998.175000000047,100.229999999981,96.5999999998603,6,FALSE,0,6,0,128,0.1875,18,0.15,1,NA,2021-07-01 07:32:06.51546,"M","7","right","NA","NA",1.86445957748833,0.422474745625705,0.240765760571666
4941.69999999937,"",56,358872,"bq1rkpg2ba","fr","false",1280,800,1280,632,2,60,16.6666666666667,"",NA,"down","touchscreen",998.342999999993,99.7799999999697,96.3000000001048,6,TRUE,1,6,0,128,0.0625,38,0.15,1,NA,2021-07-01 07:32:06.51546,"M","7","right","NA","NA",-1.3926624773545,-0.226099719076192,-0.102872862044854
1639.20000000054,"",57,362544,"bq1rkpg2ba","fr","false",1280,800,1280,632,2,60,16.6666666666667,"",NA,"down","touchscreen",998.326000000001,99.804999999993,95.699999999837,6,FALSE,0,6,0,128,0.125,6,0.15,1,NA,2021-07-01 07:32:06.51546,"M","7","right","NA","NA",2.05752800805704,0.717060139161047,0.246394048462672
323.399999999325,"",58,364901,"bq1rkpg2ba","fr","false",1280,800,1280,632,2,60,16.6666666666667,"",NA,"up","touchscreen",998.340999999957,99.9330000000191,99.4999999993597,6,TRUE,1,6,8,136,0.1875,18,0.05,1,NA,2021-07-01 07:32:06.51546,"M","7","right","NA","NA",5.7537971380021,0.82108187145881,0.196287415146764
1500.49999999919,"",59,368427,"bq1rkpg2ba","fr","false",1280,800,1280,632,2,60,16.6666666666667,"",NA,"down","touchscreen",997.673999999999,100.717000000004,97.7000000002445,6,TRUE,2,6,10,146,-0.1875,18,0.1,1,NA,2021-07-01 07:32:06.51546,"M","7","right","NA","NA",-2.6343394260757,-0.550018688474311,-0.205643827589558
2779.19999999995,"",60,373235,"bq1rkpg2ba","fr","false",1280,800,1280,632,2,60,16.6666666666667,"",NA,"up","touchscreen",999.453999999969,99.0909999999567,95.0999999995693,6,TRUE,3,6,10,156,-0.0625,6,0.2,1,NA,2021-07-01 07:32:06.51546,"M","7","right","NA","NA",0.0361338453587655,0.0180639747555497,0.0103068836073935
2513.39999999979,"",61,377779,"bq1rkpg2ba","fr","false",1280,800,1280,632,2,60,16.6666666666667,"",NA,"down","touchscreen",998.722999999998,99.6050000000396,95.1999999997206,6,TRUE,4,6,10,166,-0.0625,66,0.1,1,NA,2021-07-01 07:32:06.51546,"M","7","right","NA","NA",-1.7242132661765,-0.210688772527996,-0.0717252698724188
3556.99999999977,"",62,383368,"bq1rkpg2ba","fr","false",1280,800,1280,632,2,60,16.6666666666667,"",NA,"up","touchscreen",997.72000000003,100.603000000003,96.6000000007916,5,FALSE,0,6,0,166,-0.0625,66,0.2,1,NA,2021-07-01 07:32:06.51546,"M","7","right","NA","NA",-0.940710661707509,-0.116784209144134,-0.0779597606775907
1006.69999999995,"",63,386410,"bq1rkpg2ba","fr","false",1280,800,1280,632,2,60,16.6666666666667,"",NA,"down","touchscreen",998.353999999992,100.053000000014,95.6000000005588,6,FALSE,0,6,0,166,0.0625,66,0.05,1,NA,2021-07-01 07:32:06.51546,"M","7","right","NA","NA",3.74716422465299,0.424170681709131,0.0890973701555385
1710.90000000002,"",64,390152,"bq1rkpg2ba","fr","false",1280,800,1280,632,2,60,16.6666666666667,"",NA,"down","touchscreen",997.979999999981,100.477000000014,99.7999999999884,6,TRUE,1,6,1,167,-0.125,6,0.2,1,NA,2021-07-01 07:32:06.51546,"M","7","right","NA","NA",-0.815688923194234,-0.377643942618456,-0.206334514985056
2484.39999999938,"",65,394678,"bq1rkpg2ba","fr","false",1280,800,1280,632,2,60,16.6666666666667,"",NA,"up","touchscreen",998.280000000028,100.009999999951,95.5999999996857,6,FALSE,0,6,0,167,-0.125,18,0.1,1,NA,2021-07-01 07:32:06.51546,"M","7","right","NA","NA",-2.44830625370071,-0.522049425615728,-0.156816193187039
1978.69999999966,"",66,398700,"bq1rkpg2ba","fr","false",1280,800,1280,632,2,60,16.6666666666667,"",NA,"down","touchscreen",999.861000000034,98.5559999999823,95.1000000004424,6,FALSE,0,6,0,167,0.125,6,0.1,1,NA,2021-07-01 07:32:06.51546,"M","7","right","NA","NA",0.0688656588018396,0.034412435412635,0.0170769239542312
4373.30000000022,"",67,405103,"bq1rkpg2ba","fr","false",1280,800,1280,632,2,60,16.6666666666667,"",NA,"up","touchscreen",998.216000000015,100.186999999976,95.8000000000466,6,FALSE,0,6,0,167,0.1875,6,0.2,1,NA,2021-07-01 07:32:06.51546,"M","7","right","NA","NA",-0.154939471013398,-0.0772383070562614,-0.0399804672519736
5498.30000000022,"",68,412636,"bq1rkpg2ba","fr","false",1280,800,1280,632,2,60,16.6666666666667,"",NA,"down","touchscreen",998.450000000012,99.8630000000121,96.0000000004657,6,TRUE,1,6,0,167,-0.125,18,0.15,1,NA,2021-07-01 07:32:06.51546,"M","7","right","NA","NA",-0.338814751337622,-0.0844014508152798,-0.0281449053589283
2868.00000000035,"",69,417549,"bq1rkpg2ba","fr","false",1280,800,1280,632,2,60,16.6666666666667,"",NA,"up","touchscreen",999.286000000022,99.9959999999846,95.2000000006519,6,FALSE,0,6,0,167,-0.125,66,0.05,1,NA,2021-07-01 07:32:06.51546,"M","7","right","NA","NA",-6.01839885968868,-0.601175578751948,-0.125228230526534
2473.20000000036,"",70,422059,"bq1rkpg2ba","fr","false",1280,800,1280,632,2,60,16.6666666666667,"",NA,"up","touchscreen",998.462999999989,99.7449999999953,96.9999999997672,6,FALSE,0,6,0,167,0.1875,6,0.15,1,NA,2021-07-01 07:32:06.51546,"M","7","right","NA","NA",-0.0821195987730375,-0.0410252315847787,-0.018209494240651
1458.0999999998,"",71,425556,"bq1rkpg2ba","fr","false",1280,800,1280,632,2,60,16.6666666666667,"",NA,"down","touchscreen",998.201000000001,99.9679999999935,96.0000000004657,6,TRUE,1,6,3,170,0,18,0.15,1,NA,2021-07-01 07:32:06.51546,"M","7","right","NA","NA",-1.01839000761386,-0.246726649454741,-0.134259202545216
1771.70000000024,"",72,429366,"bq1rkpg2ba","fr","false",1280,800,1280,632,2,60,16.6666666666667,"",NA,"up","touchscreen",998.701000000001,99.3339999999735,95.9000000002561,6,FALSE,0,6,0,170,-0.0625,18,0.15,1,NA,2021-07-01 07:32:06.51546,"M","7","right","NA","NA",-0.693876616160781,-0.170916640884191,-0.0802122305697754
6176.89999999944,"",73,437580,"bq1rkpg2ba","fr","false",1280,800,1280,632,2,60,16.6666666666667,"",NA,"up","touchscreen",997.534000000043,100.847999999998,97.8999999997322,6,TRUE,1,6,0,170,0.1875,38,0.15,1,NA,2021-07-01 07:32:06.51546,"M","7","right","NA","NA",3.38196776472469,0.491029545217114,0.248305914155332
1254.89999999991,"",74,440865,"bq1rkpg2ba","fr","false",1280,800,1280,632,2,60,16.6666666666667,"",NA,"down","touchscreen",999.163,98.9270000000251,95.1000000004424,6,FALSE,0,6,0,170,0.125,18,0.05,1,NA,2021-07-01 07:32:06.51546,"M","7","right","NA","NA",3.19967895877146,0.624656830206142,0.126537936061768
2300.50000000029,"",75,445205,"bq1rkpg2ba","fr","false",1280,800,1280,632,2,60,16.6666666666667,"",NA,"up","touchscreen",998.641999999993,99.5910000000149,95.5000000004075,6,FALSE,0,6,0,170,-0.1875,18,0.15,1,NA,2021-07-01 07:32:06.51546,"M","7","right","NA","NA",-1.79418868695264,-0.409262019865001,-0.209557816104737
3248.00000000052,"",76,450495,"bq1rkpg2ba","fr","false",1280,800,1280,632,2,60,16.6666666666667,"",NA,"down","touchscreen",998.027000000002,99.7519999999786,97.7000000002445,6,FALSE,0,6,0,170,0.1875,66,0.05,1,NA,2021-07-01 07:32:06.51546,"M","7","right","NA","NA",8.22379592794,0.716792631728662,0.182695328086621
1394.69999999978,"",77,453920,"bq1rkpg2ba","fr","false",1280,800,1280,632,2,60,16.6666666666667,"",NA,"down","touchscreen",998.475000000035,99.9749999999767,96.4999999996508,6,TRUE,1,6,3,173,-0.0625,6,0.15,1,NA,2021-07-01 07:32:06.51546,"M","7","right","NA","NA",-1.79714373225236,-0.668377629409605,-0.141010366240944
4108.3000000008,"",78,460061,"bq1rkpg2ba","fr","false",1280,800,1280,632,2,60,16.6666666666667,"",NA,"up","touchscreen",998.590000000026,99.7749999999651,96.0999999997439,6,TRUE,2,6,3,176,0.0625,18,0.15,1,NA,2021-07-01 07:32:06.51546,"M","7","right","NA","NA",1.34991883289282,0.319761383747667,0.141052662205822
877.900000000431,"",79,462972,"bq1rkpg2ba","fr","false",1280,800,1280,632,2,60,16.6666666666667,"",NA,"down","touchscreen",998.602000000014,99.7529999999679,95.9999999995343,6,TRUE,3,6,9,185,-0.0625,18,0.05,1,NA,2021-07-01 07:32:06.51546,"M","7","right","NA","NA",-2.3159872733461,-0.501068321559903,-0.0947199254134051
1910.69999999943,"",80,466916,"bq1rkpg2ba","fr","false",1280,800,1280,632,2,60,16.6666666666667,"",NA,"up","touchscreen",998.282999999996,99.6590000000433,96.4999999996508,6,TRUE,4,6,9,194,0.125,6,0.2,1,NA,2021-07-01 07:32:06.51546,"M","7","right","NA","NA",0.537781041453864,0.25966709029469,0.204868990190333
888.899999999907,"",81,469840,"bq1rkpg2ba","fr","false",1280,800,1280,632,2,60,16.6666666666667,"",NA,"down","touchscreen",998.695999999996,99.6170000000275,96.0999999997439,6,TRUE,5,6,15,209,0.0625,66,0.2,1,NA,2021-07-01 07:32:06.51546,"M","7","right","NA","NA",-1.31358485585128,-0.162028408588652,-0.094230908803765
1031.30000000057,"",82,472912,"bq1rkpg2ba","fr","false",1280,800,1280,632,2,60,16.6666666666667,"",NA,"up","touchscreen",998.835000000021,99.4079999999958,95.5999999996275,6,FALSE,0,6,0,209,0,6,0.1,1,NA,2021-07-01 07:32:06.51546,"M","7","right","NA","NA",-1.49215146481263,-0.597985090071872,-0.142161953438611
3346.3000000001,"",83,478289,"bq1rkpg2ba","fr","false",1280,800,1280,632,2,60,16.6666666666667,"",NA,"up","touchscreen",998.52999999997,99.8780000000261,96.9000000004307,6,FALSE,0,6,0,209,0,18,0.1,1,NA,2021-07-01 07:32:06.51546,"M","7","right","NA","NA",-0.575892564640604,-0.14250378822093,-0.0362729224765493
1473.79999999976,"",84,481793,"bq1rkpg2ba","fr","false",1280,800,1280,632,2,60,16.6666666666667,"",NA,"down","touchscreen",998.360999999975,99.8890000000247,95.5999999996275,6,FALSE,0,6,0,209,0.1875,66,0.2,1,NA,2021-07-01 07:32:06.51546,"M","7","right","NA","NA",2.74765471615061,0.324831794692504,0.247818003021949
1304.50000000017,"",85,485135,"bq1rkpg2ba","fr","false",1280,800,1280,632,2,60,16.6666666666667,"",NA,"down","touchscreen",998.592000000004,99.7449999999953,96.300000000163,6,TRUE,1,6,3,212,0,38,0.15,1,NA,2021-07-01 07:32:06.51546,"M","7","right","NA","NA",-0.666905403767653,-0.110470589702345,-0.0508635413307388
1310.5999999998,"",86,488484,"bq1rkpg2ba","fr","false",1280,800,1280,632,2,60,16.6666666666667,"",NA,"up","touchscreen",999.486000000034,99.8869999999879,98.3999999998487,6,TRUE,2,6,6,218,0.1875,6,0.1,1,NA,2021-07-01 07:32:06.51546,"M","7","right","NA","NA",2.08752081542021,0.722081643101249,0.28168978265853
1109.19999999984,"",87,491626,"bq1rkpg2ba","fr","false",1280,800,1280,632,2,60,16.6666666666667,"",NA,"down","touchscreen",999.059999999998,99.0189999999711,98.1999999994296,6,TRUE,3,6,10,228,-0.1875,66,0.05,1,NA,2021-07-01 07:32:06.51546,"M","7","right","NA","NA",-7.47174707426186,-0.682566251032317,-0.188719805168412
804.000000000116,"",88,494470,"bq1rkpg2ba","fr","false",1280,800,1280,632,2,60,16.6666666666667,"",NA,"up","touchscreen",998.670999999973,99.6049999999814,96.2999999992317,6,FALSE,0,6,0,228,-0.1875,6,0.05,1,NA,2021-07-01 07:32:06.51546,"M","7","right","NA","NA",-5.03169750977793,-0.92928195479118,-0.202615171625517
7398.60000000044,"",89,503912,"bq1rkpg2ba","fr","false",1280,800,1280,632,2,60,16.6666666666667,"",NA,"up","touchscreen",998.445000000007,99.9729999999981,95.9000000002561,6,TRUE,1,6,0,228,-0.0625,18,0.1,1,NA,2021-07-01 07:32:06.51546,"M","7","right","NA","NA",0.111650520345038,0.0279017628627044,0.00636847036032217
2231.49999999983,"",90,508180,"bq1rkpg2ba","fr","false",1280,800,1280,632,2,60,16.6666666666667,"",NA,"up","touchscreen",998.409999999974,100.070999999996,96.0000000004075,6,TRUE,2,6,0,228,0,66,0.15,1,NA,2021-07-01 07:32:06.51546,"M","7","right","NA","NA",0.679424824495115,0.0846234660594707,0.0408758811017488
1180.8000000001,"",91,511392,"bq1rkpg2ba","fr","false",1280,800,1280,632,2,60,16.6666666666667,"",NA,"down","touchscreen",998.982000000018,99.1889999999548,94.6000000003842,6,TRUE,3,6,4,232,-0.0625,38,0.15,1,NA,2021-07-01 07:32:06.51546,"M","7","right","NA","NA",-1.17363653221752,-0.191968045606571,-0.113128771298308
5671.09999999957,"",92,519094,"bq1rkpg2ba","fr","false",1280,800,1280,632,2,60,16.6666666666667,"",NA,"up","touchscreen",998.657999999996,99.5979999999981,96.300000000163,6,TRUE,4,6,4,236,0,18,0.2,1,NA,2021-07-01 07:32:06.51546,"M","7","right","NA","NA",1.04287303003023,0.252284810243913,0.141757187881752
184.599999999569,"",93,521311,"bq1rkpg2ba","fr","false",1280,800,1280,632,2,60,16.6666666666667,"",NA,"down","touchscreen",998.939000000013,99.3310000000056,97.0999999999767,6,FALSE,0,6,0,236,0.125,18,0.15,1,NA,2021-07-01 07:32:06.51546,"M","7","right","NA","NA",1.74484935993918,0.399827958129294,0.185825469256823
2220.90000000026,"",94,525563,"bq1rkpg2ba","fr","false",1280,800,1280,632,2,60,16.6666666666667,"",NA,"down","touchscreen",998.566999999981,99.7530000000261,96.4000000003725,6,FALSE,0,6,0,236,0.0625,18,0.05,1,NA,2021-07-01 07:32:06.51546,"M","7","right","NA","NA",2.50885919368365,0.53134750079255,0.0894240379885429
511.300000000105,"",95,528110,"bq1rkpg2ba","fr","false",1280,800,1280,632,2,60,16.6666666666667,"",NA,"up","touchscreen",998.580999999947,99.7589999999618,96.1999999999534,6,FALSE,0,6,0,236,-0.0625,38,0.05,1,NA,2021-07-01 07:32:06.51546,"M","7","right","NA","NA",-4.08178288229127,-0.562478010908971,-0.0937441158815929
1782.59999999951,"",96,531932,"bq1rkpg2ba","fr","false",1280,800,1280,632,2,60,16.6666666666667,"",NA,"up","touchscreen",998.610999999975,99.7479999999632,96.1999999999534,6,TRUE,1,6,1,237,-0.0625,38,0.2,1,NA,2021-07-01 07:32:06.51546,"M","7","right","NA","NA",0.11997773190406,0.0199922920755608,0.011545670145379
1656.89999999997,"",97,535613,"bq1rkpg2ba","fr","false",1280,800,1280,632,2,60,16.6666666666667,"",NA,"down","touchscreen",998.693000000028,99.679999999993,95.9000000002561,6,FALSE,0,6,0,237,0.0625,38,0.05,1,NA,2021-07-01 07:32:06.51546,"M","7","right","NA","NA",1.40307063624208,0.227702187345206,0.0403510071053394
2619.99999999994,"",98,540274,"bq1rkpg2ba","fr","false",1280,800,1280,632,2,60,16.6666666666667,"",NA,"down","touchscreen",998.614000000001,99.8530000000028,96.9000000004307,6,FALSE,0,6,0,237,0.1875,38,0.05,1,NA,2021-07-01 07:32:06.51546,"M","7","right","NA","NA",7.68999923045725,0.788412772485351,0.226372237866422
1215.60000000044,"",99,543530,"bq1rkpg2ba","fr","false",1280,800,1280,632,2,60,16.6666666666667,"",NA,"up","touchscreen",999.092999999993,99.0219999999972,95.6000000005588,6,FALSE,0,6,0,237,-0.1875,66,0.15,1,NA,2021-07-01 07:32:06.51546,"M","7","right","NA","NA",-3.09659627980823,-0.360976065485486,-0.208912118506102
2441.39999999973,"",100,548000,"bq1rkpg2ba","fr","false",1280,800,1280,632,2,60,16.6666666666667,"",NA,"up","touchscreen",998.553000000014,99.7880000000005,95.9000000002561,6,TRUE,1,6,0,237,0.125,66,0.05,1,NA,2021-07-01 07:32:06.51546,"M","7","right","NA","NA",6.63526685006843,0.638399746363753,0.121229456706915
1163.89999999956,"",101,551201,"bq1rkpg2ba","fr","false",1280,800,1280,632,2,60,16.6666666666667,"",NA,"down","touchscreen",998.678000000014,99.5420000000158,95.8999999993248,6,FALSE,0,6,0,237,0.1875,6,0.05,1,NA,2021-07-01 07:32:06.51546,"M","7","right","NA","NA",6.04459467758165,0.949381387809441,0.14442171998993
2821.89999999991,"",102,556055,"bq1rkpg2ba","fr","false",1280,800,1280,632,2,60,16.6666666666667,"",NA,"down","touchscreen",998.687999999966,99.5580000000191,96.4000000003725,6,TRUE,1,6,0,237,-0.0625,38,0.1,1,NA,2021-07-01 07:32:06.51546,"M","7","right","NA","NA",-1.35353504697404,-0.220059198594848,-0.0737526842599552
1639.89999999921,"",103,559732,"bq1rkpg2ba","fr","false",1280,800,1280,632,2,60,16.6666666666667,"",NA,"up","touchscreen",998.614000000001,99.6550000000279,96.3999999994412,6,TRUE,2,6,2,239,0,66,0.2,1,NA,2021-07-01 07:32:06.51546,"M","7","right","NA","NA",0.427547550374611,0.0533672842761551,0.0359276876721343
2357.39999999991,"",104,564129,"bq1rkpg2ba","fr","false",1280,800,1280,632,2,60,16.6666666666667,"",NA,"up","touchscreen",998.686999999976,99.5860000000102,96.300000000163,6,FALSE,0,6,0,239,-0.1875,38,0.2,1,NA,2021-07-01 07:32:06.51546,"M","7","right","NA","NA",-0.5739518660501,-0.0952239594313453,-0.0626512937998818
4277.09999999934,"",105,570438,"bq1rkpg2ba","fr","false",1280,800,1280,632,2,60,16.6666666666667,"",NA,"up","touchscreen",998.474999999977,100.084000000032,96.4999999996508,6,TRUE,1,6,0,239,0,66,0.1,1,NA,2021-07-01 07:32:06.51546,"M","7","right","NA","NA",1.24961757159426,0.154330774893368,0.0478869595600835
999.499999999884,"",106,573472,"bq1rkpg2ba","fr","false",1280,800,1280,632,2,60,16.6666666666667,"",NA,"down","touchscreen",998.785999999964,99.4920000000275,95.5000000003492,6,FALSE,0,6,0,239,0.0625,18,0.2,1,NA,2021-07-01 07:32:06.51546,"M","7","right","NA","NA",0.272159356967263,0.0678828914779755,0.0358544733945985
9009.5999999994,"",107,584509,"bq1rkpg2ba","fr","false",1280,800,1280,632,2,60,16.6666666666667,"",NA,"up","touchscreen",998.95299999998,99.3170000000391,97.8999999997905,6,TRUE,1,6,0,239,0.0625,66,0.15,1,NA,2021-07-01 07:32:06.51546,"M","7","right","NA","NA",0.78821307417548,0.0980518645726062,0.05459610415198
806.899999999558,"",108,587359,"bq1rkpg2ba","fr","false",1280,800,1280,632,2,60,16.6666666666667,"",NA,"down","touchscreen",998.619000000064,99.7730000000447,96.0999999997439,6,TRUE,2,6,6,245,0.0625,6,0.1,1,NA,2021-07-01 07:32:06.51546,"M","7","right","NA","NA",-0.0712428788564725,-0.0355988611231922,-0.00916667038764455
327.800000000047,"",109,589723,"bq1rkpg2ba","fr","false",1280,800,1280,632,2,60,16.6666666666667,"",NA,"up","touchscreen",999.060999999987,99.8950000000186,98.7000000004191,6,FALSE,0,6,0,245,0,38,0.2,1,NA,2021-07-01 07:32:06.51546,"M","7","right","NA","NA",-0.926952907786527,-0.152680816234233,-0.114339770032915
4993.19999999995,"",110,596753,"bq1rkpg2ba","fr","false",1280,800,1280,632,2,60,16.6666666666667,"",NA,"up","touchscreen",998.464000000036,99.9449999999488,96.1999999999534,6,TRUE,1,6,0,245,0.1875,18,0.2,1,NA,2021-07-01 07:32:06.51546,"M","7","right","NA","NA",1.95526442282361,0.439157356025495,0.243236026668448
1943.00000000023,"",111,600726,"bq1rkpg2ba","fr","false",1280,800,1280,632,2,60,16.6666666666667,"",NA,"down","touchscreen",999.37799999991,99.9400000000605,100.199999999837,6,FALSE,0,6,0,245,-0.0625,18,0.2,1,NA,2021-07-01 07:32:06.51546,"M","7","right","NA","NA",1.96957778140896,0.441746670290191,0.301654421944793
1047.99999999977,"",112,603814,"bq1rkpg2ba","fr","false",1280,800,1280,632,2,60,16.6666666666667,"",NA,"up","touchscreen",1001.03299999994,96.3940000000875,92.4999999997672,6,TRUE,1,6,5,250,0.125,38,0.15,1,NA,2021-07-01 07:32:06.51546,"M","7","right","NA","NA",1.98526049224791,0.314127981478798,0.168888910391312
1764.99999999942,"",113,607609,"bq1rkpg2ba","fr","false",1280,800,1280,632,2,60,16.6666666666667,"",NA,"up","touchscreen",999.885000000009,97.9780000000028,94.5000000002328,6,TRUE,2,6,6,256,-0.125,38,0.1,1,NA,2021-07-01 07:32:06.51546,"M","7","right","NA","NA",0.570260388084337,0.0946170093360599,0.0341524931778998
6956.50000000023,"",2,212417,"c44edh14wj","fr","false",1280,800,1280,632,2,60,16.6666666666667,"",NA,"up","touchscreen",997.940999999992,100.145999999979,95.5999999996566,6,FALSE,0,0,0,0,0.0625,66,0.15,1,NA,2021-07-01 07:50:47.567498,"M","6","right","NA","NA",-0.166215637009076,-0.0207724715604878,-0.0104041204155471
5030.60000000006,"",3,219493,"c44edh14wj","fr","false",1280,800,1280,632,2,60,16.6666666666667,"",NA,"up","touchscreen",999.56700000001,99.0010000000184,95.8000000000466,6,TRUE,1,1,0,0,0,6,0.1,1,NA,2021-07-01 07:50:47.567498,"M","6","right","NA","NA",4.01123480007118,0.894927937849321,0.168230734431142
7118.59999999977,"",4,228654,"c44edh14wj","fr","false",1280,800,1280,632,2,60,16.6666666666667,"",NA,"up","touchscreen",998.482000000018,99.926999999996,96.4999999996508,6,TRUE,2,2,0,0,0.0625,6,0.1,1,NA,2021-07-01 07:50:47.567498,"M","6","right","NA","NA",0.620958178717765,0.296516171605084,0.111025053311856
3392.89999999982,"",5,234081,"c44edh14wj","fr","false",1280,800,1280,632,2,60,16.6666666666667,"",NA,"up","touchscreen",998.720000000001,99.637000000017,97.2999999994354,6,TRUE,3,3,0,0,0.125,6,0.15,1,NA,2021-07-01 07:50:47.567498,"M","6","right","NA","NA",1.91480113644248,0.691554072918393,0.262275446427514
5292.80000000019,"",6,241407,"c44edh14wj","fr","false",1280,800,1280,632,2,60,16.6666666666667,"",NA,"down","touchscreen",998.430999999982,99.9199999999837,95.9999999995343,6,FALSE,0,3,0,0,0.0625,66,0.2,1,NA,2021-07-01 07:50:47.567498,"M","6","right","NA","NA",0.941809266115477,0.116918731698394,0.08720107324795
4936.2000000001,"",7,248373,"c44edh14wj","fr","false",1280,800,1280,632,2,60,16.6666666666667,"",NA,"up","touchscreen",998.597999999998,99.9200000000128,96.4999999996508,6,TRUE,1,3,0,0,-0.0625,6,0.1,1,NA,2021-07-01 07:50:47.567498,"M","6","right","NA","NA",0.146035278884097,0.0728237648065384,0.00906260835177896
2366.89999999999,"",8,252777,"c44edh14wj","fr","false",1280,800,1280,632,2,60,16.6666666666667,"",NA,"up","touchscreen",998.486000000004,99.8520000000135,96.300000000163,6,TRUE,2,3,0,0,0.1875,66,0.1,1,NA,2021-07-01 07:50:47.567498,"M","6","right","NA","NA",4.14405112145679,0.459958743151426,0.206615699111647
2251.2999999999,"",9,257057,"c44edh14wj","fr","false",1280,800,1280,632,2,60,16.6666666666667,"",NA,"up","touchscreen",998.981,99.2090000000026,95.5999999996566,6,TRUE,3,3,0,0,0.125,18,0.15,1,NA,2021-07-01 07:50:47.567498,"M","6","right","NA","NA",0.7453550278564,0.183185597237487,0.0687372552821973
5823.19999999984,"",10,264921,"c44edh14wj","fr","false",1280,800,1280,632,2,60,16.6666666666667,"",NA,"down","touchscreen",997.941999999981,100.521999999997,96.3999999994703,6,TRUE,4,4,0,0,-0.1875,6,0.05,1,NA,2021-07-01 07:50:47.567498,"M","6","right","NA","NA",-2.74087192125317,-0.807804381757272,-0.146214945365747
4292.59999999974,"",11,271247,"c44edh14wj","fr","false",1280,800,1280,632,2,60,16.6666666666667,"",NA,"up","touchscreen",999.312999999995,99.0679999999993,96.0999999997439,6,TRUE,5,5,0,0,-0.0625,18,0.1,1,NA,2021-07-01 07:50:47.567498,"M","6","right","NA","NA",0.0123577689913999,0.00308942750412779,0.000743576741837216
2131.6999999999,"",12,275411,"c44edh14wj","fr","false",1280,800,1280,632,2,60,16.6666666666667,"",NA,"down","touchscreen",999.247999999992,98.9720000000088,95.8000000000466,6,TRUE,6,6,0,0,-0.125,38,0.2,1,NA,2021-07-01 07:50:47.567498,"M","6","right","NA","NA",-0.467171633207375,-0.077626988334356,-0.0484629969290341
1374.7000000003,"",13,278814,"c44edh14wj","fr","false",1280,800,1280,632,2,60,16.6666666666667,"",NA,"up","touchscreen",999.922999999981,98.4349999999977,94.199999999546,6,TRUE,7,7,3,3,0.1875,38,0.15,1,NA,2021-07-01 07:50:47.567498,"M","6","right","NA","NA",2.9369784239347,0.439650471294161,0.217398330430726
1642.30000000042,"",14,282492,"c44edh14wj","fr","false",1280,800,1280,632,2,60,16.6666666666667,"",NA,"down","touchscreen",998.644,99.7510000000184,96.9000000004598,6,TRUE,8,8,5,8,-0.1875,38,0.2,1,NA,2021-07-01 07:50:47.567498,"M","6","right","NA","NA",-0.880871981967702,-0.145254947024992,-0.0865664738193623
1462.70000000004,"",15,285990,"c44edh14wj","fr","false",1280,800,1280,632,2,60,16.6666666666667,"",NA,"up","touchscreen",998.521000000008,99.8340000000026,95.4000000001397,6,FALSE,0,8,0,8,-0.0625,38,0.2,1,NA,2021-07-01 07:50:47.567498,"M","6","right","NA","NA",-0.127451205887289,-0.02123707692379,-0.0139254690660805
2443.9000000002,"",16,290468,"c44edh14wj","fr","false",1280,800,1280,632,2,60,16.6666666666667,"",NA,"down","touchscreen",998.34599999999,99.5299999999988,96.3999999994703,6,TRUE,1,8,0,8,-0.0625,6,0.05,1,NA,2021-07-01 07:50:47.567498,"M","6","right","NA","NA",-1.1804967628631,-0.508307521136224,-0.0588259029139927
3248.19999999998,"",17,295748,"c44edh14wj","fr","false",1280,800,1280,632,2,60,16.6666666666667,"",NA,"down","touchscreen",998.871000000014,99.5339999999851,95.9000000002561,6,TRUE,2,8,0,8,-0.0625,38,0.1,1,NA,2021-07-01 07:50:47.567498,"M","6","right","NA","NA",-1.22812555516805,-0.200529892975503,-0.0776386727523264
2138.80000000063,"",18,299913,"c44edh14wj","fr","false",1280,800,1280,632,2,60,16.6666666666667,"",NA,"up","touchscreen",997.400999999983,100.911999999982,96.8000000002503,6,FALSE,0,8,0,8,-0.1875,38,0.15,1,NA,2021-07-01 07:50:47.567498,"M","6","right","NA","NA",-4.0004000568358,-0.554738602230186,-0.26663392072929
3047.90000000049,"",19,305007,"c44edh14wj","fr","false",1280,800,1280,632,2,60,16.6666666666667,"",NA,"down","touchscreen",999.54800000001,99.0359999999928,95.2000000006519,6,TRUE,1,8,0,8,-0.1875,6,0.2,1,NA,2021-07-01 07:50:47.567498,"M","6","right","NA","NA",-0.402138678720507,-0.197124067446649,-0.0825349091151522
3918.40000000046,"",20,310965,"c44edh14wj","fr","false",1280,800,1280,632,2,60,16.6666666666667,"",NA,"up","touchscreen",999.036999999982,98.8960000000079,95.2999999999593,6,FALSE,0,8,0,8,-0.1875,6,0.15,1,NA,2021-07-01 07:50:47.567498,"M","6","right","NA","NA",-0.0740834901594475,-0.0370163588805932,-0.0140967195829611
4646.20000000013,"",21,317650,"c44edh14wj","fr","false",1280,800,1280,632,2,60,16.6666666666667,"",NA,"up","touchscreen",998.478000000003,99.8469999999797,96.5999999998603,6,TRUE,1,8,0,8,0,66,0.1,1,NA,2021-07-01 07:50:47.567498,"M","6","right","NA","NA",0.973205819378339,0.120760448246019,0.0437861706745606
1795.10000000027,"",22,321474,"c44edh14wj","fr","false",1280,800,1280,632,2,60,16.6666666666667,"",NA,"down","touchscreen",998.268000000011,99.8520000000135,96.0000000004657,6,TRUE,2,8,1,9,-0.1875,38,0.1,1,NA,2021-07-01 07:50:47.567498,"M","6","right","NA","NA",-4.13498786405297,-0.567459208515681,-0.189405963701263
5093.39999999973,"",23,328599,"c44edh14wj","fr","false",1280,800,1280,632,2,60,16.6666666666667,"",NA,"up","touchscreen",998.212,100.186000000016,96.8000000002794,6,FALSE,0,8,0,9,-0.0625,38,0.05,1,NA,2021-07-01 07:50:47.567498,"M","6","right","NA","NA",-3.08870172407273,-0.457698072848039,-0.0807354999702795
3771.8000000004,"",24,334399,"c44edh14wj","fr","false",1280,800,1280,632,2,60,16.6666666666667,"",NA,"down","touchscreen",998.820000000007,99.5519999999669,95.9000000002561,6,TRUE,1,8,0,9,-0.1875,66,0.2,1,NA,2021-07-01 07:50:47.567498,"M","6","right","NA","NA",-1.6293616574989,-0.199572967094131,-0.138341978750039
2395.79999999935,"",25,338833,"c44edh14wj","fr","false",1280,800,1280,632,2,60,16.6666666666667,"",NA,"up","touchscreen",997.41399999999,100.76800000004,96.7000000000116,6,TRUE,2,8,0,9,0.0625,18,0.05,1,NA,2021-07-01 07:50:47.567498,"M","6","right","NA","NA",1.10621769251858,0.26654905814992,0.0381895755901732
1731.09999999998,"",26,342596,"c44edh14wj","fr","false",1280,800,1280,632,2,60,16.6666666666667,"",NA,"up","touchscreen",998.370999999985,99.9459999999963,95.5999999996857,6,FALSE,0,8,0,9,0,38,0.15,1,NA,2021-07-01 07:50:47.567498,"M","6","right","NA","NA",-0.934539676008203,-0.15390097154211,-0.0661734186490496
2189.69999999995,"",27,346817,"c44edh14wj","fr","false",1280,800,1280,632,2,60,16.6666666666667,"",NA,"down","touchscreen",998.385000000009,99.8329999999842,96.1999999999534,6,TRUE,1,8,0,9,-0.125,38,0.05,1,NA,2021-07-01 07:50:47.567498,"M","6","right","NA","NA",-4.9162920828081,-0.633793719949567,-0.162890100962154
3214.50000000006,"",28,352067,"c44edh14wj","fr","false",1280,800,1280,632,2,60,16.6666666666667,"",NA,"down","touchscreen",998.608000000007,99.8530000000028,95.9000000002561,6,FALSE,0,8,0,9,0,38,0.2,1,NA,2021-07-01 07:50:47.567498,"M","6","right","NA","NA",0.71329040391393,0.118050464993197,0.0765831601468567
2242.3000000008,"",29,356339,"c44edh14wj","fr","false",1280,800,1280,632,2,60,16.6666666666667,"",NA,"up","touchscreen",998.654000000039,99.554999999993,96.3999999994412,6,FALSE,0,8,0,9,0.125,6,0.2,1,NA,2021-07-01 07:50:47.567498,"M","6","right","NA","NA",-0.414834172883425,-0.203094343013376,-0.127571439811264
2761.99999999971,"",30,361136,"c44edh14wj","fr","false",1280,800,1280,632,2,60,16.6666666666667,"",NA,"down","touchscreen",998.454000000027,99.734999999986,95.699999999837,6,FALSE,0,8,0,9,0,18,0.15,1,NA,2021-07-01 07:50:47.567498,"M","6","right","NA","NA",0.362951074740829,0.0903665219984949,0.028470623606433
1928.5,"",31,365096,"c44edh14wj","fr","false",1280,800,1280,632,2,60,16.6666666666667,"",NA,"down","touchscreen",998.28899999999,100.120999999985,96.2999999992317,6,TRUE,1,8,0,9,-0.0625,6,0.2,1,NA,2021-07-01 07:50:47.567498,"M","6","right","NA","NA",-1.5156488572387,-0.603983601652362,-0.338363610933125
1968.69999999943,"",32,369098,"c44edh14wj","fr","false",1280,800,1280,632,2,60,16.6666666666667,"",NA,"up","touchscreen",998.765000000014,99.2509999999893,96.3999999994412,6,FALSE,0,8,0,9,-0.125,38,0.1,1,NA,2021-07-01 07:50:47.567498,"M","6","right","NA","NA",-1.85997011561072,-0.296094430823707,-0.114588835094866
1326.70000000054,"",33,372468,"c44edh14wj","fr","false",1280,800,1280,632,2,60,16.6666666666667,"",NA,"down","touchscreen",999.545999999973,98.5989999999874,95.1000000004424,6,TRUE,1,8,3,12,-0.0625,66,0.1,1,NA,2021-07-01 07:50:47.567498,"M","6","right","NA","NA",-1.33964993402218,-0.16515662411989,-0.0633781539711779
2226.49999999971,"",34,376729,"c44edh14wj","fr","false",1280,800,1280,632,2,60,16.6666666666667,"",NA,"up","touchscreen",998.722000000009,99.6990000000224,96.300000000163,6,FALSE,0,8,0,12,0,18,0.2,1,NA,2021-07-01 07:50:47.567498,"M","6","right","NA","NA",-0.217107902374642,-0.0541972020935828,-0.0362111426982368
2322.50000000023,"",35,381083,"c44edh14wj","fr","false",1280,800,1280,632,2,60,16.6666666666667,"",NA,"down","touchscreen",998.777999999991,99.5840000000317,96.5000000005821,6,TRUE,1,8,0,12,0.1875,6,0.2,1,NA,2021-07-01 07:50:47.567498,"M","6","right","NA","NA",-0.00512063631569504,-0.00256030976615277,-0.000895613129525239
1597.40000000055,"",36,384719,"c44edh14wj","fr","false",1280,800,1280,632,2,60,16.6666666666667,"",NA,"down","touchscreen",998.72000000003,100.103000000003,96.0999999997439,6,TRUE,2,8,2,14,-0.1875,66,0.15,1,NA,2021-07-01 07:50:47.567498,"M","6","right","NA","NA",-2.28280689634496,-0.274398013698256,-0.13979415070388
1875.6999999996,"",37,388627,"c44edh14wj","fr","false",1280,800,1280,632,2,60,16.6666666666667,"",NA,"up","touchscreen",997.636999999988,100.753999999957,97.0999999999185,6,TRUE,3,8,3,17,0.1875,66,0.15,1,NA,2021-07-01 07:50:47.567498,"M","6","right","NA","NA",2.99141838686953,0.350242404452678,0.183642335187783
2027.20000000048,"",38,392689,"c44edh14wj","fr","false",1280,800,1280,632,2,60,16.6666666666667,"",NA,"up","touchscreen",998.118000000017,100.234999999986,96.5999999998603,6,TRUE,4,8,3,20,0.125,6,0.05,1,NA,2021-07-01 07:50:47.567498,"M","6","right","NA","NA",0.78516168017233,0.365429555734969,0.037316984362176
1360.70000000019,"",39,396083,"c44edh14wj","fr","false",1280,800,1280,632,2,60,16.6666666666667,"",NA,"down","touchscreen",998.690999999992,99.911999999953,96.8000000002212,6,TRUE,5,8,6,26,0.125,18,0.2,1,NA,2021-07-01 07:50:47.567498,"M","6","right","NA","NA",-0.606656165601785,-0.149949280774654,-0.088722681450929
2361.10000000003,"",40,400477,"c44edh14wj","fr","false",1280,800,1280,632,2,60,16.6666666666667,"",NA,"down","touchscreen",998.249000000011,99.869000000006,99.5000000002328,6,TRUE,6,8,6,32,-0.125,66,0.1,1,NA,2021-07-01 07:50:47.567498,"M","6","right","NA","NA",-4.16891362979131,-0.462130337426191,-0.185930906422641
1850.80000000016,"",41,404364,"c44edh14wj","fr","false",1280,800,1280,632,2,60,16.6666666666667,"",NA,"down","touchscreen",998.888000000035,99.630999999994,95.6999999998952,6,TRUE,7,8,7,39,-0.1875,18,0.1,1,NA,2021-07-01 07:50:47.567498,"M","6","right","NA","NA",-0.730282034639086,-0.179601801333204,-0.0562987008201502
1430.50000000041,"",42,407837,"c44edh14wj","fr","false",1280,800,1280,632,2,60,16.6666666666667,"",NA,"up","touchscreen",998.741999999969,99.8410000000149,96.0999999997439,6,TRUE,8,8,10,49,0.0625,6,0.05,1,NA,2021-07-01 07:50:47.567498,"M","6","right","NA","NA",3.29978630181267,0.855182953379912,0.119392111727333
1974.10000000038,"",43,411844,"c44edh14wj","fr","false",1280,800,1280,632,2,60,16.6666666666667,"",NA,"up","touchscreen",998.983000000007,99.4839999999967,96.8000000002794,6,TRUE,9,9,10,59,0.125,18,0.05,1,NA,2021-07-01 07:50:47.567498,"M","6","right","NA","NA",7.37845975032771,0.87912553775251,0.233504647347382
1605.70000000007,"",44,415486,"c44edh14wj","fr","false",1280,800,1280,632,2,60,16.6666666666667,"",NA,"down","touchscreen",998.869000000006,99.3040000000037,95.0999999995693,6,FALSE,0,9,0,59,0.1875,6,0.1,1,NA,2021-07-01 07:50:47.567498,"M","6","right","NA","NA",3.1681160963971,0.84559919927451,0.164426481414045
2282.50000000029,"",45,419808,"c44edh14wj","fr","false",1280,800,1280,632,2,60,16.6666666666667,"",NA,"up","touchscreen",998.559999999998,99.9650000000256,96.1999999999534,6,TRUE,1,9,0,59,0,6,0.15,1,NA,2021-07-01 07:50:47.567498,"M","6","right","NA","NA",0.93383522861051,0.423072175681519,0.121440402262649
1625.9999999993,"",46,423463,"c44edh14wj","fr","false",1280,800,1280,632,2,60,16.6666666666667,"",NA,"up","touchscreen",998.371999999974,99.7729999999865,95.8000000000466,6,TRUE,2,9,2,61,0.1875,38,0.1,1,NA,2021-07-01 07:50:47.567498,"M","6","right","NA","NA",3.3956995509665,0.492540341752473,0.207502165331611
1438.1999999996,"",47,426933,"c44edh14wj","fr","false",1280,800,1280,632,2,60,16.6666666666667,"",NA,"down","touchscreen",998.524999999965,100.02999999997,97.4999999998836,6,TRUE,3,9,5,66,0,38,0.05,1,NA,2021-07-01 07:50:47.567498,"M","6","right","NA","NA",-0.599299364954505,-0.0993886744644006,-0.0168428197268858
1120.2000000003,"",48,430096,"c44edh14wj","fr","false",1280,800,1280,632,2,60,16.6666666666667,"",NA,"up","touchscreen",999.157999999996,99.3250000000116,96.300000000163,6,TRUE,4,9,9,75,-0.1875,18,0.15,1,NA,2021-07-01 07:50:47.567498,"M","6","right","NA","NA",0.585458991217295,0.144821735947208,0.0783311471032582
1249.80000000051,"",49,433386,"c44edh14wj","fr","false",1280,800,1280,632,2,60,16.6666666666667,"",NA,"up","touchscreen",998.495999999985,99.9020000000019,96.100000000617,6,TRUE,5,9,13,88,0.0625,6,0.15,1,NA,2021-07-01 07:50:47.567498,"M","6","right","NA","NA",1.23144674145147,0.524306636330195,0.222902414165232
1189.19999999978,"",50,436608,"c44edh14wj","fr","false",1280,800,1280,632,2,60,16.6666666666667,"",NA,"down","touchscreen",998.603000000003,99.7820000000065,96.8000000002212,6,TRUE,6,9,17,105,-0.0625,66,0.2,1,NA,2021-07-01 07:50:47.567498,"M","6","right","NA","NA",-0.27018343938393,-0.0337536854999904,-0.0219291818552939
2065.29999999935,"",51,440713,"c44edh14wj","fr","false",1280,800,1280,632,2,60,16.6666666666667,"",NA,"down","touchscreen",1000.658,98.0989999999874,94.199999999546,6,TRUE,7,9,17,122,-0.1875,66,0.05,1,NA,2021-07-01 07:50:47.567498,"M","6","right","NA","NA",-9.79884235165848,-0.774624601919896,-0.209366699402046
1305.29999999999,"",52,444043,"c44edh14wj","fr","false",1280,800,1280,632,2,60,16.6666666666667,"",NA,"up","touchscreen",998.325000000012,100.039999999979,96.300000000163,6,FALSE,0,9,0,122,0.0625,38,0.2,1,NA,2021-07-01 07:50:47.567498,"M","6","right","NA","NA",-0.182568733694524,-0.0304140458041079,-0.0208316810732755
1714.79999999976,"",53,447800,"c44edh14wj","fr","false",1280,800,1280,632,2,60,16.6666666666667,"",NA,"down","touchscreen",999.418999999994,98.9320000000298,95.699999999837,6,TRUE,1,9,1,123,-0.125,66,0.15,1,NA,2021-07-01 07:50:47.567498,"M","6","right","NA","NA",-1.25680714203518,-0.155197376973214,-0.0735906543525014
1129.80000000063,"",54,450958,"c44edh14wj","fr","false",1280,800,1280,632,2,60,16.6666666666667,"",NA,"down","touchscreen",998.540999999968,99.8960000000079,96.1999999999534,6,FALSE,0,9,0,123,0.125,38,0.05,1,NA,2021-07-01 07:50:47.567498,"M","6","right","NA","NA",6.42630382711565,0.730935180341498,0.162741116509419
2623.99999999983,"",55,455614,"c44edh14wj","fr","false",1280,800,1280,632,2,60,16.6666666666667,"",NA,"down","touchscreen",998.804000000004,99.7550000000047,95.6999999998952,6,FALSE,0,9,0,123,0.0625,38,0.15,1,NA,2021-07-01 07:50:47.567498,"M","6","right","NA","NA",0.497962701947275,0.0827094225520026,0.0462649124237148
1177.99999999988,"",56,458830,"c44edh14wj","fr","false",1280,800,1280,632,2,60,16.6666666666667,"",NA,"up","touchscreen",998.474999999977,100.129999999946,96.1999999999534,6,FALSE,0,9,0,123,-0.125,6,0.1,1,NA,2021-07-01 07:50:47.567498,"M","6","right","NA","NA",-2.03148914896037,-0.712608112425755,-0.198292965169116
1581.70000000065,"",57,462445,"c44edh14wj","fr","false",1280,800,1280,632,2,60,16.6666666666667,"",NA,"down","touchscreen",998.630999999994,99.5860000000102,95.0999999995693,6,TRUE,1,9,2,125,-0.125,38,0.15,1,NA,2021-07-01 07:50:47.567498,"M","6","right","NA","NA",-2.08196907169625,-0.327819982075897,-0.149374311201406
1411.09999999934,"",58,465886,"c44edh14wj","fr","false",1280,800,1280,632,2,60,16.6666666666667,"",NA,"down","touchscreen",998.474000000046,99.8699999999953,95.4999999994179,6,TRUE,2,9,5,130,0.1875,18,0.2,1,NA,2021-07-01 07:50:47.567498,"M","6","right","NA","NA",-0.64472025897211,-0.159126344911333,-0.108351594299366
3219.00000000006,"",59,471139,"c44edh14wj","fr","false",1280,800,1280,632,2,60,16.6666666666667,"",NA,"down","touchscreen",999.976000000024,98.4760000000242,94.3000000006869,6,TRUE,3,9,5,135,0,66,0.2,1,NA,2021-07-01 07:50:47.567498,"M","6","right","NA","NA",-1.33184089475585,-0.164219936060342,-0.110121725734712
2471.00000000041,"",60,475649,"c44edh14wj","fr","false",1280,800,1280,632,2,60,16.6666666666667,"",NA,"down","touchscreen",997.954999999958,99.6300000000047,95.5000000003492,6,FALSE,0,9,0,135,0.0625,66,0.1,1,NA,2021-07-01 07:50:47.567498,"M","6","right","NA","NA",0.385367144174322,0.0481151013871829,0.0188963138960642
1977.60000000015,"",61,479664,"c44edh14wj","fr","false",1280,800,1280,632,2,60,16.6666666666667,"",NA,"up","touchscreen",998.440999999992,100.27099999995,96.1999999999534,6,FALSE,0,9,0,135,0.0625,18,0.1,1,NA,2021-07-01 07:50:47.567498,"M","6","right","NA","NA",-0.785496301655584,-0.192693815689751,-0.0709821989940616
1463.60000000003,"",62,483165,"c44edh14wj","fr","false",1280,800,1280,632,2,60,16.6666666666667,"",NA,"down","touchscreen",999.401000000013,99.11599999998,95.8999999993248,6,FALSE,0,9,0,135,-0.125,6,0.15,1,NA,2021-07-01 07:50:47.567498,"M","6","right","NA","NA",1.7558847852911,0.659756028212652,0.196011935646728
1218.10000000009,"",63,486412,"c44edh14wj","fr","false",1280,800,1280,632,2,60,16.6666666666667,"",NA,"up","touchscreen",998.493000000017,99.8320000000531,95.6000000005588,6,TRUE,1,9,4,139,0.1875,38,0.05,1,NA,2021-07-01 07:50:47.567498,"M","6","right","NA","NA",7.75297497351658,0.790837417556109,0.203292997026906
1831.70000000065,"",64,490274,"c44edh14wj","fr","false",1280,800,1280,632,2,60,16.6666666666667,"",NA,"up","touchscreen",998.561999999976,99.8139999999548,96.7999999993481,6,TRUE,2,9,5,144,0.125,18,0.1,1,NA,2021-07-01 07:50:47.567498,"M","6","right","NA","NA",3.48109521889849,0.656483030911196,0.193060656655525
1424.50000000006,"",65,493728,"c44edh14wj","fr","false",1280,800,1280,632,2,60,16.6666666666667,"",NA,"up","touchscreen",998.536000000022,99.86599999998,96.0000000004657,6,TRUE,3,9,8,152,0.1875,6,0.15,1,NA,2021-07-01 07:50:47.567498,"M","6","right","NA","NA",0.211526406118108,0.105176593857986,0.035527809255025
3274.8000000001,"",66,499035,"c44edh14wj","fr","false",1280,800,1280,632,2,60,16.6666666666667,"",NA,"up","touchscreen",998.710000000021,99.8260000000009,98.7999999997555,6,TRUE,4,9,8,160,0.0625,38,0.1,1,NA,2021-07-01 07:50:47.567498,"M","6","right","NA","NA",0.208474391986601,0.0347247773007096,0.0125771518292304
2126.90000000026,"",67,503197,"c44edh14wj","fr","false",1280,800,1280,632,2,60,16.6666666666667,"",NA,"down","touchscreen",998.657999999996,99.7770000000019,99.7000000007101,6,TRUE,5,9,8,168,0,18,0.05,1,NA,2021-07-01 07:50:47.567498,"M","6","right","NA","NA",-0.126525311192489,-0.0316155154442491,-0.00628860339251846
1622.59999999969,"",68,506857,"c44edh14wj","fr","false",1280,800,1280,632,2,60,16.6666666666667,"",NA,"up","touchscreen",998.254000000015,99.8470000000088,96.4999999996508,6,FALSE,0,9,0,168,0,66,0.15,1,NA,2021-07-01 07:50:47.567498,"M","6","right","NA","NA",-0.75060678530436,-0.093415566987279,-0.045890359408745
875.299999999697,"",69,509770,"c44edh14wj","fr","false",1280,800,1280,632,2,60,16.6666666666667,"",NA,"down","touchscreen",998.540000000037,99.88400000002,96.300000000163,6,TRUE,1,9,6,174,-0.0625,66,0.15,1,NA,2021-07-01 07:50:47.567498,"M","6","right","NA","NA",-1.11871898186095,-0.138492307121786,-0.076637858274553
2022.09999999922,"",70,513830,"c44edh14wj","fr","false",1280,800,1280,632,2,60,16.6666666666667,"",NA,"up","touchscreen",998.045999999973,100.042000000016,95.2999999999302,6,TRUE,2,9,6,180,0.1875,38,0.2,1,NA,2021-07-01 07:50:47.567498,"M","6","right","NA","NA",1.19530329950308,0.19537790876252,0.120847286182601
1512.00000000058,"",71,517382,"c44edh14wj","fr","false",1280,800,1280,632,2,60,16.6666666666667,"",NA,"down","touchscreen",999.127999999968,99.130999999994,95.6000000005588,6,TRUE,3,9,8,188,-0.125,18,0.05,1,NA,2021-07-01 07:50:47.567498,"M","6","right","NA","NA",-3.18486025520997,-0.62288789136206,-0.148417805816787
1367.69999999978,"",72,520782,"c44edh14wj","fr","false",1280,800,1280,632,2,60,16.6666666666667,"",NA,"up","touchscreen",998.001999999979,100.272999999986,95.4000000001979,6,FALSE,0,9,0,188,-0.125,66,0.2,1,NA,2021-07-01 07:50:47.567498,"M","6","right","NA","NA",-1.78188023303984,-0.217407418101429,-0.142729556771567
1692.90000000002,"",73,524504,"c44edh14wj","fr","false",1280,800,1280,632,2,60,16.6666666666667,"",NA,"up","touchscreen",999.335000000021,99.0229999999865,94.3999999999651,6,TRUE,1,9,2,190,0.1875,18,0.05,1,NA,2021-07-01 07:50:47.567498,"M","6","right","NA","NA",4.50202881407652,0.747557993072389,0.197080341274969
1517.39999999973,"",74,528055,"c44edh14wj","fr","false",1280,800,1280,632,2,60,16.6666666666667,"",NA,"down","touchscreen",998.40499999997,100.118999999948,95.8000000000466,6,FALSE,0,9,0,190,0.0625,66,0.05,1,NA,2021-07-01 07:50:47.567498,"M","6","right","NA","NA",2.8894867304895,0.339706641048714,0.056869586798422
1621.60000000038,"",75,531721,"c44edh14wj","fr","false",1280,800,1280,632,2,60,16.6666666666667,"",NA,"up","touchscreen",999.868999999948,98.7000000000116,95.0000000002328,6,TRUE,1,9,2,192,0.125,6,0.1,1,NA,2021-07-01 07:50:47.567498,"M","6","right","NA","NA",0.835590009230313,0.385502319574214,0.138523742446077
1467.70000000019,"",76,535230,"c44edh14wj","fr","false",1280,800,1280,632,2,60,16.6666666666667,"",NA,"down","touchscreen",1000.147,98.0320000000065,94.6000000003842,6,FALSE,0,9,0,192,-0.0625,6,0.15,1,NA,2021-07-01 07:50:47.567498,"M","6","right","NA","NA",0.814490673579056,0.377168150107474,0.0231612830712225
1688.4999999993,"",77,538961,"c44edh14wj","fr","false",1280,800,1280,632,2,60,16.6666666666667,"",NA,"up","touchscreen",998.806999999972,99.685999999987,96.5999999998603,6,FALSE,0,9,0,192,-0.125,18,0.1,1,NA,2021-07-01 07:50:47.567498,"M","6","right","NA","NA",-3.27555541729796,-0.633565407602482,-0.241588489412439
1286.9999999993,"",78,542285,"c44edh14wj","fr","false",1280,800,1280,632,2,60,16.6666666666667,"",NA,"down","touchscreen",997.494999999995,100.757000000041,97.0999999999185,6,FALSE,0,9,0,192,0.1875,66,0.2,1,NA,2021-07-01 07:50:47.567498,"M","6","right","NA","NA",2.62593456068005,0.311870621128325,0.227679019794237
1146.99999999994,"",79,545477,"c44edh14wj","fr","false",1280,800,1280,632,2,60,16.6666666666667,"",NA,"up","touchscreen",998.483000000007,99.9239999999991,95.6000000005588,6,TRUE,1,9,4,196,0.0625,18,0.15,1,NA,2021-07-01 07:50:47.567498,"M","6","right","NA","NA",1.11806196025693,0.269197197734389,0.140717148603279
1354.29999999999,"",80,548860,"c44edh14wj","fr","false",1280,800,1280,632,2,60,16.6666666666667,"",NA,"up","touchscreen",997.795999999973,100.515999999945,97.7000000003027,6,TRUE,2,9,7,203,-0.0625,38,0.15,1,NA,2021-07-01 07:50:47.567498,"M","6","right","NA","NA",0.26240530994445,0.0436924534039292,0.0194736290563485
1093.39999999973,"",81,551997,"c44edh14wj","fr","false",1280,800,1280,632,2,60,16.6666666666667,"",NA,"up","touchscreen",998.564000000013,99.8559999999707,95.5999999996275,6,TRUE,3,9,12,215,0.125,66,0.05,1,NA,2021-07-01 07:50:47.567498,"M","6","right","NA","NA",7.0097371746884,0.659022933115945,0.164059267787693
1123.90000000049,"",82,555156,"c44edh14wj","fr","false",1280,800,1280,632,2,60,16.6666666666667,"",NA,"up","touchscreen",998.53899999999,99.75,96.7000000000698,6,TRUE,4,9,16,231,0.125,38,0.2,1,NA,2021-07-01 07:50:47.567498,"M","6","right","NA","NA",2.17966257755507,0.341444806434998,0.241482532987937
1447.70000000065,"",83,558641,"c44edh14wj","fr","false",1280,800,1280,632,2,60,16.6666666666667,"",NA,"down","touchscreen",997.212,100.564000000013,96.0000000004657,6,TRUE,5,9,19,250,-0.1875,38,0.05,1,NA,2021-07-01 07:50:47.567498,"M","6","right","NA","NA",-6.67997480509905,-0.743957060732604,-0.195146592147396
1274.00000000035,"",84,561947,"c44edh14wj","fr","false",1280,800,1280,632,2,60,16.6666666666667,"",NA,"up","touchscreen",999.804999999993,98.4049999999697,96.300000000163,6,FALSE,0,9,0,250,-0.125,6,0.05,1,NA,2021-07-01 07:50:47.567498,"M","6","right","NA","NA",-0.404161788508106,-0.198076958649099,-0.027175829943797
1314.8000000001,"",85,565300,"c44edh14wj","fr","false",1280,800,1280,632,2,60,16.6666666666667,"",NA,"down","touchscreen",999.545999999973,98.7420000000275,98.8999999999651,6,TRUE,1,9,3,253,0,6,0.05,1,NA,2021-07-01 07:50:47.567498,"M","6","right","NA","NA",-0.242093599523365,-0.120169618942065,-0.00783297301840838
1727.30000000051,"",86,569057,"c44edh14wj","fr","false",1280,800,1280,632,2,60,16.6666666666667,"",NA,"up","touchscreen",998.252000000037,99.8580000000075,96.8000000002794,6,TRUE,2,9,4,257,0.0625,38,0.05,1,NA,2021-07-01 07:50:47.567498,"M","6","right","NA","NA",1.27320196661668,0.207578267783226,0.0354106333848955
1676.40000000026,"",87,572768,"c44edh14wj","fr","false",1280,800,1280,632,2,60,16.6666666666667,"",NA,"down","touchscreen",998.152000000002,100.169999999984,96.6000000007334,6,TRUE,3,9,6,263,-0.125,6,0.2,1,NA,2021-07-01 07:50:47.567498,"M","6","right","NA","NA",-0.7337044492567,-0.344408204762145,-0.202929918188938
3995.60000000021,"",88,578800,"c44edh14wj","fr","false",1280,800,1280,632,2,60,16.6666666666667,"",NA,"up","touchscreen",998.301000000036,99.9000000000233,96.4000000003725,6,FALSE,0,9,0,263,-0.0625,18,0.2,1,NA,2021-07-01 07:50:47.567498,"M","6","right","NA","NA",-0.960538947544854,-0.233496827690497,-0.19541682022333
1560.40000000031,"",89,582385,"c44edh14wj","fr","false",1280,800,1280,632,2,60,16.6666666666667,"",NA,"up","touchscreen",998.174999999988,99.8719999999739,98,6,FALSE,0,9,0,263,-0.125,66,0.05,1,NA,2021-07-01 07:50:47.567498,"M","6","right","NA","NA",-8.19529319551638,-0.715581501915475,-0.168648919865378
2068.00000000023,"",90,586491,"c44edh14wj","fr","false",1280,800,1280,632,2,60,16.6666666666667,"",NA,"down","touchscreen",997.860000000044,100.727000000014,97.3000000003958,6,FALSE,0,9,0,263,0,6,0.2,1,NA,2021-07-01 07:50:47.567498,"M","6","right","NA","NA",0.81865833988285,0.378821729062733,0.148134422327575
1265.1000000005,"",91,589783,"c44edh14wj","fr","false",1280,800,1280,632,2,60,16.6666666666667,"",NA,"up","touchscreen",997.492000000027,99.9539999999688,96.4000000003143,6,FALSE,0,9,0,263,-0.1875,18,0.2,1,NA,2021-07-01 07:50:47.567498,"M","6","right","NA","NA",-0.749066726509092,-0.184066987171328,-0.154487716753824
1811.79999999946,"",92,593621,"c44edh14wj","fr","false",1280,800,1280,632,2,60,16.6666666666667,"",NA,"down","touchscreen",998.683000000077,99.7330000000075,94.9999999993015,6,TRUE,1,9,1,264,0,38,0.1,1,NA,2021-07-01 07:50:47.567498,"M","6","right","NA","NA",-0.839299594765479,-0.138534457386455,-0.0448938120700177
2210.1999999996,"",93,597867,"c44edh14wj","fr","false",1280,800,1280,632,2,60,16.6666666666667,"",NA,"down","touchscreen",998.359000000055,99.7870000000112,96.5999999998603,6,TRUE,2,9,1,265,0,66,0.05,1,NA,2021-07-01 07:50:47.567498,"M","6","right","NA","NA",-1.83163502484927,-0.223179543074546,-0.039071245804339
1548.59999999998,"",94,601449,"c44edh14wj","fr","false",1280,800,1280,632,2,60,16.6666666666667,"",NA,"up","touchscreen",998.471999999951,99.7280000000028,98.1000000000931,6,TRUE,3,9,3,268,0.125,66,0.15,1,NA,2021-07-01 07:50:47.567498,"M","6","right","NA","NA",4.24883160927172,0.469054627722689,0.280819670789026
2466.30000000005,"",95,605944,"c44edh14wj","fr","false",1280,800,1280,632,2,60,16.6666666666667,"",NA,"up","touchscreen",998.758999999962,99.4780000000028,98.4000000007218,6,TRUE,4,9,3,271,0.1875,18,0.1,1,NA,2021-07-01 07:50:47.567498,"M","6","right","NA","NA",1.84333070431263,0.418529675180224,0.136578990012922
1347.09999999998,"",96,609322,"c44edh14wj","fr","false",1280,800,1280,632,2,60,16.6666666666667,"",NA,"down","touchscreen",998.741999999969,99.1139999999432,94.7999999999302,6,TRUE,5,9,6,277,-0.1875,66,0.1,1,NA,2021-07-01 07:50:47.567498,"M","6","right","NA","NA",-5.09985287004681,-0.537546311939674,-0.227358395437393
1952.00000000012,"",97,613303,"c44edh14wj","fr","false",1280,800,1280,632,2,60,16.6666666666667,"",NA,"up","touchscreen",998.440999999992,99.7719999999972,95.5999999996275,6,TRUE,6,9,6,283,0.0625,6,0.2,1,NA,2021-07-01 07:50:47.567498,"M","6","right","NA","NA",1.10311692946807,0.482966123151368,0.255445807192729
1815.99999999977,"",98,617163,"c44edh14wj","fr","false",1280,800,1280,632,2,60,16.6666666666667,"",NA,"up","touchscreen",998.141000000061,99.8769999999786,96.0000000004657,6,TRUE,7,9,7,290,0.125,66,0.1,1,NA,2021-07-01 07:50:47.567498,"M","6","right","NA","NA",1.23078061050368,0.152058557672475,0.049080721849979
1383.89999999979,"",99,620575,"c44edh14wj","fr","false",1280,800,1280,632,2,60,16.6666666666667,"",NA,"down","touchscreen",999.371000000043,99.0179999999236,95.0000000002328,6,TRUE,8,9,10,300,-0.0625,18,0.05,1,NA,2021-07-01 07:50:47.567498,"M","6","right","NA","NA",-1.71684660053119,-0.394416269955578,-0.0469093197019283
1668.49999999977,"",100,624272,"c44edh14wj","fr","false",1280,800,1280,632,2,60,16.6666666666667,"",NA,"up","touchscreen",999.355000000098,98.890999999945,93.5999999992782,6,TRUE,9,9,12,312,0,18,0.1,1,NA,2021-07-01 07:50:47.567498,"M","6","right","NA","NA",1.41115637578632,0.332692581931002,0.0891156754930922
1120.69999999949,"",101,627434,"c44edh14wj","fr","false",1280,800,1280,632,2,60,16.6666666666667,"",NA,"up","touchscreen",998.148000000045,100.062999999966,97.4999999997672,6,TRUE,10,10,16,328,0.1875,6,0.05,1,NA,2021-07-01 07:50:47.567498,"M","6","right","NA","NA",3.33107223663319,0.857338841009873,0.18209941483229
965.000000000116,"",102,630443,"c44edh14wj","fr","false",1280,800,1280,632,2,60,16.6666666666667,"",NA,"up","touchscreen",999.199999999953,99.0420000000158,94.5000000001164,6,TRUE,11,11,21,349,0.1875,18,0.15,1,NA,2021-07-01 07:50:47.567498,"M","6","right","NA","NA",1.96363494846534,0.440672934724442,0.217281247339221
1466.99999999965,"",103,633941,"c44edh14wj","fr","false",1280,800,1280,632,2,60,16.6666666666667,"",NA,"down","touchscreen",999.15399999998,99.0069999999832,95.9999999995343,6,TRUE,12,12,24,373,-0.0625,66,0.05,1,NA,2021-07-01 07:50:47.567498,"M","6","right","NA","NA",-4.09445533837165,-0.45560209288196,-0.0933117120427824
1034.99999999988,"",104,637018,"c44edh14wj","fr","false",1280,800,1280,632,2,60,16.6666666666667,"",NA,"up","touchscreen",998.261000000057,99.7380000000121,96.0000000004657,6,FALSE,0,12,0,373,0.0625,18,0.2,1,NA,2021-07-01 07:50:47.567498,"M","6","right","NA","NA",-0.58329541207236,-0.144297707324675,-0.0784277580150819
1294.89999999991,"",105,640342,"c44edh14wj","fr","false",1280,800,1280,632,2,60,16.6666666666667,"",NA,"down","touchscreen",998.622999999905,99.716999999946,99.0000000002328,6,TRUE,1,12,4,377,-0.125,18,0.2,1,NA,2021-07-01 07:50:47.567498,"M","6","right","NA","NA",-2.06311908267033,-0.458397791860389,-0.278842843853922
1383.60000000009,"",106,643758,"c44edh14wj","fr","false",1280,800,1280,632,2,60,16.6666666666667,"",NA,"up","touchscreen",997.969999999972,99.8950000000186,96.300000000163,6,FALSE,0,12,0,377,0.125,38,0.15,1,NA,2021-07-01 07:50:47.567498,"M","6","right","NA","NA",-0.379058473569087,-0.0630507117001352,-0.0356841233422872
3122.50000000035,"",107,648905,"c44edh14wj","fr","false",1280,800,1280,632,2,60,16.6666666666667,"",NA,"down","touchscreen",996.696999999927,101.824000000022,98.3999999997905,6,TRUE,1,12,0,377,-0.125,18,0.15,1,NA,2021-07-01 07:50:47.567498,"M","6","right","NA","NA",-0.0520542404831903,-0.0130124583196629,-0.00649062170309887
1467.49999999977,"",108,652412,"c44edh14wj","fr","false",1280,800,1280,632,2,60,16.6666666666667,"",NA,"down","touchscreen",998.193000000087,100.19299999997,95.8000000000466,6,FALSE,0,12,0,377,0.125,38,0.1,1,NA,2021-07-01 07:50:47.567498,"M","6","right","NA","NA",1.86415858901206,0.296702569176713,0.0888376393667825
1365.49999999988,"",109,655807,"c44edh14wj","fr","false",1280,800,1280,632,2,60,16.6666666666667,"",NA,"up","touchscreen",999.057999999961,99.0699999999488,94.9999999993015,6,FALSE,0,12,0,377,-0.1875,6,0.1,1,NA,2021-07-01 07:50:47.567498,"M","6","right","NA","NA",-0.482250186954736,-0.234406998571149,-0.0707715118095701
1148.90000000014,"",110,658986,"c44edh14wj","fr","false",1280,800,1280,632,2,60,16.6666666666667,"",NA,"down","touchscreen",999.511999999988,98.8609999999171,94.3999999999069,6,FALSE,0,12,0,377,0.125,66,0.2,1,NA,2021-07-01 07:50:47.567498,"M","6","right","NA","NA",0.482444398836984,0.0601961896659605,0.0408140544797592
2054.09999999939,"",111,663069,"c44edh14wj","fr","false",1280,800,1280,632,2,60,16.6666666666667,"",NA,"up","touchscreen",998.308000000077,99.7580000000307,95.4000000001397,6,FALSE,0,12,0,377,-0.1875,18,0.05,1,NA,2021-07-01 07:50:47.567498,"M","6","right","NA","NA",-4.15229696930085,-0.720190920557928,-0.177177279661533
2005.79999999981,"",112,667121,"c44edh14wj","fr","false",1280,800,1280,632,2,60,16.6666666666667,"",NA,"up","touchscreen",998.579999999958,99.8710000000428,98.2999999995809,6,TRUE,1,12,0,377,0.1875,66,0.05,1,NA,2021-07-01 07:50:47.567498,"M","6","right","NA","NA",8.72050538043495,0.7368929768563,0.198505581829328
1419.29999999958,"",113,670574,"c44edh14wj","fr","false",1280,800,1280,632,2,60,16.6666666666667,"",NA,"up","touchscreen",998.158999999985,99.8720000000903,96.5999999998603,6,TRUE,2,12,3,380,-0.0625,18,0.15,1,NA,2021-07-01 07:50:47.567498,"M","6","right","NA","NA",1.62314860109764,0.376008888825622,0.144668388691101
3566.10000000001,"",2,305562,"ca1evqsb0v","fr","false",1280,800,1280,338,2,60,16.6666666666667,"",NA,"up","touchscreen",997.633999999991,100.538,94.9000000000524,6,FALSE,0,0,0,0,-0.125,6,0.2,1,NA,2021-07-01 02:51:11.034888,"F","7","right","NA","NA",-0.00405876899629367,-0.00202938031924972,-0.00135771573104066
6042.89999999991,"",3,313645,"ca1evqsb0v","fr","false",1280,800,1280,338,2,60,16.6666666666667,"",NA,"down","touchscreen",999.068999999989,99.4170000000013,96.6000000002969,6,FALSE,0,0,0,0,-0.0625,18,0.15,1,NA,2021-07-01 02:51:11.034888,"F","7","right","NA","NA",0.602134441403375,0.148856486813209,0.067257676027543
8044.69999999992,"",4,323716,"ca1evqsb0v","fr","false",1280,800,1280,338,2,60,16.6666666666667,"",NA,"down","touchscreen",998.546000000002,99.9499999999825,99.4999999997963,6,TRUE,1,1,0,0,-0.125,18,0.2,1,NA,2021-07-01 02:51:11.034888,"F","7","right","NA","NA",-1.63044533274521,-0.377458840169518,-0.158054761662333
2935.79999999976,"",5,328681,"ca1evqsb0v","fr","false",1280,800,1280,338,2,60,16.6666666666667,"",NA,"up","touchscreen",999.304999999993,99.0040000000154,94.3999999999651,6,FALSE,0,1,0,0,-0.0625,18,0.2,1,NA,2021-07-01 02:51:11.034888,"F","7","right","NA","NA",-0.0453612876409301,-0.0113395927814097,-0.00886160740460158
5419.90000000031,"",6,336141,"ca1evqsb0v","fr","false",1280,800,1280,338,2,60,16.6666666666667,"",NA,"up","touchscreen",998.448999999993,99.8010000000068,95.8000000000466,6,TRUE,1,1,0,0,0.125,66,0.15,1,NA,2021-07-01 02:51:11.034888,"F","7","right","NA","NA",1.57269140505794,0.192894437163806,0.0905249253317169
3647.40000000029,"",7,341823,"ca1evqsb0v","fr","false",1280,800,1280,338,2,60,16.6666666666667,"",NA,"down","touchscreen",997.752999999997,100.708000000013,96.4999999996508,6,TRUE,2,2,0,0,0.0625,38,0.2,1,NA,2021-07-01 02:51:11.034888,"F","7","right","NA","NA",-0.175529357136896,-0.0292423820042953,-0.0195468170051067
2951.70000000007,"",8,346803,"ca1evqsb0v","fr","false",1280,800,1280,338,2,60,16.6666666666667,"",NA,"up","touchscreen",997.47099999999,100.611000000004,96.8999999999942,6,TRUE,3,3,0,0,0.1875,66,0.2,1,NA,2021-07-01 02:51:11.034888,"F","7","right","NA","NA",0.676981807993298,0.084321351729894,0.058904758223898
4634.6000000003,"",9,353480,"ca1evqsb0v","fr","false",1280,800,1280,338,2,60,16.6666666666667,"",NA,"up","touchscreen",998.918000000005,99.2069999999949,95.6000000000931,6,FALSE,0,3,0,0,-0.0625,6,0.15,1,NA,2021-07-01 02:51:11.034888,"F","7","right","NA","NA",-1.41058362580053,-0.576361056963557,-0.322512340597285
6447.20000000007,"",10,361959,"ca1evqsb0v","fr","false",1280,800,1280,338,2,60,16.6666666666667,"",NA,"up","touchscreen",998.616000000009,99.94200000001,98.8999999999651,6,FALSE,0,3,0,0,-0.1875,38,0.1,1,NA,2021-07-01 02:51:11.034888,"F","7","right","NA","NA",-3.96942635593536,-0.551754580076337,-0.221043720917749
4135.9000000002,"",11,368126,"ca1evqsb0v","fr","false",1280,800,1280,338,2,60,16.6666666666667,"",NA,"down","touchscreen",998.42200000002,99.8289999999979,96.300000000163,6,FALSE,0,3,0,0,0.125,18,0.1,1,NA,2021-07-01 02:51:11.034888,"F","7","right","NA","NA",1.68540508532574,0.388290752112365,0.119352598652375
4567.6000000003,"",12,374733,"ca1evqsb0v","fr","false",1280,800,1280,338,2,60,16.6666666666667,"",NA,"up","touchscreen",998.459999999992,99.9330000000191,95.6000000000931,6,TRUE,1,3,0,0,-0.0625,66,0.2,1,NA,2021-07-01 02:51:11.034888,"F","7","right","NA","NA",0.180974517228617,0.0226160285570273,0.0160881349578392
6372.89999999985,"",13,383144,"ca1evqsb0v","fr","false",1280,800,1280,338,2,60,16.6666666666667,"",NA,"down","touchscreen",999.745999999985,99.176999999996,94.9000000000524,6,FALSE,0,3,0,0,0.125,66,0.2,1,NA,2021-07-01 02:51:11.034888,"F","7","right","NA","NA",2.63205119774142,0.312526187566256,0.240246344843478
6094.0999999998,"",14,391270,"ca1evqsb0v","fr","false",1280,800,1280,338,2,60,16.6666666666667,"",NA,"up","touchscreen",998.464999999997,99.8679999999877,95.4000000001397,6,TRUE,1,3,0,0,0.0625,38,0.05,1,NA,2021-07-01 02:51:11.034888,"F","7","right","NA","NA",2.5943127493756,0.396874826515933,0.0677605917240484
8588.9000000002,"",15,401886,"ca1evqsb0v","fr","false",1280,800,1280,338,2,60,16.6666666666667,"",NA,"down","touchscreen",998.447000000015,99.6969999999856,95.1999999997497,6,FALSE,0,3,0,0,0.125,38,0.15,1,NA,2021-07-01 02:51:11.034888,"F","7","right","NA","NA",3.98297487798399,0.553062472371822,0.311638260819262
5770.79999999976,"",16,409688,"ca1evqsb0v","fr","false",1280,800,1280,338,2,60,16.6666666666667,"",NA,"up","touchscreen",997.986999999994,100.438000000024,96.300000000163,6,FALSE,0,3,0,0,-0.0625,6,0.05,1,NA,2021-07-01 02:51:11.034888,"F","7","right","NA","NA",-0.184715596326163,-0.0919663960795827,-0.0110006261524282
4751.09999999995,"",17,416473,"ca1evqsb0v","fr","false",1280,800,1280,338,2,60,16.6666666666667,"",NA,"down","touchscreen",998.563000000024,99.8440000000119,97.0000000002037,6,FALSE,0,3,0,0,0,38,0.2,1,NA,2021-07-01 02:51:11.034888,"F","7","right","NA","NA",0.970415911234656,0.159661214604046,0.101779969489699
12759.5999999999,"",18,431271,"ca1evqsb0v","fr","false",1280,800,1280,338,2,60,16.6666666666667,"",NA,"up","touchscreen",998.65400000001,99.8859999999986,96.8999999999942,6,TRUE,1,3,0,0,0.0625,66,0.05,1,NA,2021-07-01 02:51:11.034888,"F","7","right","NA","NA",2.52722734899568,0.301230166077618,0.0514779093786453
2956.90000000014,"",19,436272,"ca1evqsb0v","fr","false",1280,800,1280,338,2,60,16.6666666666667,"",NA,"up","touchscreen",999.875999999989,98.5270000000019,93.8999999998487,6,TRUE,2,3,0,0,0.1875,18,0.05,1,NA,2021-07-01 02:51:11.034888,"F","7","right","NA","NA",4.11764258475118,0.717279002468022,0.155571751886478
1956.70000000019,"",20,440254,"ca1evqsb0v","fr","false",1280,800,1280,338,2,60,16.6666666666667,"",NA,"up","touchscreen",998.222000000009,100.184000000008,99.4999999998254,6,TRUE,3,3,0,0,-0.1875,18,0.2,1,NA,2021-07-01 02:51:11.034888,"F","7","right","NA","NA",0.232440227457025,0.0580121922436123,0.0405994346945893
3401.29999999999,"",21,445697,"ca1evqsb0v","fr","false",1280,800,1280,338,2,60,16.6666666666667,"",NA,"up","touchscreen",998.462999999989,99.9130000000005,95.2999999999593,6,FALSE,0,3,0,0,-0.1875,66,0.1,1,NA,2021-07-01 02:51:11.034888,"F","7","right","NA","NA",-4.49625076385943,-0.489950856331888,-0.18989403315584
1546.09999999957,"",22,449283,"ca1evqsb0v","fr","false",1280,800,1280,338,2,60,16.6666666666667,"",NA,"down","touchscreen",998.889999999956,99.7140000000363,96.7999999998137,6,FALSE,0,3,0,0,0.125,38,0.2,1,NA,2021-07-01 02:51:11.034888,"F","7","right","NA","NA",1.01289911046012,0.166461191494151,0.115634589791615
1612.50000000017,"",23,452928,"ca1evqsb0v","fr","false",1280,800,1280,338,2,60,16.6666666666667,"",NA,"up","touchscreen",998.282000000007,99.8310000000056,95.6999999998952,6,TRUE,1,3,2,2,0.0625,66,0.1,1,NA,2021-07-01 02:51:11.034888,"F","7","right","NA","NA",2.01381446330632,0.244111368179468,0.0746390071369514
914.000000000233,"",24,455873,"ca1evqsb0v","fr","false",1280,800,1280,338,2,60,16.6666666666667,"",NA,"up","touchscreen",998.113000000012,99.8520000000135,96.600000000326,6,TRUE,2,3,7,9,0,18,0.05,1,NA,2021-07-01 02:51:11.034888,"F","7","right","NA","NA",1.61639633207083,0.374664663635527,0.0554584917411484
850.300000000047,"",25,458756,"ca1evqsb0v","fr","false",1280,800,1280,338,2,60,16.6666666666667,"",NA,"up","touchscreen",998.509999999951,99.9150000000373,95.2999999999302,6,TRUE,3,3,13,22,0.1875,66,0.1,1,NA,2021-07-01 02:51:11.034888,"F","7","right","NA","NA",3.81992155854029,0.430889414498106,0.161381138496759
1548.40000000014,"",26,462332,"ca1evqsb0v","fr","false",1280,800,1280,338,2,60,16.6666666666667,"",NA,"up","touchscreen",1000.19299999997,98.4529999999795,97.2999999999302,6,FALSE,0,3,0,22,-0.0625,38,0.1,1,NA,2021-07-01 02:51:11.034888,"F","7","right","NA","NA",-0.59933503673999,-0.0993945318822786,-0.0312511113794193
4919.5,"",27,469286,"ca1evqsb0v","fr","false",1280,800,1280,338,2,60,16.6666666666667,"",NA,"down","touchscreen",998.373000000021,99.8169999999809,96.5999999998603,6,TRUE,1,3,0,22,-0.1875,6,0.05,1,NA,2021-07-01 02:51:11.034888,"F","7","right","NA","NA",-2.57508227312964,-0.789774405141817,-0.168995518019955
2213.59999999957,"",28,473532,"ca1evqsb0v","fr","false",1280,800,1280,338,2,60,16.6666666666667,"",NA,"up","touchscreen",998.260000000009,99.8790000000154,98.7999999996973,6,FALSE,0,3,0,22,-0.0625,66,0.1,1,NA,2021-07-01 02:51:11.034888,"F","7","right","NA","NA",-1.86280776677548,-0.226784054304462,-0.0805113112472071
2077.80000000005,"",29,477643,"ca1evqsb0v","fr","false",1280,800,1280,338,2,60,16.6666666666667,"",NA,"down","touchscreen",998.476999999955,99.8310000000056,96.300000000163,6,FALSE,0,3,0,22,0.0625,18,0.1,1,NA,2021-07-01 02:51:11.034888,"F","7","right","NA","NA",0.871710650726137,0.212930025907985,0.0584437983022197
3578.89999999997,"",30,483256,"ca1evqsb0v","fr","false",1280,800,1280,338,2,60,16.6666666666667,"",NA,"up","touchscreen",998.754000000015,99.6290000000154,95.8000000000466,6,FALSE,0,3,0,22,-0.0625,18,0.05,1,NA,2021-07-01 02:51:11.034888,"F","7","right","NA","NA",-1.98577837211676,-0.444664126337742,-0.0633926504472271
2724.40000000008,"",31,488009,"ca1evqsb0v","fr","false",1280,800,1280,338,2,60,16.6666666666667,"",NA,"up","touchscreen",999.137999999977,99.3150000000023,94.9999999998254,6,TRUE,1,3,0,22,0.125,38,0.1,1,NA,2021-07-01 02:51:11.034888,"F","7","right","NA","NA",3.6529628516291,0.520028893394068,0.169501744991461
1114.79999999987,"",32,491157,"ca1evqsb0v","fr","false",1280,800,1280,338,2,60,16.6666666666667,"",NA,"up","touchscreen",998.489000000001,99.875,96.0999999997439,6,TRUE,2,3,4,26,0.0625,18,0.05,1,NA,2021-07-01 02:51:11.034888,"F","7","right","NA","NA",2.39938569315952,0.514398914010748,0.103920254768377
2288.09999999974,"",33,495477,"ca1evqsb0v","fr","false",1280,800,1280,338,2,60,16.6666666666667,"",NA,"up","touchscreen",997.924999999988,99.814000000013,95.2999999999302,6,TRUE,3,3,4,30,0.1875,66,0.05,1,NA,2021-07-01 02:51:11.034888,"F","7","right","NA","NA",9.4839150699198,0.764373043635967,0.1982169524723
1262.29999999987,"",34,498778,"ca1evqsb0v","fr","false",1280,800,1280,338,2,60,16.6666666666667,"",NA,"up","touchscreen",999.157999999996,99.100999999966,95.2000000001863,6,TRUE,4,4,8,38,0.125,66,0.1,1,NA,2021-07-01 02:51:11.034888,"F","7","right","NA","NA",4.76362795843438,0.511620508874084,0.196833464326234
1677.90000000014,"",35,502490,"ca1evqsb0v","fr","false",1280,800,1280,338,2,60,16.6666666666667,"",NA,"up","touchscreen",998.17300000001,99.8540000000503,96.1999999999534,6,TRUE,5,5,10,48,0.125,18,0.15,1,NA,2021-07-01 02:51:11.034888,"F","7","right","NA","NA",1.13225381079167,0.272362183417569,0.145438073334099
1169.8000000001,"",36,505693,"ca1evqsb0v","fr","false",1280,800,1280,338,2,60,16.6666666666667,"",NA,"down","touchscreen",998.33600000001,99.9439999999595,95.399999999674,6,TRUE,6,6,14,62,-0.1875,66,0.05,1,NA,2021-07-01 02:51:11.034888,"F","7","right","NA","NA",-7.62336813347323,-0.689860162884284,-0.156610535353525
6621.00000000012,"",37,514358,"ca1evqsb0v","fr","false",1280,800,1280,338,2,60,16.6666666666667,"",NA,"up","touchscreen",999.374000000011,98.8079999999609,95.6000000001513,6,FALSE,0,6,0,62,0.0625,66,0.2,1,NA,2021-07-01 02:51:11.034888,"F","7","right","NA","NA",-0.68318750645023,-0.085088730432563,-0.0483104090392937
3245.59999999974,"",38,519638,"ca1evqsb0v","fr","false",1280,800,1280,338,2,60,16.6666666666667,"",NA,"up","touchscreen",998.96100000001,99.1319999999832,94.2999999997555,6,FALSE,0,6,0,62,-0.125,18,0.05,1,NA,2021-07-01 02:51:11.034888,"F","7","right","NA","NA",-2.57757538415084,-0.541671281607115,-0.0979797357943672
9441.6999999999,"",39,531105,"ca1evqsb0v","fr","false",1280,800,1280,338,2,60,16.6666666666667,"",NA,"down","touchscreen",998.293999999994,99.8689999999478,99.2000000001281,6,TRUE,1,6,0,62,0,18,0.1,1,NA,2021-07-01 02:51:11.034888,"F","7","right","NA","NA",-0.19177565695526,-0.0478889066577653,-0.0176688944850206
1533.80000000016,"",40,534663,"ca1evqsb0v","fr","false",1280,800,1280,338,2,60,16.6666666666667,"",NA,"down","touchscreen",997.521000000008,100.649999999965,99.6000000000349,6,TRUE,2,6,2,64,-0.1875,18,0.15,1,NA,2021-07-01 02:51:11.034888,"F","7","right","NA","NA",-5.22429288857183,-0.793994495047268,-0.50076939720907
1248.00000000006,"",41,537943,"ca1evqsb0v","fr","false",1280,800,1280,338,2,60,16.6666666666667,"",NA,"down","touchscreen",998.15399999998,99.844000000041,95.4999999999418,6,FALSE,0,6,0,64,0.0625,18,0.2,1,NA,2021-07-01 02:51:11.034888,"F","7","right","NA","NA",1.36444338036876,0.322844991653276,0.221640911772411
1300.09999999992,"",42,541273,"ca1evqsb0v","fr","false",1280,800,1280,338,2,60,16.6666666666667,"",NA,"up","touchscreen",997.989999999991,100.5,96.7000000000698,6,FALSE,0,6,0,64,0,6,0.2,1,NA,2021-07-01 02:51:11.034888,"F","7","right","NA","NA",-0.42315969213982,-0.206997344901726,-0.0895486942000112
2183.1999999999,"",43,545487,"ca1evqsb0v","fr","false",1280,800,1280,338,2,60,16.6666666666667,"",NA,"down","touchscreen",999.116999999969,99.0659999999916,94.4999999996508,6,FALSE,0,6,0,64,0,66,0.2,1,NA,2021-07-01 02:51:11.034888,"F","7","right","NA","NA",0.428428193309096,0.0534768937384056,0.0343868457193718
2352.60000000021,"",44,549869,"ca1evqsb0v","fr","false",1280,800,1280,338,2,60,16.6666666666667,"",NA,"up","touchscreen",998.256999999983,99.63400000002,95.000000000291,6,TRUE,1,6,0,64,0.1875,38,0.2,1,NA,2021-07-01 02:51:11.034888,"F","7","right","NA","NA",2.84755963746124,0.428756988523938,0.318587137964418
1525.40000000002,"",45,553434,"ca1evqsb0v","fr","false",1280,800,1280,338,2,60,16.6666666666667,"",NA,"up","touchscreen",998.213999999978,99.8490000000456,96.0999999997439,6,TRUE,2,6,2,66,0,38,0.05,1,NA,2021-07-01 02:51:11.034888,"F","7","right","NA","NA",0.155366531744233,0.0258857449427209,0.0044495390864384
1187.40000000026,"",46,556657,"ca1evqsb0v","fr","false",1280,800,1280,338,2,60,16.6666666666667,"",NA,"up","touchscreen",999.934000000008,98.3720000000321,94.0000000000582,6,TRUE,3,6,6,72,0.0625,38,0.1,1,NA,2021-07-01 02:51:11.034888,"F","7","right","NA","NA",0.261674628231187,0.0435710207079482,0.0136811896607927
979.600000000093,"",47,559677,"ca1evqsb0v","fr","false",1280,800,1280,338,2,60,16.6666666666667,"",NA,"up","touchscreen",999.479999999981,98.3129999999655,94.4000000004307,6,TRUE,4,6,11,83,0.1875,18,0.2,1,NA,2021-07-01 02:51:11.034888,"F","7","right","NA","NA",2.39123743104807,0.513112531549634,0.243360536443127
923.800000000047,"",48,562637,"ca1evqsb0v","fr","false",1280,800,1280,338,2,60,16.6666666666667,"",NA,"up","touchscreen",998.394000000029,99.8319999999949,94.5999999999185,6,TRUE,5,6,16,99,0.125,38,0.05,1,NA,2021-07-01 02:51:11.034888,"F","7","right","NA","NA",6.47308393782289,0.733398869426736,0.121682286276786
1411.69999999966,"",49,566083,"ca1evqsb0v","fr","false",1280,800,1280,338,2,60,16.6666666666667,"",NA,"up","touchscreen",997.68399999995,100.285000000033,96.3999999999069,6,TRUE,6,6,19,118,0.125,6,0.05,1,NA,2021-07-01 02:51:11.034888,"F","7","right","NA","NA",3.63772377847419,0.87629199186658,0.189884963150037
3693.50000000029,"",50,571812,"ca1evqsb0v","fr","false",1280,800,1280,338,2,60,16.6666666666667,"",NA,"up","touchscreen",999.380999999994,99.0720000000438,95.9000000002561,6,TRUE,7,7,19,137,0.0625,38,0.15,1,NA,2021-07-01 02:51:11.034888,"F","7","right","NA","NA",0.112321705093914,0.0187170047914296,0.0116076741382679
1924.70000000007,"",51,575769,"ca1evqsb0v","fr","false",1280,800,1280,338,2,60,16.6666666666667,"",NA,"up","touchscreen",998.418000000005,99.8520000000135,94.3999999999651,6,FALSE,0,7,0,137,-0.0625,6,0.2,1,NA,2021-07-01 02:51:11.034888,"F","7","right","NA","NA",-1.25891574292366,-0.532709172863719,-0.120761324637478
3255.59999999998,"",52,581059,"ca1evqsb0v","fr","false",1280,800,1280,338,2,60,16.6666666666667,"",NA,"up","touchscreen",998.361999999965,100.169999999984,96.7000000000116,6,FALSE,0,7,0,137,0.0625,66,0.15,1,NA,2021-07-01 02:51:11.034888,"F","7","right","NA","NA",-0.37243924166262,-0.0465045364673921,-0.021865406454702
1609.70000000042,"",53,584707,"ca1evqsb0v","fr","false",1280,800,1280,338,2,60,16.6666666666667,"",NA,"down","touchscreen",998.880000000005,99.4789999999921,96.5000000000582,6,FALSE,0,7,0,137,0.0625,6,0.05,1,NA,2021-07-01 02:51:11.034888,"F","7","right","NA","NA",1.78759432370611,0.666405657453472,0.103007751016969
1371.39999999997,"",54,588110,"ca1evqsb0v","fr","false",1280,800,1280,338,2,60,16.6666666666667,"",NA,"up","touchscreen",998,100.745999999985,97.6999999997788,6,TRUE,1,7,3,140,0.1875,6,0.2,1,NA,2021-07-01 02:51:11.034888,"F","7","right","NA","NA",1.1375214676941,0.494389769467854,0.258049483430905
4525.40000000002,"",55,594680,"ca1evqsb0v","fr","false",1280,800,1280,338,2,60,16.6666666666667,"",NA,"up","touchscreen",998.614000000001,99.8560000000289,96.300000000163,6,TRUE,2,7,3,143,0.1875,18,0.1,1,NA,2021-07-01 02:51:11.034888,"F","7","right","NA","NA",0.735833781919729,0.180922639981506,0.0653823925046844
5123.59999999992,"",56,601834,"ca1evqsb0v","fr","false",1280,800,1280,338,2,60,16.6666666666667,"",NA,"up","touchscreen",999.173999999999,99.4550000000163,96.5000000001164,6,FALSE,0,7,0,143,0,18,0.2,1,NA,2021-07-01 02:51:11.034888,"F","7","right","NA","NA",-0.696471658894524,-0.171537080519984,-0.0846454297182755
5143.70000000007,"",57,609013,"ca1evqsb0v","fr","false",1280,800,1280,338,2,60,16.6666666666667,"",NA,"up","touchscreen",999.013999999966,99.2039999999688,95.5000000003492,6,FALSE,0,7,0,143,0.0625,6,0.2,1,NA,2021-07-01 02:51:11.034888,"F","7","right","NA","NA",-0.517058256479902,-0.250299731588093,-0.0977312316170362
2363.10000000003,"",58,613405,"ca1evqsb0v","fr","false",1280,800,1280,338,2,60,16.6666666666667,"",NA,"down","touchscreen",999.039999999979,99.4219999999623,96,6,TRUE,1,7,0,143,-0.1875,18,0.1,1,NA,2021-07-01 02:51:11.034888,"F","7","right","NA","NA",-2.17719199494404,-0.47806904659097,-0.132326072228591
1646.60000000003,"",59,617082,"ca1evqsb0v","fr","false",1280,800,1280,338,2,60,16.6666666666667,"",NA,"down","touchscreen",998.835000000021,99.5160000000033,95.8999999997905,6,TRUE,2,7,2,145,-0.125,6,0.1,1,NA,2021-07-01 02:51:11.034888,"F","7","right","NA","NA",-3.2273825271295,-0.850017930807416,-0.264112408647531
1985.00000000012,"",60,621098,"ca1evqsb0v","fr","false",1280,800,1280,338,2,60,16.6666666666667,"",NA,"up","touchscreen",998.710000000021,99.8179999999702,96.4999999996508,6,TRUE,3,7,2,147,0.125,66,0.05,1,NA,2021-07-01 02:51:11.034888,"F","7","right","NA","NA",5.51157361410441,0.567337521921406,0.113800794562446
3881.99999999965,"",61,627022,"ca1evqsb0v","fr","false",1280,800,1280,338,2,60,16.6666666666667,"",NA,"up","touchscreen",998.587999999989,99.8470000000088,96.5999999998021,6,FALSE,0,7,0,147,-0.1875,6,0.2,1,NA,2021-07-01 02:51:11.034888,"F","7","right","NA","NA",-0.981344481413926,-0.440501841685845,-0.155713833125644
2917.80000000016,"",62,631982,"ca1evqsb0v","fr","false",1280,800,1280,338,2,60,16.6666666666667,"",NA,"up","touchscreen",997.787000000011,100.493000000017,96,6,FALSE,0,7,0,147,-0.1875,38,0.05,1,NA,2021-07-01 02:51:11.034888,"F","7","right","NA","NA",-4.33639529837205,-0.585762346875098,-0.134384633231809
3997.10000000003,"",63,638006,"ca1evqsb0v","fr","false",1280,800,1280,338,2,60,16.6666666666667,"",NA,"down","touchscreen",998.355999999971,99.7799999999697,96.8000000002212,6,FALSE,0,7,0,147,0.1875,18,0.15,1,NA,2021-07-01 02:51:11.034888,"F","7","right","NA","NA",2.29611258510591,0.49783755963587,0.368087101753262
1755.20000000007,"",64,641788,"ca1evqsb0v","fr","false",1280,800,1280,338,2,60,16.6666666666667,"",NA,"up","touchscreen",998.668000000005,99.7179999999935,96.1999999999534,6,TRUE,1,7,1,148,0.125,6,0.15,1,NA,2021-07-01 02:51:11.034888,"F","7","right","NA","NA",1.47678385228879,0.594006788773779,0.251528058648664
1363.49999999994,"",65,645192,"ca1evqsb0v","fr","false",1280,800,1280,338,2,60,16.6666666666667,"",NA,"down","touchscreen",999.092000000004,98.9619999999995,95.9000000002561,6,TRUE,2,7,4,152,0,6,0.1,1,NA,2021-07-01 02:51:11.034888,"F","7","right","NA","NA",-1.24560056687689,-0.528655570323436,-0.122707474809797
1130.49999999977,"",66,648354,"ca1evqsb0v","fr","false",1280,800,1280,338,2,60,16.6666666666667,"",NA,"down","touchscreen",998.858000000007,99.505999999994,96.5999999998603,6,FALSE,0,7,0,152,0.0625,6,0.1,1,NA,2021-07-01 02:51:11.034888,"F","7","right","NA","NA",0.280076346815382,0.138684922233496,0.0188117987369564
775.599999999919,"",67,651161,"ca1evqsb0v","fr","false",1280,800,1280,338,2,60,16.6666666666667,"",NA,"up","touchscreen",998.510999999999,99.8820000000414,95.2999999999302,6,FALSE,0,7,0,152,-0.125,66,0.15,1,NA,2021-07-01 02:51:11.034888,"F","7","right","NA","NA",-2.93413843938863,-0.34433793421133,-0.186145298631736
3375.50000000012,"",68,656574,"ca1evqsb0v","fr","false",1280,800,1280,338,2,60,16.6666666666667,"",NA,"down","touchscreen",998.622999999963,99.7720000000554,94.9000000000815,5,TRUE,1,7,0,152,-0.125,38,0.1,1,NA,2021-07-01 02:51:11.034888,"F","7","right","NA","NA",-2.14724278246007,-0.336946673283121,-0.111318257201919
1318.79999999999,"",69,659925,"ca1evqsb0v","fr","false",1280,800,1280,338,2,60,16.6666666666667,"",NA,"up","touchscreen",999.545999999973,98.6809999999823,94.2000000000116,6,FALSE,0,7,0,152,-0.125,38,0.15,1,NA,2021-07-01 02:51:11.034888,"F","7","right","NA","NA",-1.44494855674362,-0.234131046541479,-0.0953640202799477
4135.20000000019,"",70,666104,"ca1evqsb0v","fr","false",1280,800,1280,338,2,60,16.6666666666667,"",NA,"down","touchscreen",997.864999999991,100.224999999977,96.600000000326,6,TRUE,1,7,0,152,0,18,0.15,1,NA,2021-07-01 02:51:11.034888,"F","7","right","NA","NA",-0.922711713647734,-0.224775038141917,-0.111157141225279
1805.89999999985,"",71,669950,"ca1evqsb0v","fr","false",1280,800,1280,338,2,60,16.6666666666667,"",NA,"up","touchscreen",998.405000000028,99.9330000000191,96.9000000000233,6,FALSE,0,7,0,152,-0.125,6,0.05,1,NA,2021-07-01 02:51:11.034888,"F","7","right","NA","NA",-4.6706410297589,-0.919266366328542,-0.219990871484656
858.300000000338,"",72,672846,"ca1evqsb0v","fr","false",1280,800,1280,338,2,60,16.6666666666667,"",NA,"down","touchscreen",998.000999999989,100.168999999994,96.2000000004191,6,TRUE,1,7,6,158,-0.125,18,0.1,1,NA,2021-07-01 02:51:11.034888,"F","7","right","NA","NA",-1.22567850785708,-0.292974053816276,-0.112294684068479
2489.50000000012,"",73,677374,"ca1evqsb0v","fr","false",1280,800,1280,338,2,60,16.6666666666667,"",NA,"up","touchscreen",998.407000000007,100.10500000004,96.9000000000233,6,FALSE,0,7,0,158,-0.1875,18,0.05,1,NA,2021-07-01 02:51:11.034888,"F","7","right","NA","NA",-4.07505617754617,-0.713648383351818,-0.144789090610833
769.600000000093,"",74,680181,"ca1evqsb0v","fr","false",1280,800,1280,338,2,60,16.6666666666667,"",NA,"down","touchscreen",998.745999999985,98.9899999999907,95.8999999998487,6,TRUE,1,7,6,164,0,38,0.15,1,NA,2021-07-01 02:51:11.034888,"F","7","right","NA","NA",-1.96457595185791,-0.311173482769905,-0.15896193264974
1018.49999999971,"",75,683242,"ca1evqsb0v","fr","false",1280,800,1280,338,2,60,16.6666666666667,"",NA,"down","touchscreen",997.572999999975,100.655000000028,97.0999999999767,6,FALSE,0,7,0,164,0.1875,38,0.05,1,NA,2021-07-01 02:51:11.034888,"F","7","right","NA","NA",6.67027795914941,0.74347425139881,0.194783159634452
2782.50000000023,"",76,688053,"ca1evqsb0v","fr","false",1280,800,1280,338,2,60,16.6666666666667,"",NA,"up","touchscreen",999.499000000011,98.7449999999953,97.7999999999884,6,TRUE,1,7,0,164,0.0625,6,0.15,1,NA,2021-07-01 02:51:11.034888,"F","7","right","NA","NA",1.52187831301586,0.605556907010466,0.229546293850518
1879.00000000035,"",77,691960,"ca1evqsb0v","fr","false",1280,800,1280,338,2,60,16.6666666666667,"",NA,"up","touchscreen",1000.32399999996,98.0069999999832,93.5999999996857,6,TRUE,2,7,1,165,0,38,0.1,1,NA,2021-07-01 02:51:11.034888,"F","7","right","NA","NA",0.297287457673604,0.0494872014243918,0.014754543798648
2904.89999999997,"",78,696893,"ca1evqsb0v","fr","false",1280,800,1280,338,2,60,16.6666666666667,"",NA,"down","touchscreen",998.597000000009,99.7290000000503,96.0999999997439,6,TRUE,3,7,1,166,0.1875,6,0.15,1,NA,2021-07-01 02:51:11.034888,"F","7","right","NA","NA",-0.366636263174493,-0.180313402485516,-0.0952006082739937
2941.20000000019,"",79,701876,"ca1evqsb0v","fr","false",1280,800,1280,338,2,60,16.6666666666667,"",NA,"up","touchscreen",999.106000000029,99.2160000000149,94.9000000000233,6,FALSE,0,7,0,166,-0.1875,6,0.1,1,NA,2021-07-01 02:51:11.034888,"F","7","right","NA","NA",-9.4405351632623,-0.978287474195413,-0.36845912663544
4700.50000000041,"",80,708611,"ca1evqsb0v","fr","false",1280,800,1280,338,2,60,16.6666666666667,"",NA,"down","touchscreen",998.626999999979,99.6860000000452,96.0999999997439,6,TRUE,1,7,0,166,-0.0625,38,0.05,1,NA,2021-07-01 02:51:11.034888,"F","7","right","NA","NA",-3.06306584147984,-0.454687206658126,-0.0837919059921229
6642.49999999988,"",81,717293,"ca1evqsb0v","fr","false",1280,800,1280,338,2,60,16.6666666666667,"",NA,"up","touchscreen",998.14300000004,99.8499999999767,96.9000000000233,6,FALSE,0,7,0,166,0.125,6,0.1,1,NA,2021-07-01 02:51:11.034888,"F","7","right","NA","NA",-0.140747797515561,-0.0702002805126534,-0.0174809279930039
3684.49999999988,"",82,723007,"ca1evqsb0v","fr","false",1280,800,1280,338,2,60,16.6666666666667,"",NA,"down","touchscreen",999.53600000008,98.7610000000568,96.1000000002095,6,TRUE,1,7,0,166,-0.1875,38,0.2,1,NA,2021-07-01 02:51:11.034888,"F","7","right","NA","NA",-0.856587548305785,-0.141331565634522,-0.103537976863388
5540.99999999977,"",83,730587,"ca1evqsb0v","fr","false",1280,800,1280,338,2,60,16.6666666666667,"",NA,"down","touchscreen",998.062000000034,99.8180000000866,94.8999999995576,6,TRUE,2,7,0,166,-0.125,18,0.15,1,NA,2021-07-01 02:51:11.034888,"F","7","right","NA","NA",-0.92667318041924,-0.225691006893741,-0.147035615560505
2072.99999999988,"",84,734690,"ca1evqsb0v","fr","false",1280,800,1280,338,2,60,16.6666666666667,"",NA,"up","touchscreen",998.895000000019,99.4010000000708,98,6,TRUE,3,7,0,166,0.1875,38,0.1,1,NA,2021-07-01 02:51:11.034888,"F","7","right","NA","NA",5.2920246667597,0.661474531652822,0.289827349514487
1667.80000000016,"",85,738400,"ca1evqsb0v","fr","false",1280,800,1280,338,2,60,16.6666666666667,"",NA,"up","touchscreen",999.015000000014,99.1779999999562,95.699999999837,6,FALSE,0,7,0,166,-0.1875,66,0.2,1,NA,2021-07-01 02:51:11.034888,"F","7","right","NA","NA",-4.17109184676229,-0.46232019728803,-0.329707065694445
1680.29999999993,"",86,742119,"ca1evqsb0v","fr","false",1280,800,1280,338,2,60,16.6666666666667,"",NA,"down","touchscreen",998.886000000057,99.0649999999441,96.2999999996973,6,FALSE,0,7,0,166,0,66,0.1,1,NA,2021-07-01 02:51:11.034888,"F","7","right","NA","NA",1.0087569894951,0.125103978432704,0.0413212992349291
2929.59999999986,"",87,747077,"ca1evqsb0v","fr","false",1280,800,1280,338,2,60,16.6666666666667,"",NA,"up","touchscreen",998.409000000102,99.8610000000335,99.5999999999767,6,FALSE,0,7,0,166,-0.125,38,0.05,1,NA,2021-07-01 02:51:11.034888,"F","7","right","NA","NA",-5.08335773209946,-0.64641896063052,-0.144444561767327
1661.00000000012,"",88,750775,"ca1evqsb0v","fr","false",1280,800,1280,338,2,60,16.6666666666667,"",NA,"down","touchscreen",998.501000000047,99.8279999999795,95.800000000163,6,FALSE,0,7,0,166,0.125,6,0.2,1,NA,2021-07-01 02:51:11.034888,"F","7","right","NA","NA",0.76834342357954,0.358618262213154,0.136298522993157
1151.79999999958,"",89,753959,"ca1evqsb0v","fr","false",1280,800,1280,338,2,60,16.6666666666667,"",NA,"up","touchscreen",998.505000000005,99.9980000000214,95.8999999997905,6,TRUE,1,7,4,170,0.1875,6,0.1,1,NA,2021-07-01 02:51:11.034888,"F","7","right","NA","NA",2.3843626071477,0.766158000587245,0.295261398549624
1699.39999999991,"",90,757688,"ca1evqsb0v","fr","false",1280,800,1280,338,2,60,16.6666666666667,"",NA,"up","touchscreen",998.426000000094,99.7839999999851,95.8000000000466,6,FALSE,0,7,0,170,0,66,0.15,1,NA,2021-07-01 02:51:11.034888,"F","7","right","NA","NA",-1.78254984459174,-0.217485253810154,-0.123195701863675
1606.49999999988,"",91,761322,"ca1evqsb0v","fr","false",1280,800,1280,338,2,60,16.6666666666667,"",NA,"down","touchscreen",998.238000000012,99.9640000000363,95.0999999999767,6,TRUE,1,7,2,172,-0.0625,66,0.05,1,NA,2021-07-01 02:51:11.034888,"F","7","right","NA","NA",-1.05679596760196,-0.130961778214426,-0.0244204650481752
2817.30000000016,"",92,766176,"ca1evqsb0v","fr","false",1280,800,1280,338,2,60,16.6666666666667,"",NA,"down","touchscreen",998.197999999975,100.038000000059,98.8999999999069,6,TRUE,2,7,2,174,-0.125,38,0.2,1,NA,2021-07-01 02:51:11.034888,"F","7","right","NA","NA",-1.60091118670482,-0.25779963767027,-0.164022460733622
2430.10000000009,"",93,770650,"ca1evqsb0v","fr","false",1280,800,1280,338,2,60,16.6666666666667,"",NA,"down","touchscreen",998.55700000003,99.9250000000466,96.1000000002095,6,TRUE,3,7,2,176,-0.0625,18,0.1,1,NA,2021-07-01 02:51:11.034888,"F","7","right","NA","NA",-1.49788329879479,-0.350688932828788,-0.0894854690491515
2537.90000000026,"",94,775217,"ca1evqsb0v","fr","false",1280,800,1280,338,2,60,16.6666666666667,"",NA,"down","touchscreen",997.920000000042,100.569999999949,97.7999999999302,6,TRUE,4,7,2,178,-0.0625,38,0.15,1,NA,2021-07-01 02:51:11.034888,"F","7","right","NA","NA",-0.450134050896112,-0.0748121028100126,-0.0364073445903577
1110.59999999998,"",95,778367,"ca1evqsb0v","fr","false",1280,800,1280,338,2,60,16.6666666666667,"",NA,"down","touchscreen",998.27899999998,99.9729999999981,95.6000000000931,6,TRUE,5,7,6,184,-0.0625,6,0.1,1,NA,2021-07-01 02:51:11.034888,"F","7","right","NA","NA",-1.16713615969242,-0.504022291190171,-0.129651125178562
3425.60000000009,"",96,783828,"ca1evqsb0v","fr","false",1280,800,1280,338,2,60,16.6666666666667,"",NA,"up","touchscreen",998.400000000023,100.03899999999,96,6,TRUE,6,7,6,190,0,6,0.05,1,NA,2021-07-01 02:51:11.034888,"F","7","right","NA","NA",0.288150235350366,0.142602672119904,0.0296703050763953
1360.70000000019,"",97,787221,"ca1evqsb0v","fr","false",1280,800,1280,338,2,60,16.6666666666667,"",NA,"up","touchscreen",998.925000000047,99.576999999932,96.5000000001164,6,TRUE,7,7,9,199,0.0625,18,0.15,1,NA,2021-07-01 02:51:11.034888,"F","7","right","NA","NA",0.919882005325384,0.224120388943464,0.100597878239
1577.59999999963,"",98,790835,"ca1evqsb0v","fr","false",1280,800,1280,338,2,60,16.6666666666667,"",NA,"up","touchscreen",997.741999999969,100.660000000033,96.3999999999069,6,FALSE,0,7,0,199,0,66,0.05,1,NA,2021-07-01 02:51:11.034888,"F","7","right","NA","NA",-0.396896057863039,-0.0495510634246235,-0.00752821883389946
1521.89999999979,"",99,794390,"ca1evqsb0v","fr","false",1280,800,1280,338,2,60,16.6666666666667,"",NA,"down","touchscreen",998.313000000082,99.814000000013,96.7999999998137,6,FALSE,0,7,0,199,0,6,0.15,1,NA,2021-07-01 02:51:11.034888,"F","7","right","NA","NA",0.0870183695269162,0.0434680606289543,0.00986804013189251
451.099999999744,"",100,796879,"ca1evqsb0v","fr","false",1280,800,1280,338,2,60,16.6666666666667,"",NA,"down","touchscreen",998.190999999992,100.196999999927,97.2999999998137,6,TRUE,1,7,8,207,-0.1875,38,0.15,1,NA,2021-07-01 02:51:11.034888,"F","7","right","NA","NA",-2.0681609614358,-0.325877380321899,-0.191593241080694
828.70000000007,"",101,799738,"ca1evqsb0v","fr","false",1280,800,1280,338,2,60,16.6666666666667,"",NA,"down","touchscreen",998.229999999981,100.082000000053,96.5999999998603,6,TRUE,2,7,14,221,-0.125,66,0.2,1,NA,2021-07-01 02:51:11.034888,"F","7","right","NA","NA",-2.2136637026497,-0.266686520771568,-0.172221963073635
113.199999999721,"",102,801884,"ca1evqsb0v","fr","false",1280,800,1280,338,2,60,16.6666666666667,"",NA,"down","touchscreen",998.494999999995,99.9179999999469,98,6,FALSE,0,7,0,221,0.1875,38,0.15,1,NA,2021-07-01 02:51:11.034888,"F","7","right","NA","NA",2.66102448259345,0.40542051771729,0.253208372972127
178.300000000047,"",103,804096,"ca1evqsb0v","fr","false",1280,800,1280,338,2,60,16.6666666666667,"",NA,"up","touchscreen",998.216000000015,99.7909999999683,96.7000000000698,6,FALSE,0,7,0,221,-0.0625,38,0.2,1,NA,2021-07-01 02:51:11.034888,"F","7","right","NA","NA",-2.13681666619507,-0.335495150531269,-0.208068066274605
2705.70000000042,"",104,808837,"ca1evqsb0v","fr","false",1280,800,1280,338,2,60,16.6666666666667,"",NA,"up","touchscreen",998.042000000016,99.8420000000624,98.7000000000698,6,TRUE,1,7,0,221,0.125,18,0.05,1,NA,2021-07-01 02:51:11.034888,"F","7","right","NA","NA",4.89422455847272,0.774295678380254,0.16741201777372
3601.60000000044,"",105,814478,"ca1evqsb0v","fr","false",1280,800,1280,338,2,60,16.6666666666667,"",NA,"down","touchscreen",998.682999999961,99.6909999999916,95.5000000003492,6,TRUE,2,7,0,221,-0.125,66,0.1,1,NA,2021-07-01 02:51:11.034888,"F","7","right","NA","NA",-2.28947740710769,-0.275139206150291,-0.098604112485733
2894.29999999993,"",106,819412,"ca1evqsb0v","fr","false",1280,800,1280,338,2,60,16.6666666666667,"",NA,"down","touchscreen",999.245999999926,98.9740000000456,95.2000000001863,6,TRUE,3,7,0,221,-0.0625,66,0.15,1,NA,2021-07-01 02:51:11.034888,"F","7","right","NA","NA",-1.69053202236828,-0.206750724844731,-0.097680856314725
1171.10000000009,"",107,822614,"ca1evqsb0v","fr","false",1280,800,1280,338,2,60,16.6666666666667,"",NA,"up","touchscreen",997.912999999942,100.444000000018,95.6999999999534,6,TRUE,4,7,4,225,0.1875,6,0.05,1,NA,2021-07-01 02:51:11.034888,"F","7","right","NA","NA",5.4086196705581,0.93792894427653,0.262849021768293
3484.60000000021,"",108,828142,"ca1evqsb0v","fr","false",1280,800,1280,338,2,60,16.6666666666667,"",NA,"down","touchscreen",998.369000000064,99.2569999999832,95.6000000000931,6,FALSE,0,7,0,225,0.1875,66,0.15,1,NA,2021-07-01 02:51:11.034888,"F","7","right","NA","NA",3.36204247106954,0.387432550690137,0.20859168586763
2023.29999999993,"",109,832205,"ca1evqsb0v","fr","false",1280,800,1280,338,2,60,16.6666666666667,"",NA,"up","touchscreen",997.116000000038,101.246999999974,98.3999999999069,6,TRUE,1,7,0,225,-0.1875,6,0.15,1,NA,2021-07-01 02:51:11.034888,"F","7","right","NA","NA",0.0326755028469437,0.0163355714062474,0.00559494806230638
966.300000000047,"",110,835207,"ca1evqsb0v","fr","false",1280,800,1280,338,2,60,16.6666666666667,"",NA,"up","touchscreen",998.381999999983,99.862000000081,95.7000000003027,6,FALSE,0,7,0,225,-0.125,66,0.05,1,NA,2021-07-01 02:51:11.034888,"F","7","right","NA","NA",-8.40486985180541,-0.724337514117878,-0.166023716174283
997.60000000021,"",111,838238,"ca1evqsb0v","fr","false",1280,800,1280,338,2,60,16.6666666666667,"",NA,"down","touchscreen",998.876000000047,99.7239999999292,96.1000000002095,6,TRUE,1,7,5,230,0.125,18,0.2,1,NA,2021-07-01 02:51:11.034888,"F","7","right","NA","NA",-0.0230233668322069,-0.00575574636572658,-0.00401887581380206
1184.40000000014,"",112,841452,"ca1evqsb0v","fr","false",1280,800,1280,338,2,60,16.6666666666667,"",NA,"up","touchscreen",998.577000000048,99.8019999999087,95.6000000000931,6,TRUE,2,7,9,239,-0.125,6,0.15,1,NA,2021-07-01 02:51:11.034888,"F","7","right","NA","NA",1.03242901822412,0.458702895432047,0.15178028449984
1439.19999999984,"",113,844920,"ca1evqsb0v","fr","false",1280,800,1280,338,2,60,16.6666666666667,"",NA,"up","touchscreen",998.123000000021,99.9449999999488,97.4000000001397,6,FALSE,0,7,0,239,-0.1875,66,0.15,1,NA,2021-07-01 02:51:11.034888,"F","7","right","NA","NA",-3.42153745486665,-0.393236220754154,-0.219453744663803
6478.60000000037,"",2,82009,"dzrzgyhm1l","fr","false",1280,800,1280,632,2,60,16.6666666666667,"",NA,"up","touchscreen",998.694999999992,99.7669999999925,94.1000000002532,6,TRUE,1,1,0,0,0.125,18,0.15,1,NA,2021-07-01 07:59:52.691516,"F","122014","right","NA","NA",4.06048298913852,0.71239260301396,0.367071587808982
4426.60000000069,"",3,88477,"dzrzgyhm1l","fr","false",1280,800,1280,632,2,60,16.6666666666667,"",NA,"down","touchscreen",998.53300000001,99.8910000000033,95.9999999995489,6,TRUE,2,2,0,0,0,66,0.2,1,NA,2021-07-01 07:59:52.691516,"F","122014","right","NA","NA",-0.540101456996468,-0.0673593459730251,-0.0426389392087389
5159.20000000006,"",4,95668,"dzrzgyhm1l","fr","false",1280,800,1280,632,2,60,16.6666666666667,"",NA,"up","touchscreen",998.550000000003,99.8610000000044,97.4999999998545,6,TRUE,3,3,0,0,0.0625,18,0.15,1,NA,2021-07-01 07:59:52.691516,"F","122014","right","NA","NA",0.461531632348348,0.11462243422382,0.0630480863819617
11373.4000000004,"",5,109073,"dzrzgyhm1l","fr","false",1280,800,1280,632,2,60,16.6666666666667,"",NA,"down","touchscreen",998.532000000007,99.8629999999976,95.9000000002561,6,FALSE,0,3,0,0,0.0625,6,0.05,1,NA,2021-07-01 07:59:52.691516,"F","122014","right","NA","NA",1.19039571969511,0.511458330204279,0.0567506392035451
14381.6000000006,"",6,125495,"dzrzgyhm1l","fr","false",1280,800,1280,632,2,60,16.6666666666667,"",NA,"up","touchscreen",998.488000000012,99.9020000000019,95.1000000004569,6,TRUE,1,3,0,0,0.125,38,0.05,1,NA,2021-07-01 07:59:52.691516,"F","122014","right","NA","NA",4.29769336035084,0.582312438782789,0.133795053967604
2812.09999999919,"",7,130336,"dzrzgyhm1l","fr","false",1280,800,1280,632,2,60,16.6666666666667,"",NA,"down","touchscreen",998.572,99.8429999999935,95.6999999998516,6,TRUE,2,3,0,0,0,66,0.05,1,NA,2021-07-01 07:59:52.691516,"F","122014","right","NA","NA",-2.03043220824859,-0.246004307269515,-0.0433882800509316
2879.10000000009,"",8,135246,"dzrzgyhm1l","fr","false",1280,800,1280,632,2,60,16.6666666666667,"",NA,"up","touchscreen",998.53300000001,99.8600000000151,95.6000000005588,6,TRUE,3,3,0,0,0.1875,6,0.2,1,NA,2021-07-01 07:59:52.691516,"F","122014","right","NA","NA",0.0284302041120305,0.0142136660570123,0.00822743133608442
6193.6000000005,"",9,143470,"dzrzgyhm1l","fr","false",1280,800,1280,632,2,60,16.6666666666667,"",NA,"up","touchscreen",998.55799999999,99.8410000000149,95.6000000005588,6,FALSE,0,3,0,0,-0.1875,66,0.15,1,NA,2021-07-01 07:59:52.691516,"F","122014","right","NA","NA",-3.04731596753099,-0.35596441065613,-0.191776430620638
3797.59999999986,"",10,149304,"dzrzgyhm1l","fr","false",1280,800,1280,632,2,60,16.6666666666667,"",NA,"down","touchscreen",998.511999999988,99.8569999999891,96.4999999996508,6,TRUE,1,3,0,0,-0.0625,6,0.2,1,NA,2021-07-01 07:59:52.691516,"F","122014","right","NA","NA",-1.65038486444647,-0.636471264825422,-0.171844539731717
7097.70000000024,"",11,158439,"dzrzgyhm1l","fr","false",1280,800,1280,632,2,60,16.6666666666667,"",NA,"up","touchscreen",998.597999999998,99.7890000000189,94.1000000002387,6,FALSE,0,3,0,0,-0.125,66,0.05,1,NA,2021-07-01 07:59:52.691516,"F","122014","right","NA","NA",-4.66725043936157,-0.503918051831167,-0.116656766573858
12462.2,"",12,172940,"dzrzgyhm1l","fr","false",1280,800,1280,632,2,60,16.6666666666667,"",NA,"down","touchscreen",998.84699999998,99.551999999996,95.1999999997788,6,FALSE,0,3,0,0,0.1875,38,0.05,1,NA,2021-07-01 07:59:52.691516,"F","122014","right","NA","NA",5.39483931536129,0.668611290695224,0.160214914014746
2141.60000000085,"",13,177115,"dzrzgyhm1l","fr","false",1280,800,1280,632,2,60,16.6666666666667,"",NA,"up","touchscreen",998.790999999997,99.6289999999863,95.2999999990279,6,TRUE,1,3,0,0,-0.0625,38,0.2,1,NA,2021-07-01 07:59:52.691516,"F","122014","right","NA","NA",0.299307766538866,0.0498226750068561,0.031856894873326
4463.49999999983,"",14,183617,"dzrzgyhm1l","fr","false",1280,800,1280,632,2,60,16.6666666666667,"",NA,"down","touchscreen",998.611999999994,99.7639999999956,96.6999999982072,6,TRUE,2,3,0,0,-0.1875,38,0.15,1,NA,2021-07-01 07:59:52.691516,"F","122014","right","NA","NA",-0.612571316074081,-0.101567251824219,-0.0443125317127111
3179.69999999876,"",15,188820,"dzrzgyhm1l","fr","false",1280,800,1280,632,2,60,16.6666666666667,"",NA,"down","touchscreen",998.548999999999,99.8190000000177,95.9999999995634,6,FALSE,0,3,0,0,-0.125,6,0.1,1,NA,2021-07-01 07:59:52.691516,"F","122014","right","NA","NA",1.21373607157639,0.518806460289869,0.148441136026823
3664.60000000009,"",16,194517,"dzrzgyhm1l","fr","false",1280,800,1280,632,2,60,16.6666666666667,"",NA,"up","touchscreen",998.503999999986,99.8769999999786,93.8999999998487,6,FALSE,0,3,0,0,-0.1875,38,0.1,1,NA,2021-07-01 07:59:52.691516,"F","122014","right","NA","NA",-2.57175016541233,-0.393960918011498,-0.13723396738422
6474.59999999957,"",17,203032,"dzrzgyhm1l","fr","false",1280,800,1280,632,2,60,16.6666666666667,"",NA,"down","touchscreen",998.520000000019,99.8260000000009,96.8999999986263,6,FALSE,0,3,0,0,0.125,6,0.15,1,NA,2021-07-01 07:59:52.691516,"F","122014","right","NA","NA",0.366881751183462,0.180430205449193,0.0433147210175328
2799.69999999958,"",18,207863,"dzrzgyhm1l","fr","false",1280,800,1280,632,2,60,16.6666666666667,"",NA,"up","touchscreen",998.100999999995,100.169999999984,96.7000000000698,6,FALSE,0,3,0,0,-0.1875,6,0.15,1,NA,2021-07-01 07:59:52.691516,"F","122014","right","NA","NA",-0.759315044685752,-0.354937965888701,-0.25812643971396
4453.19999999995,"",19,214359,"dzrzgyhm1l","fr","false",1280,800,1280,632,2,60,16.6666666666667,"",NA,"down","touchscreen",998.572000000015,99.8580000000075,95.8999999984517,6,FALSE,0,3,0,0,0.1875,66,0.05,1,NA,2021-07-01 07:59:52.691516,"F","122014","right","NA","NA",8.66995115725435,0.734931521871418,0.188390428231601
1826.49999999921,"",20,218226,"dzrzgyhm1l","fr","false",1280,800,1280,632,2,60,16.6666666666667,"",NA,"up","touchscreen",999.187999999995,99.1820000000007,94.0999999984342,6,TRUE,1,3,1,1,0,6,0.2,1,NA,2021-07-01 07:59:52.691516,"F","122014","right","NA","NA",1.02073046981675,0.454584230612189,0.16517651419328
1827.09999999858,"",21,222083,"dzrzgyhm1l","fr","false",1280,800,1280,632,2,60,16.6666666666667,"",NA,"up","touchscreen",998.060999999987,100.376999999979,98.2999999996391,6,TRUE,2,3,2,3,0.0625,38,0.05,1,NA,2021-07-01 07:59:52.691516,"F","122014","right","NA","NA",2.83754595211529,0.427525210419238,0.0681242386814711
1596.50000000146,"",22,225716,"dzrzgyhm1l","fr","false",1280,800,1280,632,2,60,16.6666666666667,"",NA,"up","touchscreen",998.570000000007,99.8679999999877,95.6999999998661,6,FALSE,0,3,0,3,0,6,0.15,1,NA,2021-07-01 07:59:52.691516,"F","122014","right","NA","NA",-1.26092682586269,-0.533318254004966,-0.295466642321664
2182.39999999967,"",23,229930,"dzrzgyhm1l","fr","false",1280,800,1280,632,2,60,16.6666666666667,"",NA,"down","touchscreen",998.418000000005,99.9139999999898,96.1999999999534,6,TRUE,1,3,0,3,-0.125,6,0.05,1,NA,2021-07-01 07:59:52.691516,"F","122014","right","NA","NA",-12.4984021484534,-0.987437480683376,-0.129104939867288
4141.20000000001,"",24,236116,"dzrzgyhm1l","fr","false",1280,800,1280,632,2,60,16.6666666666667,"",NA,"up","touchscreen",998.513000000006,99.8940000000002,96.7000000000407,6,FALSE,0,3,0,3,-0.0625,18,0.1,1,NA,2021-07-01 07:59:52.691516,"F","122014","right","NA","NA",-1.36348888308514,-0.322642662821079,-0.110932473113206
1378.49999999889,"",25,239532,"dzrzgyhm1l","fr","false",1280,800,1280,632,2,60,16.6666666666667,"",NA,"down","touchscreen",998.729999999981,99.6849999999977,94.2999999988533,6,FALSE,0,3,0,3,0.1875,18,0.1,1,NA,2021-07-01 07:59:52.691516,"F","122014","right","NA","NA",2.30129940261906,0.498682720902114,0.23256053428971
6391.79999999944,"",26,247954,"dzrzgyhm1l","fr","false",1280,800,1280,632,2,60,16.6666666666667,"",NA,"up","touchscreen",998.590999999986,99.8859999999986,95.299999999057,6,TRUE,1,3,0,3,0,18,0.15,1,NA,2021-07-01 07:59:52.691516,"F","122014","right","NA","NA",2.01381766605669,0.449680251646904,0.242350323274869
4927.70000000019,"",27,254910,"dzrzgyhm1l","fr","false",1280,800,1280,632,2,60,16.6666666666667,"",NA,"up","touchscreen",998.531000000017,99.8589999999967,98.7999999997555,6,TRUE,2,3,0,3,0.125,66,0.2,1,NA,2021-07-01 07:59:52.691516,"F","122014","right","NA","NA",3.32058303438566,0.383360764069493,0.281304545043741
2497.19999999981,"",28,259435,"dzrzgyhm1l","fr","false",1280,800,1280,632,2,60,16.6666666666667,"",NA,"up","touchscreen",998.523999999976,99.8899999999849,97.0999999990454,6,FALSE,0,3,0,3,0.0625,66,0.15,1,NA,2021-07-01 07:59:52.691516,"F","122014","right","NA","NA",-0.932415510135768,-0.115768272566188,-0.0585518680458979
4230.50000000151,"",29,265698,"dzrzgyhm1l","fr","false",1280,800,1280,632,2,60,16.6666666666667,"",NA,"down","touchscreen",998.725999999995,99.8830000000016,96.200000001787,6,FALSE,0,3,0,3,0.125,6,0.05,1,NA,2021-07-01 07:59:52.691516,"F","122014","right","NA","NA",2.65365095421618,0.798587692804739,0.151962443895012
8484.50000000047,"",30,276225,"dzrzgyhm1l","fr","false",1280,800,1280,632,2,60,16.6666666666667,"",NA,"up","touchscreen",998.491000000038,99.9029999999912,96.0000000013388,6,TRUE,1,3,0,3,0.125,66,0.1,1,NA,2021-07-01 07:59:52.691516,"F","122014","right","NA","NA",2.5071705155786,0.299054095479867,0.103464419096492
6558.90000000002,"",31,284823,"dzrzgyhm1l","fr","false",1280,800,1280,632,2,60,16.6666666666667,"",NA,"up","touchscreen",999.06799999997,99.3529999999446,92.5999999999767,6,TRUE,2,3,0,3,0.125,6,0.1,1,NA,2021-07-01 07:59:52.691516,"F","122014","right","NA","NA",1.61909690699692,0.629209799817241,0.216777921386942
5522.5999999984,"",32,292387,"dzrzgyhm1l","fr","false",1280,800,1280,632,2,60,16.6666666666667,"",NA,"up","touchscreen",998.886999999988,99.4720000000088,96.1999999999534,6,TRUE,3,3,0,3,0.125,18,0.1,1,NA,2021-07-01 07:59:52.691516,"F","122014","right","NA","NA",1.02725551814157,0.248742152568675,0.0909815039210129
22752.0999999997,"",33,317173,"dzrzgyhm1l","fr","false",1280,800,1280,632,2,60,16.6666666666667,"",NA,"down","touchscreen",998.576000000001,99.8099999999977,95.9999999995343,6,TRUE,4,4,0,3,-0.0625,66,0.05,1,NA,2021-07-01 07:59:52.691516,"F","122014","right","NA","NA",-2.15223590234912,-0.259792235277859,-0.0425933597510383
4211.40000000014,"",34,323413,"dzrzgyhm1l","fr","false",1280,800,1280,632,2,60,16.6666666666667,"",NA,"up","touchscreen",998.499000000011,99.9000000000233,97.2000000001281,6,TRUE,5,5,0,3,0.0625,6,0.15,1,NA,2021-07-01 07:59:52.691516,"F","122014","right","NA","NA",0.986270824480933,0.442281465955506,0.171806195773182
7047.19999999908,"",35,332491,"dzrzgyhm1l","fr","false",1280,800,1280,632,2,60,16.6666666666667,"",NA,"up","touchscreen",998.744999999995,99.6589999999851,96.7999999993481,6,TRUE,6,6,0,3,0.0625,6,0.2,1,NA,2021-07-01 07:59:52.691516,"F","122014","right","NA","NA",0.258881147224104,0.12836963309304,0.0600659190122669
15033.4000000003,"",36,349564,"dzrzgyhm1l","fr","false",1280,800,1280,632,2,60,16.6666666666667,"",NA,"down","touchscreen",999.216000000015,99.1710000000312,96.7999999993481,6,FALSE,0,6,0,3,0.0625,18,0.2,1,NA,2021-07-01 07:59:52.691516,"F","122014","right","NA","NA",0.533037191496074,0.132091614881032,0.106672616043249
5084.39999999973,"",37,356691,"dzrzgyhm1l","fr","false",1280,800,1280,632,2,60,16.6666666666667,"",NA,"up","touchscreen",998.533999999985,99.859999999986,96.4000000003143,6,TRUE,1,6,0,3,-0.1875,6,0.2,1,NA,2021-07-01 07:59:52.691516,"F","122014","right","NA","NA",0.632111229584339,0.301362115544926,0.174781440931335
2702.19999999972,"",38,361432,"dzrzgyhm1l","fr","false",1280,800,1280,632,2,60,16.6666666666667,"",NA,"up","touchscreen",998.69399999996,99.6820000000298,96.5000000014552,6,FALSE,0,6,0,3,-0.125,18,0.1,1,NA,2021-07-01 07:59:52.691516,"F","122014","right","NA","NA",-2.8280340656827,-0.577296776909355,-0.210248571381042
1802.10000000079,"",39,365275,"dzrzgyhm1l","fr","false",1280,800,1280,632,2,60,16.6666666666667,"",NA,"down","touchscreen",998.83600000001,99.5189999999711,98.2999999996391,6,TRUE,1,6,1,4,-0.1875,18,0.05,1,NA,2021-07-01 07:59:52.691516,"F","122014","right","NA","NA",-4.66190259287521,-0.758928032822937,-0.176461420347835
7477.30000000045,"",40,374779,"dzrzgyhm1l","fr","false",1280,800,1280,632,2,60,16.6666666666667,"",NA,"up","touchscreen",998.649999999965,99.7820000000065,95.9999999995343,6,FALSE,0,6,0,4,-0.1875,38,0.05,1,NA,2021-07-01 07:59:52.691516,"F","122014","right","NA","NA",-7.879319198493,-0.795591873615259,-0.194138588555109
5640.60000000062,"",41,382458,"dzrzgyhm1l","fr","false",1280,800,1280,632,2,60,16.6666666666667,"",NA,"down","touchscreen",998.260999999999,100.024000000034,96.7999999993481,6,FALSE,0,6,0,4,0.1875,38,0.2,1,NA,2021-07-01 07:59:52.691516,"F","122014","right","NA","NA",3.94948460730216,0.549822093940073,0.391095823736732
9145.70000000088,"",42,393642,"dzrzgyhm1l","fr","false",1280,800,1280,632,2,60,16.6666666666667,"",NA,"down","touchscreen",998.525000000023,99.8680000000168,94.9000000000233,6,FALSE,0,6,0,4,0.1875,18,0.05,1,NA,2021-07-01 07:59:52.691516,"F","122014","right","NA","NA",3.68870433381389,0.677922456594026,0.156976310318932
119.000000000582,"",43,395795,"dzrzgyhm1l","fr","false",1280,800,1280,632,2,60,16.6666666666667,"",NA,"up","touchscreen",999.489000000001,98.9650000000256,99.0999999994528,6,TRUE,1,6,9,13,0.125,38,0.2,1,NA,2021-07-01 07:59:52.691516,"F","122014","right","NA","NA",0.323954769917382,0.0539139342708145,0.0400045698557462
9735.80000000034,"",44,407560,"dzrzgyhm1l","fr","false",1280,800,1280,632,2,60,16.6666666666667,"",NA,"up","touchscreen",998.738000000012,99.6630000000005,95.2999999989988,6,TRUE,2,6,9,22,0.0625,38,0.15,1,NA,2021-07-01 07:59:52.691516,"F","122014","right","NA","NA",0.444929431100851,0.0739518551656488,0.0317893006967236
12140.1000000005,"",45,421729,"dzrzgyhm1l","fr","false",1280,800,1280,632,2,60,16.6666666666667,"",NA,"down","touchscreen",998.667000000016,99.8410000000149,98.7000000004773,6,TRUE,3,6,9,31,-0.0625,6,0.1,1,NA,2021-07-01 07:59:52.691516,"F","122014","right","NA","NA",-1.79709307113796,-0.668367204790084,-0.23010620179327
8177.10000000079,"",46,431949,"dzrzgyhm1l","fr","false",1280,800,1280,632,2,60,16.6666666666667,"",NA,"down","touchscreen",998.597000000009,99.8470000000088,94.8000000007451,6,TRUE,4,6,9,40,-0.125,66,0.15,1,NA,2021-07-01 07:59:52.691516,"F","122014","right","NA","NA",-1.83358696318658,-0.223405516730484,-0.115141062438661
10016.5000000015,"",47,444005,"dzrzgyhm1l","fr","false",1280,800,1280,632,2,60,16.6666666666667,"",NA,"down","touchscreen",998.597999999998,99.8270000000484,98.5999999993946,6,FALSE,0,6,0,40,0.1875,18,0.15,1,NA,2021-07-01 07:59:52.691516,"F","122014","right","NA","NA",3.34315044942706,0.641295099552742,0.356735002596156
7137.30000000034,"",48,453176,"dzrzgyhm1l","fr","false",1280,800,1280,632,2,60,16.6666666666667,"",NA,"up","touchscreen",998.56899999996,99.8530000000028,96.2000000017579,6,FALSE,0,6,0,40,0.125,6,0.2,1,NA,2021-07-01 07:59:52.691516,"F","122014","right","NA","NA",-1.30267089665853,-0.54577476435299,-0.26051106612417
6677.70000000019,"",49,461887,"dzrzgyhm1l","fr","false",1280,800,1280,632,2,60,16.6666666666667,"",NA,"up","touchscreen",998.544999999984,99.8649999999907,98.2999999996391,6,FALSE,0,6,0,40,0.0625,6,0.1,1,NA,2021-07-01 07:59:52.691516,"F","122014","right","NA","NA",-0.521489711976772,-0.252308909940603,-0.0930625463844754
5902.90000000095,"",50,469813,"dzrzgyhm1l","fr","false",1280,800,1280,632,2,60,16.6666666666667,"",NA,"down","touchscreen",998.760000000009,99.7220000000088,98.1000000010245,6,TRUE,1,6,0,40,-0.125,6,0.15,1,NA,2021-07-01 07:59:52.691516,"F","122014","right","NA","NA",-1.98334602438428,-0.704144283524754,-0.285146277858253
12971.6000000007,"",51,484822,"dzrzgyhm1l","fr","false",1280,800,1280,632,2,60,16.6666666666667,"",NA,"down","touchscreen",998.585000000021,99.8479999999981,98.5000000000582,6,FALSE,0,6,0,40,0.0625,18,0.05,1,NA,2021-07-01 07:59:52.691516,"F","122014","right","NA","NA",2.81115443431778,0.574992566943078,0.0909243076298666
16954.9999999999,"",52,503822,"dzrzgyhm1l","fr","false",1280,800,1280,632,2,60,16.6666666666667,"",NA,"up","touchscreen",998.864000000001,99.4929999999586,95.0000000011642,6,FALSE,0,6,0,40,-0.125,38,0.15,1,NA,2021-07-01 07:59:52.691516,"F","122014","right","NA","NA",-1.16953489603108,-0.191321752654699,-0.116558142820067
7045.00000000006,"",53,512902,"dzrzgyhm1l","fr","false",1280,800,1280,632,2,60,16.6666666666667,"",NA,"down","touchscreen",998.603999999992,99.7800000000279,95.4999999994761,6,FALSE,0,6,0,40,0.125,38,0.15,1,NA,2021-07-01 07:59:52.691516,"F","122014","right","NA","NA",1.96483713027797,0.311210844990152,0.145985143879446
7023.40000000002,"",54,521968,"dzrzgyhm1l","fr","false",1280,800,1280,632,2,60,16.6666666666667,"",NA,"up","touchscreen",998.591999999946,99.8069999999716,95.1999999997206,6,TRUE,1,6,0,40,-0.0625,18,0.15,1,NA,2021-07-01 07:59:52.691516,"F","122014","right","NA","NA",1.22571101220124,0.292981156421493,0.106447974086055
2963.20000000019,"",55,526962,"dzrzgyhm1l","fr","false",1280,800,1280,632,2,60,16.6666666666667,"",NA,"down","touchscreen",998.559000000008,99.8360000000102,96.3999999985681,6,FALSE,0,6,0,40,-0.125,18,0.15,1,NA,2021-07-01 07:59:52.691516,"F","122014","right","NA","NA",1.87902968299642,0.425181296491016,0.102632301197884
3780.79999999865,"",56,532771,"dzrzgyhm1l","fr","false",1280,800,1280,632,2,60,16.6666666666667,"",NA,"up","touchscreen",998.709999999963,99.716999999946,95.3000000008615,6,TRUE,1,6,0,40,0.0625,66,0.1,1,NA,2021-07-01 07:59:52.691516,"F","122014","right","NA","NA",3.09144283724931,0.360453428560881,0.142828487595723
3053.09999999916,"",57,537868,"dzrzgyhm1l","fr","false",1280,800,1280,632,2,60,16.6666666666667,"",NA,"up","touchscreen",998.687000000034,99.6759999999776,95.5999999986961,6,FALSE,0,6,0,40,-0.1875,66,0.2,1,NA,2021-07-01 07:59:52.691516,"F","122014","right","NA","NA",-0.382358689708677,-0.0477403395824442,-0.033658653068766
5665.10000000009,"",58,545574,"dzrzgyhm1l","fr","false",1280,800,1280,632,2,60,16.6666666666667,"",NA,"down","touchscreen",998.905000000028,99.5449999999255,94.8000000007451,6,TRUE,1,6,0,40,-0.125,38,0.1,1,NA,2021-07-01 07:59:52.691516,"F","122014","right","NA","NA",-3.03931652835949,-0.451883930908548,-0.150823395529487
6916.4999999993,"",59,554530,"dzrzgyhm1l","fr","false",1280,800,1280,632,2,60,16.6666666666667,"",NA,"down","touchscreen",998.544999999925,99.8619999999646,95.7999999991152,6,TRUE,2,6,0,40,-0.1875,6,0.1,1,NA,2021-07-01 07:59:52.691516,"F","122014","right","NA","NA",-2.66960300518871,-0.800316789604291,-0.304210657942367
3037.29999999993,"",60,559605,"dzrzgyhm1l","fr","false",1280,800,1280,632,2,60,16.6666666666667,"",NA,"down","touchscreen",998.550000000047,99.85699999996,97.0000000015134,6,TRUE,3,6,0,40,-0.1875,18,0.15,1,NA,2021-07-01 07:59:52.691516,"F","122014","right","NA","NA",-1.61801208339803,-0.374986538980494,-0.244369075911643
8679.40000000084,"",61,570324,"dzrzgyhm1l","fr","false",1280,800,1280,632,2,60,16.6666666666667,"",NA,"down","touchscreen",998.576000000001,99.875,96.9000000003725,6,FALSE,0,6,0,40,0.1875,18,0.2,1,NA,2021-07-01 07:59:52.691516,"F","122014","right","NA","NA",0.785269463716903,0.1926402343516,0.162870652046159
8694.99999999965,"",62,581059,"dzrzgyhm1l","fr","false",1280,800,1280,632,2,60,16.6666666666667,"",NA,"up","touchscreen",998.85400000005,99.5410000000848,96.1999999999534,6,TRUE,1,6,0,40,0.0625,66,0.2,1,NA,2021-07-01 07:59:52.691516,"F","122014","right","NA","NA",0.279105923649607,0.0348670270229355,0.0243017762996712
7003.89999999979,"",63,590101,"dzrzgyhm1l","fr","false",1280,800,1280,632,2,60,16.6666666666667,"",NA,"up","touchscreen",998.579000000027,99.8810000000522,96.2999999993481,6,TRUE,2,6,0,40,0.1875,38,0.15,1,NA,2021-07-01 07:59:52.691516,"F","122014","right","NA","NA",2.26546709526703,0.353236883141371,0.188688425373401
7956.00000000012,"",64,600090,"dzrzgyhm1l","fr","false",1280,800,1280,632,2,60,16.6666666666667,"",NA,"down","touchscreen",998.5070000001,99.877000000095,94.899999998277,6,FALSE,0,6,0,40,0,38,0.15,1,NA,2021-07-01 07:59:52.691516,"F","122014","right","NA","NA",1.22219025577971,0.199599469604505,0.102879633721435
18736.9000000017,"",65,620859,"dzrzgyhm1l","fr","false",1280,800,1280,632,2,60,16.6666666666667,"",NA,"up","touchscreen",998.53899999999,99.8780000000261,96.6999999999534,6,TRUE,1,6,0,40,0.0625,18,0.1,1,NA,2021-07-01 07:59:52.691516,"F","122014","right","NA","NA",1.85535059250978,0.420776889447553,0.140947148070036
8569.40000000037,"",66,631461,"dzrzgyhm1l","fr","false",1280,800,1280,632,2,60,16.6666666666667,"",NA,"up","touchscreen",998.594000000041,99.7949999999255,95.8000000009779,6,FALSE,0,6,0,40,-0.125,18,0.2,1,NA,2021-07-01 07:59:52.691516,"F","122014","right","NA","NA",-0.0724926653214003,-0.0181201907939551,-0.00637806236625851
4941.60000000009,"",67,638435,"dzrzgyhm1l","fr","false",1280,800,1280,632,2,60,16.6666666666667,"",NA,"down","touchscreen",998.579999999958,99.8260000000009,95.6000000005588,6,TRUE,1,6,0,40,-0.0625,66,0.2,1,NA,2021-07-01 07:59:52.691516,"F","122014","right","NA","NA",-1.59432562368694,-0.195447226348415,-0.116511053354246
4888.99999999919,"",68,645352,"dzrzgyhm1l","fr","false",1280,800,1280,632,2,60,16.6666666666667,"",NA,"up","touchscreen",998.494999999995,99.8000000000466,99.5999999996275,6,FALSE,0,6,0,40,-0.125,38,0.05,1,NA,2021-07-01 07:59:52.691516,"F","122014","right","NA","NA",-4.01769967949135,-0.556396000561296,-0.100807447348442
9711.69999999984,"",69,657102,"dzrzgyhm1l","fr","false",1280,800,1280,632,2,60,16.6666666666667,"",NA,"up","touchscreen",998.437999999966,100.028000000049,95.8000000009779,6,FALSE,0,6,0,40,0,38,0.1,1,NA,2021-07-01 07:59:52.691516,"F","122014","right","NA","NA",-0.0390712316378838,-0.0065117338777789,-0.00210241129055113
4569.30000000098,"",70,663711,"dzrzgyhm1l","fr","false",1280,800,1280,632,2,60,16.6666666666667,"",NA,"down","touchscreen",998.56500000006,99.8120000000345,96.4000000003725,6,TRUE,1,6,0,40,-0.0625,18,0.2,1,NA,2021-07-01 07:59:52.691516,"F","122014","right","NA","NA",-0.688226894004542,-0.169565166165394,-0.119903978687385
4226.59999999998,"",71,669975,"dzrzgyhm1l","fr","false",1280,800,1280,632,2,60,16.6666666666667,"",NA,"up","touchscreen",998.491999999969,99.8330000001006,94.9000000000233,6,FALSE,0,6,0,40,0,18,0.1,1,NA,2021-07-01 07:59:52.691516,"F","122014","right","NA","NA",-0.032438044154149,-0.00810924439406055,-0.00243435243424439
8737.09999999846,"",72,680744,"dzrzgyhm1l","fr","false",1280,800,1280,632,2,60,16.6666666666667,"",NA,"up","touchscreen",998.655999999959,99.7530000000261,95.7999999992317,6,TRUE,1,6,0,40,0.125,18,0.2,1,NA,2021-07-01 07:59:52.691516,"F","122014","right","NA","NA",2.99922819097635,0.599901194719353,0.345346239606884
2576.90000000002,"",73,685351,"dzrzgyhm1l","fr","false",1280,800,1280,632,2,60,16.6666666666667,"",NA,"down","touchscreen",998.541000000085,99.7930000000633,95.3000000008615,6,TRUE,2,6,0,40,-0.1875,66,0.05,1,NA,2021-07-01 07:59:52.691516,"F","122014","right","NA","NA",-12.1597461550619,-0.835411813982707,-0.21926123737831
3861.29999999865,"",74,691246,"dzrzgyhm1l","fr","false",1280,800,1280,632,2,60,16.6666666666667,"",NA,"up","touchscreen",998.51099999994,99.875,95.4999999994179,6,FALSE,0,6,0,40,0,66,0.1,1,NA,2021-07-01 07:59:52.691516,"F","122014","right","NA","NA",-0.939481612480333,-0.116633706188535,-0.0458848346179136
9316.20000000112,"",75,702592,"dzrzgyhm1l","fr","false",1280,800,1280,632,2,60,16.6666666666667,"",NA,"down","touchscreen",998.54700000002,99.8519999999553,96.7000000000698,6,FALSE,0,6,0,40,0,38,0.05,1,NA,2021-07-01 07:59:52.691516,"F","122014","right","NA","NA",0.446325803910927,0.0741826714835325,0.0119869070082056
4586.00000000105,"",76,709212,"dzrzgyhm1l","fr","false",1280,800,1280,632,2,60,16.6666666666667,"",NA,"up","touchscreen",998.537999999942,99.8790000000736,96.1000000005588,6,TRUE,1,6,0,40,0.1875,38,0.1,1,NA,2021-07-01 07:59:52.691516,"F","122014","right","NA","NA",1.72874028184548,0.276860659433598,0.108600733927369
2900.40000000037,"",77,714153,"dzrzgyhm1l","fr","false",1280,800,1280,632,2,60,16.6666666666667,"",NA,"down","touchscreen",998.555000000051,99.685999999987,96.6000000007916,6,TRUE,2,6,0,40,-0.1875,66,0.1,1,NA,2021-07-01 07:59:52.691516,"F","122014","right","NA","NA",-3.70519816747799,-0.420263153961045,-0.17163045322288
5222.89999999886,"",78,721418,"dzrzgyhm1l","fr","false",1280,800,1280,632,2,60,16.6666666666667,"",NA,"up","touchscreen",998.665999999968,99.9200000000419,95.0999999985797,6,TRUE,3,6,0,40,-0.125,6,0.2,1,NA,2021-07-01 07:59:52.691516,"F","122014","right","NA","NA",1.30639000130631,0.546867412970307,0.203255545965969
2333.59999999998,"",79,725787,"dzrzgyhm1l","fr","false",1280,800,1280,632,2,60,16.6666666666667,"",NA,"down","touchscreen",998.564000000013,99.8730000000214,95.4000000001397,6,TRUE,4,6,0,40,0,18,0.2,1,NA,2021-07-01 07:59:52.691516,"F","122014","right","NA","NA",-1.24880680986386,-0.298015571949413,-0.184442374563646
3520.39999999932,"",80,731347,"dzrzgyhm1l","fr","false",1280,800,1280,632,2,60,16.6666666666667,"",NA,"up","touchscreen",998.403000000049,99.9239999999991,97.600000000908,6,TRUE,5,6,0,40,0.125,66,0.15,1,NA,2021-07-01 07:59:52.691516,"F","122014","right","NA","NA",3.01084675717272,0.352235698173453,0.188625656581065
8174.50000000093,"",81,741560,"dzrzgyhm1l","fr","false",1280,800,1280,632,2,60,16.6666666666667,"",NA,"down","touchscreen",998.592999999993,99.7689999999711,95.5000000011642,6,TRUE,6,6,0,40,0,66,0.15,1,NA,2021-07-01 07:59:52.691516,"F","122014","right","NA","NA",-0.628259880065366,-0.0782914307287928,-0.043962702510684
7092.59999999986,"",82,750680,"dzrzgyhm1l","fr","false",1280,800,1280,632,2,60,16.6666666666667,"",NA,"up","touchscreen",998.530999999959,99.8649999999907,96.500000001397,6,FALSE,0,6,0,40,0,6,0.1,1,NA,2021-07-01 07:59:52.691516,"F","122014","right","NA","NA",-1.45086716344637,-0.587197591167178,-0.0435528241273868
11537.8999999994,"",83,764246,"dzrzgyhm1l","fr","false",1280,800,1280,632,2,60,16.6666666666667,"",NA,"up","touchscreen",998.525000000023,99.8540000000503,95.7999999992317,6,FALSE,0,6,0,40,-0.0625,38,0.15,1,NA,2021-07-01 07:59:52.691516,"F","122014","right","NA","NA",-0.296698611256032,-0.0493894199417073,-0.0189937319411535
4045.09999999939,"",84,770334,"dzrzgyhm1l","fr","false",1280,800,1280,632,2,60,16.6666666666667,"",NA,"down","touchscreen",998.415999999968,99.8499999999767,96.6000000006752,6,TRUE,1,6,0,40,0,18,0.05,1,NA,2021-07-01 07:59:52.691516,"F","122014","right","NA","NA",-0.548646797073787,-0.13588938940005,-0.0259224255160967
4074.20000000088,"",85,776438,"dzrzgyhm1l","fr","false",1280,800,1280,632,2,60,16.6666666666667,"",NA,"down","touchscreen",998.595000000088,99.8020000000251,95.9999999995343,6,TRUE,2,6,0,40,-0.125,18,0.05,1,NA,2021-07-01 07:59:52.691516,"F","122014","right","NA","NA",-6.28274357974561,-0.843546503156621,-0.185007686317008
14883.0999999992,"",86,793358,"dzrzgyhm1l","fr","false",1280,800,1280,632,2,60,16.6666666666667,"",NA,"up","touchscreen",998.570999999996,99.8169999999227,96.0999999988126,6,FALSE,0,6,0,40,-0.1875,18,0.1,1,NA,2021-07-01 07:59:52.691516,"F","122014","right","NA","NA",-4.19442699265807,-0.723680443803061,-0.336961404955997
3582.29999999993,"",87,798982,"dzrzgyhm1l","fr","false",1280,800,1280,632,2,60,16.6666666666667,"",NA,"down","touchscreen",998.576000000001,99.9110000000801,94.3999999999069,6,TRUE,1,6,0,40,-0.0625,18,0.05,1,NA,2021-07-01 07:59:52.691516,"F","122014","right","NA","NA",-0.203005406082939,-0.0506861173913998,-0.00672893032530206
8354.10000000044,"",88,809379,"dzrzgyhm1l","fr","false",1280,800,1280,632,2,60,16.6666666666667,"",NA,"up","touchscreen",998.51099999994,99.8830000000307,94.9000000000233,6,FALSE,0,6,0,40,-0.125,66,0.2,1,NA,2021-07-01 07:59:52.691516,"F","122014","right","NA","NA",-0.0712928188307245,-0.00891124851008469,-0.00693595354249346
5859.00000000035,"",89,817267,"dzrzgyhm1l","fr","false",1280,800,1280,632,2,60,16.6666666666667,"",NA,"down","touchscreen",998.505000000005,99.8510000000242,97.7000000001863,6,FALSE,0,6,0,40,0.125,18,0.05,1,NA,2021-07-01 07:59:52.691516,"F","122014","right","NA","NA",1.47471097784498,0.34591741104098,0.0724832965341716
7758.29999999946,"",90,827058,"dzrzgyhm1l","fr","false",1280,800,1280,632,2,60,16.6666666666667,"",NA,"up","touchscreen",998.54700000002,99.8549999999814,95.4000000001397,6,FALSE,0,6,0,40,-0.0625,66,0.15,1,NA,2021-07-01 07:59:52.691516,"F","122014","right","NA","NA",-0.00553552605992405,-0.000691940591846172,-0.000342063359559403
1422.79999999842,"",91,830504,"dzrzgyhm1l","fr","false",1280,800,1280,632,2,60,16.6666666666667,"",NA,"down","touchscreen",998.550999999978,99.8149999999441,98.9000000008382,6,TRUE,1,6,3,43,0,6,0.05,1,NA,2021-07-01 07:59:52.691516,"F","122014","right","NA","NA",-0.488342794932908,-0.237202784422282,-0.0479011936052469
1599.00000000023,"",92,834144,"dzrzgyhm1l","fr","false",1280,800,1280,632,2,60,16.6666666666667,"",NA,"up","touchscreen",998.50299999991,99.9579999999842,96.1999999999534,6,FALSE,0,6,0,43,0.1875,6,0.15,1,NA,2021-07-01 07:59:52.691516,"F","122014","right","NA","NA",-0.172571867988556,-0.0859665058512441,-0.0482824271096601
2636.30000000016,"",93,838812,"dzrzgyhm1l","fr","false",1280,800,1280,632,2,60,16.6666666666667,"",NA,"down","touchscreen",999.01099999994,99.3739999999525,94.6000000004424,6,FALSE,0,6,0,43,0.125,66,0.05,1,NA,2021-07-01 07:59:52.691516,"F","122014","right","NA","NA",5.86765703874372,0.591428576312112,0.10978347187861
10260.2000000005,"",94,851112,"dzrzgyhm1l","fr","false",1280,800,1280,632,2,60,16.6666666666667,"",NA,"up","touchscreen",998.623999999953,99.9399999999441,95.4999999994179,6,TRUE,1,6,0,43,0.1875,66,0.1,1,NA,2021-07-01 07:59:52.691516,"F","122014","right","NA","NA",3.18092710798027,0.369480055682021,0.132387487022064
2150.49999999977,"",95,855301,"dzrzgyhm1l","fr","false",1280,800,1280,632,2,60,16.6666666666667,"",NA,"down","touchscreen",999.084999999963,99.2920000000158,96.2999999992317,6,TRUE,2,6,0,43,-0.1875,6,0.05,1,NA,2021-07-01 07:59:52.691516,"F","122014","right","NA","NA",-3.50740724315561,-0.868694372177311,-0.163784015974983
5106.99999999988,"",96,862453,"dzrzgyhm1l","fr","false",1280,800,1280,632,2,60,16.6666666666667,"",NA,"up","touchscreen",998.580000000075,99.7369999999646,95.7999999991152,6,FALSE,0,6,0,43,-0.1875,38,0.2,1,NA,2021-07-01 07:59:52.691516,"F","122014","right","NA","NA",-1.88195173343167,-0.299281987976167,-0.221617500077294
2480.79999999935,"",97,866964,"dzrzgyhm1l","fr","false",1280,800,1280,632,2,60,16.6666666666667,"",NA,"down","touchscreen",997.719000000041,100.72900000005,97.2000000001863,6,TRUE,1,6,0,43,-0.0625,66,0.1,1,NA,2021-07-01 07:59:52.691516,"F","122014","right","NA","NA",-3.1843937254265,-0.369827672516731,-0.126771714709458
3523.90000000014,"",98,872518,"dzrzgyhm1l","fr","false",1280,800,1280,632,2,60,16.6666666666667,"",NA,"up","touchscreen",998.371999999974,99.9460000001127,96.7000000000698,6,TRUE,2,6,0,43,0,38,0.2,1,NA,2021-07-01 07:59:52.691516,"F","122014","right","NA","NA",0.145940059083863,0.0243161512224531,0.0160825411780199
12806.8000000003,"",99,887360,"dzrzgyhm1l","fr","false",1280,800,1280,632,2,60,16.6666666666667,"",NA,"up","touchscreen",998.542999999947,99.8360000000102,98.7000000004191,6,TRUE,3,6,0,43,0.0625,66,0.05,1,NA,2021-07-01 07:59:52.691516,"F","122014","right","NA","NA",3.38453832275861,0.389632466221497,0.0655124048930162
2767.5,"",100,892168,"dzrzgyhm1l","fr","false",1280,800,1280,632,2,60,16.6666666666667,"",NA,"down","touchscreen",998.535999999964,99.8819999999832,94.7999999989988,6,FALSE,0,6,0,43,-0.1875,18,0.2,1,NA,2021-07-01 07:59:52.691516,"F","122014","right","NA","NA",0.731293246112628,0.17984245532833,0.0978193782953922
2415.60000000021,"",101,896622,"dzrzgyhm1l","fr","false",1280,800,1280,632,2,60,16.6666666666667,"",NA,"up","touchscreen",998.670000000042,99.9250000000466,99.5000000002328,6,FALSE,0,6,0,43,-0.0625,38,0.05,1,NA,2021-07-01 07:59:52.691516,"F","122014","right","NA","NA",-0.125673599446346,-0.0209410068114965,-0.00315488804031084
3008.90000000072,"",102,901663,"dzrzgyhm1l","fr","false",1280,800,1280,632,2,60,16.6666666666667,"",NA,"down","touchscreen",998.56500000006,99.8829999999143,96.4000000003725,6,FALSE,0,6,0,43,0.0625,38,0.1,1,NA,2021-07-01 07:59:52.691516,"F","122014","right","NA","NA",0.730120376248663,0.120795665319319,0.0381705095123678
2658.5000000014,"",103,906355,"dzrzgyhm1l","fr","false",1280,800,1280,632,2,60,16.6666666666667,"",NA,"up","touchscreen",998.504000000074,99.8670000000857,94.600000000326,6,FALSE,0,6,0,43,-0.125,38,0.2,1,NA,2021-07-01 07:59:52.691516,"F","122014","right","NA","NA",-1.24361365616039,-0.202955263741562,-0.153665734652834
3673.89999999967,"",104,912062,"dzrzgyhm1l","fr","false",1280,800,1280,632,2,60,16.6666666666667,"",NA,"down","touchscreen",998.548000000068,99.844000000041,96.4999999996508,6,FALSE,0,6,0,43,0.1875,6,0.1,1,NA,2021-07-01 07:59:52.691516,"F","122014","right","NA","NA",0.0745538354733349,0.0372510452800919,0.00946081900836676
5086.90000000026,"",105,919187,"dzrzgyhm1l","fr","false",1280,800,1280,632,2,60,16.6666666666667,"",NA,"down","touchscreen",998.491000000038,99.9179999999469,94.0000000009313,6,TRUE,1,6,0,43,-0.125,66,0.1,1,NA,2021-07-01 07:59:52.691516,"F","122014","right","NA","NA",-1.72389508097146,-0.210651617591434,-0.0817291914587351
9076.60000000033,"",106,930296,"dzrzgyhm1l","fr","false",1280,800,1280,632,2,60,16.6666666666667,"",NA,"up","touchscreen",998.606000000029,99.862000000081,96.4000000003725,6,FALSE,0,6,0,43,-0.0625,6,0.05,1,NA,2021-07-01 07:59:52.691516,"F","122014","right","NA","NA",-2.17061460854393,-0.735418518481246,-0.119298644731638
2235.8000000004,"",107,934576,"dzrzgyhm1l","fr","false",1280,800,1280,632,2,60,16.6666666666667,"",NA,"down","touchscreen",998.537000000011,99.8529999998864,96.1999999999534,6,FALSE,0,6,0,43,0.125,38,0.1,1,NA,2021-07-01 07:59:52.691516,"F","122014","right","NA","NA",2.97476044906808,0.444196006401399,0.155991696294415
4628.60000000009,"",108,941244,"dzrzgyhm1l","fr","false",1280,800,1280,632,2,60,16.6666666666667,"",NA,"down","touchscreen",998.212999999989,100.083999999915,96.4000000003725,6,FALSE,0,6,0,43,0.1875,66,0.2,1,NA,2021-07-01 07:59:52.691516,"F","122014","right","NA","NA",0.771010541591884,0.0959318211725419,0.0700969303930654
4875.50000000012,"",109,948151,"dzrzgyhm1l","fr","false",1280,800,1280,632,2,60,16.6666666666667,"",NA,"up","touchscreen",997.706000000006,100.6179999999,96.900000000489,6,TRUE,1,6,0,43,0.1875,66,0.15,1,NA,2021-07-01 07:59:52.691516,"F","122014","right","NA","NA",2.96402339707428,0.347423657059501,0.217694307863088
5047.59999999986,"",110,955228,"dzrzgyhm1l","fr","false",1280,800,1280,632,2,60,16.6666666666667,"",NA,"up","touchscreen",998.481000000029,99.8759999999311,95.6999999999534,6,TRUE,2,6,0,43,-0.0625,6,0.15,1,NA,2021-07-01 07:59:52.691516,"F","122014","right","NA","NA",0.717014665303677,0.337475281413833,0.0751990702824326
3705.50000000012,"",111,960977,"dzrzgyhm1l","fr","false",1280,800,1280,632,2,60,16.6666666666667,"",NA,"down","touchscreen",998.517999999924,99.8710000000428,96.9999999997672,6,FALSE,0,6,0,43,0.0625,38,0.2,1,NA,2021-07-01 07:59:52.691516,"F","122014","right","NA","NA",0.539508654692233,0.0895567927187459,0.0544743378486007
2762.19999999925,"",112,965774,"dzrzgyhm1l","fr","false",1280,800,1280,632,2,60,16.6666666666667,"",NA,"up","touchscreen",998.664000000106,99.7760000000708,96.1000000006752,6,TRUE,1,6,0,43,0.1875,6,0.05,1,NA,2021-07-01 07:59:52.691516,"F","122014","right","NA","NA",3.31943155401903,0.856541913016059,0.218039985027329
2339.70000000042,"",113,970146,"dzrzgyhm1l","fr","false",1280,800,1280,632,2,60,16.6666666666667,"",NA,"down","touchscreen",998.483000000007,99.8759999999311,96.7999999993481,6,TRUE,2,6,0,43,-0.0625,38,0.1,1,NA,2021-07-01 07:59:52.691516,"F","122014","right","NA","NA",-1.5960934512029,-0.257075166966153,-0.0945876536200502
8979.90000000027,"",2,62996,"eb1udc3xu2","fr","false",800,1280,980,1363,2,57,16.6666666666667,"",NA,"up","touchscreen",998.650000000001,99.8640000000014,99.0000000001601,6,TRUE,1,1,0,0,-0.125,18,0.1,1,NA,2021-07-01 01:48:41.806761,"F","062014","right","NA","NA",0.527766761750804,0.130808010301169,0.0460745643231838
4576.49999999921,"",3,69612,"eb1udc3xu2","fr","false",800,1280,980,1363,2,57,16.6666666666667,"",NA,"down","touchscreen",998.103000000003,100.351999999999,96.6999999991385,6,TRUE,2,2,0,0,-0.0625,18,0.2,1,NA,2021-07-01 01:48:41.806761,"F","062014","right","NA","NA",-0.549002034092351,-0.135975748579209,-0.0703859827718136
9305.59999999969,"",4,80948,"eb1udc3xu2","fr","false",800,1280,980,1363,2,57,16.6666666666667,"",NA,"up","touchscreen",998.444000000003,99.8769999999931,95.1999999997497,6,FALSE,0,2,0,0,-0.0625,66,0.1,1,NA,2021-07-01 01:48:41.806761,"F","062014","right","NA","NA",-1.52453936490683,-0.187198586955199,-0.0736603793110535
4516.09999999983,"",5,87506,"eb1udc3xu2","fr","false",800,1280,980,1363,2,57,16.6666666666667,"",NA,"down","touchscreen",999.540999999997,98.9399999999878,95.9000000002561,6,FALSE,0,2,0,0,0,6,0.15,1,NA,2021-07-01 01:48:41.806761,"F","062014","right","NA","NA",0.752073107565575,0.351973904492632,0.150112923738847
9825.70000000032,"",6,99376,"eb1udc3xu2","fr","false",800,1280,980,1363,2,57,16.6666666666667,"",NA,"up","touchscreen",998.600999999995,99.9119999999966,94.8000000007451,6,TRUE,1,2,0,0,0.1875,6,0.1,1,NA,2021-07-01 01:48:41.806761,"F","062014","right","NA","NA",3.37061350466346,0.860000515408123,0.195452061952947
9572.89999999921,"",7,110990,"eb1udc3xu2","fr","false",800,1280,980,1363,2,57,16.6666666666667,"",NA,"down","touchscreen",998.502000000008,99.8950000000041,95.8999999993393,6,FALSE,0,2,0,0,0.0625,6,0.2,1,NA,2021-07-01 01:48:41.806761,"F","062014","right","NA","NA",1.09616850105765,0.480628425458476,0.218143879893518
17863.5999999997,"",8,130898,"eb1udc3xu2","fr","false",800,1280,980,1363,2,57,16.6666666666667,"",NA,"up","touchscreen",998.574999999997,99.7960000000021,95.9999999995343,6,FALSE,0,2,0,0,0,38,0.15,1,NA,2021-07-01 01:48:41.806761,"F","062014","right","NA","NA",-0.763621878766149,-0.126251923019895,-0.0489765200766496
14435.1999999999,"",9,147374,"eb1udc3xu2","fr","false",800,1280,980,1363,2,57,16.6666666666667,"",NA,"up","touchscreen",998.695999999996,99.7369999999937,95.3999999992375,6,TRUE,1,2,0,0,0.0625,38,0.2,1,NA,2021-07-01 01:48:41.806761,"F","062014","right","NA","NA",1.35564941074243,0.220386270297817,0.155858011945565
4399.50000000044,"",10,153813,"eb1udc3xu2","fr","false",800,1280,980,1363,2,57,16.6666666666667,"",NA,"down","touchscreen",998.519,99.8760000000184,96.8000000002503,6,TRUE,2,2,0,0,-0.125,66,0.05,1,NA,2021-07-01 01:48:41.806761,"F","062014","right","NA","NA",-4.95994583094652,-0.526935511949495,-0.104601652432225
8131.60000000062,"",11,163988,"eb1udc3xu2","fr","false",800,1280,980,1363,2,57,16.6666666666667,"",NA,"down","touchscreen",998.623999999982,99.8789999999863,95.5000000003492,6,TRUE,3,3,0,0,-0.0625,6,0.2,1,NA,2021-07-01 01:48:41.806761,"F","062014","right","NA","NA",-0.874233398910342,-0.400524024635973,-0.184022489861568
3500.2999999997,"",12,169526,"eb1udc3xu2","fr","false",800,1280,980,1363,2,57,16.6666666666667,"",NA,"up","touchscreen",998.565999999992,99.8369999999995,96.9999999997672,6,TRUE,4,4,0,0,-0.125,18,0.15,1,NA,2021-07-01 01:48:41.806761,"F","062014","right","NA","NA",0.69771798873816,0.171834988648469,0.0823540304809425
3920.39999999997,"",13,175489,"eb1udc3xu2","fr","false",800,1280,980,1363,2,57,16.6666666666667,"",NA,"down","touchscreen",998.5,99.8680000000168,95.4000000001397,6,TRUE,5,5,0,0,-0.125,66,0.1,1,NA,2021-07-01 01:48:41.806761,"F","062014","right","NA","NA",-2.52462075534669,-0.300947628183123,-0.105772581919524
4979.00000000026,"",14,182507,"eb1udc3xu2","fr","false",800,1280,980,1363,2,57,16.6666666666667,"",NA,"down","touchscreen",998.644,99.7779999999912,95.0000000002619,6,TRUE,6,6,0,0,0.125,38,0.15,1,NA,2021-07-01 01:48:41.806761,"F","062014","right","NA","NA",-0.607335365240224,-0.100707948530207,-0.0575653216540486
13900.0000000005,"",15,198450,"eb1udc3xu2","fr","false",800,1280,980,1363,2,57,16.6666666666667,"",NA,"down","touchscreen",998.56700000001,99.8369999999995,95.9000000002561,6,FALSE,0,6,0,0,0,6,0.05,1,NA,2021-07-01 01:48:41.806761,"F","062014","right","NA","NA",0.487577553944907,0.236851951273733,0.0406550407742377
2391.20000000004,"",16,202868,"eb1udc3xu2","fr","false",800,1280,980,1363,2,57,16.6666666666667,"",NA,"up","touchscreen",998.646000000008,99.8570000000182,96.500000000553,6,TRUE,1,6,0,0,0,6,0.2,1,NA,2021-07-01 01:48:41.806761,"F","062014","right","NA","NA",1.24873394384739,0.529612756916968,0.231168004449341
3578.99999999971,"",17,208484,"eb1udc3xu2","fr","false",800,1280,980,1363,2,57,16.6666666666667,"",NA,"up","touchscreen",999.347999999998,98.8899999999849,94.399999999936,6,FALSE,0,6,0,0,-0.125,6,0.1,1,NA,2021-07-01 01:48:41.806761,"F","062014","right","NA","NA",-0.122737892941974,-0.0612537096133269,-0.0157611187683047
14326.2000000004,"",18,224841,"eb1udc3xu2","fr","false",800,1280,980,1363,2,57,16.6666666666667,"",NA,"up","touchscreen",998.843999999983,99.6359999999986,95.5000000003492,6,TRUE,1,6,0,0,0.1875,66,0.05,1,NA,2021-07-01 01:48:41.806761,"F","062014","right","NA","NA",8.3072899527076,0.720303427719202,0.182669071025207
3963.09999999992,"",19,230836,"eb1udc3xu2","fr","false",800,1280,980,1363,2,57,16.6666666666667,"",NA,"down","touchscreen",998.595000000001,99.7680000000109,95.9000000002561,6,TRUE,2,6,0,0,-0.125,6,0.05,1,NA,2021-07-01 01:48:41.806761,"F","062014","right","NA","NA",-2.66448211424889,-0.799763882681534,-0.13775714620072
3994.2000000001,"",20,236872,"eb1udc3xu2","fr","false",800,1280,980,1363,2,57,16.6666666666667,"",NA,"up","touchscreen",998.837999999989,99.4330000000191,97.3999999996449,6,FALSE,0,6,0,0,-0.1875,6,0.05,1,NA,2021-07-01 01:48:41.806761,"F","062014","right","NA","NA",-4.42907463100138,-0.911388139890298,-0.243991343125008
4309.9000000002,"",21,243216,"eb1udc3xu2","fr","false",800,1280,980,1363,2,57,16.6666666666667,"",NA,"up","touchscreen",998.562000000005,99.8260000000009,95.8000000000466,6,TRUE,1,6,0,0,0.125,18,0.05,1,NA,2021-07-01 01:48:41.806761,"F","062014","right","NA","NA",3.62379405898633,0.67139673860421,0.123964799714166
3780.70000000024,"",22,249025,"eb1udc3xu2","fr","false",800,1280,980,1363,2,57,16.6666666666667,"",NA,"up","touchscreen",998.611999999994,99.814000000013,96.4000000003725,6,TRUE,2,6,0,0,0.0625,18,0.15,1,NA,2021-07-01 01:48:41.806761,"F","062014","right","NA","NA",0.364485462789261,0.0907454102264035,0.0416130455477902
2728.59999999945,"",23,253783,"eb1udc3xu2","fr","false",800,1280,980,1363,2,57,16.6666666666667,"",NA,"down","touchscreen",998.513999999996,99.8620000000228,95.8999999993248,6,FALSE,0,6,0,0,0.1875,66,0.2,1,NA,2021-07-01 01:48:41.806761,"F","062014","right","NA","NA",3.61010641412247,0.411322028669325,0.269871609895381
2402.39999999994,"",24,258217,"eb1udc3xu2","fr","false",800,1280,980,1363,2,57,16.6666666666667,"",NA,"up","touchscreen",998.04800000001,100.255999999994,96.300000000163,6,TRUE,1,6,0,0,0.0625,66,0.2,1,NA,2021-07-01 01:48:41.806761,"F","062014","right","NA","NA",0.235577507109837,0.0294344293141431,0.0170275367981144
14826.9999999993,"",25,275086,"eb1udc3xu2","fr","false",800,1280,980,1363,2,57,16.6666666666667,"",NA,"up","touchscreen",998.498999999982,99.9219999999914,96.099999999773,6,TRUE,2,6,0,0,-0.0625,38,0.15,1,NA,2021-07-01 01:48:41.806761,"F","062014","right","NA","NA",0.895278328909736,0.147579207695155,0.0722021763624153
3087.99999999977,"",26,280207,"eb1udc3xu2","fr","false",800,1280,980,1363,2,57,16.6666666666667,"",NA,"down","touchscreen",998.663,99.6759999999776,95.1999999997788,6,FALSE,0,6,0,0,0,6,0.1,1,NA,2021-07-01 01:48:41.806761,"F","062014","right","NA","NA",0.0186257575909494,0.00931247497009685,0.0020137957001173
2466.49999999953,"",27,284711,"eb1udc3xu2","fr","false",800,1280,980,1363,2,57,16.6666666666667,"",NA,"up","touchscreen",998.771000000008,99.6220000000321,96.3999999994412,6,TRUE,1,6,0,0,0.0625,38,0.15,1,NA,2021-07-01 01:48:41.806761,"F","062014","right","NA","NA",0.521030410748254,0.0865128218145727,0.0462135339373934
2710.2999999997,"",28,289465,"eb1udc3xu2","fr","false",800,1280,980,1363,2,57,16.6666666666667,"",NA,"up","touchscreen",998.523999999976,99.929999999993,95.9000000002561,6,TRUE,2,6,0,0,0.125,38,0.05,1,NA,2021-07-01 01:48:41.806761,"F","062014","right","NA","NA",5.89072018947627,0.700578640868223,0.159617057132302
2122.60000000062,"",29,293621,"eb1udc3xu2","fr","false",800,1280,980,1363,2,57,16.6666666666667,"",NA,"down","touchscreen",998.669999999984,99.795999999973,95.2999999999884,6,TRUE,3,6,0,0,-0.0625,6,0.1,1,NA,2021-07-01 01:48:41.806761,"F","062014","right","NA","NA",-0.317468605598743,-0.156771536441206,-0.040558345873528
2610.59999999998,"",30,298271,"eb1udc3xu2","fr","false",800,1280,980,1363,2,57,16.6666666666667,"",NA,"up","touchscreen",998.57699999999,99.8389999999781,95.699999999837,6,FALSE,0,6,0,0,-0.125,6,0.2,1,NA,2021-07-01 01:48:41.806761,"F","062014","right","NA","NA",-4.64496202010782,-0.918477747938442,-0.530332409568612
2141.80000000034,"",31,302444,"eb1udc3xu2","fr","false",800,1280,980,1363,2,57,16.6666666666667,"",NA,"up","touchscreen",998.523000000045,99.8759999999893,96.1000000006752,6,FALSE,0,6,0,0,0,38,0.2,1,NA,2021-07-01 01:48:41.806761,"F","062014","right","NA","NA",-0.538966765442799,-0.0894675611291181,-0.0660727711407386
3823.8000000001,"",32,308308,"eb1udc3xu2","fr","false",800,1280,980,1363,2,57,16.6666666666667,"",NA,"down","touchscreen",998.568000000028,99.8340000000317,97.8999999997322,6,TRUE,1,6,0,0,0,18,0.05,1,NA,2021-07-01 01:48:41.806761,"F","062014","right","NA","NA",-1.83470124196134,-0.416911570957788,-0.0684409892073627
3157.1999999996,"",33,313492,"eb1udc3xu2","fr","false",800,1280,980,1363,2,57,16.6666666666667,"",NA,"up","touchscreen",998.543000000005,99.7850000000326,97.9999999999418,6,FALSE,0,6,0,0,-0.1875,38,0.2,1,NA,2021-07-01 01:48:41.806761,"F","062014","right","NA","NA",-0.371888252118505,-0.0618626606501426,-0.0342343041043924
4081.69999999972,"",34,319613,"eb1udc3xu2","fr","false",800,1280,980,1363,2,57,16.6666666666667,"",NA,"down","touchscreen",998.525000000023,99.8649999999907,95.8999999993248,6,TRUE,1,6,0,0,0,18,0.15,1,NA,2021-07-01 01:48:41.806761,"F","062014","right","NA","NA",-0.77366897654104,-0.189897797568875,-0.117183690705356
6039.89999999973,"",35,327695,"eb1udc3xu2","fr","false",800,1280,980,1363,2,57,16.6666666666667,"",NA,"up","touchscreen",999.282000000007,99.234999999986,94.9999999993597,6,FALSE,0,6,0,0,-0.0625,38,0.1,1,NA,2021-07-01 01:48:41.806761,"F","062014","right","NA","NA",-2.31519000963073,-0.359994465944916,-0.100051956931964
3851.49999999977,"",36,333578,"eb1udc3xu2","fr","false",800,1280,980,1363,2,57,16.6666666666667,"",NA,"down","touchscreen",998.14300000004,100.214000000036,96.4999999996508,6,TRUE,1,6,0,0,-0.1875,6,0.15,1,NA,2021-07-01 01:48:41.806761,"F","062014","right","NA","NA",-2.27281716374439,-0.750726475057788,-0.42861273715717
9372.09999999963,"",37,344991,"eb1udc3xu2","fr","false",800,1280,980,1363,2,57,16.6666666666667,"",NA,"up","touchscreen",998.409000000043,99.9880000000121,96.0999999997439,6,FALSE,0,6,0,0,-0.1875,18,0.15,1,NA,2021-07-01 01:48:41.806761,"F","062014","right","NA","NA",-4.16539293640984,-0.721281532076127,-0.326011379181198
2176.59999999974,"",38,349196,"eb1udc3xu2","fr","false",800,1280,980,1363,2,57,16.6666666666667,"",NA,"down","touchscreen",998.609999999986,99.7849999999744,96.1999999999534,6,TRUE,1,6,0,0,-0.1875,38,0.15,1,NA,2021-07-01 01:48:41.806761,"F","062014","right","NA","NA",-3.14460259512896,-0.464209171898538,-0.26221745277539
4149.59999999969,"",39,355381,"eb1udc3xu2","fr","false",800,1280,980,1363,2,57,16.6666666666667,"",NA,"down","touchscreen",998.526000000013,99.8499999999767,95.4000000001397,6,TRUE,2,6,0,0,-0.1875,38,0.1,1,NA,2021-07-01 01:48:41.806761,"F","062014","right","NA","NA",-2.45734088972693,-0.379002152397372,-0.147796482604954
3072.1999999996,"",40,360494,"eb1udc3xu2","fr","false",800,1280,980,1363,2,57,16.6666666666667,"",NA,"up","touchscreen",998.532000000007,99.8250000000116,96.7000000000116,6,FALSE,0,6,0,0,-0.0625,6,0.05,1,NA,2021-07-01 01:48:41.806761,"F","062014","right","NA","NA",-2.95611160288132,-0.828247335015268,-0.0642836790192228
2361.69999999949,"",41,364894,"eb1udc3xu2","fr","false",800,1280,980,1363,2,57,16.6666666666667,"",NA,"down","touchscreen",999.405999999959,99.119000000006,94.0999999993364,6,TRUE,1,6,0,0,-0.1875,6,0.2,1,NA,2021-07-01 01:48:41.806761,"F","062014","right","NA","NA",-2.20762701371251,-0.741097518297548,-0.286416913475386
2383.40000000066,"",42,369308,"eb1udc3xu2","fr","false",800,1280,980,1363,2,57,16.6666666666667,"",NA,"down","touchscreen",998.629000000015,99.8130000000237,96.0000000004657,6,TRUE,2,6,0,0,-0.1875,18,0.05,1,NA,2021-07-01 01:48:41.806761,"F","062014","right","NA","NA",-5.81502350425586,-0.823898275565719,-0.211972307586273
3779.99999999977,"",43,375132,"eb1udc3xu2","fr","false",800,1280,980,1363,2,57,16.6666666666667,"",NA,"up","touchscreen",998.634999999951,99.8010000000359,97.7999999995809,6,FALSE,0,6,0,0,-0.1875,18,0.1,1,NA,2021-07-01 01:48:41.806761,"F","062014","right","NA","NA",-3.60380648522099,-0.669355246936144,-0.232897462177824
2226.79999999946,"",44,379387,"eb1udc3xu2","fr","false",800,1280,980,1363,2,57,16.6666666666667,"",NA,"down","touchscreen",998.587,99.9010000000126,96.900000000489,6,TRUE,1,6,0,0,-0.125,38,0.2,1,NA,2021-07-01 01:48:41.806761,"F","062014","right","NA","NA",-0.057923717017296,-0.00965350299922328,-0.0066713343818957
8241.09999999928,"",45,389660,"eb1udc3xu2","fr","false",800,1280,980,1363,2,57,16.6666666666667,"",NA,"up","touchscreen",998.437999999966,99.8520000000135,98.7999999997555,6,FALSE,0,6,0,0,-0.125,6,0.15,1,NA,2021-07-01 01:48:41.806761,"F","062014","right","NA","NA",-2.58691453443234,-0.791133965731334,-0.596852517656436
1837.09999999974,"",46,393525,"eb1udc3xu2","fr","false",800,1280,980,1363,2,57,16.6666666666667,"",NA,"down","touchscreen",998.666000000027,99.7429999999586,96.7000000000698,6,TRUE,1,6,1,1,0,18,0.1,1,NA,2021-07-01 01:48:41.806761,"F","062014","right","NA","NA",-2.31919431998788,-0.501587696602174,-0.160843711111508
2690.59999999986,"",47,398258,"eb1udc3xu2","fr","false",800,1280,980,1363,2,57,16.6666666666667,"",NA,"down","touchscreen",998.554999999993,99.8660000000382,96.300000000163,6,TRUE,2,6,1,2,-0.1875,18,0.2,1,NA,2021-07-01 01:48:41.806761,"F","062014","right","NA","NA",-1.39753000446728,-0.329831048547913,-0.159638329734839
1858.29999999987,"",48,402151,"eb1udc3xu2","fr","false",800,1280,980,1363,2,57,16.6666666666667,"",NA,"up","touchscreen",998.552000000025,99.8560000000289,95.5000000003492,6,TRUE,3,6,2,4,0.0625,66,0.15,1,NA,2021-07-01 01:48:41.806761,"F","062014","right","NA","NA",2.18491341203023,0.263464783536313,0.143561087763858
1838.30000000034,"",49,406029,"eb1udc3xu2","fr","false",800,1280,980,1363,2,57,16.6666666666667,"",NA,"up","touchscreen",998.548999999999,99.8449999999721,96.8000000002794,6,TRUE,4,6,3,7,0.125,6,0.1,1,NA,2021-07-01 01:48:41.806761,"F","062014","right","NA","NA",0.281228946247061,0.139244609215398,0.0453248479519197
1347.89999999973,"",50,409415,"eb1udc3xu2","fr","false",800,1280,980,1363,2,57,16.6666666666667,"",NA,"up","touchscreen",998.627000000037,99.7770000000019,96.1000000006752,6,TRUE,5,6,6,13,0.1875,66,0.15,1,NA,2021-07-01 01:48:41.806761,"F","062014","right","NA","NA",2.32650031880396,0.279244063168871,0.166490856943647
2586.90000000026,"",51,414032,"eb1udc3xu2","fr","false",800,1280,980,1363,2,57,16.6666666666667,"",NA,"down","touchscreen",998.513000000035,99.8910000000033,95.2000000007101,6,TRUE,6,6,6,19,-0.1875,66,0.1,1,NA,2021-07-01 01:48:41.806761,"F","062014","right","NA","NA",-1.6658114617592,-0.203853950605187,-0.0801242696405395
2153.09999999951,"",52,418225,"eb1udc3xu2","fr","false",800,1280,980,1363,2,57,16.6666666666667,"",NA,"down","touchscreen",997.268999999971,101.040000000037,97.7000000002445,6,TRUE,7,7,6,25,-0.0625,6,0.15,1,NA,2021-07-01 01:48:41.806761,"F","062014","right","NA","NA",-0.00533465391557727,-0.00266731746931293,-0.000992594458734251
1898.60000000044,"",53,422168,"eb1udc3xu2","fr","false",800,1280,980,1363,2,57,16.6666666666667,"",NA,"down","touchscreen",998.467000000004,99.9469999999856,97.2000000001281,6,TRUE,8,8,7,32,-0.125,38,0.05,1,NA,2021-07-01 01:48:41.806761,"F","062014","right","NA","NA",-4.95218843813406,-0.63655031806748,-0.135816018694772
1087.19999999995,"",54,425299,"eb1udc3xu2","fr","false",800,1280,980,1363,2,57,16.6666666666667,"",NA,"up","touchscreen",998.508999999962,99.8619999999646,96.2000000008848,6,TRUE,9,9,12,44,0.125,38,0.2,1,NA,2021-07-01 01:48:41.806761,"F","062014","right","NA","NA",1.99422540012862,0.315405670329284,0.203376940945384
3204.09999999992,"",55,430546,"eb1udc3xu2","fr","false",800,1280,980,1363,2,57,16.6666666666667,"",NA,"down","touchscreen",998.492999999959,99.8700000000536,94.8000000007451,6,TRUE,10,10,12,56,-0.125,38,0.1,1,NA,2021-07-01 01:48:41.806761,"F","062014","right","NA","NA",-0.924260642317589,-0.152247659715988,-0.052232369069467
1307.10000000003,"",56,433890,"eb1udc3xu2","fr","false",800,1280,980,1363,2,57,16.6666666666667,"",NA,"up","touchscreen",998.555000000051,99.8919999999925,95.5000000003492,6,FALSE,0,10,0,56,-0.125,66,0.15,1,NA,2021-07-01 01:48:41.806761,"F","062014","right","NA","NA",-0.472177852592955,-0.0589196937729168,-0.0302850858056624
1765.8000000001,"",57,437693,"eb1udc3xu2","fr","false",800,1280,980,1363,2,57,16.6666666666667,"",NA,"up","touchscreen",998.570999999996,99.829000000027,95.1999999997206,6,TRUE,1,10,1,57,0.0625,38,0.05,1,NA,2021-07-01 01:48:41.806761,"F","062014","right","NA","NA",4.16291331786325,0.570049012722495,0.106470023022563
2629.29999999964,"",58,442352,"eb1udc3xu2","fr","false",800,1280,980,1363,2,57,16.6666666666667,"",NA,"up","touchscreen",998.684999999998,99.6030000000028,97.399999999674,6,TRUE,2,10,1,58,0.0625,38,0.1,1,NA,2021-07-01 01:48:41.806761,"F","062014","right","NA","NA",0.802366429087235,0.132547806648201,0.0492477857897603
2994.49999999977,"",59,447374,"eb1udc3xu2","fr","false",800,1280,980,1363,2,57,16.6666666666667,"",NA,"down","touchscreen",994.802000000025,103.42300000001,99.0000000001746,6,TRUE,3,10,1,59,0,38,0.05,1,NA,2021-07-01 01:48:41.806761,"F","062014","right","NA","NA",-0.403104729832217,-0.0670330083143747,-0.0103137824922348
1436.70000000019,"",60,450847,"eb1udc3xu2","fr","false",800,1280,980,1363,2,57,16.6666666666667,"",NA,"up","touchscreen",998.464000000036,99.9710000000196,94.9999999993597,6,FALSE,0,10,0,59,-0.0625,66,0.2,1,NA,2021-07-01 01:48:41.806761,"F","062014","right","NA","NA",-0.178190405529577,-0.0222682774827821,-0.0173076486872115
2720.80000000005,"",61,455611,"eb1udc3xu2","fr","false",800,1280,980,1363,2,57,16.6666666666667,"",NA,"up","touchscreen",997.860999999975,100.588999999978,94.6999999996042,6,TRUE,1,10,0,59,0.0625,18,0.1,1,NA,2021-07-01 01:48:41.806761,"F","062014","right","NA","NA",0.82937484208288,0.203025458283171,0.0699187001385519
1711.29999999993,"",62,459358,"eb1udc3xu2","fr","false",800,1280,980,1363,2,57,16.6666666666667,"",NA,"down","touchscreen",998.376000000047,99.8789999999572,96.4999999996508,6,TRUE,2,10,1,60,-0.1875,38,0.05,1,NA,2021-07-01 01:48:41.806761,"F","062014","right","NA","NA",-5.79054828983721,-0.694435907863789,-0.14925666069718
3070.00000000058,"",63,464467,"eb1udc3xu2","fr","false",800,1280,980,1363,2,57,16.6666666666667,"",NA,"down","touchscreen",1000.587,97.8190000000177,93.8000000005122,6,TRUE,3,10,1,61,-0.0625,38,0.05,1,NA,2021-07-01 01:48:41.806761,"F","062014","right","NA","NA",-2.01739513635553,-0.318699903201411,-0.0453357709631529
1818.10000000038,"",64,468319,"eb1udc3xu2","fr","false",800,1280,980,1363,2,57,16.6666666666667,"",NA,"up","touchscreen",998.544999999984,99.8169999999809,98.2000000003609,6,TRUE,4,10,2,63,0.1875,6,0.05,1,NA,2021-07-01 01:48:41.806761,"F","062014","right","NA","NA",3.75579012287404,0.882654101906892,0.245970532549275
2867.69999999978,"",65,473230,"eb1udc3xu2","fr","false",800,1280,980,1363,2,57,16.6666666666667,"",NA,"down","touchscreen",997.543000000005,100.879000000015,96.5999999998603,6,TRUE,5,10,2,65,-0.1875,66,0.05,1,NA,2021-07-01 01:48:41.806761,"F","062014","right","NA","NA",-9.36363522780631,-0.760297688588857,-0.165509620552859
1741.79999999981,"",66,477014,"eb1udc3xu2","fr","false",800,1280,980,1363,2,57,16.6666666666667,"",NA,"up","touchscreen",997.704000000027,100.657000000007,96.4000000003143,6,FALSE,0,10,0,65,0.125,6,0.15,1,NA,2021-07-01 01:48:41.806761,"F","062014","right","NA","NA",-0.2322963972674,-0.115372594218963,-0.05595384550318
1812.5,"",67,480863,"eb1udc3xu2","fr","false",800,1280,980,1363,2,57,16.6666666666667,"",NA,"up","touchscreen",1000.29499999998,98.0829999999842,95.8000000000466,6,TRUE,1,10,1,66,0.0625,66,0.1,1,NA,2021-07-01 01:48:41.806761,"F","062014","right","NA","NA",2.30735855106435,0.277123644792785,0.0996876267820155
2828.79999999929,"",68,485725,"eb1udc3xu2","fr","false",800,1280,980,1363,2,57,16.6666666666667,"",NA,"up","touchscreen",998.378000000026,99.7870000000112,97.7999999995227,6,FALSE,0,10,0,66,-0.0625,18,0.05,1,NA,2021-07-01 01:48:41.806761,"F","062014","right","NA","NA",-1.28768080906628,-0.306433307207798,-0.0668199661997913
1637.29999999941,"",69,489394,"eb1udc3xu2","fr","false",800,1280,980,1363,2,57,16.6666666666667,"",NA,"up","touchscreen",998.353999999992,100.037000000011,97.0999999999185,6,FALSE,0,10,0,66,-0.125,38,0.15,1,NA,2021-07-01 01:48:41.806761,"F","062014","right","NA","NA",-1.42191914961264,-0.230599445030567,-0.151379034600695
2225.80000000016,"",70,493659,"eb1udc3xu2","fr","false",800,1280,980,1363,2,57,16.6666666666667,"",NA,"down","touchscreen",999.882999999973,98.515000000014,93.4999999999418,6,TRUE,1,10,0,66,0.1875,38,0.15,1,NA,2021-07-01 01:48:41.806761,"F","062014","right","NA","NA",-0.0010317837103324,-0.000171963949179442,-8.95255896542058e-05
3827.69999999984,"",71,499524,"eb1udc3xu2","fr","false",800,1280,980,1363,2,57,16.6666666666667,"",NA,"down","touchscreen",999.126999999979,99.0469999999623,94.199999999546,6,FALSE,0,10,0,66,0.1875,6,0.15,1,NA,2021-07-01 01:48:41.806761,"F","062014","right","NA","NA",0.121653768878831,0.0607146687394967,0.0175914892030396
1433.6999999996,"",72,503003,"eb1udc3xu2","fr","false",800,1280,980,1363,2,57,16.6666666666667,"",NA,"up","touchscreen",998.582000000053,99.8759999999893,97.7000000002445,6,TRUE,1,10,3,69,0.0625,18,0.2,1,NA,2021-07-01 01:48:41.806761,"F","062014","right","NA","NA",0.567387109726941,0.140440942175342,0.0895781587185032
1676.99999999965,"",73,506710,"eb1udc3xu2","fr","false",800,1280,980,1363,2,57,16.6666666666667,"",NA,"up","touchscreen",998.417000000016,99.9949999999953,100.499999999534,6,TRUE,2,10,5,74,0.1875,6,0.2,1,NA,2021-07-01 01:48:41.806761,"F","062014","right","NA","NA",4.05695015367427,0.896931177559033,0.321528120269498
1349.79999999999,"",74,510091,"eb1udc3xu2","fr","false",800,1280,980,1363,2,57,16.6666666666667,"",NA,"down","touchscreen",998.641999999993,99.8159999999916,95.8000000000466,6,TRUE,3,10,8,82,-0.125,18,0.2,1,NA,2021-07-01 01:48:41.806761,"F","062014","right","NA","NA",-2.10716987689082,-0.466076656440059,-0.384269047394476
1556.59999999986,"",75,513675,"eb1udc3xu2","fr","false",800,1280,980,1363,2,57,16.6666666666667,"",NA,"up","touchscreen",998.537000000011,99.880999999994,97.3000000003376,6,TRUE,4,10,10,92,0.0625,18,0.05,1,NA,2021-07-01 01:48:41.806761,"F","062014","right","NA","NA",1.27373527990771,0.303421695895557,0.0435388729496808
4193.79999999999,"",76,519909,"eb1udc3xu2","fr","false",800,1280,980,1363,2,57,16.6666666666667,"",NA,"up","touchscreen",998.580000000016,99.8090000000084,96.7000000000698,6,FALSE,0,10,0,92,-0.1875,6,0.1,1,NA,2021-07-01 01:48:41.806761,"F","062014","right","NA","NA",-4.85803610593312,-0.924702745192042,-0.11124875291372
1478.00000000006,"",77,523418,"eb1udc3xu2","fr","false",800,1280,980,1363,2,57,16.6666666666667,"",NA,"up","touchscreen",998.656000000017,99.9100000000326,95.699999999837,6,TRUE,1,10,3,95,0.1875,18,0.1,1,NA,2021-07-01 01:48:41.806761,"F","062014","right","NA","NA",1.6954448867823,0.39025238437958,0.107659454072357
3508.69999999937,"",78,528961,"eb1udc3xu2","fr","false",800,1280,980,1363,2,57,16.6666666666667,"",NA,"down","touchscreen",998.498000000021,99.8890000000829,95.1999999997206,6,TRUE,2,10,3,98,0,18,0.2,1,NA,2021-07-01 01:48:41.806761,"F","062014","right","NA","NA",-0.627501763448922,-0.154980009997175,-0.0799705368126093
1802.59999999998,"",79,532797,"eb1udc3xu2","fr","false",800,1280,980,1363,2,57,16.6666666666667,"",NA,"up","touchscreen",998.5,99.8610000000335,94.9999999993015,6,TRUE,3,10,4,102,0.0625,6,0.05,1,NA,2021-07-01 01:48:41.806761,"F","062014","right","NA","NA",2.62709498420098,0.795664707547786,0.167660136108684
3324.70000000007,"",80,538164,"eb1udc3xu2","fr","false",800,1280,980,1363,2,57,16.6666666666667,"",NA,"up","touchscreen",998.474000000046,99.9260000000941,95.8999999994412,6,TRUE,4,10,4,106,0.0625,66,0.05,1,NA,2021-07-01 01:48:41.806761,"F","062014","right","NA","NA",2.07931439646091,0.251556158421503,0.0466637666052295
1785.10000000009,"",81,541982,"eb1udc3xu2","fr","false",800,1280,980,1363,2,57,16.6666666666667,"",NA,"up","touchscreen",998.581999999937,99.8270000000484,96.2000000008848,6,TRUE,5,10,5,111,0.125,18,0.1,1,NA,2021-07-01 01:48:41.806761,"F","062014","right","NA","NA",3.16254489761645,0.620205923420098,0.178891672712139
1985.30000000028,"",82,546014,"eb1udc3xu2","fr","false",800,1280,980,1363,2,57,16.6666666666667,"",NA,"down","touchscreen",998.510000000009,99.8710000000428,94.7999999998137,6,TRUE,6,10,5,116,-0.0625,18,0.1,1,NA,2021-07-01 01:48:41.806761,"F","062014","right","NA","NA",-1.61688427455782,-0.374761881403758,-0.116937640041141
2222.09999999986,"",83,550277,"eb1udc3xu2","fr","false",800,1280,980,1363,2,57,16.6666666666667,"",NA,"up","touchscreen",998.537999999942,99.8439999999246,95.0000000002328,6,TRUE,7,10,5,121,0,66,0.1,1,NA,2021-07-01 01:48:41.806761,"F","062014","right","NA","NA",1.8134696562428,0.221074837236012,0.0742006301575986
1454.30000000028,"",84,553768,"eb1udc3xu2","fr","false",800,1280,980,1363,2,57,16.6666666666667,"",NA,"up","touchscreen",998.805999999982,99.637999999919,95.9000000002561,6,TRUE,8,10,8,129,0.1875,18,0.05,1,NA,2021-07-01 01:48:41.806761,"F","062014","right","NA","NA",6.71724369185182,0.8592006355722,0.197882979050826
1562.40000000072,"",85,557371,"eb1udc3xu2","fr","false",800,1280,980,1363,2,57,16.6666666666667,"",NA,"up","touchscreen",998.437000000034,99.9420000000391,96.7000000000698,6,TRUE,9,10,10,139,0.0625,6,0.15,1,NA,2021-07-01 01:48:41.806761,"F","062014","right","NA","NA",0.438396243974951,0.21411459914907,0.0492037635779429
1344.39999999991,"",86,560751,"eb1udc3xu2","fr","false",800,1280,980,1363,2,57,16.6666666666667,"",NA,"up","touchscreen",998.526000000071,99.8500000000931,95.3999999992084,6,TRUE,10,10,13,152,0.1875,38,0.1,1,NA,2021-07-01 01:48:41.806761,"F","062014","right","NA","NA",3.85860775267043,0.54090288525559,0.189579436354639
1912.60000000056,"",87,564695,"eb1udc3xu2","fr","false",800,1280,980,1363,2,57,16.6666666666667,"",NA,"down","touchscreen",998.70000000007,99.6550000000279,96.1000000006752,6,FALSE,0,10,0,152,0.0625,6,0.1,1,NA,2021-07-01 01:48:41.806761,"F","062014","right","NA","NA",0.838699905885074,0.386722844464062,0.122553032544457
2022.30000000051,"",88,568748,"eb1udc3xu2","fr","false",800,1280,980,1363,2,57,16.6666666666667,"",NA,"down","touchscreen",998.584000000032,99.8249999999534,95.5999999996275,6,FALSE,0,10,0,152,-0.125,66,0.2,1,NA,2021-07-01 01:48:41.806761,"F","062014","right","NA","NA",0.245331773219206,0.0306520619420746,0.0209021199107581
2007.99999999977,"",89,572796,"eb1udc3xu2","fr","false",800,1280,980,1363,2,57,16.6666666666667,"",NA,"up","touchscreen",998.494000000064,99.9039999999804,95.9000000002561,6,FALSE,0,10,0,152,-0.0625,18,0.15,1,NA,2021-07-01 01:48:41.806761,"F","062014","right","NA","NA",-1.02857395096243,-0.249041612661631,-0.129198379919105
1884.50000000012,"",90,576713,"eb1udc3xu2","fr","false",800,1280,980,1363,2,57,16.6666666666667,"",NA,"up","touchscreen",998.545999999973,99.8379999999888,99.1000000004424,6,TRUE,1,10,1,153,0.1875,18,0.2,1,NA,2021-07-01 01:48:41.806761,"F","062014","right","NA","NA",1.37413159864827,0.324896137647611,0.221680040332624
1796.40000000026,"",91,580540,"eb1udc3xu2","fr","false",800,1280,980,1363,2,57,16.6666666666667,"",NA,"down","touchscreen",998.89300000004,99.51800000004,95.8000000000466,6,TRUE,2,10,2,155,-0.1875,66,0.15,1,NA,2021-07-01 01:48:41.806761,"F","062014","right","NA","NA",-3.27473232881583,-0.378831535114452,-0.216292043312552
1171.99999999953,"",92,583742,"eb1udc3xu2","fr","false",800,1280,980,1363,2,57,16.6666666666667,"",NA,"up","touchscreen",998.613000000012,99.8540000000503,98.2000000003027,6,TRUE,3,10,6,161,0.1875,66,0.1,1,NA,2021-07-01 01:48:41.806761,"F","062014","right","NA","NA",4.2397690225014,0.468273720409983,0.188016206343574
1562.60000000021,"",93,587345,"eb1udc3xu2","fr","false",800,1280,980,1363,2,57,16.6666666666667,"",NA,"up","touchscreen",998.52099999995,99.8939999999711,96.900000000489,6,TRUE,4,10,8,169,0.1875,18,0.15,1,NA,2021-07-01 01:48:41.806761,"F","062014","right","NA","NA",2.13724661403602,0.471259885773846,0.253940210982288
1791.10000000033,"",94,591174,"eb1udc3xu2","fr","false",800,1280,980,1363,2,57,16.6666666666667,"",NA,"up","touchscreen",1000.57999999996,97.9279999999562,94.2000000004191,6,TRUE,5,10,9,178,0.125,66,0.05,1,NA,2021-07-01 01:48:41.806761,"F","062014","right","NA","NA",6.20208067116762,0.612700074899853,0.131636064915682
3591.40000000026,"",95,596797,"eb1udc3xu2","fr","false",800,1280,980,1363,2,57,16.6666666666667,"",NA,"up","touchscreen",998.342999999993,99.939000000013,96.8000000002794,6,FALSE,0,10,0,178,-0.0625,38,0.2,1,NA,2021-07-01 01:48:41.806761,"F","062014","right","NA","NA",-0.341719147722586,-0.0568610468259729,-0.0337025117613999
1663.50000000058,"",96,600495,"eb1udc3xu2","fr","false",800,1280,980,1363,2,57,16.6666666666667,"",NA,"up","touchscreen",998.283000000054,100.087000000058,95.4999999994179,6,TRUE,1,10,2,180,0.1875,38,0.05,1,NA,2021-07-01 01:48:41.806761,"F","062014","right","NA","NA",5.35375486376585,0.665781302342874,0.15864587819796
2897.10000000009,"",97,605421,"eb1udc3xu2","fr","false",800,1280,980,1363,2,57,16.6666666666667,"",NA,"up","touchscreen",998.212999999989,100.084000000032,99.0999999993946,6,TRUE,2,10,2,182,0.125,66,0.2,1,NA,2021-07-01 01:48:41.806761,"F","062014","right","NA","NA",1.45803065456926,0.179300297444387,0.114402689329415
1858.90000000026,"",98,609312,"eb1udc3xu2","fr","false",800,1280,980,1363,2,57,16.6666666666667,"",NA,"up","touchscreen",998.746000000043,99.6489999999758,98.9000000000233,6,FALSE,0,10,0,182,0,66,0.2,1,NA,2021-07-01 01:48:41.806761,"F","062014","right","NA","NA",-0.475809768910367,-0.0593713031729164,-0.0384964148068808
2180.89999999944,"",99,613527,"eb1udc3xu2","fr","false",800,1280,980,1363,2,57,16.6666666666667,"",NA,"down","touchscreen",998.493999999948,99.7880000000587,94.9000000001397,6,TRUE,1,10,0,182,-0.1875,66,0.2,1,NA,2021-07-01 01:48:41.806761,"F","062014","right","NA","NA",-3.25005023156684,-0.376382040105572,-0.266838759720516
1603.60000000033,"",100,617162,"eb1udc3xu2","fr","false",800,1280,980,1363,2,57,16.6666666666667,"",NA,"up","touchscreen",998.690999999992,99.8880000000354,95.4000000001397,6,TRUE,2,10,2,184,0.125,18,0.2,1,NA,2021-07-01 01:48:41.806761,"F","062014","right","NA","NA",0.496844512191368,0.123263885145084,0.0967998307246701
1812.10000000009,"",101,621016,"eb1udc3xu2","fr","false",800,1280,980,1363,2,57,16.6666666666667,"",NA,"down","touchscreen",998.591000000015,99.8019999999087,95.4000000001397,6,TRUE,3,10,3,187,0,38,0.1,1,NA,2021-07-01 01:48:41.806761,"F","062014","right","NA","NA",-1.77868817011155,-0.284222060640178,-0.0692865900541272
2566.89999999979,"",102,625615,"eb1udc3xu2","fr","false",800,1280,980,1363,2,57,16.6666666666667,"",NA,"down","touchscreen",998.543000000063,99.8710000000428,95.099999999511,6,FALSE,0,10,0,187,0.125,18,0.15,1,NA,2021-07-01 01:48:41.806761,"F","062014","right","NA","NA",2.05396423553767,0.456788878051076,0.228569494849788
1407.50000000023,"",103,629072,"eb1udc3xu2","fr","false",800,1280,980,1363,2,57,16.6666666666667,"",NA,"up","touchscreen",998.555000000051,99.8289999999106,95.8000000000466,6,FALSE,0,10,0,187,0,66,0.15,1,NA,2021-07-01 01:48:41.806761,"F","062014","right","NA","NA",-0.0797761579316481,-0.00997152396373756,-0.00513456894324893
1661.69999999972,"",104,632766,"eb1udc3xu2","fr","false",800,1280,980,1363,2,57,16.6666666666667,"",NA,"up","touchscreen",998.55700000003,99.826999999932,95.8000000000466,6,TRUE,1,10,2,189,0.125,38,0.1,1,NA,2021-07-01 01:48:41.806761,"F","062014","right","NA","NA",1.79862494456514,0.287146480545994,0.0894071878689295
4613.69999999984,"",105,639412,"eb1udc3xu2","fr","false",800,1280,980,1363,2,57,16.6666666666667,"",NA,"up","touchscreen",998.540000000037,99.8360000000102,94.7999999998137,6,FALSE,0,10,0,189,0,66,0.05,1,NA,2021-07-01 01:48:41.806761,"F","062014","right","NA","NA",-1.34791078136092,-0.166147019942974,-0.0257697719482725
2799.30000000063,"",106,644255,"eb1udc3xu2","fr","false",800,1280,980,1363,2,57,16.6666666666667,"",NA,"up","touchscreen",998.652999999933,99.7759999999544,95.8000000000466,6,TRUE,1,10,0,189,0.125,66,0.1,1,NA,2021-07-01 01:48:41.806761,"F","062014","right","NA","NA",2.7015342394886,0.319941758575843,0.118193043888005
1936.70000000019,"",107,648235,"eb1udc3xu2","fr","false",800,1280,980,1363,2,57,16.6666666666667,"",NA,"up","touchscreen",998.780000000028,99.6089999999385,95.699999999837,6,TRUE,2,10,0,189,0.125,6,0.05,1,NA,2021-07-01 01:48:41.806761,"F","062014","right","NA","NA",6.61162646108609,0.957165851728527,0.250781476691322
8357.6999999996,"",108,658634,"eb1udc3xu2","fr","false",800,1280,980,1363,2,57,16.6666666666667,"",NA,"up","touchscreen",998.602000000072,99.7979999999516,94.7999999998137,6,TRUE,3,10,0,189,0.125,66,0.15,1,NA,2021-07-01 01:48:41.806761,"F","062014","right","NA","NA",4.30585093398351,0.473942692765591,0.241612493555143
2531.09999999916,"",109,663209,"eb1udc3xu2","fr","false",800,1280,980,1363,2,57,16.6666666666667,"",NA,"down","touchscreen",998.521999999997,99.8910000000615,95.8000000000466,6,TRUE,4,10,0,189,-0.0625,66,0.15,1,NA,2021-07-01 01:48:41.806761,"F","062014","right","NA","NA",-1.73111374096748,-0.21149432588922,-0.11171374843017
1632.59999999986,"",110,666891,"eb1udc3xu2","fr","false",800,1280,980,1363,2,57,16.6666666666667,"",NA,"up","touchscreen",998.568999999901,99.8429999999935,96.0999999997439,6,TRUE,5,10,2,191,0.1875,38,0.2,1,NA,2021-07-01 01:48:41.806761,"F","062014","right","NA","NA",3.24562751770529,0.475787498772623,0.313046090597234
1809.29999999993,"",111,670741,"eb1udc3xu2","fr","false",800,1280,980,1363,2,57,16.6666666666667,"",NA,"up","touchscreen",997.591000000015,100.741000000038,96.8000000002794,6,TRUE,6,10,3,194,0.125,6,0.2,1,NA,2021-07-01 01:48:41.806761,"F","062014","right","NA","NA",2.40739609382126,0.769188896955168,0.42955561087171
1879.29999999958,"",112,674659,"eb1udc3xu2","fr","false",800,1280,980,1363,2,57,16.6666666666667,"",NA,"down","touchscreen",998.912999999942,99.5160000000615,96.900000000489,6,TRUE,7,10,4,198,-0.125,18,0.05,1,NA,2021-07-01 01:48:41.806761,"F","062014","right","NA","NA",-3.88584683682438,-0.696797912888292,-0.118644778674304
2185.60000000068,"",113,678874,"eb1udc3xu2","fr","false",800,1280,980,1363,2,57,16.6666666666667,"",NA,"down","touchscreen",997.805000000051,100.635000000009,95.9000000002561,6,TRUE,8,10,4,202,-0.0625,66,0.05,1,NA,2021-07-01 01:48:41.806761,"F","062014","right","NA","NA",-0.484331230831195,-0.0604307578802038,-0.0118546764877193
4270,"",2,228185,"ekjovv2nt7","fr","false",834,1194,1024,1375,2,63,16.6666666666667,"",NA,"up","touchscreen",1007,100,97,6,TRUE,1,1,0,0,0.125,6,0.1,1,NA,2021-07-02 08:05:30.501573,"M","000","right","NA","NA",0.633529064766992,0.301976497444079,0.0626472959749932
7355.00000000003,"",3,237652,"ekjovv2nt7","fr","false",834,1194,1024,1375,2,63,16.6666666666667,"",NA,"down","touchscreen",1007,100,99.0000000000291,6,FALSE,0,1,0,0,0.1875,18,0.05,1,NA,2021-07-02 08:05:30.501573,"M","000","right","NA","NA",4.06369499796258,0.712669973554277,0.143911505115806
1702,"",4,241447,"ekjovv2nt7","fr","false",834,1194,1024,1375,2,63,16.6666666666667,"",NA,"up","touchscreen",1003,100,99,6,TRUE,1,1,1,1,0.125,66,0.2,1,NA,2021-07-02 08:05:30.501573,"M","000","right","NA","NA",1.33152114320072,0.164181572628097,0.12309843189535
6687.00000000003,"",5,250218,"ekjovv2nt7","fr","false",834,1194,1024,1375,2,63,16.6666666666667,"",NA,"up","touchscreen",993,101,100,6,TRUE,2,2,1,2,-0.0625,6,0.15,1,NA,2021-07-02 08:05:30.501573,"M","000","right","NA","NA",0.549572987222704,0.264965077220232,0.110801963203726
5391.99999999994,"",6,257709,"ekjovv2nt7","fr","false",834,1194,1024,1375,2,63,16.6666666666667,"",NA,"up","touchscreen",1004,101,99.9999999999709,6,TRUE,3,3,1,3,0.0625,66,0.15,1,NA,2021-07-02 08:05:30.501573,"M","000","right","NA","NA",0.875703086280608,0.108812922046127,0.050148307306133
5244,"",7,265033,"ekjovv2nt7","fr","false",834,1194,1024,1375,2,63,16.6666666666667,"",NA,"up","touchscreen",1003,99,98.0000000000291,6,TRUE,4,4,1,4,0.1875,38,0.2,1,NA,2021-07-02 08:05:30.501573,"M","000","right","NA","NA",1.7601814809483,0.281500292049587,0.151335661669046
5554,"",8,272658,"ekjovv2nt7","fr","false",834,1194,1024,1375,2,63,16.6666666666667,"",NA,"up","touchscreen",992,100,99,6,FALSE,0,4,0,4,0.0625,6,0.2,1,NA,2021-07-02 08:05:30.501573,"M","000","right","NA","NA",-0.995990957789749,-0.445777551885497,-0.281321527608789
1120,"",9,275855,"ekjovv2nt7","fr","false",834,1194,1024,1375,2,63,16.6666666666667,"",NA,"down","touchscreen",1007,99,99,6,FALSE,0,4,0,4,-0.125,6,0.15,1,NA,2021-07-02 08:05:30.501573,"M","000","right","NA","NA",0.201834845890751,0.100407427148735,0.0552933112006053
2552,"",10,280473,"ekjovv2nt7","fr","false",834,1194,1024,1375,2,63,16.6666666666667,"",NA,"up","touchscreen",993,100,99,6,TRUE,1,4,0,4,0.125,6,0.2,1,NA,2021-07-02 08:05:30.501573,"M","000","right","NA","NA",1.60425867616235,0.62570733124559,0.267380153367849
3147,"",11,285690,"ekjovv2nt7","fr","false",834,1194,1024,1375,2,63,16.6666666666667,"",NA,"up","touchscreen",992,100,100,6,TRUE,2,4,0,4,0,66,0.05,1,NA,2021-07-02 08:05:30.501573,"M","000","right","NA","NA",0.903847235756964,0.112266652329043,0.0210940969135457
5040,"",12,292809,"ekjovv2nt7","fr","false",834,1194,1024,1375,2,63,16.6666666666667,"",NA,"up","touchscreen",1007,101,100,6,FALSE,0,4,0,4,-0.0625,18,0.1,1,NA,2021-07-02 08:05:30.501573,"M","000","right","NA","NA",-1.67137201615607,-0.38554002606877,-0.133151471160957
2271,"",13,297160,"ekjovv2nt7","fr","false",834,1194,1024,1375,2,63,16.6666666666667,"",NA,"down","touchscreen",1006,100,99.0000000000582,6,TRUE,1,4,0,4,-0.0625,66,0.1,1,NA,2021-07-02 08:05:30.501573,"M","000","right","NA","NA",-1.06250162462098,-0.131656619247447,-0.0411219089253648
2789,"",14,302041,"ekjovv2nt7","fr","false",834,1194,1024,1375,2,63,16.6666666666667,"",NA,"up","touchscreen",992,100,99,6,FALSE,0,4,0,4,-0.0625,38,0.15,1,NA,2021-07-02 08:05:30.501573,"M","000","right","NA","NA",-1.24001073323388,-0.202391392873989,-0.105580240728755
1272,"",15,305390,"ekjovv2nt7","fr","false",834,1194,1024,1375,2,63,16.6666666666667,"",NA,"down","touchscreen",1003,100,99,6,FALSE,0,4,0,4,0.125,18,0.05,1,NA,2021-07-02 08:05:30.501573,"M","000","right","NA","NA",4.80067080316972,0.768265273921351,0.168519118849991
1056,"",16,308511,"ekjovv2nt7","fr","false",834,1194,1024,1375,2,63,16.6666666666667,"",NA,"up","touchscreen",992,100,99,6,TRUE,1,4,5,9,0.0625,6,0.05,1,NA,2021-07-02 08:05:30.501573,"M","000","right","NA","NA",1.04314803026533,0.462450928684453,0.0612153659569516
312,"",17,310901,"ekjovv2nt7","fr","false",834,1194,1024,1375,2,63,16.6666666666667,"",NA,"up","touchscreen",1005,100,99,6,TRUE,2,4,13,22,0.1875,6,0.2,1,NA,2021-07-02 08:05:30.501573,"M","000","right","NA","NA",0.621731396764129,0.296852875955822,0.200007858656637
846,"",18,313811,"ekjovv2nt7","fr","false",834,1194,1024,1375,2,63,16.6666666666667,"",NA,"up","touchscreen",996,100,98.9999999999418,6,FALSE,0,4,0,22,0.0625,6,0.15,1,NA,2021-07-02 08:05:30.501573,"M","000","right","NA","NA",-0.12055310120474,-0.06016734781718,-0.0227879157955179
2283,"",19,318178,"ekjovv2nt7","fr","false",834,1194,1024,1375,2,63,16.6666666666667,"",NA,"down","touchscreen",1007,100,99,6,TRUE,1,4,0,22,-0.1875,66,0.15,1,NA,2021-07-02 08:05:30.501573,"M","000","right","NA","NA",-1.81406000291883,-0.221143285713585,-0.131115593923797
1912,"",20,322178,"ekjovv2nt7","fr","false",834,1194,1024,1375,2,63,16.6666666666667,"",NA,"up","touchscreen",1005,99,98,6,TRUE,2,4,0,22,0.0625,38,0.15,1,NA,2021-07-02 08:05:30.501573,"M","000","right","NA","NA",1.34426654965561,0.21862457659398,0.130661857518413
3798,"",21,328039,"ekjovv2nt7","fr","false",834,1194,1024,1375,2,63,16.6666666666667,"",NA,"up","touchscreen",992,100,99,6,FALSE,0,4,0,22,-0.0625,18,0.05,1,NA,2021-07-02 08:05:30.501573,"M","000","right","NA","NA",-3.70940237800594,-0.679970262166596,-0.112312379646407
168,"",22,330283,"ekjovv2nt7","fr","false",834,1194,1024,1375,2,63,16.6666666666667,"",NA,"down","touchscreen",1002,109,108,6,FALSE,0,4,0,22,0.0625,6,0.1,1,NA,2021-07-02 08:05:30.501573,"M","000","right","NA","NA",2.11134693271563,0.725991036690579,0.149896905278377
4588.00000000006,"",23,336947,"ekjovv2nt7","fr","false",834,1194,1024,1375,2,63,16.6666666666667,"",NA,"up","touchscreen",1005,100,100,6,TRUE,1,4,0,22,0.1875,18,0.1,1,NA,2021-07-02 08:05:30.501573,"M","000","right","NA","NA",0.938719656654026,0.22847270521788,0.0736155932765409
6932,"",24,345958,"ekjovv2nt7","fr","false",834,1194,1024,1375,2,63,16.6666666666667,"",NA,"up","touchscreen",1004,100,99,6,TRUE,2,4,0,22,0.0625,38,0.05,1,NA,2021-07-02 08:05:30.501573,"M","000","right","NA","NA",2.98445490110272,0.445356852445961,0.0704287969030472
1272,"",25,349307,"ekjovv2nt7","fr","false",834,1194,1024,1375,2,63,16.6666666666667,"",NA,"up","touchscreen",1004,101,100.000000000058,6,TRUE,3,4,4,26,-0.0625,6,0.2,1,NA,2021-07-02 08:05:30.501573,"M","000","right","NA","NA",1.08941713668817,0.478347169103707,0.170990172258515
2514,"",26,353901,"ekjovv2nt7","fr","false",834,1194,1024,1375,2,63,16.6666666666667,"",NA,"up","touchscreen",1007,100,99.0000000000582,6,FALSE,0,4,0,26,-0.125,66,0.05,1,NA,2021-07-02 08:05:30.501573,"M","000","right","NA","NA",-6.97757642226187,-0.657307392455754,-0.138159515981439
779,"",27,356755,"ekjovv2nt7","fr","false",834,1194,1024,1375,2,63,16.6666666666667,"",NA,"down","touchscreen",995,100,99,6,TRUE,1,4,6,32,-0.125,38,0.1,1,NA,2021-07-02 08:05:30.501573,"M","000","right","NA","NA",-2.28603354202704,-0.35603874836275,-0.135680903636019
866,"",28,359694,"ekjovv2nt7","fr","false",834,1194,1024,1375,2,63,16.6666666666667,"",NA,"up","touchscreen",1000,100,99,6,TRUE,2,4,12,44,0.1875,6,0.1,1,NA,2021-07-02 08:05:30.501573,"M","000","right","NA","NA",1.32943048357353,0.55357458812241,0.182460899012151
759,"",29,362539,"ekjovv2nt7","fr","false",834,1194,1024,1375,2,63,16.6666666666667,"",NA,"up","touchscreen",1007,100,99,6,TRUE,3,4,18,62,0.0625,66,0.1,1,NA,2021-07-02 08:05:30.501573,"M","000","right","NA","NA",0.845487271645438,0.105100577834,0.0360087076784722
9198,"",30,373811,"ekjovv2nt7","fr","false",834,1194,1024,1375,2,63,16.6666666666667,"",NA,"up","touchscreen",1007,100,99,6,FALSE,0,4,0,62,-0.1875,6,0.05,1,NA,2021-07-02 08:05:30.501573,"M","000","right","NA","NA",-2.89737774666642,-0.822972639418181,-0.224708046567696
584,"",31,376468,"ekjovv2nt7","fr","false",834,1194,1024,1375,2,63,16.6666666666667,"",NA,"down","touchscreen",994,101,99.9999999999418,6,FALSE,0,4,0,62,-0.0625,66,0.2,1,NA,2021-07-02 08:05:30.501573,"M","000","right","NA","NA",0.277703531401127,0.0346920459631569,0.0284019282046744
1444,"",32,379977,"ekjovv2nt7","fr","false",834,1194,1024,1375,2,63,16.6666666666667,"",NA,"up","touchscreen",992,100,100,6,TRUE,1,4,3,65,0.125,66,0.15,1,NA,2021-07-02 08:05:30.501573,"M","000","right","NA","NA",2.32996084865796,0.279626966798476,0.144114461563864
2876.99999999994,"",33,384923,"ekjovv2nt7","fr","false",834,1194,1024,1375,2,63,16.6666666666667,"",NA,"up","touchscreen",994,100,98.9999999999418,6,FALSE,0,4,0,65,-0.1875,38,0.15,1,NA,2021-07-02 08:05:30.501573,"M","000","right","NA","NA",-2.09742404747264,-0.329989352354677,-0.15950044493468
3808,"",34,390811,"ekjovv2nt7","fr","false",834,1194,1024,1375,2,63,16.6666666666667,"",NA,"up","touchscreen",1007,100,99.0000000000582,6,FALSE,0,4,0,65,-0.1875,66,0.1,1,NA,2021-07-02 08:05:30.501573,"M","000","right","NA","NA",-3.89544681028694,-0.437788750808402,-0.164202668286491
4170,"",35,397058,"ekjovv2nt7","fr","false",834,1194,1024,1375,2,63,16.6666666666667,"",NA,"down","touchscreen",1008,99,100,6,TRUE,1,4,0,65,0,6,0.05,1,NA,2021-07-02 08:05:30.501573,"M","000","right","NA","NA",-0.387765986385874,-0.190338524496726,-0.0196873547931493
8343,"",36,407481,"ekjovv2nt7","fr","false",834,1194,1024,1375,2,63,16.6666666666667,"",NA,"down","touchscreen",1007,99,98,6,TRUE,2,4,0,65,-0.125,18,0.1,1,NA,2021-07-02 08:05:30.501573,"M","000","right","NA","NA",-1.70917834798755,-0.392927119334902,-0.148313069420605
1547,"",37,411107,"ekjovv2nt7","fr","false",834,1194,1024,1375,2,63,16.6666666666667,"",NA,"down","touchscreen",1007,100,100,6,TRUE,3,4,2,67,-0.0625,38,0.1,1,NA,2021-07-02 08:05:30.501573,"M","000","right","NA","NA",-0.965712176958111,-0.158906904000494,-0.0533652430430634
1014,"",38,414200,"ekjovv2nt7","fr","false",834,1194,1024,1375,2,63,16.6666666666667,"",NA,"down","touchscreen",1006,100,99,6,FALSE,0,4,0,67,0.1875,38,0.1,1,NA,2021-07-02 08:05:30.501573,"M","000","right","NA","NA",5.55670293273289,0.679483567875244,0.222065943025623
259,"",39,416527,"ekjovv2nt7","fr","false",834,1194,1024,1375,2,63,16.6666666666667,"",NA,"up","touchscreen",995,92,91,5,TRUE,1,4,9,76,0.1875,66,0.05,1,NA,2021-07-02 08:05:30.501573,"M","000","right","NA","NA",8.74609775158241,0.737878895674912,0.172391220175066
2079,"",40,420670,"ekjovv2nt7","fr","false",834,1194,1024,1375,2,63,16.6666666666667,"",NA,"up","touchscreen",994,100,100.000000000058,6,FALSE,0,4,0,76,0,38,0.2,1,NA,2021-07-02 08:05:30.501573,"M","000","right","NA","NA",-0.524660306650903,-0.0871109783369053,-0.0522495059690847
804.999999999942,"",41,423545,"ekjovv2nt7","fr","false",834,1194,1024,1375,2,63,16.6666666666667,"",NA,"down","touchscreen",994,100,98.9999999999418,6,FALSE,0,4,0,76,0.1875,6,0.15,1,NA,2021-07-02 08:05:30.501573,"M","000","right","NA","NA",1.15297346347636,0.499438801342434,0.271910344166308
2956,"",42,428567,"ekjovv2nt7","fr","false",834,1194,1024,1375,2,63,16.6666666666667,"",NA,"down","touchscreen",992,101,100,6,TRUE,1,4,0,76,0,66,0.15,1,NA,2021-07-02 08:05:30.501573,"M","000","right","NA","NA",-0.682120333004622,-0.0849567775955701,-0.043107992014251
1214,"",43,431847,"ekjovv2nt7","fr","false",834,1194,1024,1375,2,63,16.6666666666667,"",NA,"down","touchscreen",992,100,99,6,TRUE,2,4,4,80,0,18,0.05,1,NA,2021-07-02 08:05:30.501573,"M","000","right","NA","NA",-1.01659449667035,-0.246318063233587,-0.0420935011651455
10154,"",44,443999,"ekjovv2nt7","fr","false",834,1194,1024,1375,2,63,16.6666666666667,"",NA,"down","touchscreen",1003,100,99,6,FALSE,0,4,0,80,0.1875,66,0.1,1,NA,2021-07-02 08:05:30.501573,"M","000","right","NA","NA",3.57894068697335,0.408365424824253,0.142843028042065
1234,"",45,447312,"ekjovv2nt7","fr","false",834,1194,1024,1375,2,63,16.6666666666667,"",NA,"up","touchscreen",1006,99,99,6,TRUE,1,4,4,84,-0.125,18,0.15,1,NA,2021-07-02 08:05:30.501573,"M","000","right","NA","NA",0.994673846458469,0.241319259581851,0.10999946133567
3868,"",46,453247,"ekjovv2nt7","fr","false",834,1194,1024,1375,2,63,16.6666666666667,"",NA,"down","touchscreen",993,100,99.0000000000582,6,TRUE,2,4,4,88,-0.0625,66,0.15,1,NA,2021-07-02 08:05:30.501573,"M","000","right","NA","NA",-0.624961738433535,-0.0778829280496446,-0.0368115762758856
1134,"",47,456447,"ekjovv2nt7","fr","false",834,1194,1024,1375,2,63,16.6666666666667,"",NA,"up","touchscreen",994,100,100,6,FALSE,0,4,0,88,-0.1875,38,0.05,1,NA,2021-07-02 08:05:30.501573,"M","000","right","NA","NA",-7.84559011647006,-0.794336771878288,-0.220788957363236
304,"",48,458828,"ekjovv2nt7","fr","false",834,1194,1024,1375,2,63,16.6666666666667,"",NA,"down","touchscreen",1006,100,100,6,TRUE,1,4,8,96,-0.0625,18,0.15,1,NA,2021-07-02 08:05:30.501573,"M","000","right","NA","NA",-1.59811185018191,-0.371012760174018,-0.217387983947442
1264,"",49,462167,"ekjovv2nt7","fr","false",834,1194,1024,1375,2,63,16.6666666666667,"",NA,"down","touchscreen",1005,100,99,6,TRUE,2,4,12,108,-0.125,6,0.05,1,NA,2021-07-02 08:05:30.501573,"M","000","right","NA","NA",-1.56931888213481,-0.617308315408507,-0.0908084346652839
1463,"",50,465710,"ekjovv2nt7","fr","false",834,1194,1024,1375,2,63,16.6666666666667,"",NA,"down","touchscreen",1004,100,99,6,FALSE,0,4,0,108,0.1875,66,0.2,1,NA,2021-07-02 08:05:30.501573,"M","000","right","NA","NA",1.73176976542701,0.211570887015272,0.156508283254668
1762,"",51,469545,"ekjovv2nt7","fr","false",834,1194,1024,1375,2,63,16.6666666666667,"",NA,"up","touchscreen",1003,100,99,6,TRUE,1,4,1,109,0.125,18,0.1,1,NA,2021-07-02 08:05:30.501573,"M","000","right","NA","NA",1.02765588522948,0.248833096842037,0.0816418051620715
2452.00000000006,"",52,474071,"ekjovv2nt7","fr","false",834,1194,1024,1375,2,63,16.6666666666667,"",NA,"down","touchscreen",1004,100,99.0000000000582,6,TRUE,2,4,1,110,-0.1875,6,0.1,1,NA,2021-07-02 08:05:30.501573,"M","000","right","NA","NA",-1.21070550670138,-0.517858773906965,-0.162171417119535
1409,"",53,477557,"ekjovv2nt7","fr","false",834,1194,1024,1375,2,63,16.6666666666667,"",NA,"down","touchscreen",1004,99,99,6,TRUE,3,4,4,114,-0.125,38,0.15,1,NA,2021-07-02 08:05:30.501573,"M","000","right","NA","NA",-2.54557585912131,-0.390565620821131,-0.219878512809982
7194,"",54,486829,"ekjovv2nt7","fr","false",834,1194,1024,1375,2,63,16.6666666666667,"",NA,"down","touchscreen",1004,100,99,6,FALSE,0,4,0,114,0.0625,38,0.2,1,NA,2021-07-02 08:05:30.501573,"M","000","right","NA","NA",1.6170043598217,0.260216505817514,0.186999612557012
367,"",55,489261,"ekjovv2nt7","fr","false",834,1194,1024,1375,2,63,16.6666666666667,"",NA,"up","touchscreen",994,101,100,6,FALSE,0,4,0,114,0,18,0.1,1,NA,2021-07-02 08:05:30.501573,"M","000","right","NA","NA",-1.51405565017669,-0.354002977416625,-0.131704955066888
917,"",56,492246,"ekjovv2nt7","fr","false",834,1194,1024,1375,2,63,16.6666666666667,"",NA,"up","touchscreen",997,100,99.0000000000582,6,TRUE,1,4,5,119,0.1875,6,0.05,1,NA,2021-07-02 08:05:30.501573,"M","000","right","NA","NA",0.404486318726535,0.198229761244308,0.0176532186106046
2274,"",57,496596,"ekjovv2nt7","fr","false",834,1194,1024,1375,2,63,16.6666666666667,"",NA,"down","touchscreen",1004,100,99,6,TRUE,2,4,5,124,0.125,38,0.2,1,NA,2021-07-02 08:05:30.501573,"M","000","right","NA","NA",-0.682149243649563,-0.112963812740098,-0.0593864251246951
4200.99999999994,"",58,502879,"ekjovv2nt7","fr","false",834,1194,1024,1375,2,63,16.6666666666667,"",NA,"up","touchscreen",1005,100,98.9999999999418,6,TRUE,3,4,5,129,0,38,0.05,1,NA,2021-07-02 08:05:30.501573,"M","000","right","NA","NA",0.254591396344119,0.0423937522969694,0.00781979411482007
7336,"",59,512281,"ekjovv2nt7","fr","false",834,1194,1024,1375,2,63,16.6666666666667,"",NA,"down","touchscreen",994,99,99,6,FALSE,0,4,0,129,0.0625,18,0.2,1,NA,2021-07-02 08:05:30.501573,"M","000","right","NA","NA",3.21273513695387,0.626207446008349,0.389428126001759
131.999999999942,"",60,514486,"ekjovv2nt7","fr","false",834,1194,1024,1375,2,63,16.6666666666667,"",NA,"up","touchscreen",997,103,102.999999999942,6,TRUE,1,4,9,138,0,6,0.2,1,NA,2021-07-02 08:05:30.501573,"M","000","right","NA","NA",0.330590813061764,0.163082503543587,0.130234003870893
2596,"",61,519147,"ekjovv2nt7","fr","false",834,1194,1024,1375,2,63,16.6666666666667,"",NA,"up","touchscreen",994,100,99.0000000000582,6,FALSE,0,4,0,138,0,38,0.1,1,NA,2021-07-02 08:05:30.501573,"M","000","right","NA","NA",-0.36373659347398,-0.0605116737320474,-0.0183328965545281
959.999999999942,"",62,522182,"ekjovv2nt7","fr","false",834,1194,1024,1375,2,63,16.6666666666667,"",NA,"down","touchscreen",1004,100,98.9999999999418,6,TRUE,1,4,5,143,-0.125,18,0.05,1,NA,2021-07-02 08:05:30.501573,"M","000","right","NA","NA",-2.55080573822254,-0.537678094648137,-0.0904673909224627
809,"",63,525058,"ekjovv2nt7","fr","false",834,1194,1024,1375,2,63,16.6666666666667,"",NA,"down","touchscreen",994,99,98,6,FALSE,0,4,0,143,0.1875,66,0.15,1,NA,2021-07-02 08:05:30.501573,"M","000","right","NA","NA",3.58144329800387,0.408603317321048,0.194732297706808
717,"",64,527858,"ekjovv2nt7","fr","false",834,1194,1024,1375,2,63,16.6666666666667,"",NA,"up","touchscreen",1007,100,99,6,FALSE,0,4,0,143,-0.1875,6,0.15,1,NA,2021-07-02 08:05:30.501573,"M","000","right","NA","NA",-0.962972469580945,-0.433819095508174,-0.201349522192491
953.999999999884,"",65,530890,"ekjovv2nt7","fr","false",834,1194,1024,1375,2,63,16.6666666666667,"",NA,"down","touchscreen",1006,99,98.9999999998836,6,FALSE,0,4,0,143,0.125,38,0.05,1,NA,2021-07-02 08:05:30.501573,"M","000","right","NA","NA",6.00253306961798,0.707255996493641,0.151789516454498
1220,"",66,534186,"ekjovv2nt7","fr","false",834,1194,1024,1375,2,63,16.6666666666667,"",NA,"up","touchscreen",1003,100,99,6,FALSE,0,4,0,143,-0.125,38,0.05,1,NA,2021-07-02 08:05:30.501573,"M","000","right","NA","NA",-4.95859738766092,-0.637039932816283,-0.140374285623789
13318.0000000001,"",67,549567,"ekjovv2nt7","fr","false",834,1194,1024,1375,2,63,16.6666666666667,"",NA,"down","touchscreen",994,101,99,6,FALSE,0,4,0,143,0.1875,18,0.2,1,NA,2021-07-02 08:05:30.501573,"M","000","right","NA","NA",1.14601460445121,0.275422619487404,0.157797990996142
2734,"",68,554378,"ekjovv2nt7","fr","false",834,1194,1024,1375,2,63,16.6666666666667,"",NA,"up","touchscreen",1004,100,99,6,TRUE,1,4,0,143,0.0625,18,0.1,1,NA,2021-07-02 08:05:30.501573,"M","000","right","NA","NA",1.52216831837595,0.355660429502197,0.103650897352984
1124,"",69,557577,"ekjovv2nt7","fr","false",834,1194,1024,1375,2,63,16.6666666666667,"",NA,"down","touchscreen",1006,100,99,6,TRUE,2,4,4,147,-0.125,66,0.2,1,NA,2021-07-02 08:05:30.501573,"M","000","right","NA","NA",-2.83507982884388,-0.334029974434988,-0.235439747001097
1196,"",70,560837,"ekjovv2nt7","fr","false",834,1194,1024,1375,2,63,16.6666666666667,"",NA,"down","touchscreen",992,100,100,6,TRUE,3,4,8,155,-0.1875,6,0.2,1,NA,2021-07-02 08:05:30.501573,"M","000","right","NA","NA",-0.90699719702966,-0.413012643301254,-0.21521054042984
200.999999999884,"",71,563116,"ekjovv2nt7","fr","false",834,1194,1024,1375,2,63,16.6666666666667,"",NA,"down","touchscreen",1007,101,99.9999999998836,5,TRUE,4,4,17,172,-0.0625,66,0.05,1,NA,2021-07-02 08:05:30.501573,"M","000","right","NA","NA",-2.61883580081693,-0.311109234350174,-0.0536309173303428
1096,"",72,566293,"ekjovv2nt7","fr","false",834,1194,1024,1375,2,63,16.6666666666667,"",NA,"down","touchscreen",1004,100,99,6,TRUE,5,5,22,194,-0.125,38,0.2,1,NA,2021-07-02 08:05:30.501573,"M","000","right","NA","NA",-0.911273756365848,-0.15015698115889,-0.102630443395227
7081,"",73,575453,"ekjovv2nt7","fr","false",834,1194,1024,1375,2,63,16.6666666666667,"",NA,"down","touchscreen",1008,100,99,6,TRUE,6,6,22,216,0,18,0.15,1,NA,2021-07-02 08:05:30.501573,"M","000","right","NA","NA",-0.977461756574564,-0.237380670052467,-0.130918450151775
1473,"",74,578993,"ekjovv2nt7","fr","false",834,1194,1024,1375,2,63,16.6666666666667,"",NA,"down","touchscreen",1004,100,100,6,FALSE,0,6,0,216,0,6,0.15,1,NA,2021-07-02 08:05:30.501573,"M","000","right","NA","NA",1.51291657081159,0.603291301743972,0.142847602765313
3500,"",75,584572,"ekjovv2nt7","fr","false",834,1194,1024,1375,2,63,16.6666666666667,"",NA,"up","touchscreen",1004,100,99,6,FALSE,0,6,0,216,-0.0625,38,0.05,1,NA,2021-07-02 08:05:30.501573,"M","000","right","NA","NA",-3.02784750864403,-0.45052535661368,-0.0821663676984515
4668,"",76,591301,"ekjovv2nt7","fr","false",834,1194,1024,1375,2,63,16.6666666666667,"",NA,"down","touchscreen",993,100,99,6,FALSE,0,6,0,216,0.0625,18,0.05,1,NA,2021-07-02 08:05:30.501573,"M","000","right","NA","NA",2.10873028641586,0.466346758054631,0.0724271427463717
679,"",77,594050,"ekjovv2nt7","fr","false",834,1194,1024,1375,2,63,16.6666666666667,"",NA,"up","touchscreen",992,100,100,6,TRUE,1,6,7,223,0.0625,66,0.2,1,NA,2021-07-02 08:05:30.501573,"M","000","right","NA","NA",0.181238559047343,0.0226490084281657,0.0161016324469921
2091,"",78,598201,"ekjovv2nt7","fr","false",834,1194,1024,1375,2,63,16.6666666666667,"",NA,"down","touchscreen",993,100,99,6,FALSE,0,6,0,223,-0.1875,18,0.15,1,NA,2021-07-02 08:05:30.501573,"M","000","right","NA","NA",0.241522276755638,0.0602708011071803,0.0226427534453619
1847,"",79,602129,"ekjovv2nt7","fr","false",834,1194,1024,1375,2,63,16.6666666666667,"",NA,"down","touchscreen",1006,100,99.0000000001164,6,FALSE,0,6,0,223,0.0625,66,0.05,1,NA,2021-07-02 08:05:30.501573,"M","000","right","NA","NA",3.77628676628294,0.426868488822843,0.0624941262880494
312,"",80,604507,"ekjovv2nt7","fr","false",834,1194,1024,1375,2,63,16.6666666666667,"",NA,"up","touchscreen",994,100,99,6,FALSE,0,6,0,223,-0.0625,6,0.1,1,NA,2021-07-02 08:05:30.501573,"M","000","right","NA","NA",-0.349679877258759,-0.172227345212387,-0.039782821105199
3156.00000000012,"",81,609728,"ekjovv2nt7","fr","false",834,1194,1024,1375,2,63,16.6666666666667,"",NA,"up","touchscreen",992,100,100,6,FALSE,0,6,0,223,-0.1875,18,0.1,1,NA,2021-07-02 08:05:30.501573,"M","000","right","NA","NA",-4.39711450723614,-0.739720385809984,-0.314241650860533
3932,"",82,615726,"ekjovv2nt7","fr","false",834,1194,1024,1375,2,63,16.6666666666667,"",NA,"down","touchscreen",993,101,100,6,TRUE,1,6,0,223,-0.0625,38,0.2,1,NA,2021-07-02 08:05:30.501573,"M","000","right","NA","NA",-2.09399128248736,-0.329507955021551,-0.212613854971524
1736,"",83,619536,"ekjovv2nt7","fr","false",834,1194,1024,1375,2,63,16.6666666666667,"",NA,"down","touchscreen",1004,100,99,6,TRUE,2,6,1,224,-0.0625,6,0.05,1,NA,2021-07-02 08:05:30.501573,"M","000","right","NA","NA",-1.9683076781924,-0.701437204852713,-0.0908334999973765
1201,"",84,622803,"ekjovv2nt7","fr","false",834,1194,1024,1375,2,63,16.6666666666667,"",NA,"down","touchscreen",993,100,99,6,FALSE,0,6,0,224,0,6,0.1,1,NA,2021-07-02 08:05:30.501573,"M","000","right","NA","NA",0.459532630480622,0.223931379759431,0.0481236345802146
1643,"",85,626529,"ekjovv2nt7","fr","false",834,1194,1024,1375,2,63,16.6666666666667,"",NA,"down","touchscreen",1007,100,100,6,FALSE,0,6,0,224,0,66,0.2,1,NA,2021-07-02 08:05:30.501573,"M","000","right","NA","NA",0.906386691198869,0.112578085377513,0.0641187436915888
1820.99999999988,"",86,630432,"ekjovv2nt7","fr","false",834,1194,1024,1375,2,63,16.6666666666667,"",NA,"up","touchscreen",1005,100,98.9999999998836,6,FALSE,0,6,0,224,0.125,18,0.2,1,NA,2021-07-02 08:05:30.501573,"M","000","right","NA","NA",-0.620858762665261,-0.153378124069789,-0.111551045827715
8148,"",87,640656,"ekjovv2nt7","fr","false",834,1194,1024,1375,2,63,16.6666666666667,"",NA,"down","touchscreen",1008,100,99.0000000001164,6,FALSE,0,6,0,224,0.1875,38,0.05,1,NA,2021-07-02 08:05:30.501573,"M","000","right","NA","NA",5.85280289467831,0.698271548731131,0.19029268238998
2043,"",88,644771,"ekjovv2nt7","fr","false",834,1194,1024,1375,2,63,16.6666666666667,"",NA,"up","touchscreen",999,100,99,6,TRUE,1,6,0,224,0.125,6,0.15,1,NA,2021-07-02 08:05:30.501573,"M","000","right","NA","NA",1.31772307991916,0.550179826296058,0.227694371913373
821,"",89,647669,"ekjovv2nt7","fr","false",834,1194,1024,1375,2,63,16.6666666666667,"",NA,"down","touchscreen",1008,101,100,6,TRUE,2,6,6,230,-0.1875,38,0.2,1,NA,2021-07-02 08:05:30.501573,"M","000","right","NA","NA",-3.46104531097306,-0.499669035896136,-0.356495425561595
1115.99999999988,"",90,650849,"ekjovv2nt7","fr","false",834,1194,1024,1375,2,63,16.6666666666667,"",NA,"up","touchscreen",993,100,98.9999999998836,6,TRUE,3,6,10,240,0.0625,18,0.15,1,NA,2021-07-02 08:05:30.501573,"M","000","right","NA","NA",2.077710413413,0.460952848101838,0.304083251786022
3379,"",91,656289,"ekjovv2nt7","fr","false",834,1194,1024,1375,2,63,16.6666666666667,"",NA,"up","touchscreen",993,100,100,6,FALSE,0,6,0,240,0,66,0.1,1,NA,2021-07-02 08:05:30.501573,"M","000","right","NA","NA",-1.80538410912663,-0.2201370199756,-0.0751475908636483
240,"",92,658607,"ekjovv2nt7","fr","false",834,1194,1024,1375,2,63,16.6666666666667,"",NA,"down","touchscreen",1005,100,100,6,FALSE,0,6,0,240,0.125,38,0.1,1,NA,2021-07-02 08:05:30.501573,"M","000","right","NA","NA",2.85329429738094,0.429461331298988,0.171280349854297
1290,"",93,661968,"ekjovv2nt7","fr","false",834,1194,1024,1375,2,63,16.6666666666667,"",NA,"up","touchscreen",1003,100,99,6,FALSE,0,6,0,240,-0.125,6,0.2,1,NA,2021-07-02 08:05:30.501573,"M","000","right","NA","NA",-0.391883410948884,-0.192285252171482,-0.0995418107554449
963,"",94,665010,"ekjovv2nt7","fr","false",834,1194,1024,1375,2,63,16.6666666666667,"",NA,"down","touchscreen",1007,100,100,6,FALSE,0,6,0,240,0.1875,38,0.15,1,NA,2021-07-02 08:05:30.501573,"M","000","right","NA","NA",4.3170679518943,0.584043454669525,0.319280875642029
2416.00000000012,"",95,669501,"ekjovv2nt7","fr","false",834,1194,1024,1375,2,63,16.6666666666667,"",NA,"up","touchscreen",1008,100,99,6,FALSE,0,6,0,240,-0.0625,18,0.2,1,NA,2021-07-02 08:05:30.501573,"M","000","right","NA","NA",-0.856308390957614,-0.209334045940276,-0.138839731263884
4733,"",96,676303,"ekjovv2nt7","fr","false",834,1194,1024,1375,2,63,16.6666666666667,"",NA,"up","touchscreen",1005,100,99,6,TRUE,1,6,0,240,0.125,6,0.05,1,NA,2021-07-02 08:05:30.501573,"M","000","right","NA","NA",4.84733152579172,0.924406615140367,0.204330818477318
447,"",97,678818,"ekjovv2nt7","fr","false",834,1194,1024,1375,2,63,16.6666666666667,"",NA,"up","touchscreen",993,101,100,6,FALSE,0,6,0,240,-0.125,6,0.1,1,NA,2021-07-02 08:05:30.501573,"M","000","right","NA","NA",-1.89730388092687,-0.688235228075383,-0.186169137084988
2773,"",98,683668,"ekjovv2nt7","fr","false",834,1194,1024,1375,2,63,16.6666666666667,"",NA,"down","touchscreen",1004,99,99,6,TRUE,1,6,0,240,-0.125,66,0.15,1,NA,2021-07-02 08:05:30.501573,"M","000","right","NA","NA",-2.53772035885612,-0.302366737718138,-0.135745805797914
1929,"",99,687672,"ekjovv2nt7","fr","false",834,1194,1024,1375,2,63,16.6666666666667,"",NA,"down","touchscreen",1005,99,100,6,FALSE,0,6,0,240,0.125,38,0.15,1,NA,2021-07-02 08:05:30.501573,"M","000","right","NA","NA",2.41412821608983,0.373273109247296,0.223032575168295
278.999999999884,"",100,690015,"ekjovv2nt7","fr","false",834,1194,1024,1375,2,63,16.6666666666667,"",NA,"up","touchscreen",993,102,100.999999999884,6,FALSE,0,6,0,240,-0.1875,18,0.05,1,NA,2021-07-02 08:05:30.501573,"M","000","right","NA","NA",-4.48106109294649,-0.746016015617048,-0.171803815021947
11079,"",101,703154,"ekjovv2nt7","fr","false",834,1194,1024,1375,2,63,16.6666666666667,"",NA,"up","touchscreen",992,100,99.0000000001164,6,TRUE,1,6,0,240,0.0625,38,0.1,1,NA,2021-07-02 08:05:30.501573,"M","000","right","NA","NA",2.37545202433811,0.368109009027064,0.130698514384862
787,"",102,705995,"ekjovv2nt7","fr","false",834,1194,1024,1375,2,63,16.6666666666667,"",NA,"up","touchscreen",1005,99,100,6,FALSE,0,6,0,240,-0.1875,38,0.1,1,NA,2021-07-02 08:05:30.501573,"M","000","right","NA","NA",-3.62759663732621,-0.517386926306712,-0.184368520802349
938,"",103,709020,"ekjovv2nt7","fr","false",834,1194,1024,1375,2,63,16.6666666666667,"",NA,"down","touchscreen",1008,99,100,6,FALSE,0,6,0,240,0.125,18,0.15,1,NA,2021-07-02 08:05:30.501573,"M","000","right","NA","NA",1.47570202783557,0.346122036505064,0.194656651541423
5397.00000000012,"",104,716503,"ekjovv2nt7","fr","false",834,1194,1024,1375,2,63,16.6666666666667,"",NA,"up","touchscreen",1007,100,99.0000000001164,6,TRUE,1,6,0,240,0.125,66,0.05,1,NA,2021-07-02 08:05:30.501573,"M","000","right","NA","NA",6.93974248354029,0.655276065125261,0.139839178349579
425.999999999884,"",105,719008,"ekjovv2nt7","fr","false",834,1194,1024,1375,2,63,16.6666666666667,"",NA,"up","touchscreen",1005,100,98.9999999998836,6,FALSE,0,6,0,240,0,38,0.15,1,NA,2021-07-02 08:05:30.501573,"M","000","right","NA","NA",-0.669620264817766,-0.110914775848982,-0.0571580089402519
2537.00000000012,"",106,723610,"ekjovv2nt7","fr","false",834,1194,1024,1375,2,63,16.6666666666667,"",NA,"down","touchscreen",993,100,100,6,FALSE,0,6,0,240,-0.125,18,0.2,1,NA,2021-07-02 08:05:30.501573,"M","000","right","NA","NA",1.00800503493823,0.244361631847937,0.174029036899675
1054,"",107,726743,"ekjovv2nt7","fr","false",834,1194,1024,1375,2,63,16.6666666666667,"",NA,"up","touchscreen",1007,100,99,6,FALSE,0,6,0,240,0,18,0.2,1,NA,2021-07-02 08:05:30.501573,"M","000","right","NA","NA",-1.43340695324463,-0.33734548647163,-0.187628278163644
747,"",108,729569,"ekjovv2nt7","fr","false",834,1194,1024,1375,2,63,16.6666666666667,"",NA,"down","touchscreen",1005,100,99.0000000001164,6,FALSE,0,6,0,240,0.1875,18,0.15,1,NA,2021-07-02 08:05:30.501573,"M","000","right","NA","NA",1.15473238735464,0.277357159514552,0.138632807615925
958,"",109,732602,"ekjovv2nt7","fr","false",834,1194,1024,1375,2,63,16.6666666666667,"",NA,"up","touchscreen",1000,100,99,6,TRUE,1,6,5,245,-0.1875,18,0.2,1,NA,2021-07-02 08:05:30.501573,"M","000","right","NA","NA",0.194888104240408,0.0486642997689236,0.0240877998847452
223.000000000116,"",110,734897,"ekjovv2nt7","fr","false",834,1194,1024,1375,2,63,16.6666666666667,"",NA,"down","touchscreen",1003,108,107,6,TRUE,2,6,14,259,-0.125,66,0.1,1,NA,2021-07-02 08:05:30.501573,"M","000","right","NA","NA",-2.8149041583474,-0.331915585861252,-0.109971229526116
900,"",111,737867,"ekjovv2nt7","fr","false",834,1194,1024,1375,2,63,16.6666666666667,"",NA,"up","touchscreen",999,100,99.0000000001164,6,FALSE,0,6,0,259,-0.1875,66,0.05,1,NA,2021-07-02 08:05:30.501573,"M","000","right","NA","NA",-7.82946664972774,-0.699448419743714,-0.17166125213123
2641,"",112,742583,"ekjovv2nt7","fr","false",834,1194,1024,1375,2,63,16.6666666666667,"",NA,"down","touchscreen",1004,100,100,6,TRUE,1,6,0,259,-0.1875,66,0.2,1,NA,2021-07-02 08:05:30.501573,"M","000","right","NA","NA",-1.43040525666182,-0.17600931094512,-0.117712152230811
1200,"",113,745868,"ekjovv2nt7","fr","false",834,1194,1024,1375,2,63,16.6666666666667,"",NA,"down","touchscreen",1006,100,99,6,FALSE,0,6,0,259,0.125,66,0.1,1,NA,2021-07-02 08:05:30.501573,"M","000","right","NA","NA",2.94704228761719,0.345671676742106,0.107611750314576
5667.30000000007,"",2,53204,"go57odohs8","fr","false",1280,800,1280,632,2,60,16.6666666666667,"",NA,"up","touchscreen",999.110000000001,99.3300000000017,93.3999999997468,6,FALSE,0,0,0,0,0,66,0.15,1,NA,2021-07-01 02:28:26.254842,"M","022014","left","NA","NA",-0.208346936126152,-0.0260345394584875,-0.0131371728645998
1794.89999999987,"",3,57032,"go57odohs8","fr","false",1280,800,1280,632,2,60,16.6666666666667,"",NA,"down","touchscreen",998.903000000006,99.4720000000016,95.4000000001543,6,TRUE,1,1,1,1,-0.1875,38,0.1,1,NA,2021-07-01 02:28:26.254842,"M","022014","left","NA","NA",-4.70398280198575,-0.616985665225461,-0.220678560463939
1182.99999999999,"",4,60244,"go57odohs8","fr","false",1280,800,1280,632,2,60,16.6666666666667,"",NA,"up","touchscreen",997.734000000004,100.558000000005,96.3000000001557,6,TRUE,2,2,5,6,0.125,66,0.15,1,NA,2021-07-01 02:28:26.254842,"M","022014","left","NA","NA",2.29367701335579,0.275605593108177,0.157783444364357
1306.30000000019,"",5,63600,"go57odohs8","fr","false",1280,800,1280,632,2,60,16.6666666666667,"",NA,"down","touchscreen",998.589,99.7860000000001,97.700000000259,6,FALSE,0,2,0,6,-0.0625,38,0.15,1,NA,2021-07-01 02:28:26.254842,"M","022014","left","NA","NA",0.311130822588109,0.0517855593138786,0.0229939031782923
677.599999999991,"",6,66314,"go57odohs8","fr","false",1280,800,1280,632,2,60,16.6666666666667,"",NA,"up","touchscreen",998.581000000006,99.864999999998,100.200000000768,6,TRUE,1,2,7,13,0.1875,18,0.1,1,NA,2021-07-01 02:28:26.254842,"M","022014","left","NA","NA",1.14598502826814,0.275416050601167,0.10155520718987
890.599999999729,"",7,69243,"go57odohs8","fr","false",1280,800,1280,632,2,60,16.6666666666667,"",NA,"down","touchscreen",998.690000000002,99.7060000000056,95.599999999642,6,FALSE,0,2,0,13,0.1875,66,0.05,1,NA,2021-07-01 02:28:26.254842,"M","022014","left","NA","NA",9.63509357733205,0.769368504503557,0.208481273527659
1278.50000000035,"",8,72556,"go57odohs8","fr","false",1280,800,1280,632,2,60,16.6666666666667,"",NA,"up","touchscreen",998.512000000002,99.9119999999966,99.7999999999593,6,FALSE,0,2,0,13,-0.0625,18,0.05,1,NA,2021-07-01 02:28:26.254842,"M","022014","left","NA","NA",-0.43739150062381,-0.108699945883489,-0.024359616503937
3450.20000000023,"",9,78043,"go57odohs8","fr","false",1280,800,1280,632,2,60,16.6666666666667,"",NA,"up","touchscreen",998.475999999995,99.8879999999917,95.2000000006519,6,TRUE,1,2,0,13,0.0625,38,0.15,1,NA,2021-07-01 02:28:26.254842,"M","022014","left","NA","NA",0.686073097901,0.113605239808034,0.0513691399406433
2960.10000000024,"",10,83049,"go57odohs8","fr","false",1280,800,1280,632,2,60,16.6666666666667,"",NA,"up","touchscreen",998.52399999999,99.8820000000123,96.8000000002648,6,TRUE,2,2,0,13,0.0625,38,0.1,1,NA,2021-07-01 02:28:26.254842,"M","022014","left","NA","NA",0.120497380691871,0.0200788480621326,0.00689158304470758
797.800000000279,"",11,85873,"go57odohs8","fr","false",1280,800,1280,632,2,60,16.6666666666667,"",NA,"down","touchscreen",998.597000000009,99.8160000000062,95.7000000007538,6,TRUE,3,3,6,19,-0.0625,18,0.2,1,NA,2021-07-01 02:28:26.254842,"M","022014","left","NA","NA",-0.600912859268783,-0.148561165487782,-0.132742869595465
672.499999999665,"",12,88578,"go57odohs8","fr","false",1280,800,1280,632,2,60,16.6666666666667,"",NA,"up","touchscreen",998.547999999995,99.8390000000072,96.8000000002648,6,FALSE,0,3,0,19,-0.125,6,0.05,1,NA,2021-07-01 02:28:26.254842,"M","022014","left","NA","NA",-2.03366335932086,-0.712983185871494,-0.121712658804323
969.999999999345,"",13,91586,"go57odohs8","fr","false",1280,800,1280,632,2,60,16.6666666666667,"",NA,"down","touchscreen",998.599000000002,99.823000000004,99.1999999996624,6,TRUE,1,3,5,24,-0.1875,18,0.1,1,NA,2021-07-01 02:28:26.254842,"M","022014","left","NA","NA",-1.84144672677953,-0.418176751087884,-0.22374436861776
619.000000000597,"",14,94235,"go57odohs8","fr","false",1280,800,1280,632,2,60,16.6666666666667,"",NA,"up","touchscreen",999.118999999992,99.3340000000026,94.6999999996478,6,TRUE,2,3,12,36,0.0625,66,0.05,1,NA,2021-07-01 02:28:26.254842,"M","022014","left","NA","NA",3.06654061130254,0.357923183565978,0.0550275713619942
1985.09999999989,"",15,98264,"go57odohs8","fr","false",1280,800,1280,632,2,60,16.6666666666667,"",NA,"down","touchscreen",998.340000000011,99.9600000000064,95.5000000003638,6,FALSE,0,3,0,36,0.125,66,0.05,1,NA,2021-07-01 02:28:26.254842,"M","022014","left","NA","NA",5.97571199704789,0.598442166282395,0.152568680698414
1027.90000000004,"",16,101333,"go57odohs8","fr","false",1280,800,1280,632,2,60,16.6666666666667,"",NA,"up","touchscreen",998.665999999997,99.849000000002,95.6999999998661,6,TRUE,1,3,5,41,0,18,0.05,1,NA,2021-07-01 02:28:26.254842,"M","022014","left","NA","NA",0.245961488169378,0.0613744510944778,0.0102255799690628
1431.89999999959,"",17,104799,"go57odohs8","fr","false",1280,800,1280,632,2,60,16.6666666666667,"",NA,"up","touchscreen",998.793000000005,99.5969999999943,97.600000000064,6,FALSE,0,3,0,41,-0.125,6,0.2,1,NA,2021-07-01 02:28:26.254842,"M","022014","left","NA","NA",-5.20468210730955,-0.933453776500963,-0.54650996595502
575.10000000002,"",18,107405,"go57odohs8","fr","false",1280,800,1280,632,2,60,16.6666666666667,"",NA,"down","touchscreen",998.497000000003,100.005000000005,95.7000000007538,6,FALSE,0,3,0,41,-0.0625,6,0.2,1,NA,2021-07-01 02:28:26.254842,"M","022014","left","NA","NA",0.505852261067435,0.245204635675919,0.0663814489241067
1699.70000000013,"",19,111143,"go57odohs8","fr","false",1280,800,1280,632,2,60,16.6666666666667,"",NA,"down","touchscreen",999.52399999999,99.2190000000119,95.9000000002561,6,TRUE,1,3,2,43,-0.125,6,0.15,1,NA,2021-07-01 02:28:26.254842,"M","022014","left","NA","NA",-2.12823867078415,-0.728720678382144,-0.482904185856717
869.200000000099,"",20,114040,"go57odohs8","fr","false",1280,800,1280,632,2,60,16.6666666666667,"",NA,"up","touchscreen",999.296000000002,99.2739999999903,95.5000000003492,6,FALSE,0,3,0,43,-0.0625,38,0.1,1,NA,2021-07-01 02:28:26.254842,"M","022014","left","NA","NA",-4.34272664901607,-0.586323718253783,-0.240633526671021
878.500000000698,"",21,116961,"go57odohs8","fr","false",1280,800,1280,632,2,60,16.6666666666667,"",NA,"up","touchscreen",998.687999999995,99.8129999999946,96.6000000007625,6,FALSE,0,3,0,43,-0.1875,18,0.2,1,NA,2021-07-01 02:28:26.254842,"M","022014","left","NA","NA",-0.965325559765034,-0.234596514468954,-0.167700527922735
582.599999999729,"",22,119575,"go57odohs8","fr","false",1280,800,1280,632,2,60,16.6666666666667,"",NA,"down","touchscreen",998.5,99.8800000000047,95.8000000000466,6,FALSE,0,3,0,43,0,6,0.15,1,NA,2021-07-01 02:28:26.254842,"M","022014","left","NA","NA",1.75952379489104,0.660527140569186,0.290683877316161
551.99999999968,"",23,122158,"go57odohs8","fr","false",1280,800,1280,632,2,60,16.6666666666667,"",NA,"up","touchscreen",998.494999999995,99.8540000000066,97.0999999999476,6,TRUE,1,3,7,50,0.1875,66,0.1,1,NA,2021-07-01 02:28:26.254842,"M","022014","left","NA","NA",5.91748861066636,0.594679912996076,0.243076911622978
989.399999999485,"",24,125178,"go57odohs8","fr","false",1280,800,1280,632,2,60,16.6666666666667,"",NA,"up","touchscreen",998.493000000002,99.846000000005,96.3999999994558,6,FALSE,0,3,0,50,0,6,0.1,1,NA,2021-07-01 02:28:26.254842,"M","022014","left","NA","NA",-0.379041087911133,-0.186205968263559,-0.0522091037805118
906.500000000044,"",25,128123,"go57odohs8","fr","false",1280,800,1280,632,2,60,16.6666666666667,"",NA,"down","touchscreen",998.472000000009,99.8369999999995,99.1000000003696,6,FALSE,0,3,0,50,0.125,6,0.15,1,NA,2021-07-01 02:28:26.254842,"M","022014","left","NA","NA",0.12164573668737,0.0607106748284569,0.0286743631213351
673.899999999761,"",26,130837,"go57odohs8","fr","false",1280,800,1280,632,2,60,16.6666666666667,"",NA,"down","touchscreen",998.559000000008,99.8279999999941,95.699999999837,6,TRUE,1,3,7,57,-0.1875,38,0.05,1,NA,2021-07-01 02:28:26.254842,"M","022014","left","NA","NA",-6.98308570361631,-0.758477963824233,-0.211535467968777
1094.70000000054,"",27,133967,"go57odohs8","fr","false",1280,800,1280,632,2,60,16.6666666666667,"",NA,"up","touchscreen",998.625,99.8150000000023,99.4000000000524,6,FALSE,0,3,0,57,-0.1875,66,0.15,1,NA,2021-07-01 02:28:26.254842,"M","022014","left","NA","NA",-1.46035530133127,-0.179576957590403,-0.0893144268380153
717.899999999645,"",28,136723,"go57odohs8","fr","false",1280,800,1280,632,2,60,16.6666666666667,"",NA,"down","touchscreen",998.606,99.8120000000054,95.9999999995634,6,FALSE,0,3,0,57,0.0625,38,0.2,1,NA,2021-07-01 02:28:26.254842,"M","022014","left","NA","NA",1.02426132853124,0.168275883232256,0.12972282298948
1253.60000000001,"",29,140004,"go57odohs8","fr","false",1280,800,1280,632,2,60,16.6666666666667,"",NA,"down","touchscreen",998.712,99.7010000000009,97.4999999998545,6,TRUE,1,3,4,61,-0.125,6,0.1,1,NA,2021-07-01 02:28:26.254842,"M","022014","left","NA","NA",-1.69023356958463,-0.645480529992365,-0.207252180432828
832.200000000739,"",30,142879,"go57odohs8","fr","false",1280,800,1280,632,2,60,16.6666666666667,"",NA,"up","touchscreen",998.603000000003,99.8190000000177,95.0999999995402,6,FALSE,0,3,0,61,0,18,0.15,1,NA,2021-07-01 02:28:26.254842,"M","022014","left","NA","NA",-0.979303380950636,-0.23780264684748,-0.11931101074046
1016.50000000064,"",31,145926,"go57odohs8","fr","false",1280,800,1280,632,2,60,16.6666666666667,"",NA,"down","touchscreen",998.472999999998,99.8040000000037,95.4000000001688,6,FALSE,0,3,0,61,0.125,18,0.1,1,NA,2021-07-01 02:28:26.254842,"M","022014","left","NA","NA",0.340323794374668,0.0847746697889725,0.0235675168413064
513.500000000029,"",32,148470,"go57odohs8","fr","false",1280,800,1280,632,2,60,16.6666666666667,"",NA,"down","touchscreen",998.483999999997,99.8990000000049,96.7999999993481,6,FALSE,0,3,0,61,0.0625,18,0.05,1,NA,2021-07-01 02:28:26.254842,"M","022014","left","NA","NA",0.577362329500051,0.14286006610711,0.0254200175671758
515.900000000343,"",33,151012,"go57odohs8","fr","false",1280,800,1280,632,2,60,16.6666666666667,"",NA,"up","touchscreen",998.619999999995,99.8040000000037,98.7999999997555,6,TRUE,1,3,7,68,0.1875,6,0.15,1,NA,2021-07-01 02:28:26.254842,"M","022014","left","NA","NA",0.911421843746607,0.414681689030266,0.157053257955554
1000.10000000018,"",34,154048,"go57odohs8","fr","false",1280,800,1280,632,2,60,16.6666666666667,"",NA,"up","touchscreen",998.55799999999,99.8240000000224,95.1000000004424,6,FALSE,0,3,0,68,-0.125,66,0.1,1,NA,2021-07-01 02:28:26.254842,"M","022014","left","NA","NA",-4.05903141291747,-0.452470150128855,-0.177094364385854
422.800000000279,"",35,156516,"go57odohs8","fr","false",1280,800,1280,632,2,60,16.6666666666667,"",NA,"down","touchscreen",998.239999999991,100.108000000007,96.0999999997439,6,TRUE,1,3,8,76,-0.1875,66,0.2,1,NA,2021-07-01 02:28:26.254842,"M","022014","left","NA","NA",-1.58951298108267,-0.19487968685021,-0.147245131862316
1551.5999999998,"",36,160107,"go57odohs8","fr","false",1280,800,1280,632,2,60,16.6666666666667,"",NA,"up","touchscreen",998.575000000012,99.8580000000075,96.8000000002794,6,FALSE,0,3,0,76,-0.1875,18,0.05,1,NA,2021-07-01 02:28:26.254842,"M","022014","left","NA","NA",-4.11312305002412,-0.716896442034671,-0.162528408370253
541.000000000175,"",37,162690,"go57odohs8","fr","false",1280,800,1280,632,2,60,16.6666666666667,"",NA,"down","touchscreen",998.538,99.8589999999967,98.2999999996682,6,FALSE,0,3,0,76,0,66,0.1,1,NA,2021-07-01 02:28:26.254842,"M","022014","left","NA","NA",1.00034977923901,0.124077451561362,0.0457707808727216
237.100000000297,"",38,164969,"go57odohs8","fr","false",1280,800,1280,632,2,60,16.6666666666667,"",NA,"down","touchscreen",998.921000000002,99.4709999999905,95.1000000004715,6,FALSE,0,3,0,76,0,38,0.1,1,NA,2021-07-01 02:28:26.254842,"M","022014","left","NA","NA",0.0094825823111443,0.00158042841142636,0.000606711927204064
348.10000000018,"",39,167355,"go57odohs8","fr","false",1280,800,1280,632,2,60,16.6666666666667,"",NA,"up","touchscreen",998.591000000015,99.8389999999781,99.2000000005937,6,FALSE,0,3,0,76,-0.1875,18,0.15,1,NA,2021-07-01 02:28:26.254842,"M","022014","left","NA","NA",-2.28529296796672,-0.496069993257043,-0.252345500110909
972.399999999645,"",40,170365,"go57odohs8","fr","false",1280,800,1280,632,2,60,16.6666666666667,"",NA,"up","touchscreen",998.474000000017,99.9020000000019,94.9999999993597,6,FALSE,0,3,0,76,-0.0625,6,0.1,1,NA,2021-07-01 02:28:26.254842,"M","022014","left","NA","NA",-1.08722324967655,-0.477603771134215,-0.109580930783145
3902.50000000012,"",41,176307,"go57odohs8","fr","false",1280,800,1280,632,2,60,16.6666666666667,"",NA,"up","touchscreen",998.453999999998,99.8940000000002,96.4000000003434,6,FALSE,0,3,0,76,-0.1875,6,0.15,1,NA,2021-07-01 02:28:26.254842,"M","022014","left","NA","NA",-2.0391572995294,-0.713928226092601,-0.34855111089789
396.400000000547,"",42,178742,"go57odohs8","fr","false",1280,800,1280,632,2,60,16.6666666666667,"",NA,"down","touchscreen",998.592000000004,99.8029999999853,96.2999999992317,6,FALSE,0,3,0,76,0.0625,66,0.15,1,NA,2021-07-01 02:28:26.254842,"M","022014","left","NA","NA",0.20206142739586,0.0252496257051948,0.0137999662544943
426.299999999173,"",43,181202,"go57odohs8","fr","false",1280,800,1280,632,2,60,16.6666666666667,"",NA,"up","touchscreen",998.568999999989,99.869000000006,95.2999999999593,6,TRUE,1,3,8,84,0.1875,6,0.1,1,NA,2021-07-01 02:28:26.254842,"M","022014","left","NA","NA",3.65554884635389,0.877283056143948,0.263998707271736
483.70000000071,"",44,183723,"go57odohs8","fr","false",1280,800,1280,632,2,60,16.6666666666667,"",NA,"down","touchscreen",998.513000000006,99.8899999999849,96.5999999998603,6,TRUE,2,3,16,100,0.0625,6,0.2,1,NA,2021-07-01 02:28:26.254842,"M","022014","left","NA","NA",-0.41444565267554,-0.202911966601375,-0.0973308278625093
1128.30000000031,"",45,186880,"go57odohs8","fr","false",1280,800,1280,632,2,60,16.6666666666667,"",NA,"down","touchscreen",998.52900000001,99.8699999999953,96.1999999999534,6,FALSE,0,3,0,100,0.1875,6,0.2,1,NA,2021-07-01 02:28:26.254842,"M","022014","left","NA","NA",2.10336054099404,0.724688394722891,0.499128935076129
480.099999999773,"",46,189394,"go57odohs8","fr","false",1280,800,1280,632,2,60,16.6666666666667,"",NA,"down","touchscreen",998.48000000001,99.875,95.5000000003783,6,TRUE,1,3,8,108,-0.0625,6,0.05,1,NA,2021-07-01 02:28:26.254842,"M","022014","left","NA","NA",-3.7906870530247,-0.884446423244632,-0.118294349591273
157.199999999662,"",47,191585,"go57odohs8","fr","false",1280,800,1280,632,2,60,16.6666666666667,"",NA,"up","touchscreen",999.103999999992,99.3179999999993,95.2999999999593,6,FALSE,0,3,0,108,0,38,0.2,1,NA,2021-07-01 02:28:26.254842,"M","022014","left","NA","NA",-1.25826796911697,-0.205246633505728,-0.128370910558312
114.200000000012,"",48,193738,"go57odohs8","fr","false",1280,800,1280,632,2,60,16.6666666666667,"",NA,"down","touchscreen",998.492999999988,99.8709999999846,99.2999999998719,6,TRUE,1,3,9,117,-0.125,18,0.1,1,NA,2021-07-01 02:28:26.254842,"M","022014","left","NA","NA",-2.43944568205238,-0.52067297161511,-0.183620992927918
532.299999999843,"",49,196303,"go57odohs8","fr","false",1280,800,1280,632,2,60,16.6666666666667,"",NA,"down","touchscreen",998.752999999997,99.6939999999886,95.2999999999302,6,TRUE,2,3,16,133,-0.0625,66,0.15,1,NA,2021-07-01 02:28:26.254842,"M","022014","left","NA","NA",-0.0931562446640762,-0.011643741192686,-0.00607932323574251
1279.80000000025,"",50,199614,"go57odohs8","fr","false",1280,800,1280,632,2,60,16.6666666666667,"",NA,"up","touchscreen",998.584999999992,99.8550000000105,95.1999999997497,6,FALSE,0,3,0,133,-0.1875,6,0.1,1,NA,2021-07-01 02:28:26.254842,"M","022014","left","NA","NA",-1.47959432101973,-0.594737632830798,-0.180288678133511
425.900000000198,"",51,202074,"go57odohs8","fr","false",1280,800,1280,632,2,60,16.6666666666667,"",NA,"down","touchscreen",998.600000000006,99.8660000000091,96.5999999998603,6,FALSE,0,3,0,133,0.1875,38,0.15,1,NA,2021-07-01 02:28:26.254842,"M","022014","left","NA","NA",1.82386594593266,0.290837456637899,0.163027154591676
730.70000000007,"",52,204837,"go57odohs8","fr","false",1280,800,1280,632,2,60,16.6666666666667,"",NA,"down","touchscreen",998.558999999979,99.8729999999923,98.9999999992433,6,TRUE,1,3,6,139,-0.0625,18,0.15,1,NA,2021-07-01 02:28:26.254842,"M","022014","left","NA","NA",-0.384109021353925,-0.0955875491031072,-0.031351023242047
362.999999999389,"",53,207235,"go57odohs8","fr","false",1280,800,1280,632,2,60,16.6666666666667,"",NA,"down","touchscreen",998.557000000001,99.8519999999844,95.6999999998661,6,FALSE,0,3,0,139,0.125,66,0.1,1,NA,2021-07-01 02:28:26.254842,"M","022014","left","NA","NA",5.08519953638426,0.536446719142831,0.215098880577422
225.399999999383,"",54,209493,"go57odohs8","fr","false",1280,800,1280,632,2,60,16.6666666666667,"",NA,"up","touchscreen",997.441000000021,100.714999999997,95.8000000000757,6,TRUE,1,3,9,148,0,6,0.05,1,NA,2021-07-01 02:28:26.254842,"M","022014","left","NA","NA",0.593832821371845,0.284634770627557,0.0369685652522012
168.09999999986,"",55,211702,"go57odohs8","fr","false",1280,800,1280,632,2,60,16.6666666666667,"",NA,"down","touchscreen",998.560999999987,99.7860000000219,94.7000000005646,6,FALSE,0,3,0,148,0.125,38,0.1,1,NA,2021-07-01 02:28:26.254842,"M","022014","left","NA","NA",1.94089252399799,0.307779524413603,0.0987822028074209
867.099999999511,"",56,214597,"go57odohs8","fr","false",1280,800,1280,632,2,60,16.6666666666667,"",NA,"up","touchscreen",998.470000000001,99.8910000000033,95.2999999999593,6,TRUE,1,3,6,154,0.125,18,0.2,1,NA,2021-07-01 02:28:26.254842,"M","022014","left","NA","NA",0.825494553172376,0.202114479155967,0.145252840140422
519.499999999447,"",57,217145,"go57odohs8","fr","false",1280,800,1280,632,2,60,16.6666666666667,"",NA,"down","touchscreen",998.538,99.8500000000058,95.699999999837,6,TRUE,2,3,13,167,-0.1875,66,0.05,1,NA,2021-07-01 02:28:26.254842,"M","022014","left","NA","NA",-9.87005528099624,-0.776861530092148,-0.218255092206421
395.700000000041,"",58,219583,"go57odohs8","fr","false",1280,800,1280,632,2,60,16.6666666666667,"",NA,"up","touchscreen",998.563999999984,99.8669999999984,95.5000000003492,6,TRUE,3,3,21,188,0.125,38,0.05,1,NA,2021-07-01 02:28:26.254842,"M","022014","left","NA","NA",5.30294096302375,0.662240946182952,0.127434332776497
402.700000000565,"",59,222019,"go57odohs8","fr","false",1280,800,1280,632,2,60,16.6666666666667,"",NA,"up","touchscreen",998.588000000018,99.8569999999891,94.7999999998719,6,TRUE,4,4,29,217,0.1875,38,0.1,1,NA,2021-07-01 02:28:26.254842,"M","022014","left","NA","NA",2.10618850825736,0.331217277918889,0.109694970201212
367.099999999482,"",60,224414,"go57odohs8","fr","false",1280,800,1280,632,2,60,16.6666666666667,"",NA,"down","touchscreen",998.505999999994,99.8390000000072,96.7999999993481,6,FALSE,0,4,0,217,0.0625,18,0.2,1,NA,2021-07-01 02:28:26.254842,"M","022014","left","NA","NA",1.10077068484299,0.265329183443269,0.220392446208094
648.299999999843,"",61,227093,"go57odohs8","fr","false",1280,800,1280,632,2,60,16.6666666666667,"",NA,"up","touchscreen",999.005000000005,99.4320000000007,95.5999999996566,6,FALSE,0,4,0,217,-0.0625,6,0.15,1,NA,2021-07-01 02:28:26.254842,"M","022014","left","NA","NA",-2.88020243006074,-0.821388747727858,-0.256180956951383
527.699999999633,"",62,229648,"go57odohs8","fr","false",1280,800,1280,632,2,60,16.6666666666667,"",NA,"down","touchscreen",998.565000000002,99.8669999999984,98.7999999997555,6,TRUE,1,4,7,224,-0.1875,6,0.2,1,NA,2021-07-01 02:28:26.254842,"M","022014","left","NA","NA",-0.462606097368766,-0.22535326789323,-0.151049308065114
2633.70000000033,"",63,234322,"go57odohs8","fr","false",1280,800,1280,632,2,60,16.6666666666667,"",NA,"up","touchscreen",998.591999999975,99.7940000000235,96.1000000006752,6,FALSE,0,4,0,224,0,38,0.15,1,NA,2021-07-01 02:28:26.254842,"M","022014","left","NA","NA",-1.66782174571908,-0.267816053611401,-0.135755407367981
1506.19999999981,"",64,237870,"go57odohs8","fr","false",1280,800,1280,632,2,60,16.6666666666667,"",NA,"down","touchscreen",998.282999999996,100.075000000012,96.4999999996508,6,FALSE,0,4,0,224,0.1875,18,0.05,1,NA,2021-07-01 02:28:26.254842,"M","022014","left","NA","NA",3.03191161417687,0.604061290546986,0.0960139638114451
958.599999999919,"",65,240868,"go57odohs8","fr","false",1280,800,1280,632,2,60,16.6666666666667,"",NA,"up","touchscreen",998.779999999999,99.6440000000002,96.500000000553,6,TRUE,1,4,5,229,0.125,6,0.1,1,NA,2021-07-01 02:28:26.254842,"M","022014","left","NA","NA",2.73643286735111,0.80734908813064,0.306613003293254
838.200000000128,"",66,243742,"go57odohs8","fr","false",1280,800,1280,632,2,60,16.6666666666667,"",NA,"down","touchscreen",998.59600000002,99.8990000000049,97.2000000001572,6,TRUE,2,4,11,240,-0.125,66,0.15,1,NA,2021-07-01 02:28:26.254842,"M","022014","left","NA","NA",-1.58801464259716,-0.194702952606515,-0.0945141023214154
1984.59999999974,"",67,247768,"go57odohs8","fr","false",1280,800,1280,632,2,60,16.6666666666667,"",NA,"up","touchscreen",998.584000000003,99.8120000000054,97.3000000003376,6,FALSE,0,4,0,240,0.0625,18,0.1,1,NA,2021-07-01 02:28:26.254842,"M","022014","left","NA","NA",-0.488242869602576,-0.12116147302489,-0.0317565507675407
707.300000000017,"",68,250520,"go57odohs8","fr","false",1280,800,1280,632,2,60,16.6666666666667,"",NA,"down","touchscreen",998.511999999988,99.8399999999965,95.0999999995402,6,FALSE,0,4,0,240,0.125,18,0.05,1,NA,2021-07-01 02:28:26.254842,"M","022014","left","NA","NA",3.30097958084685,0.636495336535395,0.182891876054906
1833.69999999923,"",69,254391,"go57odohs8","fr","false",1280,800,1280,632,2,60,16.6666666666667,"",NA,"down","touchscreen",998.698000000004,99.6830000000191,95.499999999447,6,TRUE,1,4,1,241,-0.1875,38,0.15,1,NA,2021-07-01 02:28:26.254842,"M","022014","left","NA","NA",-1.41990612991969,-0.230290309011303,-0.121087051834476
732.500000000087,"",70,257150,"go57odohs8","fr","false",1280,800,1280,632,2,60,16.6666666666667,"",NA,"down","touchscreen",998.506999999983,99.9059999999881,96.9999999997672,6,FALSE,0,4,0,241,0.0625,6,0.15,1,NA,2021-07-01 02:28:26.254842,"M","022014","left","NA","NA",1.19566074706207,0.513125820448437,0.100661440345294
1080.89999999994,"",71,260278,"go57odohs8","fr","false",1280,800,1280,632,2,60,16.6666666666667,"",NA,"up","touchscreen",998.720000000001,99.7639999999956,98.5000000000582,6,TRUE,1,4,5,246,0.0625,66,0.2,1,NA,2021-07-01 02:28:26.254842,"M","022014","left","NA","NA",1.38669516598021,0.170790131225906,0.109343378242607
1143.69999999963,"",72,263453,"go57odohs8","fr","false",1280,800,1280,632,2,60,16.6666666666667,"",NA,"up","touchscreen",998.560999999987,99.8549999999814,96.4999999996508,6,FALSE,0,4,0,246,-0.125,38,0.2,1,NA,2021-07-01 02:28:26.254842,"M","022014","left","NA","NA",-0.408297525976912,-0.0678925725847187,-0.052337712110657
835.800000000745,"",73,266322,"go57odohs8","fr","false",1280,800,1280,632,2,60,16.6666666666667,"",NA,"down","touchscreen",998.546000000031,99.8070000000298,99.2000000005937,6,FALSE,0,4,0,246,0,66,0.05,1,NA,2021-07-01 02:28:26.254842,"M","022014","left","NA","NA",0.777851797571776,0.0967750968719502,0.0137998791379603
422.899999999558,"",74,268775,"go57odohs8","fr","false",1280,800,1280,632,2,60,16.6666666666667,"",NA,"up","touchscreen",998.508000000031,99.8669999999693,95.2999999999302,6,FALSE,0,4,0,246,0.125,38,0.2,1,NA,2021-07-01 02:28:26.254842,"M","022014","left","NA","NA",-0.00677508870859868,-0.00112918073155197,-0.000717272029830852
2463.09999999992,"",75,273279,"go57odohs8","fr","false",1280,800,1280,632,2,60,16.6666666666667,"",NA,"up","touchscreen",998.64599999995,99.8400000000256,94.9000000000815,6,TRUE,1,4,0,246,0.1875,66,0.15,1,NA,2021-07-01 02:28:26.254842,"M","022014","left","NA","NA",3.69081592056962,0.418918586316584,0.248031502287013
328.59999999986,"",76,275637,"go57odohs8","fr","false",1280,800,1280,632,2,60,16.6666666666667,"",NA,"down","touchscreen",998.57799999998,99.8300000000163,96.8999999995576,6,FALSE,0,4,0,246,-0.0625,18,0.1,1,NA,2021-07-01 02:28:26.254842,"M","022014","left","NA","NA",1.60529439073369,0.372449372872281,0.110184928000608
597.399999999616,"",77,278271,"go57odohs8","fr","false",1280,800,1280,632,2,60,16.6666666666667,"",NA,"up","touchscreen",998.492000000027,99.9060000000172,95.4000000001397,6,TRUE,1,4,7,253,0.1875,38,0.2,1,NA,2021-07-01 02:28:26.254842,"M","022014","left","NA","NA",1.42216348826545,0.230636962953493,0.144026240387193
451.500000000116,"",78,280753,"go57odohs8","fr","false",1280,800,1280,632,2,60,16.6666666666667,"",NA,"down","touchscreen",998.434999999998,99.869000000006,95.2999999999302,6,TRUE,2,4,15,268,-0.125,38,0.1,1,NA,2021-07-01 02:28:26.254842,"M","022014","left","NA","NA",-1.98547006535335,-0.314157869601291,-0.105042000103693
352.699999999488,"",79,283136,"go57odohs8","fr","false",1280,800,1280,632,2,60,16.6666666666667,"",NA,"up","touchscreen",998.560999999987,99.905999999959,95.4000000001979,6,TRUE,3,4,23,291,0.1875,18,0.15,1,NA,2021-07-01 02:28:26.254842,"M","022014","left","NA","NA",3.40542684996511,0.648247952796516,0.342983423358324
289.099999999919,"",80,285467,"go57odohs8","fr","false",1280,800,1280,632,2,60,16.6666666666667,"",NA,"down","touchscreen",998.341000000015,99.9899999999907,96.8000000002212,6,TRUE,4,4,32,323,-0.125,18,0.15,1,NA,2021-07-01 02:28:26.254842,"M","022014","left","NA","NA",-1.50795839547574,-0.352755082481654,-0.175732798040719
744.899999999674,"",81,288253,"go57odohs8","fr","false",1280,800,1280,632,2,60,16.6666666666667,"",NA,"up","touchscreen",1000.08100000001,98.4270000000251,97.1999999992549,6,FALSE,0,4,0,323,-0.1875,6,0.05,1,NA,2021-07-01 02:28:26.254842,"M","022014","left","NA","NA",-6.03523265911616,-0.949235989225993,-0.151991523546204
491.899999999965,"",82,290780,"go57odohs8","fr","false",1280,800,1280,632,2,60,16.6666666666667,"",NA,"down","touchscreen",998.607000000018,99.7679999999818,96.4000000003725,6,FALSE,0,4,0,323,0,18,0.2,1,NA,2021-07-01 02:28:26.254842,"M","022014","left","NA","NA",0.295679275130608,0.073718688556237,0.0508076438865672
709.200000000186,"",83,293528,"go57odohs8","fr","false",1280,800,1280,632,2,60,16.6666666666667,"",NA,"down","touchscreen",998.483999999997,99.8180000000284,93.2999999995227,6,FALSE,0,4,0,323,0.1875,6,0.05,1,NA,2021-07-01 02:28:26.254842,"M","022014","left","NA","NA",2.95071117510347,0.827771317801625,0.140573466668146
291.600000000442,"",84,295856,"go57odohs8","fr","false",1280,800,1280,632,2,60,16.6666666666667,"",NA,"up","touchscreen",999.119000000006,99.344000000041,96.1999999999534,6,TRUE,1,4,9,332,0,18,0.1,1,NA,2021-07-01 02:28:26.254842,"M","022014","left","NA","NA",0.0381211232312471,0.00952984803744728,0.00288226100174549
768.799999999814,"",85,298661,"go57odohs8","fr","false",1280,800,1280,632,2,60,16.6666666666667,"",NA,"down","touchscreen",998.467999999993,99.8950000000186,98.2999999996391,6,TRUE,2,4,15,347,0,6,0.2,1,NA,2021-07-01 02:28:26.254842,"M","022014","left","NA","NA",-0.343039286471054,-0.169051012920302,-0.0770000894434694
376.500000000291,"",86,301069,"go57odohs8","fr","false",1280,800,1280,632,2,60,16.6666666666667,"",NA,"down","touchscreen",998.486000000034,99.8759999999893,95.2999999999884,6,FALSE,0,4,0,347,0.125,66,0.2,1,NA,2021-07-01 02:28:26.254842,"M","022014","left","NA","NA",0.5386590661836,0.067180269576427,0.0471806283748183
1265.19999999984,"",87,304368,"go57odohs8","fr","false",1280,800,1280,632,2,60,16.6666666666667,"",NA,"up","touchscreen",998.59500000003,99.8279999999795,95.699999999837,6,FALSE,0,4,0,347,0,38,0.05,1,NA,2021-07-01 02:28:26.254842,"M","022014","left","NA","NA",-0.165942472501311,-0.027646507171157,-0.00401926875449226
755.999999999418,"",88,307155,"go57odohs8","fr","false",1280,800,1280,632,2,60,16.6666666666667,"",NA,"up","touchscreen",998.600000000035,99.8090000000084,94.4999999992433,6,TRUE,1,4,6,353,0.1875,38,0.05,1,NA,2021-07-01 02:28:26.254842,"M","022014","left","NA","NA",6.66192187355324,0.743057264343539,0.197177968254974
957.800000000105,"",89,310153,"go57odohs8","fr","false",1280,800,1280,632,2,60,16.6666666666667,"",NA,"down","touchscreen",998.423999999999,99.9370000000345,96.3999999994412,6,TRUE,2,4,11,364,0.125,38,0.15,1,NA,2021-07-01 02:28:26.254842,"M","022014","left","NA","NA",-2.00751619243732,-0.317296735640839,-0.130056876142328
791.699999999721,"",90,312981,"go57odohs8","fr","false",1280,800,1280,632,2,60,16.6666666666667,"",NA,"up","touchscreen",998.590000000026,99.8090000000084,96.1999999999534,6,TRUE,3,4,17,381,0.125,6,0.05,1,NA,2021-07-01 02:28:26.254842,"M","022014","left","NA","NA",0.466128728350734,0.226981184662622,0.013311524524066
2551.5999999998,"",91,317571,"go57odohs8","fr","false",1280,800,1280,632,2,60,16.6666666666667,"",NA,"down","touchscreen",998.708000000042,99.6540000000386,96.3999999994994,6,TRUE,4,4,17,398,-0.1875,38,0.2,1,NA,2021-07-01 02:28:26.254842,"M","022014","left","NA","NA",-0.659144667477533,-0.10920046927176,-0.0713118001312249
2162.90000000026,"",92,321774,"go57odohs8","fr","false",1280,800,1280,632,2,60,16.6666666666667,"",NA,"up","touchscreen",998.612000000023,99.86599999998,97.9999999999418,6,FALSE,0,4,0,398,-0.125,66,0.2,1,NA,2021-07-01 02:28:26.254842,"M","022014","left","NA","NA",-0.912438823314957,-0.113320171212367,-0.0945247363355111
340.400000000023,"",93,324147,"go57odohs8","fr","false",1280,800,1280,632,2,60,16.6666666666667,"",NA,"down","touchscreen",998.613000000012,99.8429999999935,96.4000000003725,6,FALSE,0,4,0,398,-0.0625,66,0.2,1,NA,2021-07-01 02:28:26.254842,"M","022014","left","NA","NA",0.0028357682218916,0.000354471005466862,0.000222226750184569
594.99999999936,"",94,326782,"go57odohs8","fr","false",1280,800,1280,632,2,60,16.6666666666667,"",NA,"up","touchscreen",998.52899999998,99.85699999996,96.0999999997439,6,FALSE,0,4,0,398,-0.125,38,0.05,1,NA,2021-07-01 02:28:26.254842,"M","022014","left","NA","NA",-4.00662689122241,-0.555335929904417,-0.122920957668436
884.199999999546,"",95,329697,"go57odohs8","fr","false",1280,800,1280,632,2,60,16.6666666666667,"",NA,"down","touchscreen",998.631999999983,99.869000000006,99.8999999992666,6,TRUE,1,4,6,404,-0.125,18,0.2,1,NA,2021-07-01 02:28:26.254842,"M","022014","left","NA","NA",-1.07665207161195,-0.259912471749879,-0.108518120919323
583.800000000338,"",96,332313,"go57odohs8","fr","false",1280,800,1280,632,2,60,16.6666666666667,"",NA,"down","touchscreen",998.579999999958,99.8279999999795,95.9000000002561,6,TRUE,2,4,13,417,-0.125,18,0.05,1,NA,2021-07-01 02:28:26.254842,"M","022014","left","NA","NA",-3.25896506808071,-0.631638682811101,-0.165480022452721
900.599999999977,"",97,335242,"go57odohs8","fr","false",1280,800,1280,632,2,60,16.6666666666667,"",NA,"up","touchscreen",998.529000000039,99.8859999999986,96.5999999998603,6,FALSE,0,4,0,417,-0.0625,38,0.2,1,NA,2021-07-01 02:28:26.254842,"M","022014","left","NA","NA",-0.667223851598342,-0.110522695290985,-0.0674648893836914
832.599999999744,"",98,338101,"go57odohs8","fr","false",1280,800,1280,632,2,60,16.6666666666667,"",NA,"down","touchscreen",998.755000000005,99.661999999953,99.5999999995693,6,FALSE,0,4,0,417,0.1875,66,0.2,1,NA,2021-07-01 02:28:26.254842,"M","022014","left","NA","NA",2.67250278195384,0.316850431789127,0.22269885202492
754.599999999278,"",99,340886,"go57odohs8","fr","false",1280,800,1280,632,2,60,16.6666666666667,"",NA,"up","touchscreen",998.590000000026,99.8069999999716,98.2999999996391,6,TRUE,1,4,6,423,-0.125,38,0.15,1,NA,2021-07-01 02:28:26.254842,"M","022014","left","NA","NA",0.0355907634230612,0.00593168954801664,0.00289431236315415
204.999999999942,"",100,343135,"go57odohs8","fr","false",1280,800,1280,632,2,60,16.6666666666667,"",NA,"down","touchscreen",998.468999999983,99.9019999999437,96.8000000002794,6,TRUE,2,4,15,438,-0.0625,66,0.1,1,NA,2021-07-01 02:28:26.254842,"M","022014","left","NA","NA",-0.0729731232637477,-0.00912126095168686,-0.00357916696506585
572.300000000745,"",101,345752,"go57odohs8","fr","false",1280,800,1280,632,2,60,16.6666666666667,"",NA,"up","touchscreen",998.56600000005,99.820000000007,96.300000000163,6,TRUE,3,4,22,460,0.0625,6,0.05,1,NA,2021-07-01 02:28:26.254842,"M","022014","left","NA","NA",1.09572477439315,0.48047879058039,0.0912180903005376
555.100000000501,"",102,348342,"go57odohs8","fr","false",1280,800,1280,632,2,60,16.6666666666667,"",NA,"down","touchscreen",998.535000000033,99.8919999999925,98.7000000004773,6,TRUE,4,4,29,489,-0.1875,66,0.1,1,NA,2021-07-01 02:28:26.254842,"M","022014","left","NA","NA",-2.94415554696319,-0.345373484556061,-0.132136068769706
1488.80000000005,"",103,351859,"go57odohs8","fr","false",1280,800,1280,632,2,60,16.6666666666667,"",NA,"up","touchscreen",998.505999999994,99.8559999999707,96.999999999709,6,TRUE,5,5,32,521,0.0625,38,0.05,1,NA,2021-07-01 02:28:26.254842,"M","022014","left","NA","NA",3.06710875186346,0.455163076330533,0.0788416021752957
916.000000000175,"",104,354815,"go57odohs8","fr","false",1280,800,1280,632,2,60,16.6666666666667,"",NA,"down","touchscreen",998.348999999987,100.059000000008,95.000000000291,6,TRUE,6,6,37,558,-0.0625,38,0.05,1,NA,2021-07-01 02:28:26.254842,"M","022014","left","NA","NA",-2.15919312795606,-0.3386074485974,-0.059732027838891
920.600000000326,"",105,357765,"go57odohs8","fr","false",1280,800,1280,632,2,60,16.6666666666667,"",NA,"up","touchscreen",998.49099999998,99.9249999999884,95.699999999837,6,FALSE,0,6,0,558,0.125,6,0.2,1,NA,2021-07-01 02:28:26.254842,"M","022014","left","NA","NA",-0.107354407991749,-0.0536000421838615,-0.0291539964747596
795.700000000536,"",106,360599,"go57odohs8","fr","false",1280,800,1280,632,2,60,16.6666666666667,"",NA,"down","touchscreen",998.565000000002,99.8939999999711,99.2000000005355,6,FALSE,0,6,0,558,0.1875,18,0.2,1,NA,2021-07-01 02:28:26.254842,"M","022014","left","NA","NA",1.92492744677527,0.433633010961316,0.376426608882346
2361.80000000057,"",107,364997,"go57odohs8","fr","false",1280,800,1280,632,2,60,16.6666666666667,"",NA,"up","touchscreen",998.375,99.8349999999627,94.600000000326,6,TRUE,1,6,0,558,0.0625,66,0.1,1,NA,2021-07-01 02:28:26.254842,"M","022014","left","NA","NA",3.28705210050661,0.380051203027861,0.129611914682838
1858.90000000014,"",108,368889,"go57odohs8","fr","false",1280,800,1280,632,2,60,16.6666666666667,"",NA,"down","touchscreen",998.785999999964,99.6289999999572,96.4999999996508,6,FALSE,0,6,0,558,0.125,18,0.15,1,NA,2021-07-01 02:28:26.254842,"M","022014","left","NA","NA",0.259146702518422,0.0646511371648232,0.0310381423069807
949.099999999802,"",109,371874,"go57odohs8","fr","false",1280,800,1280,632,2,60,16.6666666666667,"",NA,"up","touchscreen",998.497999999963,99.8409999999567,95.0000000002328,6,FALSE,0,6,0,558,-0.125,66,0.05,1,NA,2021-07-01 02:28:26.254842,"M","022014","left","NA","NA",-5.26913980961187,-0.550052250698696,-0.113177574805148
972.00000000064,"",110,374876,"go57odohs8","fr","false",1280,800,1280,632,2,60,16.6666666666667,"",NA,"down","touchscreen",997.083999999973,101.300000000047,97.5000000007567,6,TRUE,1,6,5,563,-0.0625,66,0.05,1,NA,2021-07-01 02:28:26.254842,"M","022014","left","NA","NA",-3.72643134705431,-0.42224315139254,-0.0756546177452577
1271.00000000064,"",111,378186,"go57odohs8","fr","false",1280,800,1280,632,2,60,16.6666666666667,"",NA,"up","touchscreen",997.92200000002,100.264000000025,96.8999999995576,6,TRUE,2,6,9,572,0,66,0.2,1,NA,2021-07-01 02:28:26.254842,"M","022014","left","NA","NA",1.14211866930268,0.141331800690289,0.0948391077324026
1152.9999999993,"",112,381380,"go57odohs8","fr","false",1280,800,1280,632,2,60,16.6666666666667,"",NA,"down","touchscreen",998.592999999993,99.7910000000265,97.2999999994645,6,FALSE,0,6,0,572,0.0625,6,0.1,1,NA,2021-07-01 02:28:26.254842,"M","022014","left","NA","NA",1.85324594807876,0.679683263985676,0.140750618728127
386.700000000012,"",113,383809,"go57odohs8","fr","false",1280,800,1280,632,2,60,16.6666666666667,"",NA,"up","touchscreen",997.639000000025,100.669999999984,97.6000000000349,6,TRUE,1,6,8,580,0.0625,18,0.15,1,NA,2021-07-01 02:28:26.254842,"M","022014","left","NA","NA",0.273397079040007,0.0681901759638677,0.0318609731590373
11186.2000000001,"",2,453222,"h9mprbq4k0","fr","false",800,1280,980,1363,2,60,16.6666666666667,"",NA,"down","touchscreen",998.123000000007,100.313000000009,96.5999999998603,6,TRUE,1,1,0,0,-0.1875,18,0.1,1,NA,2021-07-01 04:01:29.511031,"F","6","right","NA","NA",-2.48251477649165,-0.527325470067465,-0.245442219940537
11667.5,"",3,466934,"h9mprbq4k0","fr","false",800,1280,980,1363,2,60,16.6666666666667,"",NA,"up","touchscreen",998.508000000002,99.869000000006,96.300000000163,6,FALSE,0,1,0,0,-0.1875,66,0.2,1,NA,2021-07-01 04:01:29.511031,"F","6","right","NA","NA",-3.00981548251114,-0.352130012491747,-0.310054784181014
7870.7999999997,"",4,476837,"h9mprbq4k0","fr","false",800,1280,980,1363,2,60,16.6666666666667,"",NA,"up","touchscreen",999.184000000008,99.1529999999912,95.1000000000058,6,TRUE,1,1,0,0,0.0625,18,0.1,1,NA,2021-07-01 04:01:29.511031,"F","6","right","NA","NA",3.75351914369589,0.684282505206836,0.161297442769958
9819.70000000001,"",5,488685,"h9mprbq4k0","fr","false",800,1280,980,1363,2,60,16.6666666666667,"",NA,"up","touchscreen",998.809999999998,99.6020000000135,93.6000000001513,6,TRUE,2,2,0,0,0.125,18,0.1,1,NA,2021-07-01 04:01:29.511031,"F","6","right","NA","NA",2.32350531879067,0.502285000961131,0.208358541742401
12565.2999999997,"",6,503283,"h9mprbq4k0","fr","false",800,1280,980,1363,2,60,16.6666666666667,"",NA,"down","touchscreen",998.805999999982,99.7369999999937,95.9000000002561,6,FALSE,0,2,0,0,0,38,0.05,1,NA,2021-07-01 04:01:29.511031,"F","6","right","NA","NA",0.774858672292632,0.128079477383596,0.0245854626641993
3730.80000000028,"",7,509045,"h9mprbq4k0","fr","false",800,1280,980,1363,2,60,16.6666666666667,"",NA,"up","touchscreen",998.209000000003,99.914999999979,95.8000000000466,6,FALSE,0,2,0,0,-0.1875,18,0.2,1,NA,2021-07-01 04:01:29.511031,"F","6","right","NA","NA",-0.433797629761114,-0.107817226846935,-0.0869691486039182
6960.10000000024,"",8,518033,"h9mprbq4k0","fr","false",800,1280,980,1363,2,60,16.6666666666667,"",NA,"down","touchscreen",998.801000000007,99.5720000000147,95.6000000000931,6,FALSE,0,2,0,0,0.0625,66,0.1,1,NA,2021-07-01 04:01:29.511031,"F","6","right","NA","NA",0.797894525993752,0.0992444236300699,0.0322393946391637
5542.7999999997,"",9,525603,"h9mprbq4k0","fr","false",800,1280,980,1363,2,60,16.6666666666667,"",NA,"up","touchscreen",998.386999999988,99.7830000000249,97.0999999999476,6,TRUE,1,2,0,0,0,18,0.1,1,NA,2021-07-01 04:01:29.511031,"F","6","right","NA","NA",0.799943038512463,0.196102708320065,0.0641573428473568
4924.50000000006,"",10,532557,"h9mprbq4k0","fr","false",800,1280,980,1363,2,60,16.6666666666667,"",NA,"up","touchscreen",998.671999999991,99.74099999998,95.699999999837,6,FALSE,0,2,0,0,-0.125,18,0.15,1,NA,2021-07-01 04:01:29.511031,"F","6","right","NA","NA",-0.70027826453028,-0.172446819122312,-0.0918973911586186
5619.60000000001,"",11,540210,"h9mprbq4k0","fr","false",800,1280,980,1363,2,60,16.6666666666667,"",NA,"down","touchscreen",998.828999999998,99.4320000000007,95.6999999998661,6,FALSE,0,2,0,0,0.1875,66,0.15,1,NA,2021-07-01 04:01:29.511031,"F","6","right","NA","NA",3.94269696161761,0.44206622922546,0.228347803645152
6529.39999999991,"",12,548775,"h9mprbq4k0","fr","false",800,1280,980,1363,2,60,16.6666666666667,"",NA,"up","touchscreen",998.481999999989,99.9449999999779,96.4000000003725,6,TRUE,1,2,0,0,0,6,0.1,1,NA,2021-07-01 04:01:29.511031,"F","6","right","NA","NA",0.448962735454034,0.219030513308808,0.0521051797049682
12390.6000000002,"",13,563206,"h9mprbq4k0","fr","false",800,1280,980,1363,2,60,16.6666666666667,"",NA,"down","touchscreen",998.246000000014,100.193999999989,96.3999999999069,6,TRUE,2,2,0,0,0.0625,18,0.2,1,NA,2021-07-01 04:01:29.511031,"F","6","right","NA","NA",-0.465300432790215,-0.115545978066582,-0.0740654258166712
3151.4000000002,"",14,568398,"h9mprbq4k0","fr","false",800,1280,980,1363,2,60,16.6666666666667,"",NA,"down","touchscreen",999.467000000004,98.6659999999974,94.3999999999651,6,TRUE,3,3,0,0,-0.1875,66,0.1,1,NA,2021-07-01 04:01:29.511031,"F","6","right","NA","NA",-3.51098431702905,-0.401873863545197,-0.189171905719118
1931.39999999994,"",15,572371,"h9mprbq4k0","fr","false",800,1280,980,1363,2,60,16.6666666666667,"",NA,"down","touchscreen",998.484999999986,99.9210000000021,95.4000000001688,6,TRUE,4,4,0,0,-0.1875,6,0.15,1,NA,2021-07-01 04:01:29.511031,"F","6","right","NA","NA",-2.99403427393258,-0.831540135221495,-0.464811498862834
2663.70000000007,"",16,577065,"h9mprbq4k0","fr","false",800,1280,980,1363,2,60,16.6666666666667,"",NA,"down","touchscreen",997.950000000012,100.016999999993,95.5999999996566,6,TRUE,5,5,0,0,0,18,0.15,1,NA,2021-07-01 04:01:29.511031,"F","6","right","NA","NA",-2.02278735220984,-0.451275987925928,-0.184359051474075
3063.50000000023,"",17,582157,"h9mprbq4k0","fr","false",800,1280,980,1363,2,60,16.6666666666667,"",NA,"down","touchscreen",997.728999999992,100.447000000015,96.8999999999942,6,FALSE,0,5,0,0,0.125,6,0.15,1,NA,2021-07-01 04:01:29.511031,"F","6","right","NA","NA",2.50769505778682,0.781804138171953,0.467351448939581
3761.09999999974,"",18,587945,"h9mprbq4k0","fr","false",800,1280,980,1363,2,60,16.6666666666667,"",NA,"down","touchscreen",996.718000000023,101.453999999998,96.6999999996042,6,TRUE,1,5,0,0,0.125,6,0.2,1,NA,2021-07-01 04:01:29.511031,"F","6","right","NA","NA",-0.813994280889313,-0.376970958454245,-0.177076016547173
2242.80000000045,"",19,592223,"h9mprbq4k0","fr","false",800,1280,980,1363,2,60,16.6666666666667,"",NA,"up","touchscreen",998.597000000009,99.7999999999884,95.8000000000466,6,FALSE,0,5,0,0,-0.125,6,0.05,1,NA,2021-07-01 04:01:29.511031,"F","6","right","NA","NA",-0.84055377144627,-0.387449456325661,-0.063441959403487
2462.59999999986,"",20,596718,"h9mprbq4k0","fr","false",800,1280,980,1363,2,60,16.6666666666667,"",NA,"up","touchscreen",998.224000000046,99.88400000002,95.2000000002445,6,FALSE,0,5,0,0,-0.0625,66,0.05,1,NA,2021-07-01 04:01:29.511031,"F","6","right","NA","NA",-2.88743498314139,-0.339493234753994,-0.0513044145142834
1951.00000000006,"",21,600700,"h9mprbq4k0","fr","false",800,1280,980,1363,2,60,16.6666666666667,"",NA,"down","touchscreen",998.102999999945,99.8549999999814,96,6,TRUE,1,5,0,0,-0.125,6,0.1,1,NA,2021-07-01 04:01:29.511031,"F","6","right","NA","NA",-1.33108625019749,-0.554052493594176,-0.156073324312395
1920.0999999998,"",22,604661,"h9mprbq4k0","fr","false",800,1280,980,1363,2,60,16.6666666666667,"",NA,"down","touchscreen",997.773999999976,100.560999999987,97.2999999999302,6,TRUE,2,5,0,0,-0.0625,6,0.2,1,NA,2021-07-01 04:01:29.511031,"F","6","right","NA","NA",-1.9668982589915,-0.701181924649792,-0.428052173724563
2241.79999999976,"",23,608945,"h9mprbq4k0","fr","false",800,1280,980,1363,2,60,16.6666666666667,"",NA,"down","touchscreen",998.283999999985,99.8780000000261,95.4999999998836,6,FALSE,0,5,0,0,0,66,0.1,1,NA,2021-07-01 04:01:29.511031,"F","6","right","NA","NA",0.527846210401971,0.0658376211176896,0.0223929389433858
4550.70000000024,"",24,615531,"h9mprbq4k0","fr","false",800,1280,980,1363,2,60,16.6666666666667,"",NA,"up","touchscreen",997.263999999966,100.897999999986,97.6000000000349,6,FALSE,0,5,0,0,-0.0625,18,0.1,1,NA,2021-07-01 04:01:29.511031,"F","6","right","NA","NA",-0.802613599241352,-0.196732087407073,-0.0752293558386651
3489.2999999997,"",25,621063,"h9mprbq4k0","fr","false",800,1280,980,1363,2,60,16.6666666666667,"",NA,"down","touchscreen",998.746999999974,99.6359999999986,96.1000000002095,6,FALSE,0,5,0,0,0.125,6,0.1,1,NA,2021-07-01 04:01:29.511031,"F","6","right","NA","NA",1.34016696283096,0.556663749025379,0.149116209150879
2757.90000000008,"",26,625854,"h9mprbq4k0","fr","false",800,1280,980,1363,2,60,16.6666666666667,"",NA,"up","touchscreen",998.378000000026,99.8800000000047,95.9000000002561,6,TRUE,1,5,0,0,0.125,38,0.05,1,NA,2021-07-01 04:01:29.511031,"F","6","right","NA","NA",5.16565265383515,0.652449589741759,0.14021462074582
2578,"",27,630468,"h9mprbq4k0","fr","false",800,1280,980,1363,2,60,16.6666666666667,"",NA,"up","touchscreen",998.546999999962,99.8340000000317,97.6000000000931,6,TRUE,2,5,0,0,0.1875,18,0.2,1,NA,2021-07-01 04:01:29.511031,"F","6","right","NA","NA",2.63685073464254,0.550384240608426,0.390716741444968
2560.80000000022,"",28,635062,"h9mprbq4k0","fr","false",800,1280,980,1363,2,60,16.6666666666667,"",NA,"down","touchscreen",998.409999999974,99.8630000000121,96.5000000001164,6,FALSE,0,5,0,0,0.125,18,0.15,1,NA,2021-07-01 04:01:29.511031,"F","6","right","NA","NA",1.24420525516775,0.297014492240297,0.168291514901932
3004.00000000035,"",29,640100,"h9mprbq4k0","fr","false",800,1280,980,1363,2,60,16.6666666666667,"",NA,"up","touchscreen",998.530000000028,99.8299999999581,95.3000000003958,6,FALSE,0,5,0,0,-0.125,18,0.05,1,NA,2021-07-01 04:01:29.511031,"F","6","right","NA","NA",-5.4909649233831,-0.808275738213044,-0.160923410770796
6183.79999999981,"",30,648321,"h9mprbq4k0","fr","false",800,1280,980,1363,2,60,16.6666666666667,"",NA,"down","touchscreen",998.967999999993,99.4479999999749,95.8000000001048,6,TRUE,1,5,0,0,-0.1875,38,0.2,1,NA,2021-07-01 04:01:29.511031,"F","6","right","NA","NA",-1.8519409764858,-0.29492764651852,-0.228370373126207
3300.59999999998,"",31,653660,"h9mprbq4k0","fr","false",800,1280,980,1363,2,60,16.6666666666667,"",NA,"down","touchscreen",998.304999999993,99.9120000000112,97.0000000001746,6,TRUE,2,5,0,0,-0.1875,18,0.15,1,NA,2021-07-01 04:01:29.511031,"F","6","right","NA","NA",-2.00334552204082,-0.447811760349585,-0.287605223678001
2465.00000000017,"",32,658165,"h9mprbq4k0","fr","false",800,1280,980,1363,2,60,16.6666666666667,"",NA,"down","touchscreen",998.339999999967,99.9960000000428,95.8000000000466,6,TRUE,3,5,0,0,-0.125,38,0.15,1,NA,2021-07-01 04:01:29.511031,"F","6","right","NA","NA",-2.30445544807983,-0.35854032864199,-0.20690414837233
2124.29999999999,"",33,662319,"h9mprbq4k0","fr","false",800,1280,980,1363,2,60,16.6666666666667,"",NA,"up","touchscreen",998.623000000021,99.8880000000354,96.3999999999069,6,TRUE,4,5,0,0,0.1875,6,0.05,1,NA,2021-07-01 04:01:29.511031,"F","6","right","NA","NA",6.55714448135403,0.956497064109183,0.329628214099762
5366.2999999997,"",34,669723,"h9mprbq4k0","fr","false",800,1280,980,1363,2,60,16.6666666666667,"",NA,"up","touchscreen",999.021999999997,99.9959999999846,96.1999999999534,6,FALSE,0,5,0,0,-0.0625,38,0.2,1,NA,2021-07-01 04:01:29.511031,"F","6","right","NA","NA",-1.39734999470373,-0.22682164998158,-0.177060840830464
2785.70000000036,"",35,674548,"h9mprbq4k0","fr","false",800,1280,980,1363,2,60,16.6666666666667,"",NA,"down","touchscreen",999.402999999991,98.9319999999716,94.0999999998021,6,TRUE,1,5,0,0,-0.1875,6,0.1,1,NA,2021-07-01 04:01:29.511031,"F","6","right","NA","NA",-2.39986679966583,-0.768203804809327,-0.169934435355928
5283.5,"",36,681873,"h9mprbq4k0","fr","false",800,1280,980,1363,2,60,16.6666666666667,"",NA,"down","touchscreen",998.541000000027,99.8420000000042,96.1999999999534,6,FALSE,0,5,0,0,0,38,0.15,1,NA,2021-07-01 04:01:29.511031,"F","6","right","NA","NA",1.92982367964125,0.306189254191786,0.134966364577325
3456.29999999981,"",37,687369,"h9mprbq4k0","fr","false",800,1280,980,1363,2,60,16.6666666666667,"",NA,"up","touchscreen",998.179999999993,100.032000000007,96.4999999996508,6,FALSE,0,5,0,0,-0.0625,6,0.05,1,NA,2021-07-01 04:01:29.511031,"F","6","right","NA","NA",-0.626659060199608,-0.298996065193939,-0.0393665296378478
1860.29999999981,"",38,691265,"h9mprbq4k0","fr","false",800,1280,980,1363,2,60,16.6666666666667,"",NA,"down","touchscreen",999.18399999995,100.088000000047,95.3999999997322,6,TRUE,1,5,1,1,-0.125,66,0.05,1,NA,2021-07-01 04:01:29.511031,"F","6","right","NA","NA",-7.93503700146699,-0.704218238913084,-0.162598572245028
3924.39999999991,"",39,697224,"h9mprbq4k0","fr","false",800,1280,980,1363,2,60,16.6666666666667,"",NA,"down","touchscreen",999.496999999974,98.9839999999967,96.1999999999534,6,TRUE,2,5,1,2,-0.125,66,0.2,1,NA,2021-07-01 04:01:29.511031,"F","6","right","NA","NA",-0.897020844574587,-0.111429315444919,-0.067986888504092
1925.99999999988,"",40,701184,"h9mprbq4k0","fr","false",800,1280,980,1363,2,60,16.6666666666667,"",NA,"down","touchscreen",998.570999999996,99.8510000000242,96.1999999999534,6,FALSE,0,5,0,2,0,6,0.15,1,NA,2021-07-01 04:01:29.511031,"F","6","right","NA","NA",1.11261304111655,0.486144327002197,0.223459120199998
1990.00000000023,"",41,705207,"h9mprbq4k0","fr","false",800,1280,980,1363,2,60,16.6666666666667,"",NA,"down","touchscreen",998.446999999986,99.9920000000275,95.399999999674,6,FALSE,0,5,0,2,0,18,0.2,1,NA,2021-07-01 04:01:29.511031,"F","6","right","NA","NA",0.368026141473972,0.0916195635100878,0.0678294056612929
2997.49999999994,"",42,710243,"h9mprbq4k0","fr","false",800,1280,980,1363,2,60,16.6666666666667,"",NA,"up","touchscreen",997.293999999994,99.9729999999981,96.1999999999534,6,TRUE,1,5,0,2,0.125,18,0.2,1,NA,2021-07-01 04:01:29.511031,"F","6","right","NA","NA",0.297082086008077,0.0740665228776274,0.0551801196059194
5225.30000000005,"",43,717498,"h9mprbq4k0","fr","false",800,1280,980,1363,2,60,16.6666666666667,"",NA,"up","touchscreen",998.494999999995,99.8649999999907,95.6999999998952,6,TRUE,2,5,0,2,0.0625,6,0.05,1,NA,2021-07-01 04:01:29.511031,"F","6","right","NA","NA",1.01767885326748,0.453505030204437,0.103432369121043
3833.30000000022,"",44,723359,"h9mprbq4k0","fr","false",800,1280,980,1363,2,60,16.6666666666667,"",NA,"down","touchscreen",998.533999999985,99.8530000000028,97.0000000002328,6,FALSE,0,5,0,2,0.1875,66,0.2,1,NA,2021-07-01 04:01:29.511031,"F","6","right","NA","NA",1.87528906305538,0.228224670106066,0.158220547495706
1636.09999999969,"",45,727039,"h9mprbq4k0","fr","false",800,1280,980,1363,2,60,16.6666666666667,"",NA,"up","touchscreen",998.472999999998,99.8969999999972,95.4000000001397,6,TRUE,1,5,2,4,0.0625,66,0.05,1,NA,2021-07-01 04:01:29.511031,"F","6","right","NA","NA",2.40372335227818,0.287756789146633,0.0586272306562696
1081.29999999987,"",46,730163,"h9mprbq4k0","fr","false",800,1280,980,1363,2,60,16.6666666666667,"",NA,"up","touchscreen",999.076000000001,99.1670000000158,94.7999999998719,6,TRUE,2,5,7,11,0.1875,38,0.15,1,NA,2021-07-01 04:01:29.511031,"F","6","right","NA","NA",1.94502380111104,0.308372408942426,0.130504257768765
2651.4000000002,"",47,734845,"h9mprbq4k0","fr","false",800,1280,980,1363,2,60,16.6666666666667,"",NA,"down","touchscreen",998.633000000031,99.7119999999995,96.7999999998137,6,TRUE,3,5,7,18,-0.1875,6,0.05,1,NA,2021-07-01 04:01:29.511031,"F","6","right","NA","NA",-8.17669194520138,-0.971364659608207,-0.1938154179139
2970.60000000009,"",48,739858,"h9mprbq4k0","fr","false",800,1280,980,1363,2,60,16.6666666666667,"",NA,"up","touchscreen",998.537000000011,99.8769999999786,95.6000000000931,6,FALSE,0,5,0,18,0,6,0.05,1,NA,2021-07-01 04:01:29.511031,"F","6","right","NA","NA",-1.74888800486417,-0.658267522533021,-0.0986053113627965
4403.80000000005,"",49,746300,"h9mprbq4k0","fr","false",800,1280,980,1363,2,60,16.6666666666667,"",NA,"down","touchscreen",998.913,99.5410000000265,96.2999999997555,6,TRUE,1,5,0,18,-0.125,38,0.2,1,NA,2021-07-01 04:01:29.511031,"F","6","right","NA","NA",-1.68849028664373,-0.270892804155268,-0.191509191768749
2920.00000000012,"",50,751258,"h9mprbq4k0","fr","false",800,1280,980,1363,2,60,16.6666666666667,"",NA,"down","touchscreen",998.822000000044,99.5960000000196,95.8999999997905,6,TRUE,2,5,0,18,0.0625,6,0.15,1,NA,2021-07-01 04:01:29.511031,"F","6","right","NA","NA",-0.255875051748792,-0.126903165130383,-0.0224545162714389
2826.39999999991,"",51,756128,"h9mprbq4k0","fr","false",800,1280,980,1363,2,60,16.6666666666667,"",NA,"down","touchscreen",998.744999999995,99.8539999999921,96,6,TRUE,3,5,0,18,-0.125,66,0.1,1,NA,2021-07-01 04:01:29.511031,"F","6","right","NA","NA",-2.73680024189864,-0.323683246607073,-0.1210428022895
2863.29999999999,"",52,761021,"h9mprbq4k0","fr","false",800,1280,980,1363,2,60,16.6666666666667,"",NA,"down","touchscreen",999.114000000001,98.9890000000014,94.5999999999185,6,FALSE,0,5,0,18,0.1875,38,0.2,1,NA,2021-07-01 04:01:29.511031,"F","6","right","NA","NA",1.53543852888404,0.247917328102413,0.187155753365561
5932.29999999993,"",53,768984,"h9mprbq4k0","fr","false",800,1280,980,1363,2,60,16.6666666666667,"",NA,"down","touchscreen",998.476000000024,99.536999999953,95.699999999837,6,TRUE,1,5,0,18,-0.125,38,0.05,1,NA,2021-07-01 04:01:29.511031,"F","6","right","NA","NA",-4.72422500787579,-0.618625957832379,-0.125052645792373
2351.09999999986,"",54,773373,"h9mprbq4k0","fr","false",800,1280,980,1363,2,60,16.6666666666667,"",NA,"down","touchscreen",998.248999999953,100.188000000024,97.2000000001281,6,FALSE,0,5,0,18,0.1875,38,0.05,1,NA,2021-07-01 04:01:29.511031,"F","6","right","NA","NA",7.37636736789661,0.775768949086592,0.182291636357572
1483.70000000019,"",55,776899,"h9mprbq4k0","fr","false",800,1280,980,1363,2,60,16.6666666666667,"",NA,"up","touchscreen",998.179000000004,99.8939999999711,95.9000000002561,6,TRUE,1,5,3,21,0.0625,18,0.15,1,NA,2021-07-01 04:01:29.511031,"F","6","right","NA","NA",1.1546102778571,0.277330085738741,0.130119947085948
2278.49999999988,"",56,781208,"h9mprbq4k0","fr","false",800,1280,980,1363,2,60,16.6666666666667,"",NA,"down","touchscreen",999.558000000019,98.6180000000168,95.1000000000349,6,FALSE,0,5,0,21,0.0625,38,0.1,1,NA,2021-07-01 04:01:29.511031,"F","6","right","NA","NA",0.44734298381576,0.0743508008266604,0.0253968936031718
1796.8000000001,"",57,785034,"h9mprbq4k0","fr","false",800,1280,980,1363,2,60,16.6666666666667,"",NA,"up","touchscreen",998.600000000035,99.8030000000144,95.6000000000931,6,TRUE,1,5,1,22,0.125,66,0.05,1,NA,2021-07-01 04:01:29.511031,"F","6","right","NA","NA",6.59768657013466,0.636250199272602,0.134501564594951
7020.1999999999,"",58,794085,"h9mprbq4k0","fr","false",800,1280,980,1363,2,60,16.6666666666667,"",NA,"up","touchscreen",998.344000000041,99.9199999999837,97.1000000003842,6,TRUE,2,5,1,23,0.1875,18,0.1,1,NA,2021-07-01 04:01:29.511031,"F","6","right","NA","NA",2.86238893948923,0.581944214585461,0.144380976089532
4825.39999999973,"",59,800945,"h9mprbq4k0","fr","false",800,1280,980,1363,2,60,16.6666666666667,"",NA,"down","touchscreen",998.260999999999,99.8719999999739,95.1000000000349,6,FALSE,0,5,0,23,0.125,66,0.15,1,NA,2021-07-01 04:01:29.511031,"F","6","right","NA","NA",1.45379079678132,0.178795595269889,0.0881362464907662
3093.90000000031,"",60,806073,"h9mprbq4k0","fr","false",800,1280,980,1363,2,60,16.6666666666667,"",NA,"up","touchscreen",999.010999999999,99.3310000000056,94.7000000000698,6,TRUE,1,5,0,23,0.1875,18,0.05,1,NA,2021-07-01 04:01:29.511031,"F","6","right","NA","NA",6.17608638765974,0.839340193738323,0.237730137916703
1378.60000000003,"",61,809481,"h9mprbq4k0","fr","false",800,1280,980,1363,2,60,16.6666666666667,"",NA,"up","touchscreen",999.451000000001,98.6630000000005,94.9999999998254,6,TRUE,2,5,3,26,-0.0625,66,0.15,1,NA,2021-07-01 04:01:29.511031,"F","6","right","NA","NA",0.0751524947497732,0.00939364736570036,0.00415337846137263
3277.39999999997,"",62,814796,"h9mprbq4k0","fr","false",800,1280,980,1363,2,60,16.6666666666667,"",NA,"up","touchscreen",998.423999999999,99.9100000000326,96,6,TRUE,3,5,3,29,0,66,0.15,1,NA,2021-07-01 04:01:29.511031,"F","6","right","NA","NA",1.24641009540005,0.15394404348036,0.0871610607308589
2401.49999999994,"",63,819225,"h9mprbq4k0","fr","false",800,1280,980,1363,2,60,16.6666666666667,"",NA,"up","touchscreen",997.91399999999,99.8869999999879,95.699999999837,6,TRUE,4,5,3,32,0.0625,18,0.05,1,NA,2021-07-01 04:01:29.511031,"F","6","right","NA","NA",0.784413916234542,0.192438130171896,0.0347313374112503
2942.99999999977,"",64,824211,"h9mprbq4k0","fr","false",800,1280,980,1363,2,60,16.6666666666667,"",NA,"up","touchscreen",998.495999999985,99.8589999999967,100.099999999686,6,TRUE,5,5,3,35,0.0625,66,0.15,1,NA,2021-07-01 04:01:29.511031,"F","6","right","NA","NA",2.60756761511456,0.309899419585797,0.162909579921033
1712.89999999997,"",65,827959,"h9mprbq4k0","fr","false",800,1280,980,1363,2,60,16.6666666666667,"",NA,"up","touchscreen",998.472000000009,99.9400000000023,96.5000000001164,6,FALSE,0,5,0,35,-0.125,6,0.15,1,NA,2021-07-01 04:01:29.511031,"F","6","right","NA","NA",-0.634166462289795,-0.302252574540342,-0.08867770994781
1629.90000000037,"",66,831618,"h9mprbq4k0","fr","false",800,1280,980,1363,2,60,16.6666666666667,"",NA,"down","touchscreen",998.59600000002,99.7989999999991,95.5000000003492,6,FALSE,0,5,0,35,0.1875,66,0.1,1,NA,2021-07-01 04:01:29.511031,"F","6","right","NA","NA",4.99911827236817,0.529931725702574,0.211930576699842
2069.50000000006,"",67,835720,"h9mprbq4k0","fr","false",800,1280,980,1363,2,60,16.6666666666667,"",NA,"up","touchscreen",998.46100000001,99.8289999999688,95.7000000003027,6,TRUE,1,5,0,35,0.125,38,0.2,1,NA,2021-07-01 04:01:29.511031,"F","6","right","NA","NA",1.78345670004307,0.284922256815063,0.214811927228193
5650.09999999986,"",68,843411,"h9mprbq4k0","fr","false",800,1280,980,1363,2,60,16.6666666666667,"",NA,"up","touchscreen",998.14499999996,100.188000000024,97.0000000002328,6,TRUE,2,5,0,35,0.0625,38,0.2,1,NA,2021-07-01 04:01:29.511031,"F","6","right","NA","NA",2.00582383517724,0.317056150129812,0.231241641919844
1121.20000000007,"",69,846572,"h9mprbq4k0","fr","false",800,1280,980,1363,2,60,16.6666666666667,"",NA,"up","touchscreen",998.785000000033,99.9560000000056,96.3999999999069,6,FALSE,0,5,0,35,-0.0625,18,0.2,1,NA,2021-07-01 04:01:29.511031,"F","6","right","NA","NA",-1.58364003788065,-0.368110085102107,-0.295760907639053
3520.89999999991,"",70,852135,"h9mprbq4k0","fr","false",800,1280,980,1363,2,60,16.6666666666667,"",NA,"down","touchscreen",998.589999999967,99.8639999999432,96,6,TRUE,1,5,0,35,-0.0625,38,0.15,1,NA,2021-07-01 04:01:29.511031,"F","6","right","NA","NA",-3.37510089362222,-0.490272372906096,-0.290720945073548
2620.10000000009,"",71,856792,"h9mprbq4k0","fr","false",800,1280,980,1363,2,60,16.6666666666667,"",NA,"down","touchscreen",998.385000000009,99.8189999999013,96,6,FALSE,0,5,0,35,0.125,66,0.2,1,NA,2021-07-01 04:01:29.511031,"F","6","right","NA","NA",0.124909132617765,0.0156117387330512,0.00963503475406557
5920.90000000014,"",72,864753,"h9mprbq4k0","fr","false",800,1280,980,1363,2,60,16.6666666666667,"",NA,"up","touchscreen",999.108000000007,99.1489999999758,94.7000000000698,6,TRUE,1,5,0,35,0.125,38,0.1,1,NA,2021-07-01 04:01:29.511031,"F","6","right","NA","NA",2.11897335236624,0.333005455929192,0.111334699202854
907.000000000233,"",73,867695,"h9mprbq4k0","fr","false",800,1280,980,1363,2,60,16.6666666666667,"",NA,"up","touchscreen",998.491000000038,99.7010000000009,95.8999999999069,6,FALSE,0,5,0,35,0.0625,6,0.2,1,NA,2021-07-01 04:01:29.511031,"F","6","right","NA","NA",-0.926226054919696,-0.420235701016079,-0.238052247930219
2016.30000000028,"",74,871748,"h9mprbq4k0","fr","false",800,1280,980,1363,2,60,16.6666666666667,"",NA,"down","touchscreen",996.937999999966,101.351000000024,97.0999999999767,6,TRUE,1,5,0,35,-0.1875,18,0.05,1,NA,2021-07-01 04:01:29.511031,"F","6","right","NA","NA",-3.88108404277753,-0.696358135396168,-0.161960234110798
2164.90000000014,"",75,875941,"h9mprbq4k0","fr","false",800,1280,980,1363,2,60,16.6666666666667,"",NA,"down","touchscreen",998.120999999926,100.230999999912,97.0000000002328,6,TRUE,2,5,0,35,-0.125,66,0.15,1,NA,2021-07-01 04:01:29.511031,"F","6","right","NA","NA",-0.0973668085443423,-0.0121699497364311,-0.0055268714927054
2522.70000000007,"",76,880494,"h9mprbq4k0","fr","false",800,1280,980,1363,2,60,16.6666666666667,"",NA,"up","touchscreen",998.34600000002,99.9050000000279,95.699999999837,6,FALSE,0,5,0,35,0,66,0.05,1,NA,2021-07-01 04:01:29.511031,"F","6","right","NA","NA",-0.037332099225232,-0.00466646159420812,-0.00073059402668701
1666.1999999996,"",77,884201,"h9mprbq4k0","fr","false",800,1280,980,1363,2,60,16.6666666666667,"",NA,"down","touchscreen",998.572999999975,99.9149999999208,96.8000000002794,6,FALSE,0,5,0,35,0,6,0.2,1,NA,2021-07-01 04:01:29.511031,"F","6","right","NA","NA",0.182190005379222,0.0907193720927026,0.0254063664086618
1627.69999999995,"",78,887873,"h9mprbq4k0","fr","false",800,1280,980,1363,2,60,16.6666666666667,"",NA,"up","touchscreen",999.453000000096,98.9279999999562,95.6000000000931,6,TRUE,1,5,2,37,0.1875,6,0.15,1,NA,2021-07-01 04:01:29.511031,"F","6","right","NA","NA",1.619263360351,0.629248874362473,0.277922427743373
2906.50000000012,"",79,892810,"h9mprbq4k0","fr","false",800,1280,980,1363,2,60,16.6666666666667,"",NA,"up","touchscreen",996.918000000063,100.900999999954,96.8999999995576,6,TRUE,2,5,2,39,-0.0625,6,0.15,1,NA,2021-07-01 04:01:29.511031,"F","6","right","NA","NA",0.692392724567433,0.3271464413183,0.211482859806779
2603.90000000014,"",80,897450,"h9mprbq4k0","fr","false",800,1280,980,1363,2,60,16.6666666666667,"",NA,"up","touchscreen",997.516000000061,100.750999999931,97.7999999995809,6,FALSE,0,5,0,39,-0.1875,38,0.1,1,NA,2021-07-01 04:01:29.511031,"F","6","right","NA","NA",-2.68855549591772,-0.408916630048067,-0.170788755119825
1154.89999999956,"",81,900647,"h9mprbq4k0","fr","false",800,1280,980,1363,2,60,16.6666666666667,"",NA,"down","touchscreen",998.189999999944,100.125999999931,96.0999999997439,6,FALSE,0,5,0,39,0.1875,18,0.15,1,NA,2021-07-01 04:01:29.511031,"F","6","right","NA","NA",2.96410724534852,0.595375950818684,0.303496448367321
4295.20000000042,"",82,906982,"h9mprbq4k0","fr","false",800,1280,980,1363,2,60,16.6666666666667,"",NA,"up","touchscreen",998.457999999984,99.890999999945,96.5000000004657,6,TRUE,1,5,0,39,0.125,6,0.05,1,NA,2021-07-01 04:01:29.511031,"F","6","right","NA","NA",1.37744833211878,0.567213232240475,0.0972420647107102
5948.10000000056,"",83,914959,"h9mprbq4k0","fr","false",800,1280,980,1363,2,60,16.6666666666667,"",NA,"up","touchscreen",997.878999999957,99.8529999998864,96.300000000163,6,TRUE,2,5,0,39,0.125,18,0.05,1,NA,2021-07-01 04:01:29.511031,"F","6","right","NA","NA",3.45898769063475,0.654100894374638,0.135433420448089
2344.40000000002,"",84,919347,"h9mprbq4k0","fr","false",800,1280,980,1363,2,60,16.6666666666667,"",NA,"up","touchscreen",998.918999999994,99.1310000000522,95.9999999995343,6,FALSE,0,5,0,39,-0.125,6,0.2,1,NA,2021-07-01 04:01:29.511031,"F","6","right","NA","NA",-1.22092195518161,-0.521045928403206,-0.254167275265514
1580.10000000009,"",85,922958,"h9mprbq4k0","fr","false",800,1280,980,1363,2,60,16.6666666666667,"",NA,"up","touchscreen",999.692000000039,98.7299999999814,94.9000000000233,6,FALSE,0,5,0,39,-0.0625,18,0.05,1,NA,2021-07-01 04:01:29.511031,"F","6","right","NA","NA",-2.86333521445568,-0.582071424959455,-0.098646920539955
1004.39999999979,"",86,925994,"h9mprbq4k0","fr","false",800,1280,980,1363,2,60,16.6666666666667,"",NA,"down","touchscreen",998.013000000035,99.6570000000065,95.5000000003492,6,FALSE,0,5,0,39,0,38,0.1,1,NA,2021-07-01 04:01:29.511031,"F","6","right","NA","NA",3.78958249295689,0.534003951902917,0.202473785662905
1255.69999999972,"",87,929292,"h9mprbq4k0","fr","false",800,1280,980,1363,2,60,16.6666666666667,"",NA,"up","touchscreen",998.684000000008,99.8040000000037,95.8000000000466,6,FALSE,0,5,0,39,-0.0625,66,0.2,1,NA,2021-07-01 04:01:29.511031,"F","6","right","NA","NA",-1.11927821197404,-0.13856020843998,-0.085281091805388
1107.5,"",88,932437,"h9mprbq4k0","fr","false",800,1280,980,1363,2,60,16.6666666666667,"",NA,"down","touchscreen",999.459999999963,98.9550000000745,94.7000000005355,6,FALSE,0,5,0,39,0.1875,66,0.05,1,NA,2021-07-01 04:01:29.511031,"F","6","right","NA","NA",8.10605268668365,0.711747400740127,0.180861307952248
1568.10000000044,"",89,936043,"h9mprbq4k0","fr","false",800,1280,980,1363,2,60,16.6666666666667,"",NA,"up","touchscreen",999.71100000001,98.9810000000289,97.9000000007218,6,FALSE,0,5,0,39,-0.1875,6,0.2,1,NA,2021-07-01 04:01:29.511031,"F","6","right","NA","NA",-3.97466696957008,-0.893285598460039,-0.548958805607583
706.899999999208,"",90,938778,"h9mprbq4k0","fr","false",800,1280,980,1363,2,60,16.6666666666667,"",NA,"down","touchscreen",998.626999999979,99.4980000000214,94.6999999996042,6,FALSE,0,5,0,39,-0.0625,38,0.1,1,NA,2021-07-01 04:01:29.511031,"F","6","right","NA","NA",0.289808626894435,0.0482451918891076,0.0197821061885429
2185.70000000007,"",91,943002,"h9mprbq4k0","fr","false",800,1280,980,1363,2,60,16.6666666666667,"",NA,"up","touchscreen",999.185999999987,99.1520000000019,95.5999999996275,6,TRUE,1,5,0,39,0.0625,6,0.1,1,NA,2021-07-01 04:01:29.511031,"F","6","right","NA","NA",0.997001837005393,0.446139975300225,0.148597139945696
3807.79999999958,"",92,948850,"h9mprbq4k0","fr","false",800,1280,980,1363,2,60,16.6666666666667,"",NA,"down","touchscreen",998.570000000065,99.5659999999916,98.8999999999069,6,FALSE,0,5,0,39,0.0625,66,0.2,1,NA,2021-07-01 04:01:29.511031,"F","6","right","NA","NA",0.379197924841466,0.047346582824225,0.0357335809799024
1223.10000000021,"",93,952108,"h9mprbq4k0","fr","false",800,1280,980,1363,2,60,16.6666666666667,"",NA,"up","touchscreen",998.728000000003,99.6819999999134,96.1999999999534,6,FALSE,0,5,0,39,0,38,0.2,1,NA,2021-07-01 04:01:29.511031,"F","6","right","NA","NA",-0.27400961602219,-0.0456207210370983,-0.0234619883599883
1510.09999999951,"",94,955657,"h9mprbq4k0","fr","false",800,1280,980,1363,2,60,16.6666666666667,"",NA,"up","touchscreen",998.212000000058,100.215999999898,96.5999999998603,6,TRUE,1,5,2,41,0.125,38,0.15,1,NA,2021-07-01 04:01:29.511031,"F","6","right","NA","NA",1.89184403647872,0.300713216877843,0.144375406703769
2027.79999999981,"",95,959720,"h9mprbq4k0","fr","false",800,1280,980,1363,2,60,16.6666666666667,"",NA,"up","touchscreen",999.443999999901,99.1520000000019,98.2999999995809,6,FALSE,0,5,0,41,-0.125,38,0.1,1,NA,2021-07-01 04:01:29.511031,"F","6","right","NA","NA",-2.6067092229094,-0.39847071885164,-0.132371645541983
1934.29999999981,"",96,963688,"h9mprbq4k0","fr","false",800,1280,980,1363,2,60,16.6666666666667,"",NA,"down","touchscreen",998.361999999965,99.8760000000475,97.899999999674,6,TRUE,1,5,0,41,0,66,0.2,1,NA,2021-07-01 04:01:29.511031,"F","6","right","NA","NA",-1.55803881167429,-0.191163233175307,-0.127268013352371
2631.90000000026,"",97,968347,"h9mprbq4k0","fr","false",800,1280,980,1363,2,60,16.6666666666667,"",NA,"up","touchscreen",998.58600000001,99.8329999999842,95.6000000005588,6,FALSE,0,5,0,41,-0.1875,66,0.15,1,NA,2021-07-01 04:01:29.511031,"F","6","right","NA","NA",-2.11867167178224,-0.256008259798887,-0.120885353188588
1435.79999999935,"",98,971806,"h9mprbq4k0","fr","false",800,1280,980,1363,2,60,16.6666666666667,"",NA,"down","touchscreen",997.255000000005,101.751000000047,100.499999999534,6,FALSE,0,5,0,41,0.1875,6,0.1,1,NA,2021-07-01 04:01:29.511031,"F","6","right","NA","NA",2.72377208772352,0.806042564935288,0.317884096706102
5773.60000000044,"",99,979612,"h9mprbq4k0","fr","false",800,1280,980,1363,2,60,16.6666666666667,"",NA,"down","touchscreen",999.219000000041,98.9099999999162,95.9999999995343,6,FALSE,0,5,0,41,-0.125,18,0.2,1,NA,2021-07-01 04:01:29.511031,"F","6","right","NA","NA",0.476086128069958,0.118187347544316,0.0454936643039809
2946.69999999949,"",100,984591,"h9mprbq4k0","fr","false",800,1280,980,1363,2,60,16.6666666666667,"",NA,"up","touchscreen",999.266999999993,99.9329999999609,95.8999999993248,6,FALSE,0,5,0,41,-0.0625,66,0.1,1,NA,2021-07-01 04:01:29.511031,"F","6","right","NA","NA",-2.95400521030614,-0.34639049619976,-0.121058787770525
2430.19999999972,"",101,989051,"h9mprbq4k0","fr","false",800,1280,980,1363,2,60,16.6666666666667,"",NA,"down","touchscreen",998.510000000009,100.001000000047,96.4000000003725,6,FALSE,0,5,0,41,0.125,66,0.1,1,NA,2021-07-01 04:01:29.511031,"F","6","right","NA","NA",2.17870187722083,0.262767559454439,0.0909946027943988
2580.39999999979,"",102,993659,"h9mprbq4k0","fr","false",800,1280,980,1363,2,60,16.6666666666667,"",NA,"up","touchscreen",998.490999999922,99.9260000000941,96.8999999995576,6,FALSE,0,5,0,41,0,18,0.05,1,NA,2021-07-01 04:01:29.511031,"F","6","right","NA","NA",-0.363992401829677,-0.0906236623981121,-0.00981575638242418
7283.10000000056,"",103,1002973,"h9mprbq4k0","fr","false",800,1280,980,1363,2,60,16.6666666666667,"",NA,"down","touchscreen",998.706000000006,99.8760000000475,95.7000000007683,6,TRUE,1,5,0,41,-0.1875,38,0.05,1,NA,2021-07-01 04:01:29.511031,"F","6","right","NA","NA",-7.17058545046237,-0.766930362989564,-0.190105724361891
3755.4999999993,"",104,1008765,"h9mprbq4k0","fr","false",800,1280,980,1363,2,60,16.6666666666667,"",NA,"down","touchscreen",998.695000000065,99.642000000109,95.800000000163,6,TRUE,2,5,0,41,-0.0625,38,0.05,1,NA,2021-07-01 04:01:29.511031,"F","6","right","NA","NA",-2.70432337269795,-0.41091089794367,-0.0761782810106206
5714.80000000075,"",105,1016519,"h9mprbq4k0","fr","false",800,1280,980,1363,2,60,16.6666666666667,"",NA,"up","touchscreen",999.792000000016,98.1560000000754,95.0999999996275,6,TRUE,3,5,0,41,0.0625,38,0.05,1,NA,2021-07-01 04:01:29.511031,"F","6","right","NA","NA",1.77216367361913,0.283263286621997,0.0522854631590133
3015.19999999984,"",106,1021573,"h9mprbq4k0","fr","false",800,1280,980,1363,2,60,16.6666666666667,"",NA,"up","touchscreen",999.83899999992,99.9930000000168,99.0000000002328,6,TRUE,4,5,0,41,0.0625,38,0.15,1,NA,2021-07-01 04:01:29.511031,"F","6","right","NA","NA",1.4816149097492,0.239734779391996,0.135615031184929
2215.4999999993,"",107,1025834,"h9mprbq4k0","fr","false",800,1280,980,1363,2,60,16.6666666666667,"",NA,"down","touchscreen",999.118000000017,99.9270000000251,95.699999999837,6,FALSE,0,5,0,41,-0.0625,18,0.15,1,NA,2021-07-01 04:01:29.511031,"F","6","right","NA","NA",0.350094169738697,0.0871902248386704,0.0427272510249476
2897.5,"",108,1030773,"h9mprbq4k0","fr","false",800,1280,980,1363,2,60,16.6666666666667,"",NA,"up","touchscreen",997.675000000047,101.091000000015,99.599999999511,6,TRUE,1,5,0,41,0.1875,38,0.1,1,NA,2021-07-01 04:01:29.511031,"F","6","right","NA","NA",2.96105812430503,0.442551421286559,0.148331247101602
2098.10000000021,"",109,1034902,"h9mprbq4k0","fr","false",800,1280,980,1363,2,60,16.6666666666667,"",NA,"down","touchscreen",999.170000000042,99.0230000000447,95.2999999999302,6,TRUE,2,5,0,41,-0.1875,66,0.05,1,NA,2021-07-01 04:01:29.511031,"F","6","right","NA","NA",-9.15735356913901,-0.753093423415969,-0.20105890301856
4226.89999999967,"",110,1041158,"h9mprbq4k0","fr","false",800,1280,980,1363,2,60,16.6666666666667,"",NA,"down","touchscreen",998.476999999955,99.8829999999143,96.9999999997672,6,TRUE,3,5,0,41,-0.1875,38,0.15,1,NA,2021-07-01 04:01:29.511031,"F","6","right","NA","NA",-1.80261212778196,-0.287730380189474,-0.142698280513938
2208.09999999986,"",111,1045398,"h9mprbq4k0","fr","false",800,1280,980,1363,2,60,16.6666666666667,"",NA,"up","touchscreen",998.998000000021,99.8690000000643,96.300000000163,6,FALSE,0,5,0,41,0.1875,6,0.2,1,NA,2021-07-01 04:01:29.511031,"F","6","right","NA","NA",-0.798896827373813,-0.370949054692345,-0.195319491846024
1182.69999999937,"",112,1048615,"h9mprbq4k0","fr","false",800,1280,980,1363,2,60,16.6666666666667,"",NA,"down","touchscreen",998.310000000056,99.8360000000102,95.9999999995343,6,TRUE,1,5,4,45,-0.0625,6,0.1,1,NA,2021-07-01 04:01:29.511031,"F","6","right","NA","NA",-1.99184306025467,-0.705660404599315,-0.170024260409442
2482.79999999981,"",113,1053130,"h9mprbq4k0","fr","false",800,1280,980,1363,2,60,16.6666666666667,"",NA,"down","touchscreen",999.481000000029,99.9520000000484,96.0999999997439,6,TRUE,2,5,4,49,-0.125,18,0.1,1,NA,2021-07-01 04:01:29.511031,"F","6","right","NA","NA",-0.267621966040072,-0.066756246353799,-0.0216610059769589
12643,"",2,196654,"lry3u2qrte","fr","false",834,1194,1194,760,2,63,16.6666666666667,"",NA,"up","touchscreen",995,100,97,6,FALSE,0,0,0,0,0.1875,18,0.2,1,NA,2021-07-02 03:43:45.34114,"M","03","right","NA","NA",-0.226770927742379,-0.0566018438802033,-0.0416081244830509
3568,"",3,202328,"lry3u2qrte","fr","false",834,1194,1194,760,2,63,16.6666666666667,"",NA,"down","touchscreen",1000,99,98,6,TRUE,1,1,0,0,-0.0625,6,0.15,1,NA,2021-07-02 03:43:45.34114,"M","03","right","NA","NA",-2.01788600052653,-0.710247496729577,-0.204899399477056
2655.99999999997,"",4,207056,"lry3u2qrte","fr","false",834,1194,1194,760,2,63,16.6666666666667,"",NA,"up","touchscreen",994,100,99.9999999999709,6,FALSE,0,1,0,0,-0.0625,38,0.05,1,NA,2021-07-02 03:43:45.34114,"M","03","right","NA","NA",-4.28169370674666,-0.580876958281713,-0.125245613133614
1221.00000000003,"",5,210381,"lry3u2qrte","fr","false",834,1194,1194,760,2,63,16.6666666666667,"",NA,"down","touchscreen",1008,100,99,6,TRUE,1,1,4,4,0,18,0.15,1,NA,2021-07-02 03:43:45.34114,"M","03","right","NA","NA",-0.257771045332732,-0.0643093654827226,-0.0289673517275738
3046,"",6,215512,"lry3u2qrte","fr","false",834,1194,1194,760,2,63,16.6666666666667,"",NA,"down","touchscreen",1003,99,98.0000000000291,6,TRUE,2,2,4,8,-0.125,38,0.2,1,NA,2021-07-02 03:43:45.34114,"M","03","right","NA","NA",-1.95453262163536,-0.309735665879778,-0.233427708221576
1721,"",7,219305,"lry3u2qrte","fr","false",834,1194,1194,760,2,63,16.6666666666667,"",NA,"down","touchscreen",992,100,99.0000000000291,6,TRUE,3,3,5,13,-0.1875,38,0.1,1,NA,2021-07-02 03:43:45.34114,"M","03","right","NA","NA",-3.13801498712008,-0.463445743886645,-0.177093660438249
1222,"",8,222609,"lry3u2qrte","fr","false",834,1194,1194,760,2,63,16.6666666666667,"",NA,"down","touchscreen",1003,100,99,6,TRUE,4,4,9,22,-0.0625,38,0.2,1,NA,2021-07-02 03:43:45.34114,"M","03","right","NA","NA",-0.0763935399909392,-0.0127312247752604,-0.00787594352726816
1217,"",9,225898,"lry3u2qrte","fr","false",834,1194,1194,760,2,63,16.6666666666667,"",NA,"down","touchscreen",993,100,99.0000000000291,6,TRUE,5,5,13,35,-0.125,38,0.05,1,NA,2021-07-02 03:43:45.34114,"M","03","right","NA","NA",-3.51121569593879,-0.505074266421806,-0.104127553598055
939,"",10,228919,"lry3u2qrte","fr","false",834,1194,1194,760,2,63,16.6666666666667,"",NA,"down","touchscreen",1005,101,100,6,TRUE,6,6,18,53,-0.1875,6,0.2,1,NA,2021-07-02 03:43:45.34114,"M","03","right","NA","NA",-0.0471466468692312,-0.0235667762966677,-0.0116376725997259
3322,"",11,234308,"lry3u2qrte","fr","false",834,1194,1194,760,2,63,16.6666666666667,"",NA,"down","touchscreen",994,100,99,6,TRUE,7,7,18,71,-0.0625,6,0.1,1,NA,2021-07-02 03:43:45.34114,"M","03","right","NA","NA",-0.766421552480435,-0.357836229780456,-0.0819424558347588
1550.00000000003,"",12,237919,"lry3u2qrte","fr","false",834,1194,1194,760,2,63,16.6666666666667,"",NA,"down","touchscreen",1005,100,100,6,FALSE,0,7,0,71,0,66,0.1,1,NA,2021-07-02 03:43:45.34114,"M","03","right","NA","NA",0.0210469927900592,0.00263086499400907,0.00089024167383151
574.999999999971,"",13,240570,"lry3u2qrte","fr","false",834,1194,1194,760,2,63,16.6666666666667,"",NA,"up","touchscreen",1002,100,98.9999999999709,6,FALSE,0,7,0,71,0,66,0.2,1,NA,2021-07-02 03:43:45.34114,"M","03","right","NA","NA",-0.936779895658073,-0.116302839810973,-0.0833796820551649
1363,"",14,244023,"lry3u2qrte","fr","false",834,1194,1194,760,2,63,16.6666666666667,"",NA,"up","touchscreen",1004,100,99,6,TRUE,1,7,3,74,0.125,18,0.05,1,NA,2021-07-02 03:43:45.34114,"M","03","right","NA","NA",1.84848114033936,0.419493535245004,0.0802353594067615
1226,"",15,247315,"lry3u2qrte","fr","false",834,1194,1194,760,2,63,16.6666666666667,"",NA,"up","touchscreen",993,100,99,6,TRUE,2,7,7,81,0.1875,18,0.15,1,NA,2021-07-02 03:43:45.34114,"M","03","right","NA","NA",2.25546013126713,0.491164219595367,0.263903112355026
1841.99999999997,"",16,251224,"lry3u2qrte","fr","false",834,1194,1194,760,2,63,16.6666666666667,"",NA,"down","touchscreen",992,101,99.9999999999709,6,TRUE,3,7,8,89,-0.125,66,0.05,1,NA,2021-07-02 03:43:45.34114,"M","03","right","NA","NA",-5.34875922444926,-0.555809445544501,-0.100826456530342
2341,"",17,255641,"lry3u2qrte","fr","false",834,1194,1194,760,2,63,16.6666666666667,"",NA,"up","touchscreen",1004,100,99.0000000000291,6,FALSE,0,7,0,89,-0.125,6,0.1,1,NA,2021-07-02 03:43:45.34114,"M","03","right","NA","NA",-2.31043496370767,-0.756073927068737,-0.259041503824947
2796.00000000006,"",18,260528,"lry3u2qrte","fr","false",834,1194,1194,760,2,63,16.6666666666667,"",NA,"up","touchscreen",1006,99,99.0000000000582,6,TRUE,1,7,0,89,0,38,0.2,1,NA,2021-07-02 03:43:45.34114,"M","03","right","NA","NA",1.26885916392576,0.206900591954845,0.142313280437386
1309,"",19,263919,"lry3u2qrte","fr","false",834,1194,1194,760,2,63,16.6666666666667,"",NA,"down","touchscreen",1008,100,99,6,TRUE,2,7,3,92,-0.0625,38,0.1,1,NA,2021-07-02 03:43:45.34114,"M","03","right","NA","NA",-1.55629306319036,-0.251073644110781,-0.0769981340609987
1751,"",20,267737,"lry3u2qrte","fr","false",834,1194,1194,760,2,63,16.6666666666667,"",NA,"down","touchscreen",993,100,100,6,TRUE,3,7,4,96,0.125,66,0.2,1,NA,2021-07-02 03:43:45.34114,"M","03","right","NA","NA",-0.107288607839019,-0.0134098701048677,-0.00891965004648377
1761,"",21,271574,"lry3u2qrte","fr","false",834,1194,1194,760,2,63,16.6666666666667,"",NA,"up","touchscreen",1004,100,99.0000000000582,6,TRUE,4,7,5,101,0.1875,38,0.05,1,NA,2021-07-02 03:43:45.34114,"M","03","right","NA","NA",5.91960910606013,0.702321780303685,0.146818792030408
1475,"",22,275115,"lry3u2qrte","fr","false",834,1194,1194,760,2,63,16.6666666666667,"",NA,"up","touchscreen",993,99,99,6,FALSE,0,7,0,101,-0.1875,66,0.2,1,NA,2021-07-02 03:43:45.34114,"M","03","right","NA","NA",-0.496221965575756,-0.0619087648626359,-0.040411819791646
2885,"",23,280068,"lry3u2qrte","fr","false",834,1194,1194,760,2,63,16.6666666666667,"",NA,"down","touchscreen",994,100,100,6,FALSE,0,7,0,101,0.1875,66,0.2,1,NA,2021-07-02 03:43:45.34114,"M","03","right","NA","NA",1.0102390107102,0.125284892817858,0.0926850354797318
1303,"",24,283447,"lry3u2qrte","fr","false",834,1194,1194,760,2,63,16.6666666666667,"",NA,"up","touchscreen",1005,100,98,6,TRUE,1,7,3,104,-0.0625,18,0.2,1,NA,2021-07-02 03:43:45.34114,"M","03","right","NA","NA",0.0339750717595442,0.00849346156886754,0.00524127216145652
1927,"",25,287446,"lry3u2qrte","fr","false",834,1194,1194,760,2,63,16.6666666666667,"",NA,"down","touchscreen",1003,100,100,6,FALSE,0,7,0,104,0.0625,6,0.15,1,NA,2021-07-02 03:43:45.34114,"M","03","right","NA","NA",0.713512510001847,0.336013443715235,0.0720936843376974
2160,"",26,291690,"lry3u2qrte","fr","false",834,1194,1194,760,2,63,16.6666666666667,"",NA,"up","touchscreen",1008,99,99,6,FALSE,0,7,0,104,-0.0625,66,0.1,1,NA,2021-07-02 03:43:45.34114,"M","03","right","NA","NA",-1.00921183823068,-0.125159504390661,-0.03950463266978
2024,"",27,295785,"lry3u2qrte","fr","false",834,1194,1194,760,2,63,16.6666666666667,"",NA,"down","touchscreen",993,101,100,6,FALSE,0,7,0,104,0.1875,38,0.1,1,NA,2021-07-02 03:43:45.34114,"M","03","right","NA","NA",1.46088587445322,0.236569657339028,0.0925281915487307
4319.00000000006,"",28,302185,"lry3u2qrte","fr","false",834,1194,1194,760,2,63,16.6666666666667,"",NA,"down","touchscreen",1007,100,100,6,TRUE,1,7,0,104,0,66,0.05,1,NA,2021-07-02 03:43:45.34114,"M","03","right","NA","NA",-1.42569897832884,-0.175448064567709,-0.0285729237207296
1689,"",29,305954,"lry3u2qrte","fr","false",834,1194,1194,760,2,63,16.6666666666667,"",NA,"up","touchscreen",1007,100,100,6,FALSE,0,7,0,104,0,18,0.05,1,NA,2021-07-02 03:43:45.34114,"M","03","right","NA","NA",-2.05991487530898,-0.457835181391016,-0.0718076605428425
3049,"",30,311082,"lry3u2qrte","fr","false",834,1194,1194,760,2,63,16.6666666666667,"",NA,"down","touchscreen",1007,101,99,6,FALSE,0,7,0,104,0,18,0.1,1,NA,2021-07-02 03:43:45.34114,"M","03","right","NA","NA",0.0626854050004183,0.0156694272311176,0.00635011142337761
22090,"",31,335244,"lry3u2qrte","fr","false",834,1194,1194,760,2,63,16.6666666666667,"",NA,"up","touchscreen",1003,99,98,6,FALSE,0,7,0,104,-0.1875,18,0.2,1,NA,2021-07-02 03:43:45.34114,"M","03","right","NA","NA",-4.07827212106941,-0.713924580157959,-0.452311520927096
1650,"",32,338898,"lry3u2qrte","fr","false",834,1194,1194,760,2,63,16.6666666666667,"",NA,"down","touchscreen",1006,100,99,6,FALSE,0,7,0,104,0.125,38,0.2,1,NA,2021-07-02 03:43:45.34114,"M","03","right","NA","NA",1.21611613697434,0.198646725488054,0.119968152555632
3548,"",33,344513,"lry3u2qrte","fr","false",834,1194,1194,760,2,63,16.6666666666667,"",NA,"up","touchscreen",993,100,100,6,TRUE,1,7,0,104,0.125,38,0.05,1,NA,2021-07-02 03:43:45.34114,"M","03","right","NA","NA",6.70110506022275,0.74500512156426,0.176330739573011
1542,"",34,348135,"lry3u2qrte","fr","false",834,1194,1194,760,2,63,16.6666666666667,"",NA,"up","touchscreen",1007,100,99,6,FALSE,0,7,0,104,-0.1875,18,0.15,1,NA,2021-07-02 03:43:45.34114,"M","03","right","NA","NA",-0.876129808545242,-0.213960182400724,-0.074235931624295
2795.99999999994,"",35,352998,"lry3u2qrte","fr","false",834,1194,1194,760,2,63,16.6666666666667,"",NA,"down","touchscreen",995,100,98.9999999999418,6,TRUE,1,7,0,104,-0.1875,66,0.05,1,NA,2021-07-02 03:43:45.34114,"M","03","right","NA","NA",-7.32632083505842,-0.675373276729291,-0.14864887087265
2264,"",36,357342,"lry3u2qrte","fr","false",834,1194,1194,760,2,63,16.6666666666667,"",NA,"up","touchscreen",1004,101,100,6,TRUE,2,7,0,104,0.0625,38,0.15,1,NA,2021-07-02 03:43:45.34114,"M","03","right","NA","NA",0.386369774177933,0.0642618625101178,0.0274583032924785
3383,"",37,362804,"lry3u2qrte","fr","false",834,1194,1194,760,2,63,16.6666666666667,"",NA,"down","touchscreen",1006,99,99,6,FALSE,0,7,0,104,0.125,6,0.05,1,NA,2021-07-02 03:43:45.34114,"M","03","right","NA","NA",2.31573357396989,0.756815202923144,0.106018916834098
3728,"",38,368595,"lry3u2qrte","fr","false",834,1194,1194,760,2,63,16.6666666666667,"",NA,"up","touchscreen",992,100,99,6,FALSE,0,7,0,104,-0.1875,6,0.15,1,NA,2021-07-02 03:43:45.34114,"M","03","right","NA","NA",-0.794969707153421,-0.369374908371964,-0.172062668736798
4060,"",39,374721,"lry3u2qrte","fr","false",834,1194,1194,760,2,63,16.6666666666667,"",NA,"up","touchscreen",995,100,99,6,FALSE,0,7,0,104,-0.1875,38,0.2,1,NA,2021-07-02 03:43:45.34114,"M","03","right","NA","NA",-0.57480750260819,-0.0953646274312727,-0.0592330765525967
2983.00000000006,"",40,379768,"lry3u2qrte","fr","false",834,1194,1194,760,2,63,16.6666666666667,"",NA,"down","touchscreen",994,100,100,6,TRUE,1,7,0,104,-0.125,6,0.2,1,NA,2021-07-02 03:43:45.34114,"M","03","right","NA","NA",-4.02183548906997,-0.895397341722198,-0.858792391379256
9965,"",41,391817,"lry3u2qrte","fr","false",834,1194,1194,760,2,63,16.6666666666667,"",NA,"up","touchscreen",1005,100,99,6,FALSE,0,7,0,104,-0.1875,18,0.05,1,NA,2021-07-02 03:43:45.34114,"M","03","right","NA","NA",-4.00466563155482,-0.707518808101765,-0.15291145255544
1755,"",42,395655,"lry3u2qrte","fr","false",834,1194,1194,760,2,63,16.6666666666667,"",NA,"down","touchscreen",1005,100,100,6,FALSE,0,7,0,104,0.0625,6,0.2,1,NA,2021-07-02 03:43:45.34114,"M","03","right","NA","NA",2.6434418045722,0.79747060867483,0.568807120247156
6155.99999999994,"",43,403889,"lry3u2qrte","fr","false",834,1194,1194,760,2,63,16.6666666666667,"",NA,"up","touchscreen",1005,100,98.9999999999418,6,TRUE,1,7,0,104,0.1875,18,0.05,1,NA,2021-07-02 03:43:45.34114,"M","03","right","NA","NA",3.6099180588831,0.669981087567452,0.171894416713655
1536,"",44,407485,"lry3u2qrte","fr","false",834,1194,1194,760,2,63,16.6666666666667,"",NA,"down","touchscreen",1005,100,98.9999999999418,6,TRUE,2,7,2,106,-0.1875,66,0.15,1,NA,2021-07-02 03:43:45.34114,"M","03","right","NA","NA",-2.11103786943483,-0.255145985336943,-0.129232245589455
2157.99999999994,"",45,411708,"lry3u2qrte","fr","false",834,1194,1194,760,2,63,16.6666666666667,"",NA,"down","touchscreen",993,100,98.9999999999418,6,TRUE,3,7,2,108,-0.125,6,0.05,1,NA,2021-07-02 03:43:45.34114,"M","03","right","NA","NA",-0.424317078542874,-0.207539150400566,-0.024240844225989
1387,"",46,415172,"lry3u2qrte","fr","false",834,1194,1194,760,2,63,16.6666666666667,"",NA,"up","touchscreen",1004,99,100,6,FALSE,0,7,0,108,-0.0625,66,0.2,1,NA,2021-07-02 03:43:45.34114,"M","03","right","NA","NA",-0.68565556602619,-0.0853938815314427,-0.0499740022016961
2017,"",47,419272,"lry3u2qrte","fr","false",834,1194,1194,760,2,63,16.6666666666667,"",NA,"up","touchscreen",1005,99,98,6,FALSE,0,7,0,108,-0.125,18,0.05,1,NA,2021-07-02 03:43:45.34114,"M","03","right","NA","NA",-3.86290190084625,-0.694672030788469,-0.151775025434496
2910,"",48,424257,"lry3u2qrte","fr","false",834,1194,1194,760,2,63,16.6666666666667,"",NA,"down","touchscreen",1004,100,99,6,FALSE,0,7,0,108,0,38,0.15,1,NA,2021-07-02 03:43:45.34114,"M","03","right","NA","NA",0.157340010148483,0.0262143232597282,0.0111602269723881
4344.99999999994,"",49,430670,"lry3u2qrte","fr","false",834,1194,1194,760,2,63,16.6666666666667,"",NA,"up","touchscreen",993,100,98.9999999999418,6,TRUE,1,7,0,108,-0.125,18,0.2,1,NA,2021-07-02 03:43:45.34114,"M","03","right","NA","NA",0.0902768225766201,0.022563459811779,0.00906840610249539
3533,"",50,436269,"lry3u2qrte","fr","false",834,1194,1194,760,2,63,16.6666666666667,"",NA,"down","touchscreen",993,99,99,6,FALSE,0,7,0,108,0,6,0.15,1,NA,2021-07-02 03:43:45.34114,"M","03","right","NA","NA",0.594240894563593,0.284814505788346,0.0887613964607519
4884,"",51,443239,"lry3u2qrte","fr","false",834,1194,1194,760,2,63,16.6666666666667,"",NA,"up","touchscreen",1006,100,99.0000000000582,6,TRUE,1,7,0,108,0.1875,66,0.15,1,NA,2021-07-02 03:43:45.34114,"M","03","right","NA","NA",2.13850591282316,0.258245773956172,0.142978081663423
3651.99999999994,"",52,448976,"lry3u2qrte","fr","false",834,1194,1194,760,2,63,16.6666666666667,"",NA,"down","touchscreen",1006,100,98.9999999999418,6,FALSE,0,7,0,108,0.0625,66,0.05,1,NA,2021-07-02 03:43:45.34114,"M","03","right","NA","NA",2.91122693161555,0.341964656666582,0.050150529493
10926,"",53,461979,"lry3u2qrte","fr","false",834,1194,1194,760,2,63,16.6666666666667,"",NA,"up","touchscreen",1008,100,99,6,TRUE,1,7,0,108,0.1875,6,0.05,1,NA,2021-07-02 03:43:45.34114,"M","03","right","NA","NA",4.99528472915325,0.928355770513362,0.193672478421288
14159,"",54,478195,"lry3u2qrte","fr","false",834,1194,1194,760,2,63,16.6666666666667,"",NA,"down","touchscreen",1007,100,99,6,FALSE,0,7,0,108,0.0625,18,0.1,1,NA,2021-07-02 03:43:45.34114,"M","03","right","NA","NA",1.98015081789802,0.443652294139192,0.13034019879426
5223,"",55,485497,"lry3u2qrte","fr","false",834,1194,1194,760,2,63,16.6666666666667,"",NA,"down","touchscreen",1005,100,99,6,TRUE,1,7,0,108,-0.1875,66,0.1,1,NA,2021-07-02 03:43:45.34114,"M","03","right","NA","NA",-3.44420709063314,-0.395435360799331,-0.138665003082998
2925,"",56,490483,"lry3u2qrte","fr","false",834,1194,1194,760,2,63,16.6666666666667,"",NA,"up","touchscreen",992,101,100.000000000058,6,TRUE,2,7,0,108,0.125,6,0.1,1,NA,2021-07-02 03:43:45.34114,"M","03","right","NA","NA",0.34834322874939,0.171588426828077,0.0383957884755084
1291,"",57,493842,"lry3u2qrte","fr","false",834,1194,1194,760,2,63,16.6666666666667,"",NA,"down","touchscreen",992,100,99,6,TRUE,3,7,4,112,-0.1875,38,0.05,1,NA,2021-07-02 03:43:45.34114,"M","03","right","NA","NA",-6.37703429963033,-0.728309116280677,-0.190970397820532
1060.99999999994,"",58,496969,"lry3u2qrte","fr","false",834,1194,1194,760,2,63,16.6666666666667,"",NA,"up","touchscreen",993,100,98.9999999999418,6,TRUE,4,7,9,121,0.125,66,0.05,1,NA,2021-07-02 03:43:45.34114,"M","03","right","NA","NA",6.2200934188057,0.613809712781663,0.131836294262028
1391,"",59,500427,"lry3u2qrte","fr","false",834,1194,1194,760,2,63,16.6666666666667,"",NA,"down","touchscreen",994,99,98,6,FALSE,0,7,0,121,0.1875,18,0.1,1,NA,2021-07-02 03:43:45.34114,"M","03","right","NA","NA",2.22654337222905,0.48636405402457,0.179989756962155
2918.00000000006,"",60,505420,"lry3u2qrte","fr","false",834,1194,1194,760,2,63,16.6666666666667,"",NA,"up","touchscreen",1005,100,100,6,TRUE,1,7,0,121,0.125,18,0.1,1,NA,2021-07-02 03:43:45.34114,"M","03","right","NA","NA",2.0620366298742,0.458207791061692,0.138635790904028
1323,"",61,508819,"lry3u2qrte","fr","false",834,1194,1194,760,2,63,16.6666666666667,"",NA,"up","touchscreen",1005,100,100,6,FALSE,0,7,0,121,-0.125,66,0.2,1,NA,2021-07-02 03:43:45.34114,"M","03","right","NA","NA",-1.97103548563861,-0.239225567313079,-0.163247085602239
3382,"",62,514267,"lry3u2qrte","fr","false",834,1194,1194,760,2,63,16.6666666666667,"",NA,"down","touchscreen",994,99,98,6,TRUE,1,7,0,121,-0.1875,38,0.15,1,NA,2021-07-02 03:43:45.34114,"M","03","right","NA","NA",-3.48567175012294,-0.502329586072897,-0.288835017033169
2873.00000000006,"",63,519220,"lry3u2qrte","fr","false",834,1194,1194,760,2,63,16.6666666666667,"",NA,"up","touchscreen",1004,100,100.000000000058,6,TRUE,2,7,0,121,0.125,6,0.2,1,NA,2021-07-02 03:43:45.34114,"M","03","right","NA","NA",0.394859231156935,0.193690816260577,0.0744826552748059
2343.99999999994,"",64,523628,"lry3u2qrte","fr","false",834,1194,1194,760,2,63,16.6666666666667,"",NA,"down","touchscreen",993,100,99.0000000000582,6,TRUE,3,7,0,121,-0.125,66,0.15,1,NA,2021-07-02 03:43:45.34114,"M","03","right","NA","NA",-2.0518480759474,-0.248439656576008,-0.112332474478342
1627,"",65,527330,"lry3u2qrte","fr","false",834,1194,1194,760,2,63,16.6666666666667,"",NA,"up","touchscreen",1004,100,99,6,TRUE,4,7,2,123,0.1875,38,0.2,1,NA,2021-07-02 03:43:45.34114,"M","03","right","NA","NA",1.14421190540855,0.187326134844058,0.108573334065653
1085,"",66,530478,"lry3u2qrte","fr","false",834,1194,1194,760,2,63,16.6666666666667,"",NA,"down","touchscreen",994,100,99,6,TRUE,5,7,7,130,-0.125,66,0.1,1,NA,2021-07-02 03:43:45.34114,"M","03","right","NA","NA",-3.66503914826113,-0.416501858652397,-0.154844464668735
349.000000000116,"",67,532891,"lry3u2qrte","fr","false",834,1194,1194,760,2,63,16.6666666666667,"",NA,"up","touchscreen",1008,100,99.0000000001164,6,FALSE,0,7,0,130,-0.125,18,0.15,1,NA,2021-07-02 03:43:45.34114,"M","03","right","NA","NA",-1.20644820932028,-0.28876351620873,-0.148479838593345
1619,"",68,536577,"lry3u2qrte","fr","false",834,1194,1194,760,2,63,16.6666666666667,"",NA,"down","touchscreen",994,100,100,6,FALSE,0,7,0,130,0.1875,38,0.15,1,NA,2021-07-02 03:43:45.34114,"M","03","right","NA","NA",0.98503177597201,0.162003286882843,0.0885856422859075
1896,"",69,540542,"lry3u2qrte","fr","false",834,1194,1194,760,2,63,16.6666666666667,"",NA,"down","touchscreen",994,100,100,6,FALSE,0,7,0,130,0.125,6,0.15,1,NA,2021-07-02 03:43:45.34114,"M","03","right","NA","NA",2.68192526609338,0.801638914375069,0.703392822710521
2593,"",70,545209,"lry3u2qrte","fr","false",834,1194,1194,760,2,63,16.6666666666667,"",NA,"up","touchscreen",1007,100,99,6,FALSE,0,7,0,130,-0.0625,6,0.05,1,NA,2021-07-02 03:43:45.34114,"M","03","right","NA","NA",-1.58636914131433,-0.621433725687037,-0.0698920952256169
2202,"",71,549493,"lry3u2qrte","fr","false",834,1194,1194,760,2,63,16.6666666666667,"",NA,"down","touchscreen",1006,100,99,6,FALSE,0,7,0,130,0.125,38,0.1,1,NA,2021-07-02 03:43:45.34114,"M","03","right","NA","NA",1.18679330684127,0.194039464260771,0.0676555382707319
1229,"",72,552788,"lry3u2qrte","fr","false",834,1194,1194,760,2,63,16.6666666666667,"",NA,"up","touchscreen",994,99,99,6,TRUE,1,7,4,134,0.0625,38,0.1,1,NA,2021-07-02 03:43:45.34114,"M","03","right","NA","NA",0.0445389584011492,0.00742295522167632,0.00227864089483407
3108,"",73,557974,"lry3u2qrte","fr","false",834,1194,1194,760,2,63,16.6666666666667,"",NA,"down","touchscreen",1005,100,99,6,FALSE,0,7,0,134,0.0625,18,0.2,1,NA,2021-07-02 03:43:45.34114,"M","03","right","NA","NA",2.01242635784914,0.449432346617989,0.375951973417039
3098,"",74,563135,"lry3u2qrte","fr","false",834,1194,1194,760,2,63,16.6666666666667,"",NA,"down","touchscreen",992,101,100.000000000116,6,FALSE,0,7,0,134,0.0625,18,0.05,1,NA,2021-07-02 03:43:45.34114,"M","03","right","NA","NA",1.43892502130508,0.338495591712597,0.0412862601446612
7693.99999999988,"",75,572907,"lry3u2qrte","fr","false",834,1194,1194,760,2,63,16.6666666666667,"",NA,"down","touchscreen",1008,101,99.9999999998836,6,FALSE,0,7,0,134,0.0625,38,0.05,1,NA,2021-07-02 03:43:45.34114,"M","03","right","NA","NA",1.17578121403625,0.192305882791184,0.0314238541524604
5077,"",76,580049,"lry3u2qrte","fr","false",834,1194,1194,760,2,63,16.6666666666667,"",NA,"up","touchscreen",992,100,99,6,FALSE,0,7,0,134,-0.125,38,0.15,1,NA,2021-07-02 03:43:45.34114,"M","03","right","NA","NA",-1.67585313982182,-0.26901259869623,-0.120819884297603
1458,"",77,583587,"lry3u2qrte","fr","false",834,1194,1194,760,2,63,16.6666666666667,"",NA,"down","touchscreen",1008,100,100,6,FALSE,0,7,0,134,0.0625,66,0.2,1,NA,2021-07-02 03:43:45.34114,"M","03","right","NA","NA",1.06437416043222,0.131884616431286,0.0794418857397138
2915,"",78,588568,"lry3u2qrte","fr","false",834,1194,1194,760,2,63,16.6666666666667,"",NA,"up","touchscreen",993,100,99,6,TRUE,1,7,0,134,0.1875,66,0.1,1,NA,2021-07-02 03:43:45.34114,"M","03","right","NA","NA",5.79514674516517,0.586645494828472,0.228934892094946
3531,"",79,594180,"lry3u2qrte","fr","false",834,1194,1194,760,2,63,16.6666666666667,"",NA,"up","touchscreen",1008,99,98,6,TRUE,2,7,0,134,0.125,38,0.15,1,NA,2021-07-02 03:43:45.34114,"M","03","right","NA","NA",1.30275864943957,0.212182485809309,0.112293014947863
1653.99999999988,"",80,597913,"lry3u2qrte","fr","false",834,1194,1194,760,2,63,16.6666666666667,"",NA,"down","touchscreen",1004,99,97.9999999998836,6,FALSE,0,7,0,134,0,38,0.1,1,NA,2021-07-02 03:43:45.34114,"M","03","right","NA","NA",0.571919931044856,0.0948898832665499,0.027745558249322
2849,"",81,602822,"lry3u2qrte","fr","false",834,1194,1194,760,2,63,16.6666666666667,"",NA,"up","touchscreen",992,100,100.000000000116,6,FALSE,0,7,0,134,-0.1875,18,0.1,1,NA,2021-07-02 03:43:45.34114,"M","03","right","NA","NA",-1.32622258370075,-0.314708736790268,-0.105357847391941
1954,"",82,606851,"lry3u2qrte","fr","false",834,1194,1194,760,2,63,16.6666666666667,"",NA,"down","touchscreen",1005,100,99,6,FALSE,0,7,0,134,-0.125,18,0.1,1,NA,2021-07-02 03:43:45.34114,"M","03","right","NA","NA",0.312856020103356,0.0779758627116934,0.0198482849206049
3689,"",83,612603,"lry3u2qrte","fr","false",834,1194,1194,760,2,63,16.6666666666667,"",NA,"up","touchscreen",994,100,99,6,FALSE,0,7,0,134,0,6,0.2,1,NA,2021-07-02 03:43:45.34114,"M","03","right","NA","NA",-1.36984390807408,-0.565083641029104,-0.331317113285287
2775.99999999988,"",84,617462,"lry3u2qrte","fr","false",834,1194,1194,760,2,63,16.6666666666667,"",NA,"up","touchscreen",1006,100,98.9999999998836,6,FALSE,0,7,0,134,-0.1875,6,0.05,1,NA,2021-07-02 03:43:45.34114,"M","03","right","NA","NA",-1.75563302377146,-0.659702602287153,-0.109251858032389
4357.00000000012,"",85,623883,"lry3u2qrte","fr","false",834,1194,1194,760,2,63,16.6666666666667,"",NA,"down","touchscreen",992,100,99,6,FALSE,0,7,0,134,0.1875,6,0.2,1,NA,2021-07-02 03:43:45.34114,"M","03","right","NA","NA",0.412463096545814,0.201981000595945,0.0916220270958098
6111,"",86,632072,"lry3u2qrte","fr","false",834,1194,1194,760,2,63,16.6666666666667,"",NA,"up","touchscreen",1004,99,98.0000000001164,6,TRUE,1,7,0,134,-0.0625,6,0.2,1,NA,2021-07-02 03:43:45.34114,"M","03","right","NA","NA",0.833132046163695,0.384536221467651,0.250628967818452
5598.99999999988,"",87,639731,"lry3u2qrte","fr","false",834,1194,1194,760,2,63,16.6666666666667,"",NA,"up","touchscreen",1004,100,98.9999999998836,6,TRUE,2,7,0,134,0.1875,6,0.1,1,NA,2021-07-02 03:43:45.34114,"M","03","right","NA","NA",1.14687378893437,0.497451724140898,0.180565311504985
2187,"",88,643990,"lry3u2qrte","fr","false",834,1194,1194,760,2,63,16.6666666666667,"",NA,"up","touchscreen",993,101,99.0000000001164,6,TRUE,3,7,0,134,0.0625,66,0.15,1,NA,2021-07-02 03:43:45.34114,"M","03","right","NA","NA",1.55487995109644,0.19078977931445,0.0938486839333013
1856,"",89,647925,"lry3u2qrte","fr","false",834,1194,1194,760,2,63,16.6666666666667,"",NA,"up","touchscreen",1007,100,99,6,TRUE,4,7,1,135,0.0625,6,0.1,1,NA,2021-07-02 03:43:45.34114,"M","03","right","NA","NA",1.86184456936114,0.68137453666047,0.140863684029642
1427,"",90,651416,"lry3u2qrte","fr","false",834,1194,1194,760,2,63,16.6666666666667,"",NA,"up","touchscreen",993,101,100,6,TRUE,5,7,4,139,0.1875,66,0.05,1,NA,2021-07-02 03:43:45.34114,"M","03","right","NA","NA",7.44187265344643,0.681104540502236,0.182633348640525
1601,"",91,655078,"lry3u2qrte","fr","false",834,1194,1194,760,2,63,16.6666666666667,"",NA,"up","touchscreen",1006,100,99,6,TRUE,6,7,6,145,0.125,66,0.1,1,NA,2021-07-02 03:43:45.34114,"M","03","right","NA","NA",2.12279660098685,0.256473936228305,0.0991467563240909
1828,"",92,658962,"lry3u2qrte","fr","false",834,1194,1194,760,2,63,16.6666666666667,"",NA,"down","touchscreen",1006,100,99,6,TRUE,7,7,7,152,0,38,0.05,1,NA,2021-07-02 03:43:45.34114,"M","03","right","NA","NA",-1.89453791958645,-0.301102619519565,-0.0557128234936077
1213.00000000012,"",93,662223,"lry3u2qrte","fr","false",834,1194,1194,760,2,63,16.6666666666667,"",NA,"up","touchscreen",993,100,99,6,FALSE,0,7,0,152,-0.1875,6,0.1,1,NA,2021-07-02 03:43:45.34114,"M","03","right","NA","NA",-5.77629640022768,-0.944960139491795,-0.402988579380274
1863,"",94,666163,"lry3u2qrte","fr","false",834,1194,1194,760,2,63,16.6666666666667,"",NA,"down","touchscreen",1007,100,99,6,TRUE,1,7,1,153,-0.125,38,0.1,1,NA,2021-07-02 03:43:45.34114,"M","03","right","NA","NA",-2.13918131144586,-0.335824566226822,-0.108003913727776
1716,"",95,669956,"lry3u2qrte","fr","false",834,1194,1194,760,2,63,16.6666666666667,"",NA,"down","touchscreen",1002,100,99,6,TRUE,2,7,2,155,-0.0625,66,0.05,1,NA,2021-07-02 03:43:45.34114,"M","03","right","NA","NA",-2.55844833499814,-0.304608141834205,-0.0519972791112816
1217,"",96,673248,"lry3u2qrte","fr","false",834,1194,1194,760,2,63,16.6666666666667,"",NA,"up","touchscreen",1007,100,99,6,TRUE,3,7,6,161,0,6,0.05,1,NA,2021-07-02 03:43:45.34114,"M","03","right","NA","NA",0.0616727072548298,0.0308217032278351,0.00357489524920253
1585,"",97,676911,"lry3u2qrte","fr","false",834,1194,1194,760,2,63,16.6666666666667,"",NA,"up","touchscreen",1007,100,100,6,TRUE,4,7,8,169,0.0625,18,0.15,1,NA,2021-07-02 03:43:45.34114,"M","03","right","NA","NA",0.38502909014243,0.0958144135649794,0.0436203270384838
3376,"",98,682363,"lry3u2qrte","fr","false",834,1194,1194,760,2,63,16.6666666666667,"",NA,"up","touchscreen",1003,100,100,6,FALSE,0,7,0,169,0.125,18,0.2,1,NA,2021-07-02 03:43:45.34114,"M","03","right","NA","NA",-0.629387752475727,-0.155434573198118,-0.0847326629835141
3134,"",99,687572,"lry3u2qrte","fr","false",834,1194,1194,760,2,63,16.6666666666667,"",NA,"down","touchscreen",1005,100,99,6,TRUE,1,7,0,169,0,6,0.1,1,NA,2021-07-02 03:43:45.34114,"M","03","right","NA","NA",-2.70426830366997,-0.804006569156454,-0.188062721287495
1496.99999999988,"",100,691151,"lry3u2qrte","fr","false",834,1194,1194,760,2,63,16.6666666666667,"",NA,"up","touchscreen",1006,100,98.9999999998836,6,FALSE,0,7,0,169,-0.0625,18,0.15,1,NA,2021-07-02 03:43:45.34114,"M","03","right","NA","NA",-0.164482543352777,-0.0410859142860198,-0.019913155938908
2317.99999999988,"",101,695542,"lry3u2qrte","fr","false",834,1194,1194,760,2,63,16.6666666666667,"",NA,"down","touchscreen",1004,100,98.9999999998836,6,FALSE,0,7,0,169,-0.0625,38,0.15,1,NA,2021-07-02 03:43:45.34114,"M","03","right","NA","NA",0.584038501365578,0.0968818532306881,0.0505591401453495
1346.00000000012,"",102,698955,"lry3u2qrte","fr","false",834,1194,1194,760,2,63,16.6666666666667,"",NA,"up","touchscreen",997,100,99,6,FALSE,0,7,0,169,-0.0625,18,0.1,1,NA,2021-07-02 03:43:45.34114,"M","03","right","NA","NA",-0.332776914125361,-0.0829078092070165,-0.0288646530385916
1096.00000000012,"",103,702129,"lry3u2qrte","fr","false",834,1194,1194,760,2,63,16.6666666666667,"",NA,"down","touchscreen",1005,100,99,6,TRUE,1,7,5,174,-0.125,6,0.15,1,NA,2021-07-02 03:43:45.34114,"M","03","right","NA","NA",-2.72978735471953,-0.806664782644938,-0.295725451897676
2126,"",104,706338,"lry3u2qrte","fr","false",834,1194,1194,760,2,63,16.6666666666667,"",NA,"up","touchscreen",1006,100,99,6,TRUE,2,7,5,179,0.0625,38,0.2,1,NA,2021-07-02 03:43:45.34114,"M","03","right","NA","NA",0.615761642911976,0.102090724182179,0.0796139942496311
1369,"",105,709783,"lry3u2qrte","fr","false",834,1194,1194,760,2,63,16.6666666666667,"",NA,"up","touchscreen",1004,100,99,6,TRUE,3,7,8,187,0.0625,66,0.1,1,NA,2021-07-02 03:43:45.34114,"M","03","right","NA","NA",1.27266541552003,0.157107601100449,0.054145970366736
1657.99999999988,"",106,713508,"lry3u2qrte","fr","false",834,1194,1194,760,2,63,16.6666666666667,"",NA,"down","touchscreen",992,100,98.9999999998836,6,TRUE,4,7,10,197,-0.0625,18,0.05,1,NA,2021-07-02 03:43:45.34114,"M","03","right","NA","NA",-1.10341258033145,-0.265921003899,-0.0586884861845486
1063.00000000012,"",107,716645,"lry3u2qrte","fr","false",834,1194,1194,760,2,63,16.6666666666667,"",NA,"up","touchscreen",1005,100,99,6,FALSE,0,7,0,197,0,18,0.2,1,NA,2021-07-02 03:43:45.34114,"M","03","right","NA","NA",-1.85717672747195,-0.4211176246356,-0.282235886751798
3122,"",108,721847,"lry3u2qrte","fr","false",834,1194,1194,760,2,63,16.6666666666667,"",NA,"down","touchscreen",1003,100,99,6,TRUE,1,7,0,197,0,66,0.15,1,NA,2021-07-02 03:43:45.34114,"M","03","right","NA","NA",-0.272304693892577,-0.0340183857375661,-0.0163886110947307
2206,"",109,726127,"lry3u2qrte","fr","false",834,1194,1194,760,2,63,16.6666666666667,"",NA,"up","touchscreen",1007,100,99,6,TRUE,2,7,0,197,0.1875,6,0.15,1,NA,2021-07-02 03:43:45.34114,"M","03","right","NA","NA",0.311376174418157,0.15383486516703,0.0928055369515146
1025,"",110,729228,"lry3u2qrte","fr","false",834,1194,1194,760,2,63,16.6666666666667,"",NA,"up","touchscreen",1003,100,99,6,TRUE,3,7,5,202,0.125,66,0.15,1,NA,2021-07-02 03:43:45.34114,"M","03","right","NA","NA",1.40647669721795,0.173153943255694,0.0937228724227031
1767,"",111,733067,"lry3u2qrte","fr","false",834,1194,1194,760,2,63,16.6666666666667,"",NA,"up","touchscreen",1005,100,100,6,FALSE,0,7,0,202,-0.0625,66,0.15,1,NA,2021-07-02 03:43:45.34114,"M","03","right","NA","NA",-0.379490113138011,-0.0473829835236483,-0.0261349070245586
1227,"",112,736361,"lry3u2qrte","fr","false",834,1194,1194,760,2,63,16.6666666666667,"",NA,"up","touchscreen",993,100,99,6,TRUE,1,7,4,206,0.125,18,0.15,1,NA,2021-07-02 03:43:45.34114,"M","03","right","NA","NA",6.98376748761123,0.867746234761425,0.411096113876464
2223,"",113,740660,"lry3u2qrte","fr","false",834,1194,1194,760,2,63,16.6666666666667,"",NA,"up","touchscreen",1006,100,99,6,TRUE,2,7,4,210,0.0625,6,0.05,1,NA,2021-07-02 03:43:45.34114,"M","03","right","NA","NA",2.37646623366511,0.765107024009421,0.151504484775005
5804.70000000059,"",2,67701,"lvewg30cml","fr","false",1280,800,1280,632,2,60,16.6666666666667,"",NA,"down","touchscreen",998.529999999999,99.9349999999977,96.0000000004584,6,FALSE,0,0,0,0,-0.1875,6,0.15,1,NA,2021-07-01 02:10:35.822806,"F","082014","right","NA","NA",0.516935172391516,0.250243880152718,0.0888747468649185
4721.80000000026,"",3,74455,"lvewg30cml","fr","false",1280,800,1280,632,2,60,16.6666666666667,"",NA,"up","touchscreen",998.581999999995,99.877999999997,95.8000000000611,6,FALSE,0,0,0,0,-0.1875,18,0.2,1,NA,2021-07-01 02:10:35.822806,"F","082014","right","NA","NA",-1.16752642197219,-0.280190147634779,-0.183849969322011
4526.10000000003,"",4,81014,"lvewg30cml","fr","false",1280,800,1280,632,2,60,16.6666666666667,"",NA,"down","touchscreen",998.566999999995,99.8369999999995,95.5000000003492,6,FALSE,0,0,0,0,0,38,0.05,1,NA,2021-07-01 02:10:35.822806,"F","082014","right","NA","NA",1.04674989953306,0.171862540883246,0.0240819000852577
4630.89999999919,"",5,87680,"lvewg30cml","fr","false",1280,800,1280,632,2,60,16.6666666666667,"",NA,"down","touchscreen",998.413,99.9939999999915,94.8999999991356,6,TRUE,1,1,0,0,-0.125,38,0.1,1,NA,2021-07-01 02:10:35.822806,"F","082014","right","NA","NA",-4.13568003670871,-0.567523605132383,-0.203063952187421
1843.19999999934,"",6,91565,"lvewg30cml","fr","false",1280,800,1280,632,2,60,16.6666666666667,"",NA,"up","touchscreen",998.474999999991,99.8510000000097,95.5999999996566,6,TRUE,2,2,1,1,0.0625,6,0.05,1,NA,2021-07-01 02:10:35.822806,"F","082014","right","NA","NA",2.1355555835023,0.729892391914408,0.0946094381788306
1933.8000000007,"",7,95535,"lvewg30cml","fr","false",1280,800,1280,632,2,60,16.6666666666667,"",NA,"up","touchscreen",998.627999999997,99.7770000000019,95.9999999995489,6,FALSE,0,2,0,1,0,18,0.05,1,NA,2021-07-01 02:10:35.822806,"F","082014","right","NA","NA",-1.96350418365281,-0.44064928717311,-0.0677600718382498
3787.49999999945,"",8,101366,"lvewg30cml","fr","false",1280,800,1280,632,2,60,16.6666666666667,"",NA,"up","touchscreen",999.226999999999,99.1960000000108,95.1000000004715,6,TRUE,1,2,0,1,0.1875,6,0.05,1,NA,2021-07-01 02:10:35.822806,"F","082014","right","NA","NA",1.62936168036371,0.631610525176864,0.0511352325758634
1420.29999999978,"",9,104822,"lvewg30cml","fr","false",1280,800,1280,632,2,60,16.6666666666667,"",NA,"down","touchscreen",998.747999999992,99.6420000000071,96.1999999999534,6,TRUE,2,2,3,4,-0.1875,38,0.05,1,NA,2021-07-01 02:10:35.822806,"F","082014","right","NA","NA",-7.25811774141766,-0.770744613031496,-0.185587844165763
4178.29999999958,"",10,111040,"lvewg30cml","fr","false",1280,800,1280,632,2,60,16.6666666666667,"",NA,"up","touchscreen",998.683000000005,99.7149999999965,95.9000000002561,6,FALSE,0,2,0,4,-0.125,66,0.2,1,NA,2021-07-01 02:10:35.822806,"F","082014","right","NA","NA",-3.63039622493663,-0.413239919185771,-0.279382854523787
1727.60000000018,"",11,114801,"lvewg30cml","fr","false",1280,800,1280,632,2,60,16.6666666666667,"",NA,"up","touchscreen",998.574000000008,99.8300000000017,96.0000000004511,6,TRUE,1,2,1,5,-0.0625,18,0.1,1,NA,2021-07-01 02:10:35.822806,"F","082014","right","NA","NA",0.279218458321065,0.069635165660872,0.0212500610343479
1700.10000000003,"",12,118532,"lvewg30cml","fr","false",1280,800,1280,632,2,60,16.6666666666667,"",NA,"up","touchscreen",998.400999999998,99.9349999999977,96.0000000004511,6,TRUE,2,2,2,7,0.0625,6,0.1,1,NA,2021-07-01 02:10:35.822806,"F","082014","right","NA","NA",2.03359898070306,0.712972088687286,0.10062002688518
3583.00000000054,"",13,124143,"lvewg30cml","fr","false",1280,800,1280,632,2,60,16.6666666666667,"",NA,"down","touchscreen",998.514999999999,99.8849999999948,95.9000000002561,6,TRUE,3,3,2,9,-0.1875,38,0.1,1,NA,2021-07-01 02:10:35.822806,"F","082014","right","NA","NA",-3.19628364608029,-0.470162577739049,-0.210189293636085
1388.40000000072,"",14,127573,"lvewg30cml","fr","false",1280,800,1280,632,2,60,16.6666666666667,"",NA,"up","touchscreen",998.459000000003,99.8830000000016,96.0000000004657,6,TRUE,4,4,5,14,0.1875,38,0.1,1,NA,2021-07-01 02:10:35.822806,"F","082014","right","NA","NA",3.0193680661235,0.449518898597772,0.159136285733708
7086.99999999953,"",15,136700,"lvewg30cml","fr","false",1280,800,1280,632,2,60,16.6666666666667,"",NA,"up","touchscreen",998.566000000006,99.869000000006,98.6000000002678,6,FALSE,0,4,0,14,-0.125,38,0.15,1,NA,2021-07-01 02:10:35.822806,"F","082014","right","NA","NA",-2.53207692386569,-0.388808294806936,-0.203194290347738
1433.89999999997,"",16,140169,"lvewg30cml","fr","false",1280,800,1280,632,2,60,16.6666666666667,"",NA,"up","touchscreen",998.672999999981,99.710000000021,96.500000000553,6,FALSE,0,4,0,14,0,6,0.05,1,NA,2021-07-01 02:10:35.822806,"F","082014","right","NA","NA",-1.9278050513748,-0.693992597918183,-0.0718352615924032
2755.7999999999,"",17,144971,"lvewg30cml","fr","false",1280,800,1280,632,2,60,16.6666666666667,"",NA,"up","touchscreen",998.505000000005,99.8330000000133,96.1999999999534,6,FALSE,0,4,0,14,0,6,0.2,1,NA,2021-07-01 02:10:35.822806,"F","082014","right","NA","NA",-0.4358151245817,-0.212911276789192,-0.0883616101673941
1013.79999999973,"",18,148021,"lvewg30cml","fr","false",1280,800,1280,632,2,60,16.6666666666667,"",NA,"down","touchscreen",998.59599999999,99.7789999999804,96.1999999999534,6,TRUE,1,4,5,19,-0.125,66,0.05,1,NA,2021-07-01 02:10:35.822806,"F","082014","right","NA","NA",-6.08833612559443,-0.605608742344709,-0.118752801121686
2719.30000000066,"",19,152771,"lvewg30cml","fr","false",1280,800,1280,632,2,60,16.6666666666667,"",NA,"up","touchscreen",998.493000000017,99.9409999999916,97.7000000002736,6,TRUE,2,4,5,24,0.1875,38,0.15,1,NA,2021-07-01 02:10:35.822806,"F","082014","right","NA","NA",1.35367568451846,0.220080956173522,0.124116528238547
1607.59999999939,"",20,156420,"lvewg30cml","fr","false",1280,800,1280,632,2,60,16.6666666666667,"",NA,"up","touchscreen",998.614999999991,99.7280000000028,95.2999999999593,6,TRUE,3,4,7,31,0.0625,38,0.1,1,NA,2021-07-01 02:10:35.822806,"F","082014","right","NA","NA",1.96203301547276,0.310809634017279,0.111020957428173
1164.69999999937,"",21,159621,"lvewg30cml","fr","false",1280,800,1280,632,2,60,16.6666666666667,"",NA,"up","touchscreen",998.532000000007,99.8459999999905,96.3999999994703,6,TRUE,4,4,11,42,0.1875,18,0.15,1,NA,2021-07-01 02:10:35.822806,"F","082014","right","NA","NA",0.812828752851262,0.199137274315337,0.0973466093710764
4771.20000000013,"",22,166424,"lvewg30cml","fr","false",1280,800,1280,632,2,60,16.6666666666667,"",NA,"down","touchscreen",998.513999999996,99.8340000000026,96.7000000000698,6,TRUE,5,5,11,53,-0.1875,18,0.1,1,NA,2021-07-01 02:10:35.822806,"F","082014","right","NA","NA",-2.10762214393526,-0.466154955754491,-0.167381245643129
2055.6999999999,"",23,170516,"lvewg30cml","fr","false",1280,800,1280,632,2,60,16.6666666666667,"",NA,"up","touchscreen",998.411999999982,99.9609999999811,95.1999999997788,6,TRUE,6,6,11,64,0.0625,66,0.15,1,NA,2021-07-01 02:10:35.822806,"F","082014","right","NA","NA",2.52608216646265,0.301106045463009,0.160988367110995
3473.20000000036,"",24,176026,"lvewg30cml","fr","false",1280,800,1280,632,2,60,16.6666666666667,"",NA,"up","touchscreen",998.481,99.8369999999995,99.700000000681,6,TRUE,7,7,11,75,0.125,38,0.15,1,NA,2021-07-01 02:10:35.822806,"F","082014","right","NA","NA",0.842087485287433,0.138985750833537,0.0711458097438647
3877.10000000062,"",25,181940,"lvewg30cml","fr","false",1280,800,1280,632,2,60,16.6666666666667,"",NA,"up","touchscreen",998.282000000007,100.008999999991,96.2000000008557,6,FALSE,0,7,0,75,0,38,0.1,1,NA,2021-07-01 02:10:35.822806,"F","082014","right","NA","NA",-0.85270171518562,-0.140703148772194,-0.040381761562955
1931.7000000001,"",26,185919,"lvewg30cml","fr","false",1280,800,1280,632,2,60,16.6666666666667,"",NA,"down","touchscreen",998.546999999991,99.8179999999993,96.7000000000407,6,TRUE,1,7,0,75,0.0625,6,0.2,1,NA,2021-07-01 02:10:35.822806,"F","082014","right","NA","NA",-0.778848151264237,-0.362879414635241,-0.176087215051554
1348.30000000057,"",27,189313,"lvewg30cml","fr","false",1280,800,1280,632,2,60,16.6666666666667,"",NA,"up","touchscreen",998.52900000001,99.8439999999828,96.7000000000407,6,TRUE,2,7,3,78,0.1875,6,0.2,1,NA,2021-07-01 02:10:35.822806,"F","082014","right","NA","NA",1.04968362276612,0.464724091211296,0.13739571209122
1471.00000000047,"",28,192816,"lvewg30cml","fr","false",1280,800,1280,632,2,60,16.6666666666667,"",NA,"down","touchscreen",998.58600000001,99.875,94.9999999993597,6,TRUE,3,7,6,84,-0.1875,6,0.05,1,NA,2021-07-01 02:10:35.822806,"F","082014","right","NA","NA",-3.70995674552477,-0.880240131457479,-0.20952978080763
1481.70000000027,"",29,196339,"lvewg30cml","fr","false",1280,800,1280,632,2,60,16.6666666666667,"",NA,"up","touchscreen",998.549999999988,99.8610000000044,96.2999999992317,6,TRUE,4,7,9,93,0.0625,38,0.2,1,NA,2021-07-01 02:10:35.822806,"F","082014","right","NA","NA",0.783394353895527,0.129466851925829,0.0783702584502487
2873.49999999971,"",30,201241,"lvewg30cml","fr","false",1280,800,1280,632,2,60,16.6666666666667,"",NA,"up","touchscreen",998.496000000014,99.8630000000121,96.0999999997439,6,FALSE,0,7,0,93,0,66,0.05,1,NA,2021-07-01 02:10:35.822806,"F","082014","right","NA","NA",-1.18105252502473,-0.146048574370233,-0.0288289427538567
15460.5000000001,"",31,218736,"lvewg30cml","fr","false",1280,800,1280,632,2,60,16.6666666666667,"",NA,"down","touchscreen",998.597000000009,99.823000000004,98.7999999997555,6,FALSE,0,7,0,93,0.0625,38,0.05,1,NA,2021-07-01 02:10:35.822806,"F","082014","right","NA","NA",2.37879847357166,0.368557189465977,0.0601121593270157
2288.19999999998,"",32,223058,"lvewg30cml","fr","false",1280,800,1280,632,2,60,16.6666666666667,"",NA,"up","touchscreen",999.372999999992,99.1330000000016,95.1999999997497,6,TRUE,1,7,0,93,0.1875,18,0.1,1,NA,2021-07-01 02:10:35.822806,"F","082014","right","NA","NA",2.90727623139774,0.587931648315484,0.22212243745438
7297.9999999998,"",33,232395,"lvewg30cml","fr","false",1280,800,1280,632,2,60,16.6666666666667,"",NA,"down","touchscreen",999.478999999992,98.8859999999986,94.1000000002678,6,TRUE,2,7,0,93,-0.0625,66,0.1,1,NA,2021-07-01 02:10:35.822806,"F","082014","right","NA","NA",-2.0903128740174,-0.252801930402802,-0.0852118669281824
2079.49999999983,"",34,236513,"lvewg30cml","fr","false",1280,800,1280,632,2,60,16.6666666666667,"",NA,"up","touchscreen",998.551999999996,99.859999999986,97.0999999999476,6,TRUE,3,7,0,93,0.0625,66,0.1,1,NA,2021-07-01 02:10:35.822806,"F","082014","right","NA","NA",2.39282071383457,0.286559003090724,0.110141223999264
1139.00000000012,"",35,239683,"lvewg30cml","fr","false",1280,800,1280,632,2,60,16.6666666666667,"",NA,"down","touchscreen",998.312000000005,100.09699999998,95.9000000002561,6,TRUE,4,7,4,97,-0.1875,66,0.05,1,NA,2021-07-01 02:10:35.822806,"F","082014","right","NA","NA",-8.19910742499639,-0.715743950293734,-0.190299348419543
4008.60000000012,"",36,245730,"lvewg30cml","fr","false",1280,800,1280,632,2,60,16.6666666666667,"",NA,"up","touchscreen",996.981999999989,101.229000000021,97.9999999999709,6,FALSE,0,7,0,97,-0.125,66,0.15,1,NA,2021-07-01 02:10:35.822806,"F","082014","right","NA","NA",-2.13048264319966,-0.257341161639996,-0.134592995427849
3329.50000000073,"",37,251093,"lvewg30cml","fr","false",1280,800,1280,632,2,60,16.6666666666667,"",NA,"up","touchscreen",998.557000000001,99.7149999999965,97.0000000006403,6,FALSE,0,7,0,97,0,18,0.1,1,NA,2021-07-01 02:10:35.822806,"F","082014","right","NA","NA",-0.275753117253651,-0.0687750467879202,-0.0234042192203456
1558.10000000021,"",38,254682,"lvewg30cml","fr","false",1280,800,1280,632,2,60,16.6666666666667,"",NA,"up","touchscreen",998.592000000004,99.8850000000093,96.5000000005821,6,TRUE,1,7,2,99,-0.0625,66,0.2,1,NA,2021-07-01 02:10:35.822806,"F","082014","right","NA","NA",0.903128971717669,0.112178560051968,0.0777479281283094
2671.09999999957,"",39,259389,"lvewg30cml","fr","false",1280,800,1280,632,2,60,16.6666666666667,"",NA,"up","touchscreen",998.165999999997,100.247000000003,97.4999999998545,6,FALSE,0,7,0,99,-0.1875,6,0.2,1,NA,2021-07-01 02:10:35.822806,"F","082014","right","NA","NA",-0.184117095862913,-0.0916709221822276,-0.0720329285940963
1978.89999999915,"",40,263406,"lvewg30cml","fr","false",1280,800,1280,632,2,60,16.6666666666667,"",NA,"down","touchscreen",998.546000000002,99.8930000000109,95.8999999993248,6,TRUE,1,7,0,99,-0.125,66,0.1,1,NA,2021-07-01 02:10:35.822806,"F","082014","right","NA","NA",-3.24406334813141,-0.375786697221975,-0.135758230586718
1417.09999999969,"",41,266857,"lvewg30cml","fr","false",1280,800,1280,632,2,60,16.6666666666667,"",NA,"up","touchscreen",998.438000000024,99.9220000000205,96.4999999996508,6,FALSE,0,7,0,99,0,18,0.2,1,NA,2021-07-01 02:10:35.822806,"F","082014","right","NA","NA",-0.436736855304166,-0.10853917236005,-0.0561450295005985
1223.79999999976,"",42,270126,"lvewg30cml","fr","false",1280,800,1280,632,2,60,16.6666666666667,"",NA,"down","touchscreen",998.951000000001,99.390000000014,96.300000000163,6,FALSE,0,7,0,99,-0.0625,18,0.15,1,NA,2021-07-01 02:10:35.822806,"F","082014","right","NA","NA",0.836075634436344,0.204597368022895,0.0971578800992505
3149.30000000005,"",43,275313,"lvewg30cml","fr","false",1280,800,1280,632,2,60,16.6666666666667,"",NA,"down","touchscreen",999.677000000025,98.8170000000391,95.9000000002561,6,TRUE,1,7,0,99,-0.0625,6,0.05,1,NA,2021-07-01 02:10:35.822806,"F","082014","right","NA","NA",-1.23277329715446,-0.524715992855402,-0.0668790256990673
1683.30000000057,"",44,279039,"lvewg30cml","fr","false",1280,800,1280,632,2,60,16.6666666666667,"",NA,"down","touchscreen",997.358999999997,100.930999999982,97.4000000005472,6,TRUE,2,7,2,101,-0.125,6,0.05,1,NA,2021-07-01 02:10:35.822806,"F","082014","right","NA","NA",-3.27819973631369,-0.853669089742059,-0.159840777712727
3120.20000000024,"",45,284189,"lvewg30cml","fr","false",1280,800,1280,632,2,60,16.6666666666667,"",NA,"up","touchscreen",998.939000000013,99.4379999999655,93.6000000001513,6,FALSE,0,7,0,101,-0.0625,66,0.15,1,NA,2021-07-01 02:10:35.822806,"F","082014","right","NA","NA",-0.897257249382539,-0.111458317243306,-0.0524787241260521
1950.89999999985,"",46,288179,"lvewg30cml","fr","false",1280,800,1280,632,2,60,16.6666666666667,"",NA,"down","touchscreen",998.858000000007,99.5810000000056,94.7999999998719,6,FALSE,0,7,0,101,0,66,0.2,1,NA,2021-07-01 02:10:35.822806,"F","082014","right","NA","NA",0.646149198785646,0.0805064816940039,0.0555398424016844
3037.50000000035,"",47,293260,"lvewg30cml","fr","false",1280,800,1280,632,2,60,16.6666666666667,"",NA,"up","touchscreen",997.809000000008,100.370999999985,95.9999999995925,6,TRUE,1,7,0,101,0.0625,66,0.2,1,NA,2021-07-01 02:10:35.822806,"F","082014","right","NA","NA",1.26173906214707,0.155791643911815,0.108203181435664
2377.69999999995,"",48,297673,"lvewg30cml","fr","false",1280,800,1280,632,2,60,16.6666666666667,"",NA,"up","touchscreen",998.606000000029,99.8090000000084,99.0000000001164,6,TRUE,2,7,0,101,0.0625,18,0.05,1,NA,2021-07-01 02:10:35.822806,"F","082014","right","NA","NA",3.44325190368001,0.652393381752497,0.143412782591933
2551.09999999963,"",49,302260,"lvewg30cml","fr","false",1280,800,1280,632,2,60,16.6666666666667,"",NA,"down","touchscreen",998.629000000015,99.7470000000321,95.2000000006519,6,TRUE,3,7,0,101,0.125,6,0.15,1,NA,2021-07-01 02:10:35.822806,"F","082014","right","NA","NA",-1.67790366582058,-0.642721162185684,-0.164443084266051
1329.69999999931,"",50,305631,"lvewg30cml","fr","false",1280,800,1280,632,2,60,16.6666666666667,"",NA,"up","touchscreen",998.532000000007,99.8310000000056,96.5999999998603,6,FALSE,0,7,0,101,-0.1875,18,0.15,1,NA,2021-07-01 02:10:35.822806,"F","082014","right","NA","NA",-2.41783600965079,-0.517298909498089,-0.331932345955113
5064.40000000026,"",51,312728,"lvewg30cml","fr","false",1280,800,1280,632,2,60,16.6666666666667,"",NA,"down","touchscreen",998.467000000004,99.869000000006,95.1000000005006,6,FALSE,0,7,0,101,0.125,6,0.05,1,NA,2021-07-01 02:10:35.822806,"F","082014","right","NA","NA",2.38830613937839,0.766680578761853,0.12939877682745
1576.90000000002,"",52,316349,"lvewg30cml","fr","false",1280,800,1280,632,2,60,16.6666666666667,"",NA,"up","touchscreen",998.597000000009,99.8069999999716,96.1999999999534,6,TRUE,1,7,2,103,0.1875,38,0.05,1,NA,2021-07-01 02:10:35.822806,"F","082014","right","NA","NA",8.04822523232717,0.801726105726238,0.203779915204408
3350.20000000077,"",53,321730,"lvewg30cml","fr","false",1280,800,1280,632,2,60,16.6666666666667,"",NA,"up","touchscreen",998.577000000048,99.8300000000163,96.4000000003725,6,FALSE,0,7,0,103,-0.1875,18,0.05,1,NA,2021-07-01 02:10:35.822806,"F","082014","right","NA","NA",-3.28499136208258,-0.634656023142628,-0.139190609697516
2448.8000000001,"",54,326224,"lvewg30cml","fr","false",1280,800,1280,632,2,60,16.6666666666667,"",NA,"up","touchscreen",998.513999999966,99.8579999999492,97.800000000454,6,TRUE,1,7,0,103,0.125,38,0.1,1,NA,2021-07-01 02:10:35.822806,"F","082014","right","NA","NA",2.32433722152615,0.361231509400867,0.115630455184277
2293.89999999962,"",55,330546,"lvewg30cml","fr","false",1280,800,1280,632,2,60,16.6666666666667,"",NA,"up","touchscreen",998.800000000047,99.5320000000065,95.5999999996275,6,TRUE,2,7,0,103,0.125,6,0.2,1,NA,2021-07-01 02:10:35.822806,"F","082014","right","NA","NA",1.96010890039596,0.699948418843396,0.334140415468407
3259.39999999991,"",56,335839,"lvewg30cml","fr","false",1280,800,1280,632,2,60,16.6666666666667,"",NA,"down","touchscreen",998.201000000001,100.111000000034,97.4999999998836,6,TRUE,3,7,0,103,-0.0625,6,0.1,1,NA,2021-07-01 02:10:35.822806,"F","082014","right","NA","NA",-0.627152385267632,-0.299210378812846,-0.0523783283112059
1476.20000000007,"",57,339347,"lvewg30cml","fr","false",1280,800,1280,632,2,60,16.6666666666667,"",NA,"down","touchscreen",998.44399999996,99.8469999999506,96.0999999997439,6,TRUE,4,7,3,106,-0.0625,6,0.15,1,NA,2021-07-01 02:10:35.822806,"F","082014","right","NA","NA",-6.00653555360802,-0.948786482463453,-0.333286081499334
2000,"",58,343384,"lvewg30cml","fr","false",1280,800,1280,632,2,60,16.6666666666667,"",NA,"down","touchscreen",998.830000000016,99.5799999999581,96.900000000489,6,TRUE,5,7,3,109,-0.125,38,0.05,1,NA,2021-07-01 02:10:35.822806,"F","082014","right","NA","NA",-4.2708644655593,-0.579902278202533,-0.131954901591703
1694.70000000007,"",59,347122,"lvewg30cml","fr","false",1280,800,1280,632,2,60,16.6666666666667,"",NA,"up","touchscreen",998.583999999973,99.8180000000284,95.1000000004424,6,FALSE,0,7,0,109,-0.1875,66,0.15,1,NA,2021-07-01 02:10:35.822806,"F","082014","right","NA","NA",-2.98784981048124,-0.349875760118893,-0.189809462417918
1225.39999999932,"",60,350381,"lvewg30cml","fr","false",1280,800,1280,632,2,60,16.6666666666667,"",NA,"up","touchscreen",998.497999999963,99.8439999999828,96.0999999997439,6,TRUE,1,7,4,113,0.1875,6,0.1,1,NA,2021-07-01 02:10:35.822806,"F","082014","right","NA","NA",1.14459452751138,0.496707197271371,0.143894322719688
1774.39999999932,"",61,354193,"lvewg30cml","fr","false",1280,800,1280,632,2,60,16.6666666666667,"",NA,"up","touchscreen",998.60500000004,99.8559999999707,95.4999999994179,6,FALSE,0,7,0,113,-0.125,6,0.2,1,NA,2021-07-01 02:10:35.822806,"F","082014","right","NA","NA",-0.551952387717701,-0.266031229088062,-0.123354822700211
10754.5,"",62,366985,"lvewg30cml","fr","false",1280,800,1280,632,2,60,16.6666666666667,"",NA,"down","touchscreen",998.493000000017,99.8969999999972,94.7999999998137,6,TRUE,1,7,0,113,-0.0625,38,0.15,1,NA,2021-07-01 02:10:35.822806,"F","082014","right","NA","NA",-0.186411730389732,-0.0310536379408285,-0.0134994879088091
2871.69999999966,"",63,371902,"lvewg30cml","fr","false",1280,800,1280,632,2,60,16.6666666666667,"",NA,"up","touchscreen",998.662000000011,99.7019999999902,94.5999999994528,6,TRUE,2,7,0,113,0.1875,66,0.05,1,NA,2021-07-01 02:10:35.822806,"F","082014","right","NA","NA",9.13448248920849,0.75227754310156,0.179894573320448
6119.59999999998,"",64,380058,"lvewg30cml","fr","false",1280,800,1280,632,2,60,16.6666666666667,"",NA,"down","touchscreen",998.506999999983,99.8969999999972,96.1999999999534,6,TRUE,3,7,0,113,-0.0625,38,0.2,1,NA,2021-07-01 02:10:35.822806,"F","082014","right","NA","NA",-0.792653328986374,-0.13097092982224,-0.0832411298072561
1306.70000000007,"",65,383400,"lvewg30cml","fr","false",1280,800,1280,632,2,60,16.6666666666667,"",NA,"up","touchscreen",999.454000000027,98.9389999999548,95.6000000005588,6,TRUE,4,7,3,116,0,6,0.15,1,NA,2021-07-01 02:10:35.822806,"F","082014","right","NA","NA",0.0071683364053602,0.00358414518132054,0.00208297091006132
1213.69999999937,"",66,386651,"lvewg30cml","fr","false",1280,800,1280,632,2,60,16.6666666666667,"",NA,"up","touchscreen",998.543999999994,99.8859999999986,95.3999999992666,6,TRUE,5,7,7,123,0.0625,18,0.2,1,NA,2021-07-01 02:10:35.822806,"F","082014","right","NA","NA",0.660243955127038,0.1628573624318,0.0894819951484707
1582.00000000035,"",67,390265,"lvewg30cml","fr","false",1280,800,1280,632,2,60,16.6666666666667,"",NA,"down","touchscreen",999.06899999996,99.3859999999986,95.4000000001397,6,FALSE,0,7,0,123,0,18,0.15,1,NA,2021-07-01 02:10:35.822806,"F","082014","right","NA","NA",1.1298314742874,0.271822589765847,0.141398398314255
3967.40000000049,"",68,396261,"lvewg30cml","fr","false",1280,800,1280,632,2,60,16.6666666666667,"",NA,"down","touchscreen",998.261999999988,100.124000000011,96.0999999997439,6,TRUE,1,7,0,123,-0.0625,38,0.05,1,NA,2021-07-01 02:10:35.822806,"F","082014","right","NA","NA",-2.52958927074765,-0.388483981376125,-0.0601836758329297
6109.69999999995,"",69,404414,"lvewg30cml","fr","false",1280,800,1280,632,2,60,16.6666666666667,"",NA,"up","touchscreen",998.664999999979,99.7210000000196,94.7999999998719,6,TRUE,2,7,0,123,0.0625,66,0.05,1,NA,2021-07-01 02:10:35.822806,"F","082014","right","NA","NA",1.97332317800175,0.239487309520957,0.0503580921156787
1721.80000000022,"",70,408164,"lvewg30cml","fr","false",1280,800,1280,632,2,60,16.6666666666667,"",NA,"down","touchscreen",998.532000000007,99.8530000000028,95.5000000003492,6,FALSE,0,7,0,123,0,66,0.15,1,NA,2021-07-01 02:10:35.822806,"F","082014","right","NA","NA",0.18506102783046,0.0231264416129964,0.0132735002116554
2316.30000000045,"",71,412520,"lvewg30cml","fr","false",1280,800,1280,632,2,60,16.6666666666667,"",NA,"up","touchscreen",998.616000000038,99.7949999999837,96.8999999995576,6,FALSE,0,7,0,123,-0.1875,66,0.2,1,NA,2021-07-01 02:10:35.822806,"F","082014","right","NA","NA",-2.41501557787298,-0.288995954018482,-0.230424321814569
1776.7000000003,"",72,416322,"lvewg30cml","fr","false",1280,800,1280,632,2,60,16.6666666666667,"",NA,"up","touchscreen",998.565999999992,99.8480000000563,97.2000000001281,6,FALSE,0,7,0,123,-0.125,18,0.2,1,NA,2021-07-01 02:10:35.822806,"F","082014","right","NA","NA",-0.384875699122592,-0.0957765924604215,-0.0878221904851575
3519.90000000026,"",73,421875,"lvewg30cml","fr","false",1280,800,1280,632,2,60,16.6666666666667,"",NA,"up","touchscreen",998.559999999998,99.8570000000182,96.6000000007916,6,FALSE,0,7,0,123,-0.125,6,0.1,1,NA,2021-07-01 02:10:35.822806,"F","082014","right","NA","NA",-2.84907113921481,-0.818468635317125,-0.241019862146959
6297.00000000047,"",74,430215,"lvewg30cml","fr","false",1280,800,1280,632,2,60,16.6666666666667,"",NA,"up","touchscreen",998.559999999998,99.8470000000088,96.4000000003143,6,TRUE,1,7,0,123,0.125,18,0.2,1,NA,2021-07-01 02:10:35.822806,"F","082014","right","NA","NA",1.01906559200351,0.246880351296571,0.168045286428791
2454.39999999962,"",75,434706,"lvewg30cml","fr","false",1280,800,1280,632,2,60,16.6666666666667,"",NA,"down","touchscreen",998.494000000006,99.8459999999614,98.8000000006286,6,TRUE,2,7,0,123,-0.125,38,0.2,1,NA,2021-07-01 02:10:35.822806,"F","082014","right","NA","NA",-0.955608417360793,-0.157285682970662,-0.103413948336665
2751.19999999972,"",76,439500,"lvewg30cml","fr","false",1280,800,1280,632,2,60,16.6666666666667,"",NA,"up","touchscreen",998.496999999974,99.8760000000475,97.2999999994645,6,TRUE,3,7,0,123,0.125,18,0.05,1,NA,2021-07-01 02:10:35.822806,"F","082014","right","NA","NA",2.63043875811173,0.549450270380749,0.120386629277891
2179.39999999997,"",77,443721,"lvewg30cml","fr","false",1280,800,1280,632,2,60,16.6666666666667,"",NA,"down","touchscreen",998.510999999999,99.8460000000196,95.5999999996275,6,TRUE,4,7,0,123,-0.1875,6,0.1,1,NA,2021-07-01 02:10:35.822806,"F","082014","right","NA","NA",-1.56739085909142,-0.616838583583944,-0.194654512576301
1233.3000000008,"",78,446982,"lvewg30cml","fr","false",1280,800,1280,632,2,60,16.6666666666667,"",NA,"up","touchscreen",997.479999999981,100.832999999984,96.7999999993481,6,TRUE,5,7,4,127,0.125,66,0.15,1,NA,2021-07-01 02:10:35.822806,"F","082014","right","NA","NA",0.555005104363137,0.0692092865400112,0.0349996070784607
1250.70000000054,"",79,450264,"lvewg30cml","fr","false",1280,800,1280,632,2,60,16.6666666666667,"",NA,"up","touchscreen",997.67200000002,100.684999999998,97.2000000001863,6,FALSE,0,7,0,127,0,66,0.1,1,NA,2021-07-01 02:10:35.822806,"F","082014","right","NA","NA",-0.524848793803987,-0.0654653637913872,-0.0200694969517582
1076.2999999997,"",80,453368,"lvewg30cml","fr","false",1280,800,1280,632,2,60,16.6666666666667,"",NA,"down","touchscreen",997.419999999984,100.883000000031,97.4999999998254,6,TRUE,1,7,5,132,0,38,0.15,1,NA,2021-07-01 02:10:35.822806,"F","082014","right","NA","NA",-1.04953392405802,-0.172306087469257,-0.074035563188423
4239.59999999992,"",81,459646,"lvewg30cml","fr","false",1280,800,1280,632,2,60,16.6666666666667,"",NA,"down","touchscreen",998.548999999999,99.8219999999856,96.1999999999534,6,TRUE,2,7,5,137,-0.125,18,0.05,1,NA,2021-07-01 02:10:35.822806,"F","082014","right","NA","NA",-4.6219938787459,-0.75615268575582,-0.167356896830651
1349.69999999978,"",82,463030,"lvewg30cml","fr","false",1280,800,1280,632,2,60,16.6666666666667,"",NA,"up","touchscreen",998.580000000016,99.8289999999688,96.0999999997439,6,TRUE,3,7,8,145,0.125,66,0.1,1,NA,2021-07-01 02:10:35.822806,"F","082014","right","NA","NA",4.70016115039505,0.50656196012658,0.192967963782076
1369.99999999988,"",83,466445,"lvewg30cml","fr","false",1280,800,1280,632,2,60,16.6666666666667,"",NA,"down","touchscreen",998.489000000001,99.8710000000428,95.8000000000466,6,TRUE,4,7,11,156,-0.125,18,0.1,1,NA,2021-07-01 02:10:35.822806,"F","082014","right","NA","NA",-2.03790597995874,-0.453955870080669,-0.132761809330235
1200.90000000078,"",84,469690,"lvewg30cml","fr","false",1280,800,1280,632,2,60,16.6666666666667,"",NA,"up","touchscreen",998.90499999997,99.570000000007,94.9000000000815,6,TRUE,5,7,15,171,0.125,38,0.2,1,NA,2021-07-01 02:10:35.822806,"F","082014","right","NA","NA",0.352458429605354,0.0586419793767002,0.038684750248649
1376.40000000008,"",85,473108,"lvewg30cml","fr","false",1280,800,1280,632,2,60,16.6666666666667,"",NA,"up","touchscreen",997.676999999967,100.75900000002,95.9000000002561,6,TRUE,6,7,18,189,0.1875,38,0.2,1,NA,2021-07-01 02:10:35.822806,"F","082014","right","NA","NA",2.07789037923486,0.327246600158385,0.216919262829038
1870.60000000021,"",86,477013,"lvewg30cml","fr","false",1280,800,1280,632,2,60,16.6666666666667,"",NA,"up","touchscreen",998.45299999998,99.9199999999837,96.100000000617,6,TRUE,7,7,19,208,0.125,38,0.05,1,NA,2021-07-01 02:10:35.822806,"F","082014","right","NA","NA",6.14478384359264,0.715485701965783,0.151956657399932
3562.19999999937,"",87,482617,"lvewg30cml","fr","false",1280,800,1280,632,2,60,16.6666666666667,"",NA,"down","touchscreen",999.365000000049,99.0259999999544,95.5999999996275,6,FALSE,0,7,0,208,0.1875,6,0.15,1,NA,2021-07-01 02:10:35.822806,"F","082014","right","NA","NA",1.25848737154561,0.532579328270195,0.305966068188666
1711.6000000005,"",88,486363,"lvewg30cml","fr","false",1280,800,1280,632,2,60,16.6666666666667,"",NA,"up","touchscreen",998.809999999998,99.5580000000191,94.5999999994528,6,FALSE,0,7,0,208,0,38,0.2,1,NA,2021-07-01 02:10:35.822806,"F","082014","right","NA","NA",-0.424060356793962,-0.0705008625364296,-0.0466379128983704
992.100000000384,"",89,489383,"lvewg30cml","fr","false",1280,800,1280,632,2,60,16.6666666666667,"",NA,"up","touchscreen",998.331000000006,99.8499999999767,97.0999999999185,6,TRUE,1,7,5,213,0.1875,66,0.15,1,NA,2021-07-01 02:10:35.822806,"F","082014","right","NA","NA",4.21440950099167,0.46608269436754,0.261569898872518
1618.1999999999,"",90,493040,"lvewg30cml","fr","false",1280,800,1280,632,2,60,16.6666666666667,"",NA,"up","touchscreen",998.44399999996,99.8040000000037,95.4999999994179,6,TRUE,2,7,7,220,0,6,0.1,1,NA,2021-07-01 02:10:35.822806,"F","082014","right","NA","NA",2.27078661786105,0.750433552675667,0.210346916071664
2865.89999999979,"",91,497952,"lvewg30cml","fr","false",1280,800,1280,632,2,60,16.6666666666667,"",NA,"down","touchscreen",998.407999999996,100.108999999997,95.8000000000466,6,FALSE,0,7,0,220,0.125,18,0.15,1,NA,2021-07-01 02:10:35.822806,"F","082014","right","NA","NA",0.401586478429661,0.0998944397972741,0.0293303491215293
1528.10000000044,"",92,501522,"lvewg30cml","fr","false",1280,800,1280,632,2,60,16.6666666666667,"",NA,"up","touchscreen",998.20199999999,100.13400000002,97.0000000006403,6,FALSE,0,7,0,220,-0.0625,6,0.2,1,NA,2021-07-01 02:10:35.822806,"F","082014","right","NA","NA",-1.50164598439567,-0.600421122392548,-0.364196055493441
1647.5,"",93,505206,"lvewg30cml","fr","false",1280,800,1280,632,2,60,16.6666666666667,"",NA,"up","touchscreen",997.521999999997,100.769000000029,95.899999999383,6,FALSE,0,7,0,220,-0.1875,38,0.2,1,NA,2021-07-01 02:10:35.822806,"F","082014","right","NA","NA",-1.2765311666377,-0.208097572997905,-0.167811255738508
3127.80000000022,"",94,510378,"lvewg30cml","fr","false",1280,800,1280,632,2,60,16.6666666666667,"",NA,"down","touchscreen",999.760999999999,98.5540000000037,94.5000000001746,6,FALSE,0,7,0,220,0.125,66,0.2,1,NA,2021-07-01 02:10:35.822806,"F","082014","right","NA","NA",1.73880701279512,0.212391921534419,0.166179104532273
4605.29999999929,"",95,517012,"lvewg30cml","fr","false",1280,800,1280,632,2,60,16.6666666666667,"",NA,"up","touchscreen",998.343000000052,100.124000000011,96.4999999996508,6,FALSE,0,7,0,220,-0.0625,18,0.2,1,NA,2021-07-01 02:10:35.822806,"F","082014","right","NA","NA",-0.863114743703457,-0.210924188304131,-0.143117684378507
2891.89999999962,"",96,521941,"lvewg30cml","fr","false",1280,800,1280,632,2,60,16.6666666666667,"",NA,"up","touchscreen",998.516999999993,99.829000000027,96.300000000163,6,TRUE,1,7,0,220,0.0625,18,0.15,1,NA,2021-07-01 02:10:35.822806,"F","082014","right","NA","NA",0.181823486805416,0.0454089830656601,0.0158044961948551
1421.00000000029,"",97,525395,"lvewg30cml","fr","false",1280,800,1280,632,2,60,16.6666666666667,"",NA,"up","touchscreen",997.57699999999,100.787000000011,96.7000000000698,6,TRUE,2,7,3,223,0.1875,18,0.2,1,NA,2021-07-01 02:10:35.822806,"F","082014","right","NA","NA",0.868910412275874,0.212276890164436,0.158059955436174
1063.10000000033,"",98,528501,"lvewg30cml","fr","false",1280,800,1280,632,2,60,16.6666666666667,"",NA,"up","touchscreen",998.554000000004,99.7929999999469,94.899999999092,6,TRUE,3,7,8,231,0.0625,18,0.1,1,NA,2021-07-01 02:10:35.822806,"F","082014","right","NA","NA",1.90475475074914,0.429932264100601,0.170159229852972
1259.20000000042,"",99,531791,"lvewg30cml","fr","false",1280,800,1280,632,2,60,16.6666666666667,"",NA,"up","touchscreen",997.482000000076,100.939000000013,96.300000000163,6,TRUE,4,7,12,243,0.125,18,0.1,1,NA,2021-07-01 02:10:35.822806,"F","082014","right","NA","NA",1.82491338777537,0.415071448354467,0.117272845844219
1759.9999999993,"",100,535589,"lvewg30cml","fr","false",1280,800,1280,632,2,60,16.6666666666667,"",NA,"up","touchscreen",998.64300000004,99.7399999999907,96.3999999994412,6,TRUE,5,7,13,256,0.0625,6,0.15,1,NA,2021-07-01 02:10:35.822806,"F","082014","right","NA","NA",0.664051295793217,0.315110588021318,0.0548797636265832
1959.40000000072,"",101,539584,"lvewg30cml","fr","false",1280,800,1280,632,2,60,16.6666666666667,"",NA,"up","touchscreen",998.407999999938,99.9119999998948,96.1000000006752,6,TRUE,6,7,13,269,0.125,6,0.1,1,NA,2021-07-01 02:10:35.822806,"F","082014","right","NA","NA",1.28904764753345,0.541748475629227,0.144042339622231
1201.50000000012,"",102,542820,"lvewg30cml","fr","false",1280,800,1280,632,2,60,16.6666666666667,"",NA,"up","touchscreen",999.008000000031,99.4560000000056,95.2999999999302,6,TRUE,7,7,17,286,0.1875,66,0.1,1,NA,2021-07-01 02:10:35.822806,"F","082014","right","NA","NA",3.89239026929771,0.437511016129699,0.147160080375538
754.39999999979,"",103,545616,"lvewg30cml","fr","false",1280,800,1280,632,2,60,16.6666666666667,"",NA,"up","touchscreen",997.408000000054,100.861000000034,97.399999999674,6,TRUE,8,8,23,309,0.0625,38,0.15,1,NA,2021-07-01 02:10:35.822806,"F","082014","right","NA","NA",3.4882024621815,0.502602190367611,0.224883572546271
603.600000000326,"",104,548263,"lvewg30cml","fr","false",1280,800,1280,632,2,60,16.6666666666667,"",NA,"up","touchscreen",998.578000000096,99.798000000068,96.4999999996508,6,TRUE,9,9,30,339,0.1875,18,0.05,1,NA,2021-07-01 02:10:35.822806,"F","082014","right","NA","NA",5.86206021473615,0.826021298681927,0.166418851313343
500.200000000303,"",105,550806,"lvewg30cml","fr","false",1280,800,1280,632,2,60,16.6666666666667,"",NA,"up","touchscreen",998.324999999953,99.9159999999683,95.699999999837,6,FALSE,0,9,0,339,-0.1875,66,0.1,1,NA,2021-07-01 02:10:35.822806,"F","082014","right","NA","NA",-5.1408575092742,-0.54060879267624,-0.19793768548936
2759.00000000012,"",106,555594,"lvewg30cml","fr","false",1280,800,1280,632,2,60,16.6666666666667,"",NA,"up","touchscreen",997.706000000006,100.766000000061,95.5000000004657,6,FALSE,0,9,0,339,-0.1875,38,0.15,1,NA,2021-07-01 02:10:35.822806,"F","082014","right","NA","NA",-3.57433502543177,-0.511791113484294,-0.281535695819098
1238.09999999951,"",107,558866,"lvewg30cml","fr","false",1280,800,1280,632,2,60,16.6666666666667,"",NA,"down","touchscreen",997.255000000005,100.858999999939,96.5000000005821,6,TRUE,1,9,4,343,-0.0625,18,0.05,1,NA,2021-07-01 02:10:35.822806,"F","082014","right","NA","NA",-2.2200406180943,-0.485278483236727,-0.0645450038326807
2945.49999999977,"",108,563852,"lvewg30cml","fr","false",1280,800,1280,632,2,60,16.6666666666667,"",NA,"down","touchscreen",998.317000000039,99.9529999999795,94.9000000000233,6,FALSE,0,9,0,343,0.1875,66,0.2,1,NA,2021-07-01 02:10:35.822806,"F","082014","right","NA","NA",3.023289765012,0.353509803029407,0.285600676761193
3044.5,"",109,568928,"lvewg30cml","fr","false",1280,800,1280,632,2,60,16.6666666666667,"",NA,"down","touchscreen",998.72100000002,99.6149999999907,95.8000000000466,6,FALSE,0,9,0,343,0.125,66,0.05,1,NA,2021-07-01 02:10:35.822806,"F","082014","right","NA","NA",5.81882991869647,0.58821454737038,0.128791803015944
1121.90000000014,"",110,572082,"lvewg30cml","fr","false",1280,800,1280,632,2,60,16.6666666666667,"",NA,"up","touchscreen",999.800000000047,98.6160000000382,94.1999999996042,6,FALSE,0,9,0,343,-0.0625,38,0.1,1,NA,2021-07-01 02:10:35.822806,"F","082014","right","NA","NA",-1.72009281943725,-0.275581174648497,-0.0688236866774748
2212.50000000058,"",111,576334,"lvewg30cml","fr","false",1280,800,1280,632,2,60,16.6666666666667,"",NA,"up","touchscreen",998.69299999997,99.7239999999292,98.3000000006286,6,TRUE,1,9,0,343,-0.125,6,0.15,1,NA,2021-07-01 02:10:35.822806,"F","082014","right","NA","NA",0.314489375646823,0.155336003645846,0.0565475192184017
1945.49999999977,"",112,580313,"lvewg30cml","fr","false",1280,800,1280,632,2,60,16.6666666666667,"",NA,"down","touchscreen",999.585000000079,98.875,93.8999999997905,6,TRUE,2,9,0,343,-0.0625,66,0.05,1,NA,2021-07-01 02:10:35.822806,"F","082014","right","NA","NA",-2.20206466902435,-0.265387809916175,-0.0467316608082144
1561.59999999998,"",113,583907,"lvewg30cml","fr","false",1280,800,1280,632,2,60,16.6666666666667,"",NA,"up","touchscreen",998.544999999925,99.8630000000121,96.4000000003725,6,FALSE,0,9,0,343,-0.125,18,0.15,1,NA,2021-07-01 02:10:35.822806,"F","082014","right","NA","NA",-1.21557675898642,-0.29076434934808,-0.147675893148724
7201.90000000002,"",2,72645,"m1cfgamjv7","fr","false",1280,800,1280,632,2,60,16.6666666666667,"",NA,"up","touchscreen",998.536999999997,99.7980000000025,96.5999999989435,6,TRUE,1,1,0,0,0.1875,6,0.15,1,NA,2021-07-01 08:20:56.083559,"M","082014","right","NA","NA",1.4520849633262,0.587520379048402,0.245557856989615
3487.99999999937,"",3,78164,"m1cfgamjv7","fr","false",1280,800,1280,632,2,60,16.6666666666667,"",NA,"up","touchscreen",998.401000000013,99.8679999999877,96.9999999997526,6,TRUE,2,2,0,0,0.1875,6,0.05,1,NA,2021-07-01 08:20:56.083559,"M","082014","right","NA","NA",3.13607271364855,0.843135342462244,0.153425095247738
5015.69999999992,"",4,85217,"m1cfgamjv7","fr","false",1280,800,1280,632,2,60,16.6666666666667,"",NA,"up","touchscreen",998.65400000001,99.8040000000037,95.6999999998516,6,TRUE,3,3,0,0,0.125,18,0.1,1,NA,2021-07-01 08:20:56.083559,"M","082014","right","NA","NA",1.19184592896699,0.285555053508599,0.0776183291411908
7774.60000000065,"",5,95033,"m1cfgamjv7","fr","false",1280,800,1280,632,2,60,16.6666666666667,"",NA,"down","touchscreen",998.54800000001,99.8380000000034,96.1999999999534,6,TRUE,4,4,0,0,0,38,0.2,1,NA,2021-07-01 08:20:56.083559,"M","082014","right","NA","NA",-0.72934284174559,-0.120668899276384,-0.0645235477497038
2974.29999999986,"",6,100051,"m1cfgamjv7","fr","false",1280,800,1280,632,2,60,16.6666666666667,"",NA,"down","touchscreen",998.538,99.8369999999995,96.4999999996508,6,TRUE,5,5,0,0,-0.1875,66,0.05,1,NA,2021-07-01 08:20:56.083559,"M","082014","right","NA","NA",-9.01191359315966,-0.747845522169528,-0.189595409249113
4382.90000000052,"",7,106470,"m1cfgamjv7","fr","false",1280,800,1280,632,2,60,16.6666666666667,"",NA,"down","touchscreen",998.442999999999,99.8319999999949,96.5000000014697,6,FALSE,0,5,0,0,0.125,38,0.1,1,NA,2021-07-01 08:20:56.083559,"M","082014","right","NA","NA",1.23878019897832,0.202198763520749,0.0682245840213428
2302.60000000089,"",8,110818,"m1cfgamjv7","fr","false",1280,800,1280,632,2,60,16.6666666666667,"",NA,"up","touchscreen",998.554000000004,99.851999999999,95.9000000002561,6,TRUE,1,5,0,0,0.1875,18,0.05,1,NA,2021-07-01 08:20:56.083559,"M","082014","right","NA","NA",4.98793083053492,0.780131616907013,0.186315596597646
4503.60000000001,"",9,117360,"m1cfgamjv7","fr","false",1280,800,1280,632,2,60,16.6666666666667,"",NA,"up","touchscreen",998.622000000003,99.8089999999938,95.6999999998516,6,TRUE,2,5,0,0,-0.1875,38,0.2,1,NA,2021-07-01 08:20:56.083559,"M","082014","right","NA","NA",0.299718760137832,0.0498909186970387,0.0285252404271475
2692.10000000021,"",10,122093,"m1cfgamjv7","fr","false",1280,800,1280,632,2,60,16.6666666666667,"",NA,"down","touchscreen",998.582999999999,99.8289999999979,95.6000000005588,6,FALSE,0,5,0,0,0,66,0.1,1,NA,2021-07-01 08:20:56.083559,"M","082014","right","NA","NA",0.324113114592307,0.0404809303375754,0.0132654934887297
3772.60000000024,"",11,127895,"m1cfgamjv7","fr","false",1280,800,1280,632,2,60,16.6666666666667,"",NA,"down","touchscreen",998.538,99.8559999999998,97.1000000008644,6,TRUE,1,5,0,0,0,18,0.05,1,NA,2021-07-01 08:20:56.083559,"M","082014","right","NA","NA",-0.204973342402635,-0.0511761884013126,-0.00949093930119874
2364.10000000069,"",12,132295,"m1cfgamjv7","fr","false",1280,800,1280,632,2,60,16.6666666666667,"",NA,"up","touchscreen",998.510999999999,99.8640000000014,96.1999999999534,6,TRUE,2,5,0,0,0.1875,6,0.2,1,NA,2021-07-01 08:20:56.083559,"M","082014","right","NA","NA",1.38151506592847,0.56834745927185,0.359569936546609
2261.3000000001,"",13,136586,"m1cfgamjv7","fr","false",1280,800,1280,632,2,60,16.6666666666667,"",NA,"down","touchscreen",997.566000000021,100.727000000014,97.2000000001281,6,TRUE,3,5,0,0,0,6,0.1,1,NA,2021-07-01 08:20:56.083559,"M","082014","right","NA","NA",-1.14538648939647,-0.496966018217826,-0.205934864814713
3462.90000000043,"",14,142081,"m1cfgamjv7","fr","false",1280,800,1280,632,2,60,16.6666666666667,"",NA,"up","touchscreen",998.609999999986,99.8289999999979,96.3000000010361,6,TRUE,4,5,0,0,-0.1875,6,0.2,1,NA,2021-07-01 08:20:56.083559,"M","082014","right","NA","NA",0.235027752275347,0.116710779819224,0.0440399605668787
5221.10000000068,"",15,149332,"m1cfgamjv7","fr","false",1280,800,1280,632,2,60,16.6666666666667,"",NA,"down","touchscreen",998.505999999994,99.8460000000196,95.9000000002561,6,TRUE,5,5,0,0,-0.0625,66,0.15,1,NA,2021-07-01 08:20:56.083559,"M","082014","right","NA","NA",-1.42838970235582,-0.175768967358118,-0.0971989480423927
2566.19999999928,"",16,153934,"m1cfgamjv7","fr","false",1280,800,1280,632,2,60,16.6666666666667,"",NA,"up","touchscreen",998.554000000004,99.9979999999923,95.5000000012806,6,FALSE,0,5,0,0,0.125,6,0.1,1,NA,2021-07-01 08:20:56.083559,"M","082014","right","NA","NA",-0.107642747825506,-0.053743589591617,-0.0172160117007217
2221.80000000118,"",17,158200,"m1cfgamjv7","fr","false",1280,800,1280,632,2,60,16.6666666666667,"",NA,"up","touchscreen",998.573999999993,99.9150000000081,96.6000000007916,6,FALSE,0,5,0,0,-0.1875,18,0.1,1,NA,2021-07-01 08:20:56.083559,"M","082014","right","NA","NA",-3.12631657254201,-0.615805069353898,-0.181641998878342
2269.39999999921,"",18,162507,"m1cfgamjv7","fr","false",1280,800,1280,632,2,60,16.6666666666667,"",NA,"down","touchscreen",998.521000000008,99.8999999999942,96.9999999997672,6,FALSE,0,5,0,0,0.0625,66,0.1,1,NA,2021-07-01 08:20:56.083559,"M","082014","right","NA","NA",2.14247092805681,0.258692573319088,0.0951173048449839
2752.79999999842,"",19,167301,"m1cfgamjv7","fr","false",1280,800,1280,632,2,60,16.6666666666667,"",NA,"down","touchscreen",998.956999999995,99.5,95.5999999987544,6,TRUE,1,5,0,0,-0.125,18,0.05,1,NA,2021-07-01 08:20:56.083559,"M","082014","right","NA","NA",-3.37221466985861,-0.644559898429565,-0.112573545207226
5131.80000000101,"",20,174473,"m1cfgamjv7","fr","false",1280,800,1280,632,2,60,16.6666666666667,"",NA,"up","touchscreen",998.448999999993,99.9599999999919,95.7999999991735,6,TRUE,2,5,0,0,0.125,38,0.2,1,NA,2021-07-01 08:20:56.083559,"M","082014","right","NA","NA",1.81808458000674,0.289993189750404,0.217523713494842
4887.8000000004,"",21,181402,"m1cfgamjv7","fr","false",1280,800,1280,632,2,60,16.6666666666667,"",NA,"down","touchscreen",997.676999999996,100.783999999985,95.9000000002561,6,TRUE,3,5,0,0,-0.0625,38,0.15,1,NA,2021-07-01 08:20:56.083559,"M","082014","right","NA","NA",-2.36045176399334,-0.366096913822722,-0.168445240932489
3389.10000000033,"",22,186827,"m1cfgamjv7","fr","false",1280,800,1280,632,2,60,16.6666666666667,"",NA,"down","touchscreen",998.252000000008,99.8030000000144,95.9999999995634,6,TRUE,4,5,0,0,0.0625,18,0.15,1,NA,2021-07-01 08:20:56.083559,"M","082014","right","NA","NA",-0.39682049682934,-0.0987205268327164,-0.0520349743298928
2864.0000000014,"",23,191732,"m1cfgamjv7","fr","false",1280,800,1280,632,2,60,16.6666666666667,"",NA,"down","touchscreen",999.429999999993,98.9059999999881,94.600000000326,6,TRUE,5,5,0,0,-0.125,38,0.2,1,NA,2021-07-01 08:20:56.083559,"M","082014","right","NA","NA",-0.952198648942676,-0.156738273252774,-0.103435671848928
5918.49999999977,"",24,199692,"m1cfgamjv7","fr","false",1280,800,1280,632,2,60,16.6666666666667,"",NA,"down","touchscreen",998.535999999993,99.8960000000079,96.2999999992317,6,FALSE,0,5,0,0,0.125,6,0.2,1,NA,2021-07-01 08:20:56.083559,"M","082014","right","NA","NA",0.759353027461133,0.354953483823932,0.156635494152817
2051.10000000062,"",25,203781,"m1cfgamjv7","fr","false",1280,800,1280,632,2,60,16.6666666666667,"",NA,"up","touchscreen",998.692999999999,99.6009999999951,96.1000000006752,6,FALSE,0,5,0,0,0.0625,6,0.15,1,NA,2021-07-01 08:20:56.083559,"M","082014","right","NA","NA",-0.28806264521662,-0.142560205737921,-0.0537998119166311
3185.99999999971,"",26,209009,"m1cfgamjv7","fr","false",1280,800,1280,632,2,60,16.6666666666667,"",NA,"down","touchscreen",998.513999999996,99.8479999999981,94.7999999989406,6,TRUE,1,5,0,0,0.0625,18,0.2,1,NA,2021-07-01 08:20:56.083559,"M","082014","right","NA","NA",-0.124947526963184,-0.0312216533032406,-0.0183914053408831
3046.29999999996,"",27,214094,"m1cfgamjv7","fr","false",1280,800,1280,632,2,60,16.6666666666667,"",NA,"down","touchscreen",997.5,100.831000000006,97.69999999844,6,TRUE,2,5,0,0,-0.0625,6,0.15,1,NA,2021-07-01 08:20:56.083559,"M","082014","right","NA","NA",-0.30317605058374,-0.149875812767192,-0.0355800958027686
2034.49999999974,"",28,218159,"m1cfgamjv7","fr","false",1280,800,1280,632,2,60,16.6666666666667,"",NA,"up","touchscreen",997.744999999995,100.902000000002,97.3000000012689,6,TRUE,3,5,0,0,-0.0625,18,0.1,1,NA,2021-07-01 08:20:56.083559,"M","082014","right","NA","NA",0.950878988357829,0.23127480003409,0.0737502408882595
4814.8000000001,"",29,225000,"m1cfgamjv7","fr","false",1280,800,1280,632,2,60,16.6666666666667,"",NA,"up","touchscreen",997.445999999996,100.804999999993,97.1000000008498,6,TRUE,4,5,0,0,0,66,0.2,1,NA,2021-07-01 08:20:56.083559,"M","082014","right","NA","NA",0.665441480654812,0.0828939102800217,0.0572087464693975
2541.00000000108,"",30,229585,"m1cfgamjv7","fr","false",1280,800,1280,632,2,60,16.6666666666667,"",NA,"up","touchscreen",998.277999999991,99.8010000000068,95.9000000002561,6,TRUE,5,5,0,0,0.1875,38,0.05,1,NA,2021-07-01 08:20:56.083559,"M","082014","right","NA","NA",7.92364843987031,0.797225982967363,0.217834662352404
2711.90000000026,"",31,234333,"m1cfgamjv7","fr","false",1280,800,1280,632,2,60,16.6666666666667,"",NA,"up","touchscreen",998.436000000016,100.024000000005,95.5000000012806,6,TRUE,6,6,0,0,0.1875,66,0.15,1,NA,2021-07-01 08:20:56.083559,"M","082014","right","NA","NA",3.299085634083,0.381240622380468,0.23086130076599
2575.19999999931,"",32,238940,"m1cfgamjv7","fr","false",1280,800,1280,632,2,60,16.6666666666667,"",NA,"down","touchscreen",998.627999999997,99.7479999999923,96.1999999999534,6,TRUE,7,7,0,0,-0.1875,18,0.05,1,NA,2021-07-01 08:20:56.083559,"M","082014","right","NA","NA",-5.98551022274401,-0.831430472871771,-0.216863812467686
2751.8999999993,"",33,243723,"m1cfgamjv7","fr","false",1280,800,1280,632,2,60,16.6666666666667,"",NA,"down","touchscreen",998.633999999991,99.6840000000084,95.9000000002561,6,TRUE,8,8,0,0,0,66,0.15,1,NA,2021-07-01 08:20:56.083559,"M","082014","right","NA","NA",-1.60043522589161,-0.196167429296948,-0.111813418530319
1726.79999999856,"",34,247495,"m1cfgamjv7","fr","false",1280,800,1280,632,2,60,16.6666666666667,"",NA,"up","touchscreen",998.576000000001,99.9069999999774,95.8000000009488,6,TRUE,9,9,1,1,0.1875,18,0.15,1,NA,2021-07-01 08:20:56.083559,"M","082014","right","NA","NA",2.8257540926363,0.576986343672728,0.29614667260592
2476.59999999995,"",35,252005,"m1cfgamjv7","fr","false",1280,800,1280,632,2,60,16.6666666666667,"",NA,"down","touchscreen",998.456999999995,99.9200000000128,95.699999999837,6,TRUE,10,10,1,2,0,38,0.15,1,NA,2021-07-01 08:20:56.083559,"M","082014","right","NA","NA",-0.0248353845930604,-0.0041391953067666,-0.00217599210078337
2572.50000000023,"",36,256613,"m1cfgamjv7","fr","false",1280,800,1280,632,2,60,16.6666666666667,"",NA,"down","touchscreen",998.420000000013,99.877999999997,95.9000000002561,6,TRUE,11,11,1,3,-0.125,6,0.05,1,NA,2021-07-01 08:20:56.083559,"M","082014","right","NA","NA",-1.14028328876834,-0.495295916055437,-0.118730801828712
3118.99999999878,"",37,261772,"m1cfgamjv7","fr","false",1280,800,1280,632,2,60,16.6666666666667,"",NA,"down","touchscreen",998.52900000001,99.8739999999816,96.000000001397,6,TRUE,12,12,1,4,-0.125,66,0.1,1,NA,2021-07-01 08:20:56.083559,"M","082014","right","NA","NA",-4.07985852880317,-0.454313580920049,-0.17260523974548
2598.6000000012,"",38,266404,"m1cfgamjv7","fr","false",1280,800,1280,632,2,60,16.6666666666667,"",NA,"down","touchscreen",998.462999999989,99.8609999999753,96.8000000011525,6,FALSE,0,12,0,4,0.0625,18,0.1,1,NA,2021-07-01 08:20:56.083559,"M","082014","right","NA","NA",1.49082234107085,0.349237846968338,0.0951399991717517
2333.20000000094,"",39,270768,"m1cfgamjv7","fr","false",1280,800,1280,632,2,60,16.6666666666667,"",NA,"down","touchscreen",998.69299999997,99.6520000000019,96.1999999999534,6,TRUE,1,12,0,4,-0.125,38,0.1,1,NA,2021-07-01 08:20:56.083559,"M","082014","right","NA","NA",-1.3814862999117,-0.224376958708816,-0.073844871577439
2830.1999999985,"",40,275626,"m1cfgamjv7","fr","false",1280,800,1280,632,2,60,16.6666666666667,"",NA,"up","touchscreen",998.561000000045,99.835000000021,94.9000000000815,6,TRUE,2,12,0,4,0.0625,6,0.05,1,NA,2021-07-01 08:20:56.083559,"M","082014","right","NA","NA",1.36356463970338,0.563316597073792,0.0873438281667925
1317.60000000033,"",41,278973,"m1cfgamjv7","fr","false",1280,800,1280,632,2,60,16.6666666666667,"",NA,"up","touchscreen",998.587,99.8390000000363,96.0999999988126,6,TRUE,3,12,3,7,0.1875,66,0.05,1,NA,2021-07-01 08:20:56.083559,"M","082014","right","NA","NA",9.65198315412536,0.769917992805592,0.195557199213782
3233.29999999981,"",42,284257,"m1cfgamjv7","fr","false",1280,800,1280,632,2,60,16.6666666666667,"",NA,"down","touchscreen",998.630000000005,99.7660000000033,95.1999999997206,6,TRUE,4,12,3,10,-0.0625,18,0.05,1,NA,2021-07-01 08:20:56.083559,"M","082014","right","NA","NA",-0.796431786538443,-0.195274832148191,-0.0310523042010125
2728.0999999984,"",43,289020,"m1cfgamjv7","fr","false",1280,800,1280,632,2,60,16.6666666666667,"",NA,"up","touchscreen",998.098999999987,100.271000000008,97.1000000008498,6,TRUE,5,12,3,13,0.125,38,0.15,1,NA,2021-07-01 08:20:56.083559,"M","082014","right","NA","NA",1.09542789826032,0.17960257028531,0.0868231144412501
1447.4000000009,"",44,292500,"m1cfgamjv7","fr","false",1280,800,1280,632,2,60,16.6666666666667,"",NA,"down","touchscreen",998.467999999993,99.9290000000037,95.5999999987544,6,TRUE,6,12,6,19,-0.0625,38,0.1,1,NA,2021-07-01 08:20:56.083559,"M","082014","right","NA","NA",-0.50203768748752,-0.0833815730564677,-0.0243163410520166
2520.80000000022,"",45,297052,"m1cfgamjv7","fr","false",1280,800,1280,632,2,60,16.6666666666667,"",NA,"up","touchscreen",998.71100000001,99.6909999999916,95.699999999837,6,TRUE,7,12,6,25,0.0625,66,0.2,1,NA,2021-07-01 08:20:56.083559,"M","082014","right","NA","NA",0.643080929171151,0.0801266531285973,0.0603304991315396
3105.99999999977,"",46,302197,"m1cfgamjv7","fr","false",1280,800,1280,632,2,60,16.6666666666667,"",NA,"down","touchscreen",997.641000000003,100.712,95.9000000002561,6,TRUE,8,12,6,31,-0.1875,38,0.15,1,NA,2021-07-01 08:20:56.083559,"M","082014","right","NA","NA",-3.37735001619056,-0.490520493752469,-0.25357201857472
2248.10000000068,"",47,306482,"m1cfgamjv7","fr","false",1280,800,1280,632,2,60,16.6666666666667,"",NA,"down","touchscreen",998.538,99.8389999999781,97.2000000001281,6,FALSE,0,12,0,31,0.125,66,0.2,1,NA,2021-07-01 08:20:56.083559,"M","082014","right","NA","NA",0.924077464172025,0.114746716279286,0.0699458578509062
1827.40000000014,"",48,310341,"m1cfgamjv7","fr","false",1280,800,1280,632,2,60,16.6666666666667,"",NA,"down","touchscreen",999.159999999974,99.064000000013,95.1000000005006,6,TRUE,1,12,1,32,-0.0625,6,0.2,1,NA,2021-07-01 08:20:56.083559,"M","082014","right","NA","NA",-3.13885420215314,-0.843351345646745,-0.197889427065249
2123.79999999941,"",49,314497,"m1cfgamjv7","fr","false",1280,800,1280,632,2,60,16.6666666666667,"",NA,"up","touchscreen",998.690000000002,99.658000000054,97.2999999994645,6,TRUE,2,12,1,33,0,6,0.2,1,NA,2021-07-01 08:20:56.083559,"M","082014","right","NA","NA",0.40151713395245,0.196831205510988,0.0901341119150589
1833.89999999967,"",50,318369,"m1cfgamjv7","fr","false",1280,800,1280,632,2,60,16.6666666666667,"",NA,"down","touchscreen",998.689000000013,99.744000000006,95.5000000012806,6,TRUE,3,12,2,35,-0.1875,38,0.05,1,NA,2021-07-01 08:20:56.083559,"M","082014","right","NA","NA",-4.98432723356709,-0.638997837772039,-0.17186310410823
4859.59999999974,"",51,325252,"m1cfgamjv7","fr","false",1280,800,1280,632,2,60,16.6666666666667,"",NA,"down","touchscreen",998.501999999979,99.8090000000084,99.2000000005355,6,TRUE,4,12,2,37,-0.125,18,0.2,1,NA,2021-07-01 08:20:56.083559,"M","082014","right","NA","NA",-0.99446126198847,-0.241270686743698,-0.159900792834824
1825.80000000051,"",52,329109,"m1cfgamjv7","fr","false",1280,800,1280,632,2,60,16.6666666666667,"",NA,"down","touchscreen",997.755999999994,100.572999999975,96.1999999999534,6,TRUE,5,12,3,40,-0.125,18,0.15,1,NA,2021-07-01 08:20:56.083559,"M","082014","right","NA","NA",-2.4462282103644,-0.521726975227275,-0.198621822451999
1991.79999999981,"",53,333139,"m1cfgamjv7","fr","false",1280,800,1280,632,2,60,16.6666666666667,"",NA,"up","touchscreen",998.875999999989,99.4789999999921,94.9000000000815,6,TRUE,6,12,3,43,0.0625,38,0.1,1,NA,2021-07-01 08:20:56.083559,"M","082014","right","NA","NA",2.63369648952418,0.401932502625876,0.122129260694125
3191.79999999871,"",54,338369,"m1cfgamjv7","fr","false",1280,800,1280,632,2,60,16.6666666666667,"",NA,"down","touchscreen",998.496000000043,99.8609999999753,95.7999999991735,6,TRUE,7,12,3,46,-0.0625,6,0.1,1,NA,2021-07-01 08:20:56.083559,"M","082014","right","NA","NA",-4.99175654809833,-0.928265099157414,-0.29930202401724
2302.40000000049,"",55,342702,"m1cfgamjv7","fr","false",1280,800,1280,632,2,60,16.6666666666667,"",NA,"up","touchscreen",998.527999999991,99.8640000000014,97.8999999988009,6,TRUE,8,12,3,49,0.0625,6,0.1,1,NA,2021-07-01 08:20:56.083559,"M","082014","right","NA","NA",3.02010396117163,0.833754062165868,0.24327689745376
5616.59999999939,"",56,350365,"m1cfgamjv7","fr","false",1280,800,1280,632,2,60,16.6666666666667,"",NA,"down","touchscreen",998.537000000011,99.8520000000135,95.6000000005588,6,TRUE,9,12,3,52,-0.125,66,0.2,1,NA,2021-07-01 08:20:56.083559,"M","082014","right","NA","NA",-1.70088728510349,-0.207962553268518,-0.155975651875363
2143.70000000054,"",57,354545,"m1cfgamjv7","fr","false",1280,800,1280,632,2,60,16.6666666666667,"",NA,"down","touchscreen",998.572000000044,99.8300000000163,96.7000000000116,6,TRUE,10,12,3,55,-0.1875,66,0.1,1,NA,2021-07-01 08:20:56.083559,"M","082014","right","NA","NA",-5.12446525784412,-0.539387082624641,-0.19313367132728
2595.90000000026,"",58,359176,"m1cfgamjv7","fr","false",1280,800,1280,632,2,60,16.6666666666667,"",NA,"down","touchscreen",998.482999999949,99.9009999999544,94.7000000014668,6,TRUE,11,12,3,58,-0.0625,66,0.1,1,NA,2021-07-01 08:20:56.083559,"M","082014","right","NA","NA",-2.13441295190682,-0.257784383100246,-0.102250557542068
1919.7999999997,"",59,363125,"m1cfgamjv7","fr","false",1280,800,1280,632,2,60,16.6666666666667,"",NA,"up","touchscreen",998.515000000014,99.8539999999921,96.0000000013388,6,TRUE,12,12,3,61,0.1875,38,0.15,1,NA,2021-07-01 08:20:56.083559,"M","082014","right","NA","NA",1.79098731475189,0.286027100401737,0.146748229457872
2065.700000001,"",60,367232,"m1cfgamjv7","fr","false",1280,800,1280,632,2,60,16.6666666666667,"",NA,"down","touchscreen",998.545999999973,99.8660000000382,95.2999999989988,6,FALSE,0,12,0,61,0.0625,38,0.05,1,NA,2021-07-01 08:20:56.083559,"M","082014","right","NA","NA",3.27786823015211,0.479431541556168,0.0857519411558777
3410.29999999958,"",61,372687,"m1cfgamjv7","fr","false",1280,800,1280,632,2,60,16.6666666666667,"",NA,"down","touchscreen",999.038,99.3159999999916,96.2999999992317,6,TRUE,1,12,0,61,0,6,0.15,1,NA,2021-07-01 08:20:56.083559,"M","082014","right","NA","NA",-0.189262205981438,-0.0942102147717607,-0.0457128806678418
1774.80000000104,"",62,376494,"m1cfgamjv7","fr","false",1280,800,1280,632,2,60,16.6666666666667,"",NA,"up","touchscreen",998.561999999976,99.8410000000149,95.3000000008615,6,TRUE,2,12,1,62,-0.0625,18,0.2,1,NA,2021-07-01 08:20:56.083559,"M","082014","right","NA","NA",2.35621928592717,0.507544634998732,0.283905555576378
1602.60000000021,"",63,380138,"m1cfgamjv7","fr","false",1280,800,1280,632,2,60,16.6666666666667,"",NA,"down","touchscreen",998.543999999994,99.8399999999674,96.7000000000698,6,TRUE,3,12,3,65,0.125,6,0.15,1,NA,2021-07-01 08:20:56.083559,"M","082014","right","NA","NA",-1.473104520344,-0.593047774554938,-0.125781326962504
1993.29999999824,"",64,384168,"m1cfgamjv7","fr","false",1280,800,1280,632,2,60,16.6666666666667,"",NA,"down","touchscreen",999.004000000015,99.3820000000414,95.8999999983935,6,FALSE,0,12,0,65,0,38,0.1,1,NA,2021-07-01 08:20:56.083559,"M","082014","right","NA","NA",1.81469679792338,0.289498148774185,0.0774277930341845
4039.60000000009,"",65,390240,"m1cfgamjv7","fr","false",1280,800,1280,632,2,60,16.6666666666667,"",NA,"down","touchscreen",998.777999999991,99.6579999999958,97.4000000005472,6,TRUE,1,12,0,65,0,66,0.05,1,NA,2021-07-01 08:20:56.083559,"M","082014","right","NA","NA",-0.475257663247069,-0.0593026541245624,-0.00949886059042433
3783.39999999845,"",66,396061,"m1cfgamjv7","fr","false",1280,800,1280,632,2,60,16.6666666666667,"",NA,"down","touchscreen",998.543000000005,99.8530000000028,96.3999999985681,6,TRUE,2,12,0,65,-0.0625,38,0.2,1,NA,2021-07-01 08:20:56.083559,"M","082014","right","NA","NA",-0.662146222205168,-0.10969176685279,-0.0777400128362954
2638.80000000063,"",67,400738,"m1cfgamjv7","fr","false",1280,800,1280,632,2,60,16.6666666666667,"",NA,"up","touchscreen",998.557999999961,99.8379999999888,99.2000000005937,6,FALSE,0,12,0,65,-0.125,6,0.1,1,NA,2021-07-01 08:20:56.083559,"M","082014","right","NA","NA",-0.132228283260695,-0.0659701185191546,-0.00925294851002878
2635.59999999963,"",68,405416,"m1cfgamjv7","fr","false",1280,800,1280,632,2,60,16.6666666666667,"",NA,"up","touchscreen",998.370999999985,99.9969999999739,94.3999999999651,6,FALSE,0,12,0,65,-0.125,38,0.15,1,NA,2021-07-01 08:20:56.083559,"M","082014","right","NA","NA",-3.15059565361926,-0.464902800919454,-0.222069746522015
2594.60000000033,"",69,410052,"m1cfgamjv7","fr","false",1280,800,1280,632,2,60,16.6666666666667,"",NA,"down","touchscreen",998.623000000021,99.7550000000047,95.0000000011642,6,FALSE,0,12,0,65,0,18,0.15,1,NA,2021-07-01 08:20:56.083559,"M","082014","right","NA","NA",0.0753348958650072,0.0188303846074123,0.0069772290738004
1455.59999999928,"",70,413539,"m1cfgamjv7","fr","false",1280,800,1280,632,2,60,16.6666666666667,"",NA,"down","touchscreen",998.625999999989,99.7789999999804,95.2999999989988,6,TRUE,1,12,3,68,-0.125,18,0.1,1,NA,2021-07-01 08:20:56.083559,"M","082014","right","NA","NA",-3.54852000274088,-0.663628507962996,-0.245943045625287
1445.20000000013,"",71,417023,"m1cfgamjv7","fr","false",1280,800,1280,632,2,60,16.6666666666667,"",NA,"down","touchscreen",998.50900000002,99.8950000000186,97.7000000002445,6,TRUE,2,12,6,74,-0.125,38,0.05,1,NA,2021-07-01 08:20:56.083559,"M","082014","right","NA","NA",-3.81973720726589,-0.53703113031362,-0.115978049413736
1260.10000000132,"",72,420318,"m1cfgamjv7","fr","false",1280,800,1280,632,2,60,16.6666666666667,"",NA,"up","touchscreen",998.558000000019,99.8499999999767,93.3999999997322,6,TRUE,3,12,10,84,0.0625,6,0.2,1,NA,2021-07-01 08:20:56.083559,"M","082014","right","NA","NA",1.0293227488028,0.457612145553033,0.12619085675202
1811.20000000013,"",73,424164,"m1cfgamjv7","fr","false",1280,800,1280,632,2,60,16.6666666666667,"",NA,"down","touchscreen",998.581000000006,99.8250000000116,95.699999999837,6,TRUE,4,12,11,95,-0.0625,18,0.15,1,NA,2021-07-01 08:20:56.083559,"M","082014","right","NA","NA",-0.721659059113543,-0.177548349216881,-0.0805413233426527
1613.6999999999,"",74,427809,"m1cfgamjv7","fr","false",1280,800,1280,632,2,60,16.6666666666667,"",NA,"down","touchscreen",998.604999999981,99.8099999999977,96.4999999996508,6,TRUE,5,12,13,108,-0.1875,66,0.2,1,NA,2021-07-01 08:20:56.083559,"M","082014","right","NA","NA",-4.13558017418211,-0.459216963497965,-0.35996913571858
3275.99999999988,"",75,433118,"m1cfgamjv7","fr","false",1280,800,1280,632,2,60,16.6666666666667,"",NA,"down","touchscreen",998.539999999979,99.8029999999562,94.199999999546,6,TRUE,6,12,13,121,-0.1875,66,0.15,1,NA,2021-07-01 08:20:56.083559,"M","082014","right","NA","NA",-2.38935450770783,-0.286177916633707,-0.148639650069017
1435.29999999917,"",76,436586,"m1cfgamjv7","fr","false",1280,800,1280,632,2,60,16.6666666666667,"",NA,"down","touchscreen",998.562000000034,99.8420000000042,95.6000000005588,6,FALSE,0,12,0,121,0.125,6,0.05,1,NA,2021-07-01 08:20:56.083559,"M","082014","right","NA","NA",2.46706848484434,0.776805930674844,0.0566680556526929
3506.89999999851,"",77,442134,"m1cfgamjv7","fr","false",1280,800,1280,632,2,60,16.6666666666667,"",NA,"down","touchscreen",998.456000000006,99.9130000000005,96.3000000010361,6,TRUE,1,12,0,121,-0.0625,6,0.05,1,NA,2021-07-01 08:20:56.083559,"M","082014","right","NA","NA",-1.59207540483814,-0.622802962781465,-0.0861410255883638
3244.8000000004,"",78,447415,"m1cfgamjv7","fr","false",1280,800,1280,632,2,60,16.6666666666667,"",NA,"up","touchscreen",998.625999999989,99.7669999999925,95.8000000009779,6,TRUE,2,12,0,121,0.0625,38,0.2,1,NA,2021-07-01 08:20:56.083559,"M","082014","right","NA","NA",0.146975261835029,0.0244885309274704,0.015441430863696
1983.79999999999,"",79,451430,"m1cfgamjv7","fr","false",1280,800,1280,632,2,60,16.6666666666667,"",NA,"down","touchscreen",998.580000000016,99.8520000000135,96.0999999988126,6,TRUE,3,12,0,121,-0.1875,38,0.1,1,NA,2021-07-01 08:20:56.083559,"M","082014","right","NA","NA",-5.99662815779259,-0.706908009712568,-0.282726953040948
2334.29999999865,"",80,455791,"m1cfgamjv7","fr","false",1280,800,1280,632,2,60,16.6666666666667,"",NA,"up","touchscreen",997.885000000009,100.716000000015,98.899999999092,6,TRUE,4,12,0,121,0.1875,6,0.1,1,NA,2021-07-01 08:20:56.083559,"M","082014","right","NA","NA",6.44641758391764,0.955089815747557,0.243873708550085
3742.50000000029,"",81,461577,"m1cfgamjv7","fr","false",1280,800,1280,632,2,60,16.6666666666667,"",NA,"down","touchscreen",998.236000000034,100.125,95.7999999991735,6,TRUE,5,12,0,121,0.125,18,0.2,1,NA,2021-07-01 08:20:56.083559,"M","082014","right","NA","NA",-0.195276881172594,-0.0487611482545751,-0.0312686111738906
1421.8000000001,"",82,465036,"m1cfgamjv7","fr","false",1280,800,1280,632,2,60,16.6666666666667,"",NA,"up","touchscreen",999.396000000008,99.1180000000168,94.6999999996624,6,TRUE,6,12,3,124,0.125,66,0.05,1,NA,2021-07-01 08:20:56.083559,"M","082014","right","NA","NA",9.02707684492014,0.748399310908681,0.174285622871551
1728.10000000027,"",83,468801,"m1cfgamjv7","fr","false",1280,800,1280,632,2,60,16.6666666666667,"",NA,"down","touchscreen",998.238000000012,100.124000000011,97.3000000012689,6,TRUE,7,12,4,128,-0.1875,6,0.1,1,NA,2021-07-01 08:20:56.083559,"M","082014","right","NA","NA",-2.75427119639869,-0.809169965090488,-0.145670402558056
2199.59999999992,"",84,473034,"m1cfgamjv7","fr","false",1280,800,1280,632,2,60,16.6666666666667,"",NA,"down","touchscreen",998.847999999998,99.6730000000098,96.7000000000698,6,FALSE,0,12,0,128,0.0625,66,0.15,1,NA,2021-07-01 08:20:56.083559,"M","082014","right","NA","NA",1.32892693975601,0.163870295486247,0.0763457018193285
2907.10000000038,"",85,477986,"m1cfgamjv7","fr","false",1280,800,1280,632,2,60,16.6666666666667,"",NA,"down","touchscreen",998.467999999993,99.9099999999744,95.6000000005588,6,TRUE,1,12,0,128,-0.0625,38,0.05,1,NA,2021-07-01 08:20:56.083559,"M","082014","right","NA","NA",-1.37218889378996,-0.222942197511795,-0.036336607391163
1814.50000000047,"",86,481835,"m1cfgamjv7","fr","false",1280,800,1280,632,2,60,16.6666666666667,"",NA,"up","touchscreen",998.584000000032,99.8399999999674,97.2000000001863,6,TRUE,2,12,1,129,0,18,0.2,1,NA,2021-07-01 08:20:56.083559,"M","082014","right","NA","NA",0.852821648012712,0.208518806813643,0.12656869405298
2686.20000000007,"",87,486552,"m1cfgamjv7","fr","false",1280,800,1280,632,2,60,16.6666666666667,"",NA,"up","touchscreen",998.543000000005,99.8570000000182,94.7999999989988,6,TRUE,3,12,1,130,0.0625,66,0.05,1,NA,2021-07-01 08:20:56.083559,"M","082014","right","NA","NA",3.37634569880099,0.388832061984717,0.0678516660094928
1487.00000000099,"",88,490079,"m1cfgamjv7","fr","false",1280,800,1280,632,2,60,16.6666666666667,"",NA,"up","touchscreen",998.753999999957,99.4749999999767,96.7000000000698,6,TRUE,4,12,4,134,0.0625,38,0.15,1,NA,2021-07-01 08:20:56.083559,"M","082014","right","NA","NA",1.23533404837832,0.201659174000341,0.123776244212099
1245.80000000057,"",89,493364,"m1cfgamjv7","fr","false",1280,800,1280,632,2,60,16.6666666666667,"",NA,"up","touchscreen",998.412000000011,100.092999999993,95.9000000002561,6,TRUE,5,12,8,142,0.1875,18,0.1,1,NA,2021-07-01 08:20:56.083559,"M","082014","right","NA","NA",7.13325197589517,0.872225484534999,0.324382049801665
1539.19999999925,"",90,496939,"m1cfgamjv7","fr","false",1280,800,1280,632,2,60,16.6666666666667,"",NA,"down","touchscreen",998.525000000023,99.8530000000028,95.1999999997788,6,TRUE,6,12,10,152,-0.0625,66,0.05,1,NA,2021-07-01 08:20:56.083559,"M","082014","right","NA","NA",-4.89285227493483,-0.521757697254417,-0.0913361758542504
3332.09999999963,"",91,502312,"m1cfgamjv7","fr","false",1280,800,1280,632,2,60,16.6666666666667,"",NA,"down","touchscreen",998.43200000003,99.9099999999744,96.7999999993481,6,TRUE,7,12,10,162,-0.125,6,0.2,1,NA,2021-07-01 08:20:56.083559,"M","082014","right","NA","NA",-1.98010880047243,-0.703564121182062,-0.413613086034381
3406.00000000087,"",92,507756,"m1cfgamjv7","fr","false",1280,800,1280,632,2,60,16.6666666666667,"",NA,"down","touchscreen",998.599000000046,99.8349999999627,98.5000000000582,6,FALSE,0,12,0,162,0,38,0.05,1,NA,2021-07-01 08:20:56.083559,"M","082014","right","NA","NA",1.6367915403437,0.263181445052627,0.0409205828182026
1233.90000000107,"",93,511029,"m1cfgamjv7","fr","false",1280,800,1280,632,2,60,16.6666666666667,"",NA,"up","touchscreen",998.330000000016,100.061999999976,96.1000000006752,6,TRUE,1,12,4,166,0.1875,38,0.1,1,NA,2021-07-01 08:20:56.083559,"M","082014","right","NA","NA",3.38856271508216,0.491755688219113,0.177958942030191
2065.09999999986,"",94,515138,"m1cfgamjv7","fr","false",1280,800,1280,632,2,60,16.6666666666667,"",NA,"up","touchscreen",997.60500000004,100.739000000001,96.900000000489,6,TRUE,2,12,4,170,0.125,18,0.05,1,NA,2021-07-01 08:20:56.083559,"M","082014","right","NA","NA",2.81711152836315,0.5758073286003,0.135520178586958
1858.59999999963,"",95,519027,"m1cfgamjv7","fr","false",1280,800,1280,632,2,60,16.6666666666667,"",NA,"down","touchscreen",998.282000000007,100.133999999962,96.4999999996508,6,FALSE,0,12,0,170,0.0625,18,0.05,1,NA,2021-07-01 08:20:56.083559,"M","082014","right","NA","NA",1.56746006383923,0.364852007047339,0.0567409627639127
2680.8000000001,"",96,523747,"m1cfgamjv7","fr","false",1280,800,1280,632,2,60,16.6666666666667,"",NA,"up","touchscreen",998.994999999995,99.3159999999916,94.8000000007451,6,TRUE,1,12,0,170,0.125,18,0.15,1,NA,2021-07-01 08:20:56.083559,"M","082014","right","NA","NA",3.54953615369179,0.66373483149273,0.429871381824885
4235.5000000007,"",97,530007,"m1cfgamjv7","fr","false",1280,800,1280,632,2,60,16.6666666666667,"",NA,"down","touchscreen",997.12200000009,101.195999999996,96.8000000012107,6,TRUE,2,12,0,170,-0.125,6,0.15,1,NA,2021-07-01 08:20:56.083559,"M","082014","right","NA","NA",-0.910166741427567,-0.414208668895386,-0.229880297313822
2210.10000000021,"",98,534257,"m1cfgamjv7","fr","false",1280,800,1280,632,2,60,16.6666666666667,"",NA,"up","touchscreen",998.617000000086,99.814000000013,96.2999999992317,6,TRUE,3,12,0,170,0.125,38,0.05,1,NA,2021-07-01 08:20:56.083559,"M","082014","right","NA","NA",5.09065625319146,0.646958765509423,0.120099927683442
1454.60000000091,"",99,537747,"m1cfgamjv7","fr","false",1280,800,1280,632,2,60,16.6666666666667,"",NA,"down","touchscreen",999.243999999948,99.1619999998948,95.3000000008615,6,TRUE,4,12,3,173,-0.125,66,0.15,1,NA,2021-07-01 08:20:56.083559,"M","082014","right","NA","NA",-1.48481167872037,-0.182484959823815,-0.098437798462089
2548.49999999895,"",100,542335,"m1cfgamjv7","fr","false",1280,800,1280,632,2,60,16.6666666666667,"",NA,"down","touchscreen",998.736000000034,99.5130000000354,95.9999999995343,6,TRUE,5,12,3,176,-0.1875,6,0.05,1,NA,2021-07-01 08:20:56.083559,"M","082014","right","NA","NA",-3.3226482615996,-0.856762745664168,-0.127408148551028
1378.39999999956,"",101,545740,"m1cfgamjv7","fr","false",1280,800,1280,632,2,60,16.6666666666667,"",NA,"up","touchscreen",999.398999999976,98.9259999999776,95.0999999985797,6,TRUE,6,12,6,182,0.125,66,0.1,1,NA,2021-07-01 08:20:56.083559,"M","082014","right","NA","NA",4.49554583045042,0.489892477073438,0.181829841595499
3049.70000000147,"",102,550827,"m1cfgamjv7","fr","false",1280,800,1280,632,2,60,16.6666666666667,"",NA,"down","touchscreen",998.692000000039,99.8209999999963,99.7999999999302,6,TRUE,7,12,6,188,0,18,0.1,1,NA,2021-07-01 08:20:56.083559,"M","082014","right","NA","NA",-1.57792243107635,-0.366960300572037,-0.13575299686165
2850.80000000016,"",103,555720,"m1cfgamjv7","fr","false",1280,800,1280,632,2,60,16.6666666666667,"",NA,"down","touchscreen",999.515999999945,98.8439999999246,95.199999999837,6,TRUE,8,12,6,194,-0.1875,18,0.2,1,NA,2021-07-01 08:20:56.083559,"M","082014","right","NA","NA",-1.28617259585459,-0.306108042019033,-0.180436482440097
2366.79999999981,"",104,560129,"m1cfgamjv7","fr","false",1280,800,1280,632,2,60,16.6666666666667,"",NA,"up","touchscreen",998.403000000049,100.008999999962,95.8000000009779,6,TRUE,9,12,6,200,0.1875,66,0.1,1,NA,2021-07-01 08:20:56.083559,"M","082014","right","NA","NA",3.08491704171889,0.359791126900515,0.133905299511597
7990.59999999916,"",105,570162,"m1cfgamjv7","fr","false",1280,800,1280,632,2,60,16.6666666666667,"",NA,"down","touchscreen",998.58600000001,99.920999999973,96.1999999999534,6,FALSE,0,12,0,200,0,6,0.05,1,NA,2021-07-01 08:20:56.083559,"M","082014","right","NA","NA",0.367662590727268,0.180801677398193,0.0340448702661346
3747.29999999912,"",106,575940,"m1cfgamjv7","fr","false",1280,800,1280,632,2,60,16.6666666666667,"",NA,"down","touchscreen",998.170000000042,100.180999999982,95.9999999996508,6,TRUE,1,12,0,200,-0.125,66,0.05,1,NA,2021-07-01 08:20:56.083559,"M","082014","right","NA","NA",-8.32459913521478,-0.721024403759458,-0.149330070436647
2364.70000000007,"",107,580329,"m1cfgamjv7","fr","false",1280,800,1280,632,2,60,16.6666666666667,"",NA,"up","touchscreen",998.488000000012,99.8100000000559,97.7000000003027,6,TRUE,2,12,0,200,0.1875,66,0.2,1,NA,2021-07-01 08:20:56.083559,"M","082014","right","NA","NA",2.1646102686856,0.261184297484018,0.230913602653355
1614.19999999995,"",108,583976,"m1cfgamjv7","fr","false",1280,800,1280,632,2,60,16.6666666666667,"",NA,"up","touchscreen",998.275000000023,99.9889999999432,96.6000000006752,6,TRUE,3,12,2,202,0.125,66,0.15,1,NA,2021-07-01 08:20:56.083559,"M","082014","right","NA","NA",3.77522850056608,0.426770653573767,0.219929745075892
2342.59999999998,"",109,588349,"m1cfgamjv7","fr","false",1280,800,1280,632,2,60,16.6666666666667,"",NA,"up","touchscreen",999.322000000044,98.8139999998966,94.1999999996042,6,TRUE,4,12,2,204,-0.0625,66,0.2,1,NA,2021-07-01 08:20:56.083559,"M","082014","right","NA","NA",0.238895218245775,0.0298485967538398,0.0196563447899377
2779.79999999842,"",110,593162,"m1cfgamjv7","fr","false",1280,800,1280,632,2,60,16.6666666666667,"",NA,"up","touchscreen",997.807999999961,100.427000000025,97.4999999998836,6,TRUE,5,12,2,206,-0.1875,18,0.15,1,NA,2021-07-01 08:20:56.083559,"M","082014","right","NA","NA",0.420691217452388,0.104595910919609,0.0558499618525118
2957.19999999891,"",111,598149,"m1cfgamjv7","fr","false",1280,800,1280,632,2,60,16.6666666666667,"",NA,"up","touchscreen",997.883000000031,100.47100000002,95.699999999837,6,TRUE,6,12,2,208,0.1875,38,0.2,1,NA,2021-07-01 08:20:56.083559,"M","082014","right","NA","NA",0.154448296999038,0.0257328587071488,0.020314546227149
1075.69999999937,"",112,601260,"m1cfgamjv7","fr","false",1280,800,1280,632,2,60,16.6666666666667,"",NA,"up","touchscreen",998.464000000036,100.155999999959,97.2000000001863,6,TRUE,7,12,7,215,0.1875,18,0.2,1,NA,2021-07-01 08:20:56.083559,"M","082014","right","NA","NA",1.13933529604228,0.273938163216079,0.147831994442099
1684.90000000014,"",113,604980,"m1cfgamjv7","fr","false",1280,800,1280,632,2,60,16.6666666666667,"",NA,"up","touchscreen",997.608999999939,100.334000000032,96.1999999999534,6,TRUE,8,12,9,224,-0.1875,6,0.15,1,NA,2021-07-01 08:20:56.083559,"M","082014","right","NA","NA",0.100340460156679,0.0501072084862525,0.0231350340303323
4034.79999999945,"",2,51757,"mxy3n637gk","fr","false",1280,800,1280,632,2,60,16.6666666666667,"",NA,"down","touchscreen",998.538999999997,99.9720000000016,95.9000000002561,6,FALSE,0,0,0,0,0.1875,18,0.05,1,NA,2021-07-01 07:14:24.951424,"M","072014","right","NA","NA",3.87578127732701,0.695867574536385,0.16927590686128
120.100000000093,"",3,53912,"mxy3n637gk","fr","false",1280,800,1280,632,2,60,16.6666666666667,"",NA,"up","touchscreen",997.707999999999,100.564000000006,95.1999999997497,6,FALSE,0,0,0,0,0,18,0.15,1,NA,2021-07-01 07:14:24.951424,"M","072014","right","NA","NA",-1.17934225508227,-0.282800047288698,-0.145907905145362
3022.30000000054,"",4,58980,"mxy3n637gk","fr","false",1280,800,1280,632,2,60,16.6666666666667,"",NA,"down","touchscreen",998.510000000002,99.8820000000051,95.6999999998516,6,TRUE,1,1,0,0,-0.0625,66,0.1,1,NA,2021-07-01 07:14:24.951424,"M","072014","right","NA","NA",-2.42868997158498,-0.290494586069274,-0.102446783480258
1955.29999999962,"",5,62972,"mxy3n637gk","fr","false",1280,800,1280,632,2,60,16.6666666666667,"",NA,"up","touchscreen",998.654999999999,99.8830000000016,96.8000000011671,6,TRUE,2,2,0,0,0.1875,18,0.2,1,NA,2021-07-01 07:14:24.951424,"M","072014","right","NA","NA",0.616452153244768,0.152314850810578,0.117547913104534
2244.59999999999,"",6,67257,"mxy3n637gk","fr","false",1280,800,1280,632,2,60,16.6666666666667,"",NA,"down","touchscreen",998.141000000003,100.336000000003,96.1999999999534,6,TRUE,3,3,0,0,-0.0625,18,0.15,1,NA,2021-07-01 07:14:24.951424,"M","072014","right","NA","NA",-1.33351710325351,-0.316266991582989,-0.150773222659364
1491.50000000009,"",7,70773,"mxy3n637gk","fr","false",1280,800,1280,632,2,60,16.6666666666667,"",NA,"up","touchscreen",998.317999999999,100.025999999998,99.2999999998574,6,TRUE,4,4,3,3,0.0625,66,0.05,1,NA,2021-07-01 07:14:24.951424,"M","072014","right","NA","NA",2.33252215782296,0.279910286810599,0.0477926363129999
2226.29999999845,"",8,75042,"mxy3n637gk","fr","false",1280,800,1280,632,2,60,16.6666666666667,"",NA,"up","touchscreen",997.284,101.083000000013,97.3999999987427,6,FALSE,0,4,0,3,-0.1875,18,0.15,1,NA,2021-07-01 07:14:24.951424,"M","072014","right","NA","NA",-0.320970951413017,-0.0799856413912806,-0.0366981923199974
273.199999999633,"",9,77349,"mxy3n637gk","fr","false",1280,800,1280,632,2,60,16.6666666666667,"",NA,"down","touchscreen",997.641999999993,100.657999999996,97.9000000006636,6,TRUE,1,4,9,12,-0.125,6,0.2,1,NA,2021-07-01 07:14:24.951424,"M","072014","right","NA","NA",-0.194267900617254,-0.0966789379520575,-0.0507232201500499
4838.70000000024,"",10,84235,"mxy3n637gk","fr","false",1280,800,1280,632,2,60,16.6666666666667,"",NA,"up","touchscreen",998.683000000005,100.016000000003,97.9000000006636,6,TRUE,2,4,9,21,-0.0625,6,0.1,1,NA,2021-07-01 07:14:24.951424,"M","072014","right","NA","NA",0.647101364436179,0.307838605314465,0.0811528937052542
2171.60000000149,"",11,88439,"mxy3n637gk","fr","false",1280,800,1280,632,2,60,16.6666666666667,"",NA,"down","touchscreen",999.054000000004,99.9529999999941,95.499999999447,6,TRUE,3,4,9,30,-0.1875,66,0.1,1,NA,2021-07-01 07:14:24.951424,"M","072014","right","NA","NA",-4.7016307801637,-0.506679692288861,-0.186761064012891
2804.09999999938,"",12,93278,"mxy3n637gk","fr","false",1280,800,1280,632,2,60,16.6666666666667,"",NA,"down","touchscreen",998.25,100.095000000001,96.400000000358,6,TRUE,4,4,9,39,0.0625,18,0.1,1,NA,2021-07-01 07:14:24.951424,"M","072014","right","NA","NA",-1.03891095724082,-0.251387011914533,-0.0843566280242887
2391.20000000003,"",13,97715,"mxy3n637gk","fr","false",1280,800,1280,632,2,60,16.6666666666667,"",NA,"down","touchscreen",999.996999999988,100.118999999992,95.8000000009633,6,TRUE,5,5,9,48,-0.1875,38,0.15,1,NA,2021-07-01 07:14:24.951424,"M","072014","right","NA","NA",-2.59357233006091,-0.396779392501771,-0.212873095665833
2078.70000000003,"",14,101823,"mxy3n637gk","fr","false",1280,800,1280,632,2,60,16.6666666666667,"",NA,"down","touchscreen",998.264999999999,99.9909999999945,97.1000000008644,6,FALSE,0,5,0,48,0.1875,6,0.2,1,NA,2021-07-01 07:14:24.951424,"M","072014","right","NA","NA",0.513443679371968,0.248658518536834,0.127008380792893
2995.0000000008,"",15,106850,"mxy3n637gk","fr","false",1280,800,1280,632,2,60,16.6666666666667,"",NA,"up","touchscreen",998.804999999993,99.5630000000092,97.1000000008644,6,FALSE,0,5,0,48,-0.1875,18,0.1,1,NA,2021-07-01 07:14:24.951424,"M","072014","right","NA","NA",-4.15804443524296,-0.720670219529311,-0.210171309668961
267.20000000023,"",16,109146,"mxy3n637gk","fr","false",1280,800,1280,632,2,60,16.6666666666667,"",NA,"down","touchscreen",997.650999999998,100.652000000002,98.7999999997555,6,FALSE,0,5,0,48,0.125,38,0.1,1,NA,2021-07-01 07:14:24.951424,"M","072014","right","NA","NA",3.9685911447612,0.551673820297871,0.194538614529146
1855.49999999967,"",17,113035,"mxy3n637gk","fr","false",1280,800,1280,632,2,60,16.6666666666667,"",NA,"up","touchscreen",999.062999999995,99.3760000000038,96.3000000010652,6,TRUE,1,5,1,49,0.1875,6,0.05,1,NA,2021-07-01 07:14:24.951424,"M","072014","right","NA","NA",4.03677270197281,0.896053739599328,0.309901233225074
5833.99999999892,"",18,120908,"mxy3n637gk","fr","false",1280,800,1280,632,2,60,16.6666666666667,"",NA,"up","touchscreen",998.625,99.7540000000008,95.3000000008615,6,TRUE,2,5,1,50,0,6,0.05,1,NA,2021-07-01 07:14:24.951424,"M","072014","right","NA","NA",1.93034369247479,0.69446588359933,0.0739418292851885
2046.00000000028,"",19,124991,"mxy3n637gk","fr","false",1280,800,1280,632,2,60,16.6666666666667,"",NA,"down","touchscreen",998.525000000009,99.8769999999931,96.9000000004598,6,FALSE,0,5,0,50,0.1875,66,0.2,1,NA,2021-07-01 07:14:24.951424,"M","072014","right","NA","NA",0.944162411348372,0.117206849337937,0.0773112725321577
1649.40000000024,"",20,128673,"mxy3n637gk","fr","false",1280,800,1280,632,2,60,16.6666666666667,"",NA,"up","touchscreen",998.389999999999,99.974000000002,96.7000000000553,6,TRUE,1,5,2,52,0.0625,66,0.2,1,NA,2021-07-01 07:14:24.951424,"M","072014","right","NA","NA",0.859586185768857,0.106833340519334,0.0817353329609316
1536.00000000004,"",21,132236,"mxy3n637gk","fr","false",1280,800,1280,632,2,60,16.6666666666667,"",NA,"down","touchscreen",999.449999999997,99.0090000000055,94.4999999992433,6,TRUE,2,5,4,56,-0.0625,38,0.05,1,NA,2021-07-01 07:14:24.951424,"M","072014","right","NA","NA",-3.69282639740415,-0.524150825546945,-0.0791209760825278
2276.29999999952,"",22,136558,"mxy3n637gk","fr","false",1280,800,1280,632,2,60,16.6666666666667,"",NA,"up","touchscreen",999.342000000004,99.1209999999846,96.4999999996508,6,TRUE,3,5,4,60,0.125,6,0.15,1,NA,2021-07-01 07:14:24.951424,"M","072014","right","NA","NA",4.35769088403213,0.908849435780658,0.420684428752721
2584.20000000115,"",23,141174,"mxy3n637gk","fr","false",1280,800,1280,632,2,60,16.6666666666667,"",NA,"up","touchscreen",998.535000000003,99.7580000000016,96.6000000007916,6,TRUE,4,5,4,64,0,66,0.1,1,NA,2021-07-01 07:14:24.951424,"M","072014","right","NA","NA",0.111702356771249,0.0139614337047375,0.00429843759858761
2698.70000000083,"",24,145916,"mxy3n637gk","fr","false",1280,800,1280,632,2,60,16.6666666666667,"",NA,"up","touchscreen",998.446000000025,99.8239999999932,96.599999998929,6,FALSE,0,5,0,64,-0.125,6,0.05,1,NA,2021-07-01 07:14:24.951424,"M","072014","right","NA","NA",-2.96237382568919,-0.82879707848899,-0.0867104126705593
321.200000000332,"",25,148280,"mxy3n637gk","fr","false",1280,800,1280,632,2,60,16.6666666666667,"",NA,"down","touchscreen",998.551999999996,99.8959999999788,98.5000000000582,6,TRUE,1,5,8,72,-0.1875,6,0.05,1,NA,2021-07-01 07:14:24.951424,"M","072014","right","NA","NA",-2.62384295406323,-0.79530289119598,-0.145153688105652
2314.30000000002,"",26,152636,"mxy3n637gk","fr","false",1280,800,1280,632,2,60,16.6666666666667,"",NA,"up","touchscreen",998.263000000006,99.9419999999809,96.4000000003725,6,FALSE,0,5,0,72,-0.0625,38,0.2,1,NA,2021-07-01 07:14:24.951424,"M","072014","right","NA","NA",-1.75906137256955,-0.281335339285154,-0.193154013501582
325.600000000093,"",27,154993,"mxy3n637gk","fr","false",1280,800,1280,632,2,60,16.6666666666667,"",NA,"down","touchscreen",998.79800000001,99.8919999999925,96.6000000007334,6,TRUE,1,5,8,80,-0.125,66,0.2,1,NA,2021-07-01 07:14:24.951424,"M","072014","right","NA","NA",-1.39199701108432,-0.171423971140242,-0.132247829930659
1102.39999999979,"",28,158133,"mxy3n637gk","fr","false",1280,800,1280,632,2,60,16.6666666666667,"",NA,"down","touchscreen",999.420000000013,99.0439999999944,96.7000000000698,6,TRUE,2,5,12,92,-0.125,18,0.1,1,NA,2021-07-01 07:14:24.951424,"M","072014","right","NA","NA",-0.671240998001835,-0.165496217447875,-0.0452187738443406
1315.90000000142,"",29,161489,"mxy3n637gk","fr","false",1280,800,1280,632,2,60,16.6666666666667,"",NA,"down","touchscreen",998.592999999993,99.8299999999872,98.2000000003609,6,TRUE,3,5,15,107,-0.125,38,0.2,1,NA,2021-07-01 07:14:24.951424,"M","072014","right","NA","NA",-1.84978041721982,-0.294613451131718,-0.187370555776799
1347.29999999944,"",30,164869,"mxy3n637gk","fr","false",1280,800,1280,632,2,60,16.6666666666667,"",NA,"down","touchscreen",997.815000000002,100.519,96.1999999999534,6,FALSE,0,5,0,107,0.125,18,0.05,1,NA,2021-07-01 07:14:24.951424,"M","072014","right","NA","NA",4.95742241754276,0.778253553323224,0.160245750905539
472.100000000879,"",31,167370,"mxy3n637gk","fr","false",1280,800,1280,632,2,60,16.6666666666667,"",NA,"down","touchscreen",998.915999999997,99.5770000000193,99.4000000009837,6,TRUE,1,5,8,115,-0.0625,66,0.15,1,NA,2021-07-01 07:14:24.951424,"M","072014","right","NA","NA",-0.735465306277884,-0.0915471126013988,-0.0449679489095977
232.599999999366,"",32,169644,"mxy3n637gk","fr","false",1280,800,1280,632,2,60,16.6666666666667,"",NA,"up","touchscreen",998.283999999985,100.090999999986,99.2999999998719,6,FALSE,0,5,0,115,-0.1875,18,0.2,1,NA,2021-07-01 07:14:24.951424,"M","072014","right","NA","NA",-0.238966306127499,-0.0596352505448395,-0.0410704201572439
7405.80000000045,"",33,179079,"mxy3n637gk","fr","false",1280,800,1280,632,2,60,16.6666666666667,"",NA,"down","touchscreen",998.627000000008,99.8129999999946,99.0000000001455,6,TRUE,1,5,0,115,-0.125,38,0.05,1,NA,2021-07-01 07:14:24.951424,"M","072014","right","NA","NA",-5.20819655609531,-0.655519475911354,-0.136752566764169
514.199999999604,"",34,181628,"mxy3n637gk","fr","false",1280,800,1280,632,2,60,16.6666666666667,"",NA,"up","touchscreen",998.590999999986,99.7989999999991,95.0999999986379,6,FALSE,0,5,0,115,-0.125,38,0.1,1,NA,2021-07-01 07:14:24.951424,"M","072014","right","NA","NA",-4.87248855152871,-0.630396883542238,-0.243232211717241
2756.60000000062,"",35,186418,"mxy3n637gk","fr","false",1280,800,1280,632,2,60,16.6666666666667,"",NA,"up","touchscreen",999.54800000001,98.8159999999916,95.299999999057,6,TRUE,1,5,0,115,0.125,66,0.2,1,NA,2021-07-01 07:14:24.951424,"M","072014","right","NA","NA",2.02466174534196,0.245347307475223,0.152247266255056
1683.60000000027,"",36,190134,"mxy3n637gk","fr","false",1280,800,1280,632,2,60,16.6666666666667,"",NA,"up","touchscreen",998.796999999991,99.6780000000144,94.600000000326,6,FALSE,0,5,0,115,-0.125,66,0.1,1,NA,2021-07-01 07:14:24.951424,"M","072014","right","NA","NA",-0.23339608285739,-0.0291621023052504,-0.0103949818949047
1940.6999999992,"",37,194089,"mxy3n637gk","fr","false",1280,800,1280,632,2,60,16.6666666666667,"",NA,"up","touchscreen",998.679999999993,99.6909999999916,96.3000000010943,6,TRUE,1,5,0,115,0.125,38,0.15,1,NA,2021-07-01 07:14:24.951424,"M","072014","right","NA","NA",0.846724588557269,0.13973619614052,0.0810785069519681
1236.00000000081,"",38,197363,"mxy3n637gk","fr","false",1280,800,1280,632,2,60,16.6666666666667,"",NA,"up","touchscreen",997.788,100.494000000006,95.8000000009779,6,TRUE,2,5,4,119,0.0625,66,0.15,1,NA,2021-07-01 07:14:24.951424,"M","072014","right","NA","NA",2.31793153530775,0.278295363926321,0.143580506850891
969.100000000239,"",39,200375,"mxy3n637gk","fr","false",1280,800,1280,632,2,60,16.6666666666667,"",NA,"up","touchscreen",999.150999999983,99.3960000000079,95.0000000011642,6,TRUE,3,5,9,128,0.1875,38,0.05,1,NA,2021-07-01 07:14:24.951424,"M","072014","right","NA","NA",4.89480630879355,0.632132113886897,0.164260637043316
1017.59999999922,"",40,203435,"mxy3n637gk","fr","false",1280,800,1280,632,2,60,16.6666666666667,"",NA,"up","touchscreen",998.397999999986,99.9290000000037,96.1999999999534,6,TRUE,4,5,14,142,0.0625,66,0.1,1,NA,2021-07-01 07:14:24.951424,"M","072014","right","NA","NA",1.839513432823,0.224091396500185,0.0708337535303457
1455.40000000075,"",41,206920,"mxy3n637gk","fr","false",1280,800,1280,632,2,60,16.6666666666667,"",NA,"up","touchscreen",999.091000000015,99.2950000000128,93.8000000005704,6,FALSE,0,5,0,142,0,38,0.05,1,NA,2021-07-01 07:14:24.951424,"M","072014","right","NA","NA",-0.661102083747595,-0.109520870290887,-0.0180912658007236
2892.79999999961,"",42,211847,"mxy3n637gk","fr","false",1280,800,1280,632,2,60,16.6666666666667,"",NA,"up","touchscreen",998.67300000001,99.804999999993,97.4999999998254,6,TRUE,1,5,0,142,0.0625,6,0.2,1,NA,2021-07-01 07:14:24.951424,"M","072014","right","NA","NA",0.37008609523639,0.181954127709017,0.0433282387135887
1711.49999999942,"",43,215594,"mxy3n637gk","fr","false",1280,800,1280,632,2,60,16.6666666666667,"",NA,"up","touchscreen",998.738000000012,99.7969999999914,95.4000000001688,6,FALSE,0,5,0,142,-0.1875,6,0.15,1,NA,2021-07-01 07:14:24.951424,"M","072014","right","NA","NA",-1.66690195007856,-0.64023773102001,-0.22949008342356
364.800000001182,"",44,217987,"mxy3n637gk","fr","false",1280,800,1280,632,2,60,16.6666666666667,"",NA,"down","touchscreen",998.324000000022,99.997000000003,99.8999999992375,6,TRUE,1,5,8,150,-0.1875,66,0.2,1,NA,2021-07-01 07:14:24.951424,"M","072014","right","NA","NA",-1.81958925564975,-0.221784223027118,-0.156305675287311
1442.39999999991,"",45,221467,"mxy3n637gk","fr","false",1280,800,1280,632,2,60,16.6666666666667,"",NA,"up","touchscreen",998.468000000023,99.880999999994,96.0999999988126,6,TRUE,2,5,11,161,-0.0625,66,0.2,1,NA,2021-07-01 07:14:24.951424,"M","072014","right","NA","NA",0.282154261164105,0.0352473669658825,0.0224602587090662
12950.7000000012,"",46,236450,"mxy3n637gk","fr","false",1280,800,1280,632,2,60,16.6666666666667,"",NA,"up","touchscreen",997.687000000005,100.77800000002,98.0999999992782,6,FALSE,0,5,0,161,0.0625,6,0.15,1,NA,2021-07-01 07:14:24.951424,"M","072014","right","NA","NA",-0.659070965326918,-0.312979573044919,-0.133083567884845
138.800000000629,"",47,238619,"mxy3n637gk","fr","false",1280,800,1280,632,2,60,16.6666666666667,"",NA,"down","touchscreen",998.567999999999,99.9009999999835,98.1000000010827,6,FALSE,0,5,0,161,0.0625,18,0.2,1,NA,2021-07-01 07:14:24.951424,"M","072014","right","NA","NA",0.191930513450885,0.0479274875734561,0.0296974632260097
3182.60000000009,"",48,243842,"mxy3n637gk","fr","false",1280,800,1280,632,2,60,16.6666666666667,"",NA,"up","touchscreen",998.28899999999,100.116999999998,99.5999999995693,6,FALSE,0,5,0,161,0,38,0.1,1,NA,2021-07-01 07:14:24.951424,"M","072014","right","NA","NA",-0.225698499947836,-0.0375898313511774,-0.0109791819660822
826.199999999546,"",49,246698,"mxy3n637gk","fr","false",1280,800,1280,632,2,60,16.6666666666667,"",NA,"up","touchscreen",999.026999999973,99.4280000000144,96.1999999999534,6,TRUE,1,5,6,167,0.1875,38,0.15,1,NA,2021-07-01 07:14:24.951424,"M","072014","right","NA","NA",0.328042206290126,0.054592168107426,0.0272436526238991
3460.39999999991,"",50,252193,"mxy3n637gk","fr","false",1280,800,1280,632,2,60,16.6666666666667,"",NA,"up","touchscreen",998.583999999973,99.9110000000219,96.4999999996508,6,FALSE,0,5,0,167,0,6,0.15,1,NA,2021-07-01 07:14:24.951424,"M","072014","right","NA","NA",-0.695567699958647,-0.32848503700252,-0.160914997046122
2816.10000000003,"",51,257036,"mxy3n637gk","fr","false",1280,800,1280,632,2,60,16.6666666666667,"",NA,"down","touchscreen",998.562000000005,99.8640000000014,98.9999999983702,6,FALSE,0,5,0,167,0.0625,38,0.05,1,NA,2021-07-01 07:14:24.951424,"M","072014","right","NA","NA",2.06716715370914,0.325737406200556,0.0509902823510605
411.699999998731,"",52,259479,"mxy3n637gk","fr","false",1280,800,1280,632,2,60,16.6666666666667,"",NA,"up","touchscreen",999.400999999983,99.0119999999879,98.3999999989464,6,TRUE,1,5,8,175,0.125,6,0.2,1,NA,2021-07-01 07:14:24.951424,"M","072014","right","NA","NA",3.726540539214,0.881121562516869,0.331409498015174
7633.90000000069,"",53,269149,"mxy3n637gk","fr","false",1280,800,1280,632,2,60,16.6666666666667,"",NA,"up","touchscreen",998.584000000003,99.7639999999956,95.2000000015541,6,FALSE,0,5,0,175,-0.0625,6,0.15,1,NA,2021-07-01 07:14:24.951424,"M","072014","right","NA","NA",-0.556216026865897,-0.267939221176018,-0.0588757990338504
342.099999999802,"",54,271525,"mxy3n637gk","fr","false",1280,800,1280,632,2,60,16.6666666666667,"",NA,"down","touchscreen",998.793000000005,99.6450000000186,98.9000000008382,6,TRUE,1,5,8,183,-0.1875,38,0.2,1,NA,2021-07-01 07:14:24.951424,"M","072014","right","NA","NA",-0.561691897219833,-0.0932077787088317,-0.0675110310299667
1449.00000000052,"",55,275016,"mxy3n637gk","fr","false",1280,800,1280,632,2,60,16.6666666666667,"",NA,"down","touchscreen",998.929999999993,99.5069999999832,95.699999999837,6,TRUE,2,5,11,194,-0.125,18,0.2,1,NA,2021-07-01 07:14:24.951424,"M","072014","right","NA","NA",-0.0344052164717463,-0.00860098596288909,-0.00595698103808998
2214.20000000036,"",56,279256,"mxy3n637gk","fr","false",1280,800,1280,632,2,60,16.6666666666667,"",NA,"up","touchscreen",998.369000000006,100.023999999976,99.2000000005937,6,FALSE,0,5,0,194,-0.1875,38,0.05,1,NA,2021-07-01 07:14:24.951424,"M","072014","right","NA","NA",-8.07802810063698,-0.802782896942731,-0.202084803824676
224.799999999988,"",57,281511,"mxy3n637gk","fr","false",1280,800,1280,632,2,60,16.6666666666667,"",NA,"down","touchscreen",998.598999999987,99.8699999999953,98.7999999997555,6,TRUE,1,5,9,203,0,38,0.2,1,NA,2021-07-01 07:14:24.951424,"M","072014","right","NA","NA",-2.66734310410327,-0.406224489938618,-0.354046286182627
2076.59999999852,"",58,285629,"mxy3n637gk","fr","false",1280,800,1280,632,2,60,16.6666666666667,"",NA,"down","touchscreen",998.059999999998,100.190999999992,95.8999999984517,6,TRUE,2,5,9,212,0.125,18,0.15,1,NA,2021-07-01 07:14:24.951424,"M","072014","right","NA","NA",-0.566678572030797,-0.140269016083709,-0.0600822864344674
1124.40000000061,"",59,288785,"mxy3n637gk","fr","false",1280,800,1280,632,2,60,16.6666666666667,"",NA,"down","touchscreen",999.015000000014,99.4529999999795,94.7999999989406,6,FALSE,0,5,0,212,0.1875,66,0.05,1,NA,2021-07-01 07:14:24.951424,"M","072014","right","NA","NA",9.98827592910356,0.780511159248769,0.195118343168335
1719.19999999955,"",60,292543,"mxy3n637gk","fr","false",1280,800,1280,632,2,60,16.6666666666667,"",NA,"up","touchscreen",998.560999999987,99.8589999999967,97.2999999994063,6,TRUE,1,5,1,213,0.125,18,0.2,1,NA,2021-07-01 07:14:24.951424,"M","072014","right","NA","NA",1.58579373025737,0.368542745653016,0.205016948477286
1856.20000000019,"",61,296427,"mxy3n637gk","fr","false",1280,800,1280,632,2,60,16.6666666666667,"",NA,"down","touchscreen",998.677999999956,99.6819999999716,96.599999998929,6,TRUE,2,5,2,215,-0.0625,66,0.05,1,NA,2021-07-01 07:14:24.951424,"M","072014","right","NA","NA",-3.20208795218817,-0.371599550622823,-0.0674292903132632
2675.79999999906,"",62,301139,"mxy3n637gk","fr","false",1280,800,1280,632,2,60,16.6666666666667,"",NA,"up","touchscreen",998.581000000006,99.8090000000084,96.0999999988126,6,TRUE,3,5,2,217,0.1875,38,0.1,1,NA,2021-07-01 07:14:24.951424,"M","072014","right","NA","NA",3.86036575238396,0.541077186488121,0.195560374050243
2902.70000000054,"",63,306076,"mxy3n637gk","fr","false",1280,800,1280,632,2,60,16.6666666666667,"",NA,"up","touchscreen",998.569000000018,99.8099999999977,95.8000000009197,6,FALSE,0,5,0,217,-0.125,6,0.1,1,NA,2021-07-01 07:14:24.951424,"M","072014","right","NA","NA",-0.854252458436346,-0.392796193108166,-0.0950319417789988
146.600000000035,"",64,308264,"mxy3n637gk","fr","false",1280,800,1280,632,2,60,16.6666666666667,"",NA,"down","touchscreen",998.234999999986,99.7189999999828,94.9000000000815,6,FALSE,0,5,0,217,-0.1875,6,0.2,1,NA,2021-07-01 07:14:24.951424,"M","072014","right","NA","NA",1.0688249901397,0.471329070421791,0.253868231196937
153.800000000047,"",65,310450,"mxy3n637gk","fr","false",1280,800,1280,632,2,60,16.6666666666667,"",NA,"up","touchscreen",998.657999999996,99.8520000000135,98.5999999993946,6,TRUE,1,5,9,226,0.125,6,0.1,1,NA,2021-07-01 07:14:24.951424,"M","072014","right","NA","NA",2.15628139948709,0.73317676450774,0.149643209802292
1711.40000000014,"",66,314209,"mxy3n637gk","fr","false",1280,800,1280,632,2,60,16.6666666666667,"",NA,"down","touchscreen",998.643999999971,99.8059999999823,95.4999999994179,6,FALSE,0,5,0,226,0.0625,6,0.1,1,NA,2021-07-01 07:14:24.951424,"M","072014","right","NA","NA",2.88139967122674,0.821499776661069,0.276238064282725
4545.89999999921,"",67,320782,"mxy3n637gk","fr","false",1280,800,1280,632,2,60,16.6666666666667,"",NA,"down","touchscreen",999.488000000012,99.0810000000056,98.9999999983702,6,TRUE,1,5,0,226,-0.125,66,0.15,1,NA,2021-07-01 07:14:24.951424,"M","072014","right","NA","NA",-1.41894040441303,-0.174641772857329,-0.0796090682965844
11609.7000000009,"",68,334420,"mxy3n637gk","fr","false",1280,800,1280,632,2,60,16.6666666666667,"",NA,"down","touchscreen",998.478999999992,99.820000000007,97.4999999998836,6,FALSE,0,5,0,226,-0.125,18,0.15,1,NA,2021-07-01 07:14:24.951424,"M","072014","right","NA","NA",0.00894015493716437,0.00223503315185783,0.00102594884366085
7741.60000000114,"",69,344195,"mxy3n637gk","fr","false",1280,800,1280,632,2,60,16.6666666666667,"",NA,"up","touchscreen",998.583999999973,99.8680000000168,99.1000000012573,6,FALSE,0,5,0,226,0,18,0.05,1,NA,2021-07-01 07:14:24.951424,"M","072014","right","NA","NA",-0.417970258442111,-0.103926732750188,-0.0184546011919085
201.600000000326,"",70,346427,"mxy3n637gk","fr","false",1280,800,1280,632,2,60,16.6666666666667,"",NA,"down","touchscreen",999.097999999998,99.4379999999655,97.9000000006636,6,FALSE,0,5,0,226,0.0625,38,0.15,1,NA,2021-07-01 07:14:24.951424,"M","072014","right","NA","NA",1.13464912973942,0.185814827583424,0.0917375170362714
597.800000001327,"",71,349055,"mxy3n637gk","fr","false",1280,800,1280,632,2,60,16.6666666666667,"",NA,"up","touchscreen",997.39499999996,99.5570000000298,97.9999999999418,6,TRUE,1,5,7,233,0.0625,38,0.2,1,NA,2021-07-01 07:14:24.951424,"M","072014","right","NA","NA",0.614035003225922,0.101807425732719,0.0596703161642688
437.299999999581,"",72,351525,"mxy3n637gk","fr","false",1280,800,1280,632,2,60,16.6666666666667,"",NA,"down","touchscreen",998.407999999996,100.034999999974,99.0999999994528,6,FALSE,0,5,0,233,0.125,66,0.15,1,NA,2021-07-01 07:14:24.951424,"M","072014","right","NA","NA",1.53902053627541,0.188913562669274,0.0764081481379672
122.299999999057,"",73,353674,"mxy3n637gk","fr","false",1280,800,1280,632,2,60,16.6666666666667,"",NA,"up","touchscreen",998.411000000022,99.8429999999935,98.6000000011991,6,TRUE,1,5,9,242,-0.0625,18,0.2,1,NA,2021-07-01 07:14:24.951424,"M","072014","right","NA","NA",0.330923280577672,0.082449144305493,0.0616141897781443
1243.70000000094,"",74,356962,"mxy3n637gk","fr","false",1280,800,1280,632,2,60,16.6666666666667,"",NA,"down","touchscreen",998.140000000014,99.9510000000009,94.9000000000815,6,TRUE,2,5,13,255,-0.125,18,0.05,1,NA,2021-07-01 07:14:24.951424,"M","072014","right","NA","NA",-3.5428895512831,-0.663038644085386,-0.123611794490334
356.599999999162,"",75,359350,"mxy3n637gk","fr","false",1280,800,1280,632,2,60,16.6666666666667,"",NA,"up","touchscreen",998.475999999966,99.8620000000228,98.7000000004773,6,TRUE,3,5,21,276,0.1875,18,0.15,1,NA,2021-07-01 07:14:24.951424,"M","072014","right","NA","NA",1.29440394838425,0.307881930735304,0.164803491161672
1260.59999999963,"",76,362648,"mxy3n637gk","fr","false",1280,800,1280,632,2,60,16.6666666666667,"",NA,"down","touchscreen",997.651000000013,100.544999999984,100.099999999627,6,FALSE,0,5,0,276,0.125,66,0.1,1,NA,2021-07-01 07:14:24.951424,"M","072014","right","NA","NA",2.15171872929832,0.25973402022323,0.0866783100413667
209.600000000151,"",77,364896,"mxy3n637gk","fr","false",1280,800,1280,632,2,60,16.6666666666667,"",NA,"up","touchscreen",998.647999999986,99.8699999999953,98,6,FALSE,0,5,0,276,-0.1875,6,0.1,1,NA,2021-07-01 07:14:24.951424,"M","072014","right","NA","NA",-2.15943620271559,-0.733672248713188,-0.248761335215351
1547.4000000013,"",78,368480,"mxy3n637gk","fr","false",1280,800,1280,632,2,60,16.6666666666667,"",NA,"down","touchscreen",998.608999999997,99.8479999999981,98.7999999997555,6,FALSE,0,5,0,276,0.1875,66,0.15,1,NA,2021-07-01 07:14:24.951424,"M","072014","right","NA","NA",2.68424874307946,0.318102388163668,0.190924287476163
170.200000000419,"",79,370680,"mxy3n637gk","fr","false",1280,800,1280,632,2,60,16.6666666666667,"",NA,"up","touchscreen",998.581999999995,99.8489999999874,98.80000000156,6,TRUE,1,5,9,285,0.1875,6,0.15,1,NA,2021-07-01 07:14:24.951424,"M","072014","right","NA","NA",1.29452815434316,0.543372729092934,0.210680142973606
1579.60000000091,"",80,374291,"mxy3n637gk","fr","false",1280,800,1280,632,2,60,16.6666666666667,"",NA,"down","touchscreen",998.540999999968,99.8709999999846,94.7999999988824,6,FALSE,0,5,0,285,0.125,66,0.05,1,NA,2021-07-01 07:14:24.951424,"M","072014","right","NA","NA",5.73312471122926,0.582504937272747,0.127708702022283
515.800000001036,"",81,376831,"mxy3n637gk","fr","false",1280,800,1280,632,2,60,16.6666666666667,"",NA,"up","touchscreen",998.581000000006,99.890000000014,98.7000000004773,6,TRUE,1,5,7,292,0.0625,38,0.1,1,NA,2021-07-01 07:14:24.951424,"M","072014","right","NA","NA",0.26132501845751,0.0435129180403575,0.0142977207924139
676.899999998568,"",82,379538,"mxy3n637gk","fr","false",1280,800,1280,632,2,60,16.6666666666667,"",NA,"up","touchscreen",998.637999999977,99.7939999999944,100.099999999686,6,TRUE,2,5,14,306,0.125,6,0.05,1,NA,2021-07-01 07:14:24.951424,"M","072014","right","NA","NA",3.18444291950021,0.846834166877724,0.134038858572787
2649.40000000026,"",83,384230,"mxy3n637gk","fr","false",1280,800,1280,632,2,60,16.6666666666667,"",NA,"up","touchscreen",997.951000000001,99.7240000000456,96.1000000006752,6,FALSE,0,5,0,306,-0.125,6,0.15,1,NA,2021-07-01 07:14:24.951424,"M","072014","right","NA","NA",-1.2662762165371,-0.534934351983548,-0.123593751748986
514.699999999721,"",84,386791,"mxy3n637gk","fr","false",1280,800,1280,632,2,60,16.6666666666667,"",NA,"down","touchscreen",999.645000000019,98.8300000000163,94.8000000008033,6,FALSE,0,5,0,306,0,66,0.15,1,NA,2021-07-01 07:14:24.951424,"M","072014","right","NA","NA",0.480200265212921,0.0599171892504016,0.0313245576529423
397.499999999069,"",85,389214,"mxy3n637gk","fr","false",1280,800,1280,632,2,60,16.6666666666667,"",NA,"up","touchscreen",997.674999999988,100.771999999997,100.700000000885,6,TRUE,1,5,8,314,-0.125,38,0.15,1,NA,2021-07-01 07:14:24.951424,"M","072014","right","NA","NA",0.671059481749787,0.111150223291033,0.0423024108265657
3574.80000000034,"",86,394828,"mxy3n637gk","fr","false",1280,800,1280,632,2,60,16.6666666666667,"",NA,"down","touchscreen",998.774999999965,99.5,95.1999999997206,6,TRUE,2,5,8,322,0,66,0.2,1,NA,2021-07-01 07:14:24.951424,"M","072014","right","NA","NA",-1.16753177332419,-0.144411668736939,-0.108630544709795
1075.10000000003,"",87,397933,"mxy3n637gk","fr","false",1280,800,1280,632,2,60,16.6666666666667,"",NA,"down","touchscreen",997.938000000024,100.512999999977,97.6000000009662,6,TRUE,3,5,13,335,0,18,0.1,1,NA,2021-07-01 07:14:24.951424,"M","072014","right","NA","NA",-1.58490577505545,-0.368364391145798,-0.138542672881301
2468.19999999937,"",88,402440,"mxy3n637gk","fr","false",1280,800,1280,632,2,60,16.6666666666667,"",NA,"down","touchscreen",998.584000000032,99.8530000000028,95.299999999057,6,FALSE,0,5,0,335,0,66,0.05,1,NA,2021-07-01 07:14:24.951424,"M","072014","right","NA","NA",0.215263689172793,0.0268982252349549,0.00466906368015102
118.899999999499,"",89,404599,"mxy3n637gk","fr","false",1280,800,1280,632,2,60,16.6666666666667,"",NA,"up","touchscreen",998.456999999995,99.8429999999935,98.40000000078,6,FALSE,0,5,0,335,-0.0625,18,0.1,1,NA,2021-07-01 07:14:24.951424,"M","072014","right","NA","NA",-0.693584451803487,-0.170846775585812,-0.0591483942262023
2547.00000000052,"",90,409172,"mxy3n637gk","fr","false",1280,800,1280,632,2,60,16.6666666666667,"",NA,"down","touchscreen",998.65399999998,99.74099999998,99.2000000005937,6,TRUE,1,5,0,335,-0.0625,38,0.15,1,NA,2021-07-01 07:14:24.951424,"M","072014","right","NA","NA",-0.73993951947739,-0.122396027767839,-0.0756082257167443
1844.79999999888,"",91,413052,"mxy3n637gk","fr","false",1280,800,1280,632,2,60,16.6666666666667,"",NA,"down","touchscreen",998.846999999951,99.475999999966,95.9000000002561,6,FALSE,0,5,0,335,0.1875,6,0.1,1,NA,2021-07-01 07:14:24.951424,"M","072014","right","NA","NA",1.90146979462932,0.689029360448972,0.237192882348099
354.40000000014,"",92,415436,"mxy3n637gk","fr","false",1280,800,1280,632,2,60,16.6666666666667,"",NA,"up","touchscreen",998.574000000022,99.8520000000135,98.1000000010245,6,TRUE,1,5,8,343,0.125,18,0.1,1,NA,2021-07-01 07:14:24.951424,"M","072014","right","NA","NA",1.82436059941523,0.414967371375618,0.11202405521804
253.600000000035,"",93,417737,"mxy3n637gk","fr","false",1280,800,1280,632,2,60,16.6666666666667,"",NA,"up","touchscreen",1000.67299999995,97.6689999999944,92.5999999999767,6,FALSE,0,5,0,343,-0.1875,18,0.05,1,NA,2021-07-01 07:14:24.951424,"M","072014","right","NA","NA",-5.176708032355,-0.791298570779553,-0.182821987609301
470.500000001281,"",94,420246,"mxy3n637gk","fr","false",1280,800,1280,632,2,60,16.6666666666667,"",NA,"down","touchscreen",999.066999999981,99.4130000000005,97.7999999995227,6,TRUE,1,5,8,351,-0.1875,66,0.05,1,NA,2021-07-01 07:14:24.951424,"M","072014","right","NA","NA",-8.09894144070134,-0.711439107060313,-0.156544888095048
315.499999998836,"",95,422586,"mxy3n637gk","fr","false",1280,800,1280,632,2,60,16.6666666666667,"",NA,"up","touchscreen",998.695000000007,99.6680000000051,99.6999999989057,6,TRUE,2,5,16,367,0.0625,18,0.05,1,NA,2021-07-01 07:14:24.951424,"M","072014","right","NA","NA",1.3051763598181,0.310198584173753,0.04198219592048
251.199999998789,"",96,424871,"mxy3n637gk","fr","false",1280,800,1280,632,2,60,16.6666666666667,"",NA,"up","touchscreen",998.316999999981,100.042000000016,95.4000000001397,6,TRUE,3,5,25,392,0.1875,66,0.1,1,NA,2021-07-01 07:14:24.951424,"M","072014","right","NA","NA",3.81233144287584,0.430191820465327,0.153062009173108
1795.29999999981,"",97,428696,"mxy3n637gk","fr","false",1280,800,1280,632,2,60,16.6666666666667,"",NA,"down","touchscreen",999.382999999973,99.0219999999972,96.2999999992317,6,FALSE,0,5,0,392,0.0625,18,0.15,1,NA,2021-07-01 07:14:24.951424,"M","072014","right","NA","NA",0.573805452424865,0.141997767284409,0.0626351619848246
201.10000000021,"",98,430927,"mxy3n637gk","fr","false",1280,800,1280,632,2,60,16.6666666666667,"",NA,"up","touchscreen",998.625999999989,99.795999999973,98.4000000007218,6,FALSE,0,5,0,392,0,6,0.1,1,NA,2021-07-01 07:14:24.951424,"M","072014","right","NA","NA",-0.321378041001862,-0.158653778213351,-0.0307442936584462
329.800000001327,"",99,433284,"mxy3n637gk","fr","false",1280,800,1280,632,2,60,16.6666666666667,"",NA,"up","touchscreen",998.531000000017,99.8820000000414,99.1000000012573,6,TRUE,1,5,8,400,0.1875,38,0.2,1,NA,2021-07-01 07:14:24.951424,"M","072014","right","NA","NA",0.791696907609006,0.130815605265829,0.0993420617430371
2955.09999999922,"",100,438278,"mxy3n637gk","fr","false",1280,800,1280,632,2,60,16.6666666666667,"",NA,"up","touchscreen",998.54800000001,99.86599999998,96.100000000617,6,TRUE,2,5,8,408,0.125,38,0.05,1,NA,2021-07-01 07:14:24.951424,"M","072014","right","NA","NA",6.57047300357162,0.738436666682387,0.183790060382211
123.199999999953,"",101,440439,"mxy3n637gk","fr","false",1280,800,1280,632,2,60,16.6666666666667,"",NA,"up","touchscreen",998.556999999972,99.8670000000275,96.1999999999534,6,FALSE,0,5,0,408,-0.0625,6,0.05,1,NA,2021-07-01 07:14:24.951424,"M","072014","right","NA","NA",-1.03250570860805,-0.458729798670321,-0.0653235647865704
1641.89999999874,"",102,444116,"mxy3n637gk","fr","false",1280,800,1280,632,2,60,16.6666666666667,"",NA,"up","touchscreen",998.639000000025,99.8929999999818,99.1999999987311,6,TRUE,1,5,2,410,0.125,38,0.2,1,NA,2021-07-01 07:14:24.951424,"M","072014","right","NA","NA",2.82495849787925,0.425973449933465,0.252681619873498
929.700000000594,"",103,447087,"mxy3n637gk","fr","false",1280,800,1280,632,2,60,16.6666666666667,"",NA,"down","touchscreen",998.387999999977,100.070999999996,96.1999999999534,6,TRUE,2,5,7,417,-0.0625,18,0.05,1,NA,2021-07-01 07:14:24.951424,"M","072014","right","NA","NA",-0.972798730334447,-0.236311616510966,-0.0307235216837971
1973.79999999976,"",104,451094,"mxy3n637gk","fr","false",1280,800,1280,632,2,60,16.6666666666667,"",NA,"up","touchscreen",998.27899999998,100.203000000038,94.7999999989406,6,FALSE,0,5,0,417,-0.125,66,0.05,1,NA,2021-07-01 07:14:24.951424,"M","072014","right","NA","NA",-6.74584148316447,-0.644638776511529,-0.126883191374541
319.299999999232,"",105,453449,"mxy3n637gk","fr","false",1280,800,1280,632,2,60,16.6666666666667,"",NA,"down","touchscreen",999.024000000034,99.539999999979,98.0999999992782,6,TRUE,1,5,8,425,-0.1875,66,0.15,1,NA,2021-07-01 07:14:24.951424,"M","072014","right","NA","NA",-4.04878995133612,-0.451561533120815,-0.266683600947083
2957.39999999932,"",106,458434,"mxy3n637gk","fr","false",1280,800,1280,632,2,60,16.6666666666667,"",NA,"up","touchscreen",998.431999999972,99.8420000000042,96.6000000007916,6,FALSE,0,5,0,425,-0.0625,38,0.1,1,NA,2021-07-01 07:14:24.951424,"M","072014","right","NA","NA",-1.75955968183911,-0.281408725882028,-0.0948495275122207
194.199999999895,"",107,460661,"mxy3n637gk","fr","false",1280,800,1280,632,2,60,16.6666666666667,"",NA,"down","touchscreen",998.558000000019,99.8479999999981,99.2999999998719,6,TRUE,1,5,9,434,0,38,0.15,1,NA,2021-07-01 07:14:24.951424,"M","072014","right","NA","NA",-0.557572365873718,-0.092530053376837,-0.0479905438122643
20652.2000000005,"",108,483351,"mxy3n637gk","fr","false",1280,800,1280,632,2,60,16.6666666666667,"",NA,"up","touchscreen",997.749000000011,100.690999999992,96.1999999999534,6,TRUE,2,5,9,443,0.0625,6,0.05,1,NA,2021-07-01 07:14:24.951424,"M","072014","right","NA","NA",3.68193903013756,0.878730008028855,0.109592209272405
6860.89999999967,"",109,492247,"mxy3n637gk","fr","false",1280,800,1280,632,2,60,16.6666666666667,"",NA,"down","touchscreen",998.913,100.125,95.4000000001397,6,FALSE,0,5,0,443,0,18,0.2,1,NA,2021-07-01 07:14:24.951424,"M","072014","right","NA","NA",0.698452738327316,0.172010592528204,0.108379134155442
3274.49999999953,"",110,497564,"mxy3n637gk","fr","false",1280,800,1280,632,2,60,16.6666666666667,"",NA,"up","touchscreen",998.536000000022,99.9820000000182,95.9000000002561,6,FALSE,0,5,0,443,-0.1875,38,0.1,1,NA,2021-07-01 07:14:24.951424,"M","072014","right","NA","NA",-3.28768415626311,-0.480536104702706,-0.202507026448278
2477.00000000076,"",111,502075,"mxy3n637gk","fr","false",1280,800,1280,632,2,60,16.6666666666667,"",NA,"up","touchscreen",998.516999999993,99.908000000054,97.4000000006054,6,TRUE,1,5,0,443,0.1875,18,0.1,1,NA,2021-07-01 07:14:24.951424,"M","072014","right","NA","NA",2.23734815931749,0.488162837584465,0.15690330311991
2824.20000000094,"",112,506931,"mxy3n637gk","fr","false",1280,800,1280,632,2,60,16.6666666666667,"",NA,"up","touchscreen",997.116999999969,101.217000000004,97.7000000002445,6,FALSE,0,5,0,443,0,6,0.2,1,NA,2021-07-01 07:14:24.951424,"M","072014","right","NA","NA",-1.33780983547673,-0.555987510120863,-0.394027652121522
1554.60000000132,"",113,510520,"mxy3n637gk","fr","false",1280,800,1280,632,2,60,16.6666666666667,"",NA,"up","touchscreen",998.318000000028,100.113000000012,98.9000000008964,6,TRUE,1,5,2,445,-0.0625,6,0.2,1,NA,2021-07-01 07:14:24.951424,"M","072014","right","NA","NA",0.824605881469763,0.381175227358734,0.112592457507254
3650.09999999985,"",2,112543,"npxa74wvnl","fr","false",1280,800,1280,632,2,60,16.6666666666667,"",NA,"up","touchscreen",998.554999999993,99.8969999999972,95.599999999642,6,TRUE,1,1,0,0,0.125,6,0.05,1,NA,2021-07-01 07:13:58.579423,"M","6","right","NA","NA",1.99794243019136,0.706742770000786,0.105041057780795
1634.50000000012,"",3,116215,"npxa74wvnl","fr","false",1280,800,1280,632,2,60,16.6666666666667,"",NA,"up","touchscreen",998.580000000002,99.926999999996,96.1999999999534,6,FALSE,0,1,0,0,0,38,0.15,1,NA,2021-07-01 07:13:58.579423,"M","6","right","NA","NA",-0.496621201968783,-0.0824881234316343,-0.044806347960946
5874.10000000001,"",4,124119,"npxa74wvnl","fr","false",1280,800,1280,632,2,60,16.6666666666667,"",NA,"down","touchscreen",998.462,99.906999999992,95.0000000002474,6,FALSE,0,1,0,0,0.1875,18,0.05,1,NA,2021-07-01 07:13:58.579423,"M","6","right","NA","NA",8.37261656648942,0.902314301506558,0.207571883911736
1403.09999999954,"",5,127553,"npxa74wvnl","fr","false",1280,800,1280,632,2,60,16.6666666666667,"",NA,"up","touchscreen",998.21100000001,99.9060000000027,96.400000000358,6,TRUE,1,1,3,3,0,18,0.15,1,NA,2021-07-01 07:13:58.579423,"M","6","right","NA","NA",0.0252954145053012,0.00632372718110837,0.00278644888153636
932.200000000186,"",6,130526,"npxa74wvnl","fr","false",1280,800,1280,632,2,60,16.6666666666667,"",NA,"up","touchscreen",998.356,99.8589999999967,95.599999999642,6,TRUE,2,2,8,11,0.125,66,0.2,1,NA,2021-07-01 07:13:58.579423,"M","6","right","NA","NA",2.24726748781946,0.270440831901976,0.179687310465536
1632.70000000011,"",7,134189,"npxa74wvnl","fr","false",1280,800,1280,632,2,60,16.6666666666667,"",NA,"up","touchscreen",998.467999999993,100.028000000006,96.300000000163,6,TRUE,3,3,10,21,0,66,0.15,1,NA,2021-07-01 07:13:58.579423,"M","6","right","NA","NA",1.76095166520784,0.214972594835646,0.106384346353448
816.399999999703,"",8,137035,"npxa74wvnl","fr","false",1280,800,1280,632,2,60,16.6666666666667,"",NA,"up","touchscreen",998.002999999997,100.403000000006,96.1000000006461,6,TRUE,4,4,16,37,0.0625,18,0.2,1,NA,2021-07-01 07:13:58.579423,"M","6","right","NA","NA",1.93944488003868,0.436282784630762,0.253923755434382
879.300000000512,"",9,139944,"npxa74wvnl","fr","false",1280,800,1280,632,2,60,16.6666666666667,"",NA,"up","touchscreen",998.520000000004,99.8470000000088,95.4000000001543,6,TRUE,5,5,22,59,-0.0625,66,0.1,1,NA,2021-07-01 07:13:58.579423,"M","6","right","NA","NA",1.18727849484726,0.146801926365516,0.0470475202351954
1996.09999999938,"",10,143974,"npxa74wvnl","fr","false",1280,800,1280,632,2,60,16.6666666666667,"",NA,"up","touchscreen",999.011000000013,99.5550000000076,95.599999999642,6,TRUE,6,6,22,81,0.0625,38,0.15,1,NA,2021-07-01 07:13:58.579423,"M","6","right","NA","NA",0.37977968455413,0.0631701961131936,0.0292028928963635
172.700000000084,"",11,146177,"npxa74wvnl","fr","false",1280,800,1280,632,2,60,16.6666666666667,"",NA,"up","touchscreen",999.741999999998,98.9070000000065,94.5999999994528,6,TRUE,7,7,31,112,0.125,38,0.2,1,NA,2021-07-01 07:13:58.579423,"M","6","right","NA","NA",1.84193253757268,0.293471383957706,0.185470954665734
4930.00000000029,"",12,153143,"npxa74wvnl","fr","false",1280,800,1280,632,2,60,16.6666666666667,"",NA,"down","touchscreen",997.597000000009,100.813999999998,99.7999999999593,6,TRUE,8,8,31,143,-0.1875,6,0.15,1,NA,2021-07-01 07:13:58.579423,"M","6","right","NA","NA",-2.98476578488718,-0.830743344998575,-0.375767678054616
2276.20000000024,"",13,157451,"npxa74wvnl","fr","false",1280,800,1280,632,2,60,16.6666666666667,"",NA,"up","touchscreen",998.164999999994,100.009999999995,97.3999999996449,6,FALSE,0,8,0,143,0,6,0.1,1,NA,2021-07-01 07:13:58.579423,"M","6","right","NA","NA",-1.10185595411271,-0.482542650252689,-0.11294312718726
6008.7000000003,"",14,165493,"npxa74wvnl","fr","false",1280,800,1280,632,2,60,16.6666666666667,"",NA,"up","touchscreen",997.649000000005,100.807000000001,96.8000000002503,6,TRUE,1,8,0,143,0.125,18,0.1,1,NA,2021-07-01 07:13:58.579423,"M","6","right","NA","NA",1.94677891304851,0.437617121759899,0.147328222511089
1819.3999999994,"",15,169342,"npxa74wvnl","fr","false",1280,800,1280,632,2,60,16.6666666666667,"",NA,"up","touchscreen",998.465000000011,99.8380000000034,95.9000000002561,6,TRUE,2,8,1,144,0.0625,38,0.1,1,NA,2021-07-01 07:13:58.579423,"M","6","right","NA","NA",2.80340488640864,0.423307606409515,0.16233947008804
610.899999999674,"",16,171997,"npxa74wvnl","fr","false",1280,800,1280,632,2,60,16.6666666666667,"",NA,"up","touchscreen",998.558000000019,99.8730000000214,96.4000000003725,6,FALSE,0,8,0,144,-0.1875,66,0.1,1,NA,2021-07-01 07:13:58.579423,"M","6","right","NA","NA",-4.77762103189178,-0.512728719692383,-0.206135356661735
1202.6000000005,"",17,175234,"npxa74wvnl","fr","false",1280,800,1280,632,2,60,16.6666666666667,"",NA,"up","touchscreen",998.004000000015,100.391999999993,96.0000000004366,6,FALSE,0,8,0,144,-0.1875,18,0.1,1,NA,2021-07-01 07:13:58.579423,"M","6","right","NA","NA",-1.55669834265312,-0.362677519133425,-0.192200472942701
203.100000000646,"",18,177480,"npxa74wvnl","fr","false",1280,800,1280,632,2,60,16.6666666666667,"",NA,"down","touchscreen",998.751000000018,99.8150000000023,95.8999999993539,6,TRUE,1,8,9,153,-0.1875,38,0.05,1,NA,2021-07-01 07:13:58.579423,"M","6","right","NA","NA",-5.37969072295784,-0.667571183080409,-0.159221099974762
448.999999999622,"",19,179955,"npxa74wvnl","fr","false",1280,800,1280,632,2,60,16.6666666666667,"",NA,"down","touchscreen",998.445999999996,99.8329999999842,98.7000000004773,6,TRUE,2,8,17,170,-0.125,6,0.05,1,NA,2021-07-01 07:13:58.579423,"M","6","right","NA","NA",-3.61709422880484,-0.875130944567864,-0.18182257390494
715.999999999418,"",20,182699,"npxa74wvnl","fr","false",1280,800,1280,632,2,60,16.6666666666667,"",NA,"down","touchscreen",999.255999999994,99.122000000003,99.4000000000524,6,TRUE,3,8,23,193,0.125,6,0.2,1,NA,2021-07-01 07:13:58.579423,"M","6","right","NA","NA",-0.97321808083809,-0.437554826620059,-0.0972715804865504
953.800000000221,"",21,185686,"npxa74wvnl","fr","false",1280,800,1280,632,2,60,16.6666666666667,"",NA,"up","touchscreen",999.267999999982,99.5170000000217,95.9000000002561,6,FALSE,0,8,0,193,-0.1875,38,0.15,1,NA,2021-07-01 07:13:58.579423,"M","6","right","NA","NA",-3.06959224657531,-0.455455202183412,-0.247490301391963
803.200000000303,"",22,188531,"npxa74wvnl","fr","false",1280,800,1280,632,2,60,16.6666666666667,"",NA,"down","touchscreen",998.880999999994,99.5279999999912,95.8000000000757,6,TRUE,1,8,6,199,-0.1875,38,0.1,1,NA,2021-07-01 07:13:58.579423,"M","6","right","NA","NA",-4.00594234523699,-0.555270304790904,-0.193932752095274
449.599999999919,"",23,191027,"npxa74wvnl","fr","false",1280,800,1280,632,2,60,16.6666666666667,"",NA,"down","touchscreen",1000.33299999998,98.1339999999909,93.7000000003609,6,TRUE,2,8,14,213,-0.1875,66,0.15,1,NA,2021-07-01 07:13:58.579423,"M","6","right","NA","NA",-3.40973553991804,-0.39208865828291,-0.208006996700658
718.899999999849,"",24,193786,"npxa74wvnl","fr","false",1280,800,1280,632,2,60,16.6666666666667,"",NA,"down","touchscreen",998.592000000004,100.078000000009,99.1000000003842,6,FALSE,0,8,0,213,0.1875,6,0.1,1,NA,2021-07-01 07:13:58.579423,"M","6","right","NA","NA",3.17006572731975,0.845747388362413,0.292561066223336
1765.89999999941,"",25,197582,"npxa74wvnl","fr","false",1280,800,1280,632,2,60,16.6666666666667,"",NA,"up","touchscreen",997.578000000009,100.718999999983,97.600000000064,6,TRUE,1,8,1,214,0.0625,18,0.15,1,NA,2021-07-01 07:13:58.579423,"M","6","right","NA","NA",0.897655977231651,0.218967928211727,0.121375746941077
645.099999999715,"",26,200256,"npxa74wvnl","fr","false",1280,800,1280,632,2,60,16.6666666666667,"",NA,"up","touchscreen",998.660999999993,99.7509999999893,96.7000000000698,6,TRUE,2,8,8,222,0.0625,18,0.05,1,NA,2021-07-01 07:13:58.579423,"M","6","right","NA","NA",0.599860333976055,0.148306682302006,0.0265763686537736
1331.50000000023,"",27,203622,"npxa74wvnl","fr","false",1280,800,1280,632,2,60,16.6666666666667,"",NA,"up","touchscreen",998.533999999985,99.877999999997,95.2999999999593,6,FALSE,0,8,0,222,-0.125,66,0.05,1,NA,2021-07-01 07:13:58.579423,"M","6","right","NA","NA",-5.28112246124798,-0.550923770576112,-0.104800113874466
1396.89999999973,"",28,207049,"npxa74wvnl","fr","false",1280,800,1280,632,2,60,16.6666666666667,"",NA,"up","touchscreen",997.888000000006,100.59600000002,96.4999999996508,6,FALSE,0,8,0,222,-0.125,18,0.05,1,NA,2021-07-01 07:13:58.579423,"M","6","right","NA","NA",-5.67513493383836,-0.817373275605962,-0.188424460748247
556.799999999406,"",29,209639,"npxa74wvnl","fr","false",1280,800,1280,632,2,60,16.6666666666667,"",NA,"down","touchscreen",998.769,99.6540000000095,96.5999999998603,6,FALSE,0,8,0,222,0.125,18,0.2,1,NA,2021-07-01 07:13:58.579423,"M","6","right","NA","NA",0.235239636757218,0.0587084721014429,0.0262061395238629
655.300000000338,"",30,212332,"npxa74wvnl","fr","false",1280,800,1280,632,2,60,16.6666666666667,"",NA,"up","touchscreen",998.374000000011,99.9360000000161,96.1000000006461,6,FALSE,0,8,0,222,-0.125,38,0.1,1,NA,2021-07-01 07:13:58.579423,"M","6","right","NA","NA",-1.49895909355243,-0.242377211012036,-0.076743878309662
743.699999999983,"",31,215118,"npxa74wvnl","fr","false",1280,800,1280,632,2,60,16.6666666666667,"",NA,"down","touchscreen",998.515000000014,99.8880000000063,95.2999999999302,6,FALSE,0,8,0,222,0.125,66,0.15,1,NA,2021-07-01 07:13:58.579423,"M","6","right","NA","NA",3.20344076697086,0.371734853202674,0.216528475053707
938.199999999604,"",32,218092,"npxa74wvnl","fr","false",1280,800,1280,632,2,60,16.6666666666667,"",NA,"up","touchscreen",998.334999999992,99.948000000004,96.0999999997439,6,FALSE,0,8,0,222,0.0625,6,0.2,1,NA,2021-07-01 07:13:58.579423,"M","6","right","NA","NA",-1.51391330996658,-0.603544011237279,-0.289401478138254
755.000000000116,"",33,220886,"npxa74wvnl","fr","false",1280,800,1280,632,2,60,16.6666666666667,"",NA,"up","touchscreen",997.168000000005,101.399999999994,97.4999999998545,6,TRUE,1,8,6,228,0.125,38,0.05,1,NA,2021-07-01 07:13:58.579423,"M","6","right","NA","NA",5.65269673755204,0.685727287263022,0.132587460765392
1085.99999999936,"",34,224015,"npxa74wvnl","fr","false",1280,800,1280,632,2,60,16.6666666666667,"",NA,"up","touchscreen",999.768000000011,98.755999999994,95.0000000002619,6,FALSE,0,8,0,228,-0.1875,6,0.05,1,NA,2021-07-01 07:13:58.579423,"M","6","right","NA","NA",-6.61455332423098,-0.957201352265386,-0.286178466307008
2740.09999999998,"",35,228797,"npxa74wvnl","fr","false",1280,800,1280,632,2,60,16.6666666666667,"",NA,"up","touchscreen",996.959999999992,101.189000000013,96.7000000000407,6,TRUE,1,8,0,228,0.0625,38,0.2,1,NA,2021-07-01 07:13:58.579423,"M","6","right","NA","NA",2.66458255916035,0.405873358096866,0.236687051708486
1121.7999999999,"",36,231953,"npxa74wvnl","fr","false",1280,800,1280,632,2,60,16.6666666666667,"",NA,"up","touchscreen",997.551999999996,100.753999999986,97.2000000001572,6,FALSE,0,8,0,228,0,18,0.2,1,NA,2021-07-01 07:13:58.579423,"M","6","right","NA","NA",-0.983601794070761,-0.23878703081301,-0.163938825925098
866.900000000896,"",37,234863,"npxa74wvnl","fr","false",1280,800,1280,632,2,60,16.6666666666667,"",NA,"down","touchscreen",999.063999999984,99.6050000000105,95.4000000001397,6,TRUE,1,8,6,234,0,38,0.2,1,NA,2021-07-01 07:13:58.579423,"M","6","right","NA","NA",-0.295858351593895,-0.0492498873220115,-0.0339373226890921
2028.29999999993,"",38,238920,"npxa74wvnl","fr","false",1280,800,1280,632,2,60,16.6666666666667,"",NA,"up","touchscreen",998.864000000001,99.417999999976,95.8000000000466,6,TRUE,2,8,6,240,0.1875,6,0.2,1,NA,2021-07-01 07:13:58.579423,"M","6","right","NA","NA",1.30809009362733,0.547365960460121,0.34725328560811
1823.90000000031,"",39,242779,"npxa74wvnl","fr","false",1280,800,1280,632,2,60,16.6666666666667,"",NA,"down","touchscreen",998.989000000001,99.3830000000016,94.9000000000524,6,TRUE,3,8,7,247,0,66,0.1,1,NA,2021-07-01 07:13:58.579423,"M","6","right","NA","NA",-0.164929331735639,-0.0206117866563757,-0.00725873079375982
2322.00000000012,"",40,247137,"npxa74wvnl","fr","false",1280,800,1280,632,2,60,16.6666666666667,"",NA,"up","touchscreen",999.473000000027,98.9499999999825,96.1999999999534,6,TRUE,4,8,7,254,0.1875,66,0.15,1,NA,2021-07-01 07:13:58.579423,"M","6","right","NA","NA",3.74817902462886,0.424264879873338,0.211885065953651
2954.39999999962,"",41,252129,"npxa74wvnl","fr","false",1280,800,1280,632,2,60,16.6666666666667,"",NA,"up","touchscreen",998.350000000006,99.8770000000077,97.2000000001572,6,FALSE,0,8,0,254,-0.1875,6,0.1,1,NA,2021-07-01 07:13:58.579423,"M","6","right","NA","NA",-0.71805731467324,-0.33791002395762,-0.0672066798566634
4283.09999999966,"",42,258451,"npxa74wvnl","fr","false",1280,800,1280,632,2,60,16.6666666666667,"",NA,"up","touchscreen",998.626999999979,99.7939999999944,96.8999999995576,6,TRUE,1,8,0,254,0.1875,18,0.1,1,NA,2021-07-01 07:13:58.579423,"M","6","right","NA","NA",2.65065145129009,0.552387466101211,0.157151067310403
752.300000000105,"",43,261246,"npxa74wvnl","fr","false",1280,800,1280,632,2,60,16.6666666666667,"",NA,"up","touchscreen",999,99.323000000004,95.5000000003783,6,FALSE,0,8,0,254,-0.1875,18,0.15,1,NA,2021-07-01 07:13:58.579423,"M","6","right","NA","NA",-4.49167042164105,-0.746797736523325,-0.444455220099708
593.799999999668,"",44,263865,"npxa74wvnl","fr","false",1280,800,1280,632,2,60,16.6666666666667,"",NA,"down","touchscreen",998.212,100.054000000004,94.5999999994528,6,FALSE,0,8,0,254,0.1875,38,0.2,1,NA,2021-07-01 07:13:58.579423,"M","6","right","NA","NA",2.23322834096886,0.348825663249566,0.281448286192147
639.600000000413,"",45,266540,"npxa74wvnl","fr","false",1280,800,1280,632,2,60,16.6666666666667,"",NA,"up","touchscreen",997.553000000014,100.888999999996,97.3999999996449,6,TRUE,1,8,7,261,0.1875,38,0.1,1,NA,2021-07-01 07:13:58.579423,"M","6","right","NA","NA",4.44716621966634,0.595462844185852,0.229298980882769
950.700000000332,"",46,269533,"npxa74wvnl","fr","false",1280,800,1280,632,2,60,16.6666666666667,"",NA,"up","touchscreen",998.513999999996,99.8650000000198,95.9000000002561,6,FALSE,0,8,0,261,-0.125,18,0.1,1,NA,2021-07-01 07:13:58.579423,"M","6","right","NA","NA",-0.750431952862603,-0.184391065947387,-0.0697371898591427
899.199999999837,"",47,272460,"npxa74wvnl","fr","false",1280,800,1280,632,2,60,16.6666666666667,"",NA,"down","touchscreen",998.446999999986,99.8060000000114,96.300000000163,6,FALSE,0,8,0,261,0.125,6,0.1,1,NA,2021-07-01 07:13:58.579423,"M","6","right","NA","NA",0.108817324604076,0.054328307613305,0.010394368841642
1108.00000000017,"",48,275599,"npxa74wvnl","fr","false",1280,800,1280,632,2,60,16.6666666666667,"",NA,"up","touchscreen",999.524999999994,98.9140000000189,96.5999999998603,6,FALSE,0,8,0,261,-0.125,38,0.05,1,NA,2021-07-01 07:13:58.579423,"M","6","right","NA","NA",-3.78780333721763,-0.533824700321883,-0.110193191995917
1998.3999999995,"",49,279636,"npxa74wvnl","fr","false",1280,800,1280,632,2,60,16.6666666666667,"",NA,"down","touchscreen",999.343000000023,99.2049999999872,98.6000000002678,6,FALSE,0,8,0,261,0,38,0.05,1,NA,2021-07-01 07:13:58.579423,"M","6","right","NA","NA",0.703177034988051,0.116399528201369,0.0207105948497008
1034.20000000004,"",50,282696,"npxa74wvnl","fr","false",1280,800,1280,632,2,60,16.6666666666667,"",NA,"up","touchscreen",998.279999999999,99.8509999999951,95.0999999995402,6,FALSE,0,8,0,261,-0.0625,18,0.05,1,NA,2021-07-01 07:13:58.579423,"M","6","right","NA","NA",-0.238577856033487,-0.059538654774382,-0.00756396854861411
1003.99999999991,"",51,285728,"npxa74wvnl","fr","false",1280,800,1280,632,2,60,16.6666666666667,"",NA,"down","touchscreen",998.450000000012,99.9060000000172,96.4999999996508,6,TRUE,1,8,5,266,-0.0625,66,0.2,1,NA,2021-07-01 07:13:58.579423,"M","6","right","NA","NA",-1.035487181575,-0.128365072276265,-0.0733732673416557
891.300000000221,"",52,288661,"npxa74wvnl","fr","false",1280,800,1280,632,2,60,16.6666666666667,"",NA,"down","touchscreen",998.966000000015,99.4089999999851,96.7000000000698,6,TRUE,2,8,11,277,-0.1875,38,0.2,1,NA,2021-07-01 07:13:58.579423,"M","6","right","NA","NA",-1.26678723071729,-0.206577170590601,-0.151577907735932
875.300000000629,"",53,291571,"npxa74wvnl","fr","false",1280,800,1280,632,2,60,16.6666666666667,"",NA,"down","touchscreen",999.85500000001,98.7380000000121,97.600000000064,6,TRUE,3,8,17,294,-0.1875,18,0.2,1,NA,2021-07-01 07:13:58.579423,"M","6","right","NA","NA",-0.955174480253929,-0.232263317777158,-0.188291361297325
1041.10000000036,"",54,294652,"npxa74wvnl","fr","false",1280,800,1280,632,2,60,16.6666666666667,"",NA,"down","touchscreen",998.377999999997,99.8240000000224,95.8999999993539,6,TRUE,4,8,22,316,0,6,0.05,1,NA,2021-07-01 07:13:58.579423,"M","6","right","NA","NA",-1.29276498013148,-0.542850842452143,-0.0637711066268529
774.500000000437,"",55,297467,"npxa74wvnl","fr","false",1280,800,1280,632,2,60,16.6666666666667,"",NA,"down","touchscreen",997.92300000001,100.01999999999,95.5000000003783,6,FALSE,0,8,0,316,0.125,6,0.15,1,NA,2021-07-01 07:13:58.579423,"M","6","right","NA","NA",0.31841825364466,0.157228913127171,0.0529157373991285
839.299999999639,"",56,300343,"npxa74wvnl","fr","false",1280,800,1280,632,2,60,16.6666666666667,"",NA,"up","touchscreen",998.494000000006,99.9869999999937,96.3000000001339,6,FALSE,0,8,0,316,-0.0625,38,0.05,1,NA,2021-07-01 07:13:58.579423,"M","6","right","NA","NA",-2.85673718451478,-0.429883817737911,-0.0861926195476885
832.699999999953,"",57,303215,"npxa74wvnl","fr","false",1280,800,1280,632,2,60,16.6666666666667,"",NA,"up","touchscreen",999.450000000012,99.0109999999986,94.7000000005937,6,TRUE,1,8,6,322,-0.1875,6,0.2,1,NA,2021-07-01 07:13:58.579423,"M","6","right","NA","NA",1.73997342715887,0.65635977288879,0.386717503253662
1844.39999999997,"",58,307090,"npxa74wvnl","fr","false",1280,800,1280,632,2,60,16.6666666666667,"",NA,"up","touchscreen",998.277000000002,100.241999999969,96.5999999998603,6,TRUE,2,8,7,329,-0.125,18,0.15,1,NA,2021-07-01 07:13:58.579423,"M","6","right","NA","NA",0.0955728884886021,0.0238864048871507,0.0127193341045069
971.799999999348,"",59,310094,"npxa74wvnl","fr","false",1280,800,1280,632,2,60,16.6666666666667,"",NA,"up","touchscreen",998.323999999964,100.236000000034,96.8999999995576,6,FALSE,0,8,0,329,-0.125,18,0.2,1,NA,2021-07-01 07:13:58.579423,"M","6","right","NA","NA",-1.32007867380616,-0.313394297527086,-0.245663944055796
2328.1999999999,"",60,314465,"npxa74wvnl","fr","false",1280,800,1280,632,2,60,16.6666666666667,"",NA,"down","touchscreen",997.835000000021,100.466000000015,96.1999999999534,6,TRUE,1,8,0,329,-0.0625,66,0.15,1,NA,2021-07-01 07:13:58.579423,"M","6","right","NA","NA",-2.51349019314292,-0.299740255792887,-0.146957248283156
780.300000000338,"",61,317277,"npxa74wvnl","fr","false",1280,800,1280,632,2,60,16.6666666666667,"",NA,"up","touchscreen",998.597999999998,99.7849999999744,95.6999999998952,6,FALSE,0,8,0,329,-0.0625,38,0.1,1,NA,2021-07-01 07:13:58.579423,"M","6","right","NA","NA",-1.68901389970033,-0.270970642725314,-0.117351340773717
903.29999999993,"",62,320210,"npxa74wvnl","fr","false",1280,800,1280,632,2,60,16.6666666666667,"",NA,"down","touchscreen",998.569000000018,99.9249999999884,99.1000000003842,6,FALSE,0,8,0,329,0,18,0.05,1,NA,2021-07-01 07:13:58.579423,"M","6","right","NA","NA",1.54175813190473,0.35964889126324,0.03756920581589
2280.89999999979,"",63,324519,"npxa74wvnl","fr","false",1280,800,1280,632,2,60,16.6666666666667,"",NA,"up","touchscreen",998.934999999998,99.8910000000033,96.8000000002212,6,TRUE,1,8,0,329,0.1875,38,0.15,1,NA,2021-07-01 07:13:58.579423,"M","6","right","NA","NA",4.41755806541972,0.592895018704703,0.273415433125996
5148.19999999966,"",64,331698,"npxa74wvnl","fr","false",1280,800,1280,632,2,60,16.6666666666667,"",NA,"up","touchscreen",998.75,99.6110000000335,95.9999999995925,6,FALSE,0,8,0,329,-0.0625,38,0.15,1,NA,2021-07-01 07:13:58.579423,"M","6","right","NA","NA",-1.38757194995025,-0.22531529786942,-0.0990076331473392
1213.40000000061,"",65,334952,"npxa74wvnl","fr","false",1280,800,1280,632,2,60,16.6666666666667,"",NA,"up","touchscreen",998.657999999996,99.7299999999814,95.899999999383,6,TRUE,1,8,4,333,0,6,0.15,1,NA,2021-07-01 07:13:58.579423,"M","6","right","NA","NA",0.820353061356487,0.379493098073149,0.10602137453584
1181.30000000022,"",66,338164,"npxa74wvnl","fr","false",1280,800,1280,632,2,60,16.6666666666667,"",NA,"down","touchscreen",998.415999999968,100.103000000003,96.8000000002794,6,TRUE,2,8,8,341,0.0625,18,0.1,1,NA,2021-07-01 07:13:58.579423,"M","6","right","NA","NA",-0.130142248248647,-0.0325183552540055,-0.0111304016461741
1682.39999999967,"",67,341878,"npxa74wvnl","fr","false",1280,800,1280,632,2,60,16.6666666666667,"",NA,"up","touchscreen",998.56899999996,99.8129999999655,95.9999999995343,6,TRUE,3,8,10,351,-0.0625,38,0.2,1,NA,2021-07-01 07:13:58.579423,"M","6","right","NA","NA",0.584334014121323,0.0969304132127672,0.0759167892899429
4114.80000000028,"",68,348023,"npxa74wvnl","fr","false",1280,800,1280,632,2,60,16.6666666666667,"",NA,"up","touchscreen",998.54800000001,99.9420000000391,95.9000000002561,6,FALSE,0,8,0,351,-0.0625,6,0.2,1,NA,2021-07-01 07:13:58.579423,"M","6","right","NA","NA",-1.94557163365863,-0.697286043118418,-0.374289443143146
1939.39999999932,"",69,351990,"npxa74wvnl","fr","false",1280,800,1280,632,2,60,16.6666666666667,"",NA,"up","touchscreen",998.648999999976,99.6680000000051,96.4999999996508,6,FALSE,0,8,0,351,-0.0625,6,0.05,1,NA,2021-07-01 07:13:58.579423,"M","6","right","NA","NA",-0.0999876906895497,-0.0499314852938859,-0.00507384019320505
1820.60000000003,"",70,355844,"npxa74wvnl","fr","false",1280,800,1280,632,2,60,16.6666666666667,"",NA,"down","touchscreen",998.535999999964,99.9459999999963,99.0999999994528,6,FALSE,0,8,0,351,0,66,0.2,1,NA,2021-07-01 07:13:58.579423,"M","6","right","NA","NA",0.762587116771783,0.0948932385219207,0.0634178844481057
1237.59999999945,"",71,359108,"npxa74wvnl","fr","false",1280,800,1280,632,2,60,16.6666666666667,"",NA,"up","touchscreen",998.554000000004,99.8969999999972,96.300000000163,6,TRUE,1,8,4,355,0.1875,6,0.05,1,NA,2021-07-01 07:13:58.579423,"M","6","right","NA","NA",2.7707528198893,0.810831887786379,0.104939220794224
2737.69999999966,"",72,363880,"npxa74wvnl","fr","false",1280,800,1280,632,2,60,16.6666666666667,"",NA,"down","touchscreen",998.729999999981,99.875,98.8999999999651,6,TRUE,2,8,4,359,-0.0625,6,0.15,1,NA,2021-07-01 07:13:58.579423,"M","6","right","NA","NA",-1.13662761496759,-0.494096152811267,-0.197038930333009
689.20000000071,"",73,366592,"npxa74wvnl","fr","false",1280,800,1280,632,2,60,16.6666666666667,"",NA,"up","touchscreen",998.679000000004,99.8789999999572,98.5999999993364,6,FALSE,0,8,0,359,-0.125,38,0.15,1,NA,2021-07-01 07:13:58.579423,"M","6","right","NA","NA",-1.55576662349271,-0.250994065884571,-0.127316517563014
1142.79999999964,"",74,369767,"npxa74wvnl","fr","false",1280,800,1280,632,2,60,16.6666666666667,"",NA,"down","touchscreen",998.560999999987,99.9099999999744,97.6999999993131,6,FALSE,0,8,0,359,0.0625,66,0.05,1,NA,2021-07-01 07:13:58.579423,"M","6","right","NA","NA",3.76357514945497,0.425692325833315,0.0822290505801992
2119.09999999986,"",75,373917,"npxa74wvnl","fr","false",1280,800,1280,632,2,60,16.6666666666667,"",NA,"up","touchscreen",999.045000000042,99.1979999999749,98.2000000003609,6,TRUE,1,8,0,359,0.0625,66,0.2,1,NA,2021-07-01 07:13:58.579423,"M","6","right","NA","NA",2.89608846086388,0.340392944063381,0.203180823331173
448.699999999953,"",76,376394,"npxa74wvnl","fr","false",1280,800,1280,632,2,60,16.6666666666667,"",NA,"up","touchscreen",998.712,99.6579999999958,95.9000000002561,6,TRUE,2,8,8,367,0.0625,6,0.15,1,NA,2021-07-01 07:13:58.579423,"M","6","right","NA","NA",0.0970912467623905,0.048488521099772,0.0242823516009919
858.900000000198,"",77,379284,"npxa74wvnl","fr","false",1280,800,1280,632,2,60,16.6666666666667,"",NA,"up","touchscreen",998.876999999979,99.9049999999697,96.0999999997439,6,TRUE,3,8,14,381,0,38,0.1,1,NA,2021-07-01 07:13:58.579423,"M","6","right","NA","NA",0.423957634285197,0.0704838695711368,0.0198610266600627
800.70000000071,"",78,382125,"npxa74wvnl","fr","false",1280,800,1280,632,2,60,16.6666666666667,"",NA,"up","touchscreen",998.608000000007,99.7589999999618,96.0000000004657,6,FALSE,0,8,0,381,-0.0625,18,0.1,1,NA,2021-07-01 07:13:58.579423,"M","6","right","NA","NA",-1.9790834115192,-0.443460183120311,-0.119640538179513
790.799999999756,"",79,384941,"npxa74wvnl","fr","false",1280,800,1280,632,2,60,16.6666666666667,"",NA,"down","touchscreen",998.339000000036,99.85699999996,96.1000000006752,6,FALSE,0,8,0,381,0.1875,6,0.15,1,NA,2021-07-01 07:13:58.579423,"M","6","right","NA","NA",2.0378520880528,0.713704062595194,0.344464316182565
750.199999999488,"",80,387731,"npxa74wvnl","fr","false",1280,800,1280,632,2,60,16.6666666666667,"",NA,"up","touchscreen",998.532999999996,99.8430000000517,96.7000000000698,6,TRUE,1,8,6,387,0.125,18,0.15,1,NA,2021-07-01 07:13:58.579423,"M","6","right","NA","NA",0.910098942749991,0.221854756352264,0.0825475841558242
841.300000000047,"",81,390596,"npxa74wvnl","fr","false",1280,800,1280,632,2,60,16.6666666666667,"",NA,"up","touchscreen",999.357000000018,98.7859999999637,99.100000000326,6,TRUE,2,8,12,399,0.0625,6,0.1,1,NA,2021-07-01 07:13:58.579423,"M","6","right","NA","NA",1.29467152348798,0.543415137640427,0.188153413032151
788.500000000582,"",82,393435,"npxa74wvnl","fr","false",1280,800,1280,632,2,60,16.6666666666667,"",NA,"up","touchscreen",998.90399999998,99.3769999999786,96.2000000008848,6,TRUE,3,8,18,417,0.1875,66,0.2,1,NA,2021-07-01 07:13:58.579423,"M","6","right","NA","NA",1.89253198140718,0.230212416788063,0.16484670611904
691.000000000757,"",83,396161,"npxa74wvnl","fr","false",1280,800,1280,632,2,60,16.6666666666667,"",NA,"up","touchscreen",998.273999999976,100.238000000012,96.300000000163,6,FALSE,0,8,0,417,-0.0625,18,0.2,1,NA,2021-07-01 07:13:58.579423,"M","6","right","NA","NA",-1.77491271915634,-0.405591681081168,-0.239733119443862
1025.49999999971,"",84,399222,"npxa74wvnl","fr","false",1280,800,1280,632,2,60,16.6666666666667,"",NA,"up","touchscreen",998.72900000005,99.5599999999977,98.1999999994296,6,TRUE,1,8,5,422,0.1875,38,0.05,1,NA,2021-07-01 07:13:58.579423,"M","6","right","NA","NA",4.98659843816093,0.639170070658288,0.136232963215817
1279.59999999986,"",85,402538,"npxa74wvnl","fr","false",1280,800,1280,632,2,60,16.6666666666667,"",NA,"up","touchscreen",998.708000000042,99.7280000000028,98.7999999997555,6,TRUE,2,8,9,431,0.125,38,0.1,1,NA,2021-07-01 07:13:58.579423,"M","6","right","NA","NA",2.3706624991913,0.367467114883703,0.138456894315822
1491.6999999996,"",86,406065,"npxa74wvnl","fr","false",1280,800,1280,632,2,60,16.6666666666667,"",NA,"up","touchscreen",998.419999999984,100.044999999984,97.0999999999767,6,TRUE,3,8,12,443,0.1875,18,0.15,1,NA,2021-07-01 07:13:58.579423,"M","6","right","NA","NA",2.43063908590711,0.519300867477502,0.327915824266175
1530.09999999992,"",87,409633,"npxa74wvnl","fr","false",1280,800,1280,632,2,60,16.6666666666667,"",NA,"up","touchscreen",998.680999999982,99.625,95.4999999994179,6,TRUE,4,8,14,457,0.1875,66,0.1,1,NA,2021-07-01 07:13:58.579423,"M","6","right","NA","NA",3.97042468532397,0.444562431319111,0.171144406506963
1689.4000000002,"",88,413352,"npxa74wvnl","fr","false",1280,800,1280,632,2,60,16.6666666666667,"",NA,"up","touchscreen",998.569000000018,99.8890000000247,96.4000000003143,6,TRUE,5,8,16,473,0.125,18,0.05,1,NA,2021-07-01 07:13:58.579423,"M","6","right","NA","NA",3.37327918268014,0.644678811516075,0.101550982266154
719,"",89,416112,"npxa74wvnl","fr","false",1280,800,1280,632,2,60,16.6666666666667,"",NA,"up","touchscreen",998.74099999998,99.6369999999879,95.9000000002561,6,FALSE,0,8,0,473,-0.125,6,0.2,1,NA,2021-07-01 07:13:58.579423,"M","6","right","NA","NA",-2.30929975112003,-0.755914731226487,-0.488162432403227
988.100000000501,"",90,419125,"npxa74wvnl","fr","false",1280,800,1280,632,2,60,16.6666666666667,"",NA,"down","touchscreen",998.867999999959,99.4320000000298,95.6000000005588,6,TRUE,1,8,5,478,-0.125,66,0.1,1,NA,2021-07-01 07:13:58.579423,"M","6","right","NA","NA",-1.84215533251285,-0.224397040556099,-0.0795128195048681
734.900000000373,"",91,421901,"npxa74wvnl","fr","false",1280,800,1280,632,2,60,16.6666666666667,"",NA,"down","touchscreen",998.561999999976,99.8460000000196,96.1999999999534,6,TRUE,2,8,11,489,-0.0625,18,0.15,1,NA,2021-07-01 07:13:58.579423,"M","6","right","NA","NA",-1.35991319093084,-0.32188431506102,-0.18230399250182
439.000000000291,"",92,424368,"npxa74wvnl","fr","false",1280,800,1280,632,2,60,16.6666666666667,"",NA,"down","touchscreen",998.657000000007,99.6670000000158,96.0000000004657,6,FALSE,0,8,0,489,0.1875,66,0.05,1,NA,2021-07-01 07:13:58.579423,"M","6","right","NA","NA",10.0031732701972,0.780965480221311,0.186782252079413
679.599999999453,"",93,427086,"npxa74wvnl","fr","false",1280,800,1280,632,2,60,16.6666666666667,"",NA,"up","touchscreen",998.594999999972,99.9079999999958,99.2999999998137,6,FALSE,0,8,0,489,-0.125,66,0.15,1,NA,2021-07-01 07:13:58.579423,"M","6","right","NA","NA",-1.31943313380448,-0.162730721791168,-0.0857864438537538
1421.29999999999,"",94,430544,"npxa74wvnl","fr","false",1280,800,1280,632,2,60,16.6666666666667,"",NA,"down","touchscreen",999.814000000013,99.9870000000228,95.699999999837,6,FALSE,0,8,0,489,0.125,38,0.15,1,NA,2021-07-01 07:13:58.579423,"M","6","right","NA","NA",2.2645641075631,0.353113646007442,0.169801848585352
1597.20000000019,"",95,434179,"npxa74wvnl","fr","false",1280,800,1280,632,2,60,16.6666666666667,"",NA,"up","touchscreen",997.957999999984,100.79800000001,97.6000000000349,6,TRUE,1,8,2,491,0,6,0.2,1,NA,2021-07-01 07:13:58.579423,"M","6","right","NA","NA",0.403877711500408,0.197943191287208,0.0737439042337575
861.5,"",96,437072,"npxa74wvnl","fr","false",1280,800,1280,632,2,60,16.6666666666667,"",NA,"up","touchscreen",998.237999999954,100.376999999979,96.8000000002794,6,FALSE,0,8,0,491,-0.1875,66,0.05,1,NA,2021-07-01 07:13:58.579423,"M","6","right","NA","NA",-7.87893300079146,-0.701695136399473,-0.17382491137325
684.299999999872,"",97,439792,"npxa74wvnl","fr","false",1280,800,1280,632,2,60,16.6666666666667,"",NA,"down","touchscreen",998.652999999991,99.7620000000461,96.5999999998021,6,TRUE,1,8,7,498,-0.125,6,0.1,1,NA,2021-07-01 07:13:58.579423,"M","6","right","NA","NA",-0.487894046476303,-0.236997062001127,-0.032895537459548
680.400000000198,"",98,442496,"npxa74wvnl","fr","false",1280,800,1280,632,2,60,16.6666666666667,"",NA,"up","touchscreen",998.492000000027,99.8580000000075,99.0000000001164,6,FALSE,0,8,0,498,-0.0625,6,0.1,1,NA,2021-07-01 07:13:58.579423,"M","6","right","NA","NA",-1.93545982484662,-0.695416965979348,-0.203200105555751
2101.59999999998,"",99,446629,"npxa74wvnl","fr","false",1280,800,1280,632,2,60,16.6666666666667,"",NA,"down","touchscreen",998.378000000026,100.090000000026,99.2999999998719,6,FALSE,0,8,0,498,0.125,66,0.1,1,NA,2021-07-01 07:13:58.579423,"M","6","right","NA","NA",2.13684152374287,0.258058172181891,0.097055222829918
503.800000000396,"",100,449165,"npxa74wvnl","fr","false",1280,800,1280,632,2,60,16.6666666666667,"",NA,"up","touchscreen",998.736999999965,99.5250000000233,95.2999999999302,6,TRUE,1,8,7,505,0.0625,66,0.15,1,NA,2021-07-01 07:13:58.579423,"M","6","right","NA","NA",3.47320891715379,0.398238889079786,0.211840909986238
110.700000000186,"",101,451319,"npxa74wvnl","fr","false",1280,800,1280,632,2,60,16.6666666666667,"",NA,"up","touchscreen",998.581000000006,99.8759999999893,96.300000000163,6,TRUE,2,8,16,521,0.0625,38,0.05,1,NA,2021-07-01 07:13:58.579423,"M","6","right","NA","NA",4.47882964392683,0.598188867794287,0.100478084016649
5782.59999999951,"",102,459137,"npxa74wvnl","fr","false",1280,800,1280,632,2,60,16.6666666666667,"",NA,"up","touchscreen",998.562999999966,99.7260000000242,96.999999999709,6,TRUE,3,8,16,537,0,18,0.1,1,NA,2021-07-01 07:13:58.579423,"M","6","right","NA","NA",0.79367406167888,0.194624328244824,0.0546989981042082
3786.90000000002,"",103,464963,"npxa74wvnl","fr","false",1280,800,1280,632,2,60,16.6666666666667,"",NA,"up","touchscreen",998.607000000018,99.5939999999828,95.9999999995343,6,FALSE,0,8,0,537,0.1875,18,0.2,1,NA,2021-07-01 07:13:58.579423,"M","6","right","NA","NA",-1.07419331767225,-0.259358878600785,-0.169049902238379
3965.79999999993,"",104,470968,"npxa74wvnl","fr","false",1280,800,1280,632,2,60,16.6666666666667,"",NA,"down","touchscreen",998.804000000004,99.3630000000121,95.5000000003492,6,FALSE,0,8,0,537,0.0625,66,0.1,1,NA,2021-07-01 07:13:58.579423,"M","6","right","NA","NA",0.0187355243536961,0.00234193412183475,0.000805503418635323
4217.70000000013,"",105,477225,"npxa74wvnl","fr","false",1280,800,1280,632,2,60,16.6666666666667,"",NA,"up","touchscreen",998.955000000016,99.1379999999772,95.8000000000466,6,FALSE,0,8,0,537,-0.125,38,0.2,1,NA,2021-07-01 07:13:58.579423,"M","6","right","NA","NA",-0.407482294632532,-0.0677576371811668,-0.0577951082114417
917.000000000407,"",106,480181,"npxa74wvnl","fr","false",1280,800,1280,632,2,60,16.6666666666667,"",NA,"down","touchscreen",998.665999999968,99.6039999999921,95.9000000002561,6,TRUE,1,8,5,542,-0.125,66,0.2,1,NA,2021-07-01 07:13:58.579423,"M","6","right","NA","NA",-2.77818865937328,-0.328054986364467,-0.21867687150491
1024.69999999995,"",107,483235,"npxa74wvnl","fr","false",1280,800,1280,632,2,60,16.6666666666667,"",NA,"up","touchscreen",998.679000000004,99.6399999999558,98.3999999999069,6,TRUE,2,8,10,552,0,66,0.05,1,NA,2021-07-01 07:13:58.579423,"M","6","right","NA","NA",1.72861513026752,0.211202690677261,0.0346816640457856
1218.49999999994,"",108,486494,"npxa74wvnl","fr","false",1280,800,1280,632,2,60,16.6666666666667,"",NA,"up","touchscreen",998.527000000002,99.8159999999916,95.4000000001979,6,FALSE,0,8,0,552,-0.1875,66,0.2,1,NA,2021-07-01 07:13:58.579423,"M","6","right","NA","NA",-1.65207889292726,-0.202242435999602,-0.146632775968648
3557.20000000019,"",109,492090,"npxa74wvnl","fr","false",1280,800,1280,632,2,60,16.6666666666667,"",NA,"down","touchscreen",998.421999999962,99.9910000000382,99.2999999998719,6,TRUE,1,8,0,552,-0.1875,18,0.05,1,NA,2021-07-01 07:13:58.579423,"M","6","right","NA","NA",-4.11394241885677,-0.716965846417614,-0.163397556783828
3216.59999999974,"",110,497347,"npxa74wvnl","fr","false",1280,800,1280,632,2,60,16.6666666666667,"",NA,"down","touchscreen",999.256999999983,99.969000000041,96.4000000003725,6,FALSE,0,8,0,552,0.0625,6,0.05,1,NA,2021-07-01 07:13:58.579423,"M","6","right","NA","NA",1.55262730239167,0.613219749479629,0.152048858313859
506.000000000291,"",111,499895,"npxa74wvnl","fr","false",1280,800,1280,632,2,60,16.6666666666667,"",NA,"up","touchscreen",998.777000000002,99.5480000000098,94.4999999992433,6,FALSE,0,8,0,552,-0.0625,66,0.05,1,NA,2021-07-01 07:13:58.579423,"M","6","right","NA","NA",-1.84554549524032,-0.224789154919784,-0.0460646032225493
3229.90000000026,"",112,505163,"npxa74wvnl","fr","false",1280,800,1280,632,2,60,16.6666666666667,"",NA,"up","touchscreen",998.146999999997,99.984999999986,95.8000000000466,6,TRUE,1,8,0,552,-0.125,6,0.15,1,NA,2021-07-01 07:13:58.579423,"M","6","right","NA","NA",0.15828262476948,0.078894625830816,0.0356719610968031
1700.10000000003,"",113,508895,"npxa74wvnl","fr","false",1280,800,1280,632,2,60,16.6666666666667,"",NA,"down","touchscreen",998.859999999986,99.5719999999856,95.2999999999302,6,FALSE,0,8,0,552,0.125,66,0.05,1,NA,2021-07-01 07:13:58.579423,"M","6","right","NA","NA",6.15861604286216,0.610007539199895,0.122609810593947
2900.99999999984,"",2,59134,"q40ms2hyu9","fr","false",1280,800,1280,632,2,54,16.6666666666667,"",NA,"up","touchscreen",998.682000000001,99.7289999999994,93.300000000454,6,FALSE,0,0,0,0,-0.1875,18,0.2,1,NA,2021-07-01 06:51:38.699378,"M","122014","right","NA","NA",-0.770166457875317,-0.189068899966169,-0.107436363680472
2913.69999999915,"",3,64085,"q40ms2hyu9","fr","false",1280,800,1280,632,2,54,16.6666666666667,"",NA,"down","touchscreen",999.582000000002,98.9300000000003,94.9000000000524,6,TRUE,1,1,0,0,0,6,0.15,1,NA,2021-07-01 06:51:38.699378,"M","122014","right","NA","NA",-1.99770356764577,-0.706700475669547,-0.286225243319585
2378.20000000102,"",4,68508,"q40ms2hyu9","fr","false",1280,800,1280,632,2,54,16.6666666666667,"",NA,"up","touchscreen",999.220000000001,99.185999999987,95.7999999991443,6,TRUE,2,2,0,0,0.0625,6,0.2,1,NA,2021-07-01 06:51:38.699378,"M","122014","right","NA","NA",0.500701582799013,0.242855884327764,0.16596609220614
2484.30000000008,"",5,73024,"q40ms2hyu9","fr","false",1280,800,1280,632,2,54,16.6666666666667,"",NA,"up","touchscreen",998.764999999999,99.6450000000041,95.8000000009633,6,FALSE,0,2,0,0,-0.125,66,0.1,1,NA,2021-07-01 06:51:38.699378,"M","122014","right","NA","NA",-2.23998869953966,-0.269628664167191,-0.0931974945899306
2555.9000000012,"",6,77622,"q40ms2hyu9","fr","false",1280,800,1280,632,2,54,16.6666666666667,"",NA,"down","touchscreen",998.508000000002,99.8329999999987,97.4000000005617,6,TRUE,1,2,0,0,-0.1875,6,0.1,1,NA,2021-07-01 06:51:38.699378,"M","122014","right","NA","NA",-1.237128776848,-0.526057476438155,-0.156929761595565
1786.40000000087,"",7,81447,"q40ms2hyu9","fr","false",1280,800,1280,632,2,54,16.6666666666667,"",NA,"up","touchscreen",999.053,99.3070000000007,94.6999999996478,6,FALSE,0,2,0,0,0,6,0.2,1,NA,2021-07-01 06:51:38.699378,"M","122014","right","NA","NA",-1.7322764272433,-0.65470239589695,-0.286297560819283
2121.1000000003,"",8,85610,"q40ms2hyu9","fr","false",1280,800,1280,632,2,54,16.6666666666667,"",NA,"up","touchscreen",998.822,99.468000000008,96.0999999988417,6,FALSE,0,2,0,0,-0.1875,18,0.15,1,NA,2021-07-01 06:51:38.699378,"M","122014","right","NA","NA",-1.42596925219263,-0.335792888158492,-0.136347634003394
2612.99999999937,"",9,90261,"q40ms2hyu9","fr","false",1280,800,1280,632,2,54,16.6666666666667,"",NA,"down","touchscreen",998.232000000004,100.142999999996,95.3000000008615,6,TRUE,1,2,0,0,-0.125,18,0.1,1,NA,2021-07-01 06:51:38.699378,"M","122014","right","NA","NA",-1.02489521157696,-0.24820587001865,-0.0928818341088986
1213.60000000095,"",10,93507,"q40ms2hyu9","fr","false",1280,800,1280,632,2,54,16.6666666666667,"",NA,"down","touchscreen",999.449999999997,99.0369999999966,95.9000000002561,6,TRUE,2,2,4,4,-0.0625,18,0.1,1,NA,2021-07-01 06:51:38.699378,"M","122014","right","NA","NA",-0.800412773186322,-0.196213429695815,-0.0490268892980459
1741.70000000049,"",11,97279,"q40ms2hyu9","fr","false",1280,800,1280,632,2,54,16.6666666666667,"",NA,"down","touchscreen",998.672000000006,99.7439999999915,97.0000000015716,6,TRUE,3,3,5,9,0,6,0.05,1,NA,2021-07-01 06:51:38.699378,"M","122014","right","NA","NA",-0.829038684366807,-0.382924525257519,-0.0409708060282129
1217.89999999964,"",12,100534,"q40ms2hyu9","fr","false",1280,800,1280,632,2,54,16.6666666666667,"",NA,"down","touchscreen",999.524000000005,98.9869999999937,94.5000000010623,6,FALSE,0,3,0,9,0.125,38,0.15,1,NA,2021-07-01 06:51:38.699378,"M","122014","right","NA","NA",2.61445855046868,0.399466514733671,0.223747652411683
1115.10000000089,"",13,103692,"q40ms2hyu9","fr","false",1280,800,1280,632,2,54,16.6666666666667,"",NA,"up","touchscreen",998.56700000001,99.8629999999976,96.9999999997526,6,TRUE,1,3,4,13,-0.0625,18,0.15,1,NA,2021-07-01 06:51:38.699378,"M","122014","right","NA","NA",0.270115627372489,0.0673754603664083,0.032519821598521
1238.29999999907,"",14,106962,"q40ms2hyu9","fr","false",1280,800,1280,632,2,54,16.6666666666667,"",NA,"up","touchscreen",998.434999999998,99.9199999999983,96.1999999999534,6,FALSE,0,3,0,13,0,38,0.05,1,NA,2021-07-01 06:51:38.699378,"M","122014","right","NA","NA",-1.37628317808094,-0.223574200214461,-0.0374480586196471
746.900000000096,"",15,109748,"q40ms2hyu9","fr","false",1280,800,1280,632,2,54,16.6666666666667,"",NA,"down","touchscreen",998.457999999999,99.8769999999931,96.2999999992462,6,FALSE,0,3,0,13,0.125,38,0.05,1,NA,2021-07-01 06:51:38.699378,"M","122014","right","NA","NA",4.62750392295125,0.610715127538473,0.148441084832758
2282.89999999834,"",16,114064,"q40ms2hyu9","fr","false",1280,800,1280,632,2,54,16.6666666666667,"",NA,"up","touchscreen",998.5,99.8000000000029,95.3000000008615,6,TRUE,1,3,0,13,0.0625,6,0.1,1,NA,2021-07-01 06:51:38.699378,"M","122014","right","NA","NA",0.338491314067178,0.166872574038787,0.0454838888724751
1000.10000000111,"",17,117109,"q40ms2hyu9","fr","false",1280,800,1280,632,2,54,16.6666666666667,"",NA,"down","touchscreen",998.483999999997,99.849000000002,95.8000000009633,6,TRUE,2,3,5,18,-0.125,66,0.05,1,NA,2021-07-01 06:51:38.699378,"M","122014","right","NA","NA",-5.33411958885964,-0.554756806193239,-0.116817724065415
1678.6000000011,"",18,120822,"q40ms2hyu9","fr","false",1280,800,1280,632,2,54,16.6666666666667,"",NA,"down","touchscreen",998.809999999998,100.111000000004,95.6999999998516,6,FALSE,0,3,0,18,0.125,6,0.05,1,NA,2021-07-01 06:51:38.699378,"M","122014","right","NA","NA",2.81160499482884,0.814868198716149,0.23608332156619
1926.80000000109,"",19,124775,"q40ms2hyu9","fr","false",1280,800,1280,632,2,54,16.6666666666667,"",NA,"up","touchscreen",998.494999999995,99.859999999986,95.5999999987398,6,FALSE,0,3,0,18,0,66,0.15,1,NA,2021-07-01 06:51:38.699378,"M","122014","right","NA","NA",-0.922071442859378,-0.114500889163843,-0.0518444380007366
1546.59999999967,"",20,128357,"q40ms2hyu9","fr","false",1280,800,1280,632,2,54,16.6666666666667,"",NA,"down","touchscreen",998.447,99.8420000000042,96.1999999999534,6,FALSE,0,3,0,18,0,66,0.2,1,NA,2021-07-01 06:51:38.699378,"M","122014","right","NA","NA",0.0982178267534598,0.012276303173394,0.00889319667783327
1375.89999999909,"",21,131765,"q40ms2hyu9","fr","false",1280,800,1280,632,2,54,16.6666666666667,"",NA,"up","touchscreen",998.62000000001,99.8459999999905,97.4999999998254,6,TRUE,1,3,3,21,0.125,38,0.1,1,NA,2021-07-01 06:51:38.699378,"M","122014","right","NA","NA",1.8301375505055,0.291752546604508,0.11413594305033
2974.69999999885,"",22,136774,"q40ms2hyu9","fr","false",1280,800,1280,632,2,54,16.6666666666667,"",NA,"down","touchscreen",997.942999999999,100.426000000007,98.6999999986438,6,TRUE,2,3,3,24,-0.0625,18,0.2,1,NA,2021-07-01 06:51:38.699378,"M","122014","right","NA","NA",-1.30477009357404,-0.310111314757925,-0.272125056711345
1467.30000000028,"",23,140271,"q40ms2hyu9","fr","false",1280,800,1280,632,2,54,16.6666666666667,"",NA,"up","touchscreen",998.914000000019,99.3899999999849,98.2999999996391,6,TRUE,3,3,6,30,-0.125,38,0.2,1,NA,2021-07-01 06:51:38.699378,"M","122014","right","NA","NA",0.542251783179081,0.0900084639080201,0.0655305718615994
1241.79999999976,"",24,143545,"q40ms2hyu9","fr","false",1280,800,1280,632,2,54,16.6666666666667,"",NA,"down","touchscreen",997.516000000003,101.122000000003,98.2000000003609,6,FALSE,0,3,0,30,0.125,18,0.05,1,NA,2021-07-01 06:51:38.699378,"M","122014","right","NA","NA",2.08346755958997,0.461957829471531,0.0910022354134049
1745.89999999988,"",25,147328,"q40ms2hyu9","fr","false",1280,800,1280,632,2,54,16.6666666666667,"",NA,"up","touchscreen",998.650000000023,99.9110000000219,96.2999999992608,6,TRUE,1,3,1,31,0.1875,6,0.1,1,NA,2021-07-01 06:51:38.699378,"M","122014","right","NA","NA",1.44588935761053,0.585875265636737,0.22811347412323
1830.40000000075,"",26,151191,"q40ms2hyu9","fr","false",1280,800,1280,632,2,54,16.6666666666667,"",NA,"up","touchscreen",998.760000000009,99.6659999999974,94.6999999996624,6,FALSE,0,3,0,31,-0.1875,18,0.1,1,NA,2021-07-01 06:51:38.699378,"M","122014","right","NA","NA",-1.79979851895407,-0.410326477725133,-0.105540159698198
1296.80000000008,"",27,154520,"q40ms2hyu9","fr","false",1280,800,1280,632,2,54,16.6666666666667,"",NA,"up","touchscreen",999.033999999985,99.3309999999765,94.4999999992433,6,FALSE,0,3,0,31,-0.0625,66,0.2,1,NA,2021-07-01 06:51:38.699378,"M","122014","right","NA","NA",-1.95508772473501,-0.237399486057882,-0.1647260173326
2226.89999999964,"",28,158777,"q40ms2hyu9","fr","false",1280,800,1280,632,2,54,16.6666666666667,"",NA,"down","touchscreen",998.557000000001,99.8539999999921,96.9999999997381,6,FALSE,0,3,0,31,-0.0625,18,0.05,1,NA,2021-07-01 06:51:38.699378,"M","122014","right","NA","NA",0.436011456343601,0.108361012591168,0.0175182122836811
2464.29999999964,"",29,163278,"q40ms2hyu9","fr","false",1280,800,1280,632,2,54,16.6666666666667,"",NA,"up","touchscreen",998.505999999994,99.9109999999928,94.9999999993597,6,FALSE,0,3,0,31,-0.125,38,0.1,1,NA,2021-07-01 06:51:38.699378,"M","122014","right","NA","NA",-2.39535117685633,-0.370770266383673,-0.132553237344392
1355.80000000115,"",30,166678,"q40ms2hyu9","fr","false",1280,800,1280,632,2,54,16.6666666666667,"",NA,"up","touchscreen",998.562999999995,99.8609999999753,95.3000000008615,6,TRUE,1,3,3,34,0.0625,66,0.05,1,NA,2021-07-01 06:51:38.699378,"M","122014","right","NA","NA",2.5264126194114,0.301141863178783,0.0512619798809968
1471.19999999995,"",31,170187,"q40ms2hyu9","fr","false",1280,800,1280,632,2,54,16.6666666666667,"",NA,"down","touchscreen",998.569000000018,99.8360000000102,95.9000000002561,6,TRUE,2,3,6,40,-0.1875,66,0.05,1,NA,2021-07-01 06:51:38.699378,"M","122014","right","NA","NA",-7.85408164552009,-0.700569014737935,-0.167523122470543
1049.30000000057,"",32,173280,"q40ms2hyu9","fr","false",1280,800,1280,632,2,54,16.6666666666667,"",NA,"up","touchscreen",998.638000000006,99.7939999999944,95.1999999997497,6,TRUE,3,3,11,51,0.125,18,0.1,1,NA,2021-07-01 06:51:38.699378,"M","122014","right","NA","NA",2.30780149974572,0.499740193595224,0.190098562303843
958.699999999226,"",33,176268,"q40ms2hyu9","fr","false",1280,800,1280,632,2,54,16.6666666666667,"",NA,"down","touchscreen",998.581000000006,99.8669999999984,95.6000000005588,6,TRUE,4,4,16,67,-0.125,6,0.05,1,NA,2021-07-01 06:51:38.699378,"M","122014","right","NA","NA",-1.84300891462825,-0.677655497851355,-0.117725199827773
1131.1000000005,"",34,179435,"q40ms2hyu9","fr","false",1280,800,1280,632,2,54,16.6666666666667,"",NA,"up","touchscreen",998.991000000009,99.3969999999972,95.1999999997206,6,FALSE,0,4,0,67,0.0625,38,0.15,1,NA,2021-07-01 06:51:38.699378,"M","122014","right","NA","NA",-0.439393554839971,-0.0730366744977666,-0.0375719487102688
1233.89999999927,"",35,182702,"q40ms2hyu9","fr","false",1280,800,1280,632,2,54,16.6666666666667,"",NA,"down","touchscreen",999.119999999995,99.3430000000226,96.7000000000698,6,TRUE,1,4,4,71,-0.125,66,0.15,1,NA,2021-07-01 06:51:38.699378,"M","122014","right","NA","NA",-3.8585496174432,-0.434427692171559,-0.24953081847888
1366.79999999981,"",36,186112,"q40ms2hyu9","fr","false",1280,800,1280,632,2,54,16.6666666666667,"",NA,"up","touchscreen",998.934000000008,99.9709999999905,95.3999999983353,6,TRUE,2,4,7,78,0.0625,38,0.1,1,NA,2021-07-01 06:51:38.699378,"M","122014","right","NA","NA",0.195387415146335,0.0325473163440009,0.0109790923946843
991.899999999092,"",37,189131,"q40ms2hyu9","fr","false",1280,800,1280,632,2,54,16.6666666666667,"",NA,"up","touchscreen",998.676000000007,99.6140000000014,97.0999999990454,6,FALSE,0,4,0,78,0,18,0.1,1,NA,2021-07-01 06:51:38.699378,"M","122014","right","NA","NA",-0.568670947046665,-0.140752431876994,-0.055915865577796
1416.10000000038,"",38,192584,"q40ms2hyu9","fr","false",1280,800,1280,632,2,54,16.6666666666667,"",NA,"down","touchscreen",998.739000000001,99.8969999999972,96.8999999986263,6,TRUE,1,4,3,81,0.0625,6,0.15,1,NA,2021-07-01 06:51:38.699378,"M","122014","right","NA","NA",-0.331259796290216,-0.163403714171977,-0.0373075990026793
2022.69999999955,"",39,196636,"q40ms2hyu9","fr","false",1280,800,1280,632,2,54,16.6666666666667,"",NA,"up","touchscreen",998.538,99.7920000000158,95.9000000002561,6,TRUE,2,4,3,84,0,38,0.2,1,NA,2021-07-01 06:51:38.699378,"M","122014","right","NA","NA",0.704855699807425,0.116673625671252,0.0707670066804351
1088.59999999913,"",40,199762,"q40ms2hyu9","fr","false",1280,800,1280,632,2,54,16.6666666666667,"",NA,"down","touchscreen",998.421000000002,99.935999999987,96.4999999996508,6,TRUE,3,4,8,92,0.0625,66,0.2,1,NA,2021-07-01 06:51:38.699378,"M","122014","right","NA","NA",-0.203515341300622,-0.0254311899186097,-0.0176140424191172
1010.29999999993,"",41,202811,"q40ms2hyu9","fr","false",1280,800,1280,632,2,54,16.6666666666667,"",NA,"up","touchscreen",998.378999999986,100.020999999979,98.5000000000582,6,TRUE,4,4,13,105,0.1875,38,0.05,1,NA,2021-07-01 06:51:38.699378,"M","122014","right","NA","NA",5.84121200202315,0.697561922093462,0.168130378953383
2560.29999999917,"",42,207409,"q40ms2hyu9","fr","false",1280,800,1280,632,2,54,16.6666666666667,"",NA,"down","touchscreen",998.543999999994,99.8699999999953,96.7999999993481,6,FALSE,0,4,0,105,0.125,6,0.15,1,NA,2021-07-01 06:51:38.699378,"M","122014","right","NA","NA",3.5710266345053,0.872482570795499,0.213854875664872
1113.49999999948,"",43,210557,"q40ms2hyu9","fr","false",1280,800,1280,632,2,54,16.6666666666667,"",NA,"up","touchscreen",998.445000000007,99.8910000000033,94.8000000007451,6,FALSE,0,4,0,105,-0.0625,38,0.1,1,NA,2021-07-01 06:51:38.699378,"M","122014","right","NA","NA",-2.89733162347585,-0.434843990700275,-0.15279551994265
978.699999999662,"",44,213570,"q40ms2hyu9","fr","false",1280,800,1280,632,2,54,16.6666666666667,"",NA,"down","touchscreen",998.505000000005,99.8800000000047,94.8999999982188,6,TRUE,1,4,5,110,-0.1875,38,0.15,1,NA,2021-07-01 06:51:38.699378,"M","122014","right","NA","NA",-2.5057015066044,-0.385362404545026,-0.198994321284983
1254.50000000093,"",45,216855,"q40ms2hyu9","fr","false",1280,800,1280,632,2,54,16.6666666666667,"",NA,"up","touchscreen",998.81700000001,99.5719999999856,95.5999999987544,6,TRUE,2,4,9,119,0.0625,66,0.15,1,NA,2021-07-01 06:51:38.699378,"M","122014","right","NA","NA",1.96550619599047,0.238592728268311,0.12058343609892
1465.50000000026,"",46,220361,"q40ms2hyu9","fr","false",1280,800,1280,632,2,54,16.6666666666667,"",NA,"down","touchscreen",998.573000000004,99.8530000000028,96.1999999999534,6,TRUE,3,4,12,131,0,6,0.1,1,NA,2021-07-01 06:51:38.699378,"M","122014","right","NA","NA",-2.04888916638211,-0.71559272686174,-0.248439553853388
1090.20000000054,"",47,223479,"q40ms2hyu9","fr","false",1280,800,1280,632,2,54,16.6666666666667,"",NA,"up","touchscreen",997.541000000027,100.831999999995,96.9000000004598,6,FALSE,0,4,0,131,-0.0625,38,0.05,1,NA,2021-07-01 06:51:38.699378,"M","122014","right","NA","NA",-2.35444499484911,-0.365289737673645,-0.0589453158671133
1634.70000000051,"",48,227155,"q40ms2hyu9","fr","false",1280,800,1280,632,2,54,16.6666666666667,"",NA,"down","touchscreen",998.505000000005,99.8859999999986,95.6999999998661,6,TRUE,1,4,2,133,-0.1875,6,0.05,1,NA,2021-07-01 06:51:38.699378,"M","122014","right","NA","NA",-2.95838409087876,-0.828447107555247,-0.150388127773293
2893.79999999984,"",49,232093,"q40ms2hyu9","fr","false",1280,800,1280,632,2,54,16.6666666666667,"",NA,"down","touchscreen",998.535000000003,99.9159999999974,95.1000000004424,6,TRUE,2,4,2,135,-0.1875,18,0.05,1,NA,2021-07-01 06:51:38.699378,"M","122014","right","NA","NA",-5.03862699875838,-0.783206418214758,-0.144380369168015
1513.80000000063,"",50,235639,"q40ms2hyu9","fr","false",1280,800,1280,632,2,54,16.6666666666667,"",NA,"up","touchscreen",998.52800000002,99.8790000000154,94.8000000007742,6,FALSE,0,4,0,135,0,66,0.1,1,NA,2021-07-01 06:51:38.699378,"M","122014","right","NA","NA",-0.129988136715649,-0.0162463725935855,-0.00447849741427195
1918.09999999899,"",51,239589,"q40ms2hyu9","fr","false",1280,800,1280,632,2,54,16.6666666666667,"",NA,"down","touchscreen",998.665999999997,99.7069999999949,94.2999999988533,6,FALSE,0,4,0,135,0,38,0.1,1,NA,2021-07-01 06:51:38.699378,"M","122014","right","NA","NA",0.0390125232908905,0.00650194977468661,0.0022661024772139
1574.29999999842,"",52,243206,"q40ms2hyu9","fr","false",1280,800,1280,632,2,54,16.6666666666667,"",NA,"down","touchscreen",999.818999999989,98.5359999999928,95.499999999447,6,TRUE,1,4,2,137,-0.125,18,0.15,1,NA,2021-07-01 06:51:38.699378,"M","122014","right","NA","NA",-1.77096701630051,-0.404837946213566,-0.234756514632617
1518.89999999909,"",53,246763,"q40ms2hyu9","fr","false",1280,800,1280,632,2,54,16.6666666666667,"",NA,"down","touchscreen",998.447000000015,99.8669999999984,94.7999999989406,6,FALSE,0,4,0,137,-0.125,6,0.2,1,NA,2021-07-01 06:51:38.699378,"M","122014","right","NA","NA",1.39213583018355,0.571294407324921,0.161846130382499
1623.99999999983,"",54,250429,"q40ms2hyu9","fr","false",1280,800,1280,632,2,54,16.6666666666667,"",NA,"up","touchscreen",998.709000000003,99.7799999999988,95.4999999994761,6,TRUE,1,4,2,139,0.1875,18,0.1,1,NA,2021-07-01 06:51:38.699378,"M","122014","right","NA","NA",3.32496887518244,0.639234873701036,0.261444652508001
1539.89999999979,"",55,254008,"q40ms2hyu9","fr","false",1280,800,1280,632,2,54,16.6666666666667,"",NA,"up","touchscreen",998.75,99.676999999996,95.4999999994761,6,TRUE,2,4,4,143,0.0625,38,0.2,1,NA,2021-07-01 06:51:38.699378,"M","122014","right","NA","NA",0.243914089744668,0.0406187985604055,0.0255456082888628
1182.0000000007,"",56,257226,"q40ms2hyu9","fr","false",1280,800,1280,632,2,54,16.6666666666667,"",NA,"down","touchscreen",998.641000000003,99.7740000000049,95.5999999987253,6,TRUE,3,4,8,151,0.0625,6,0.05,1,NA,2021-07-01 06:51:38.699378,"M","122014","right","NA","NA",-0.0759670531595005,-0.0379561558589497,-0.00675992875804581
1653.29999999996,"",57,260907,"q40ms2hyu9","fr","false",1280,800,1280,632,2,54,16.6666666666667,"",NA,"up","touchscreen",998.581000000006,99.6330000000016,96.1000000006752,6,TRUE,4,4,10,161,0.0625,66,0.1,1,NA,2021-07-01 06:51:38.699378,"M","122014","right","NA","NA",2.1663493540595,0.261379806690232,0.09255355105631
1123.80000000121,"",58,264075,"q40ms2hyu9","fr","false",1280,800,1280,632,2,54,16.6666666666667,"",NA,"up","touchscreen",998.563999999955,99.8530000000028,96.1000000006752,6,FALSE,0,4,0,161,-0.0625,38,0.15,1,NA,2021-07-01 06:51:38.699378,"M","122014","right","NA","NA",-1.42416169906894,-0.23094374734045,-0.136445295054414
1530.70000000118,"",59,267644,"q40ms2hyu9","fr","false",1280,800,1280,632,2,54,16.6666666666667,"",NA,"down","touchscreen",998.544999999984,99.8769999999786,95.2000000015832,6,FALSE,0,4,0,161,0.1875,38,0.1,1,NA,2021-07-01 06:51:38.699378,"M","122014","right","NA","NA",5.10154344150073,0.647762187378072,0.305264257630729
1615.29999999946,"",60,271289,"q40ms2hyu9","fr","false",1280,800,1280,632,2,54,16.6666666666667,"",NA,"up","touchscreen",998.463999999978,99.9120000000112,96.9999999997672,6,TRUE,1,4,2,163,0.125,18,0.2,1,NA,2021-07-01 06:51:38.699378,"M","122014","right","NA","NA",1.22734357162406,0.293337828636387,0.216205420341428
2402.39999999903,"",61,275723,"q40ms2hyu9","fr","false",1280,800,1280,632,2,54,16.6666666666667,"",NA,"down","touchscreen",997.921000000031,100.33600000001,95.4999999994179,6,TRUE,2,4,2,165,-0.1875,38,0.1,1,NA,2021-07-01 06:51:38.699378,"M","122014","right","NA","NA",-4.22703680059641,-0.575932050510643,-0.242627749477
1714.40000000072,"",62,279478,"q40ms2hyu9","fr","false",1280,800,1280,632,2,54,16.6666666666667,"",NA,"up","touchscreen",998.64499999996,99.9980000000214,96.9999999997672,6,FALSE,0,4,0,165,-0.0625,66,0.15,1,NA,2021-07-01 06:51:38.699378,"M","122014","right","NA","NA",-1.93360876584527,-0.234936080725558,-0.126068788047065
1779.20000000088,"",63,283286,"q40ms2hyu9","fr","false",1280,800,1280,632,2,54,16.6666666666667,"",NA,"down","touchscreen",997.747000000032,100.511999999988,98.1000000010827,6,TRUE,1,4,1,166,-0.125,18,0.2,1,NA,2021-07-01 06:51:38.699378,"M","122014","right","NA","NA",-1.00374955110967,-0.24339124723729,-0.123485075156802
1429.70000000059,"",64,286748,"q40ms2hyu9","fr","false",1280,800,1280,632,2,54,16.6666666666667,"",NA,"up","touchscreen",998.033999999985,100.401000000013,96.6000000007334,6,TRUE,2,4,4,170,0.1875,66,0.2,1,NA,2021-07-01 06:51:38.699378,"M","122014","right","NA","NA",3.10700628958438,0.362030760760454,0.21695556342992
1429.59999999945,"",65,290210,"q40ms2hyu9","fr","false",1280,800,1280,632,2,54,16.6666666666667,"",NA,"down","touchscreen",997.727000000014,100.602000000014,97.9999999999418,6,TRUE,3,4,7,177,-0.125,6,0.15,1,NA,2021-07-01 06:51:38.699378,"M","122014","right","NA","NA",-0.541107316392717,-0.261163947138589,-0.127416097862535
1150.99999999983,"",66,293395,"q40ms2hyu9","fr","false",1280,800,1280,632,2,54,16.6666666666667,"",NA,"up","touchscreen",998.53899999999,99.8449999999721,95.7999999991152,6,TRUE,4,4,11,188,0.125,38,0.2,1,NA,2021-07-01 06:51:38.699378,"M","122014","right","NA","NA",1.26583621055199,0.206428697060182,0.157579514552048
1195.10000000085,"",67,296635,"q40ms2hyu9","fr","false",1280,800,1280,632,2,54,16.6666666666667,"",NA,"down","touchscreen",998.532000000007,99.8730000000214,95.9999999995925,6,FALSE,0,4,0,188,0.1875,6,0.05,1,NA,2021-07-01 06:51:38.699378,"M","122014","right","NA","NA",3.26445080453498,0.852693459486456,0.149792052650197
1582.00000000035,"",68,300249,"q40ms2hyu9","fr","false",1280,800,1280,632,2,54,16.6666666666667,"",NA,"up","touchscreen",998.445000000007,99.8769999999786,97.4000000006054,6,TRUE,1,4,2,190,-0.125,66,0.2,1,NA,2021-07-01 06:51:38.699378,"M","122014","right","NA","NA",1.1357169276706,0.140555308828134,0.0943617147161496
2803.10000000097,"",69,305083,"q40ms2hyu9","fr","false",1280,800,1280,632,2,54,16.6666666666667,"",NA,"up","touchscreen",998.440999999992,99.9529999999795,97.4000000005472,6,TRUE,2,4,2,192,0.1875,18,0.15,1,NA,2021-07-01 06:51:38.699378,"M","122014","right","NA","NA",2.11600019888728,0.467603436857649,0.290701072522461
1765.19999999984,"",70,308886,"q40ms2hyu9","fr","false",1280,800,1280,632,2,54,16.6666666666667,"",NA,"down","touchscreen",998.548999999999,99.8479999999981,96.9999999997672,6,TRUE,3,4,3,195,-0.0625,66,0.05,1,NA,2021-07-01 06:51:38.699378,"M","122014","right","NA","NA",-3.65315695098719,-0.415384846548565,-0.0800018459061021
1546.29999999993,"",71,312463,"q40ms2hyu9","fr","false",1280,800,1280,632,2,54,16.6666666666667,"",NA,"down","touchscreen",997.767999999982,100.630000000005,96.000000001397,6,TRUE,4,4,5,200,-0.1875,6,0.15,1,NA,2021-07-01 06:51:38.699378,"M","122014","right","NA","NA",-0.559775846543516,-0.269529841536927,-0.0947213263145762
1116.40000000078,"",72,315611,"q40ms2hyu9","fr","false",1280,800,1280,632,2,54,16.6666666666667,"",NA,"up","touchscreen",998.761999999988,99.7209999999614,96.1999999999534,6,TRUE,5,5,9,209,0.1875,66,0.05,1,NA,2021-07-01 06:51:38.699378,"M","122014","right","NA","NA",8.77918020799958,0.739146399366642,0.173563243263328
2271.50000000076,"",73,319914,"q40ms2hyu9","fr","false",1280,800,1280,632,2,54,16.6666666666667,"",NA,"up","touchscreen",999.317000000039,99.1039999999921,95.1000000004424,6,TRUE,6,6,9,218,0.125,66,0.15,1,NA,2021-07-01 06:51:38.699378,"M","122014","right","NA","NA",0.894409005943836,0.111108879943107,0.0568430433468104
1073.59999999969,"",74,323022,"q40ms2hyu9","fr","false",1280,800,1280,632,2,54,16.6666666666667,"",NA,"down","touchscreen",998.82699999999,99.6509999999544,99.0000000001746,6,TRUE,7,7,14,232,-0.125,6,0.1,1,NA,2021-07-01 06:51:38.699378,"M","122014","right","NA","NA",-0.748285420892737,-0.350419402587542,-0.08985559977195
1386.3000000001,"",75,326451,"q40ms2hyu9","fr","false",1280,800,1280,632,2,54,16.6666666666667,"",NA,"up","touchscreen",998.479999999981,99.8410000000149,95.1999999997206,6,TRUE,8,8,17,249,0,18,0.05,1,NA,2021-07-01 06:51:38.699378,"M","122014","right","NA","NA",0.147138364244824,0.0367597295605472,0.00489162238334339
2278.90000000113,"",76,330770,"q40ms2hyu9","fr","false",1280,800,1280,632,2,54,16.6666666666667,"",NA,"down","touchscreen",997.373000000021,100.991999999969,97.3000000012107,6,FALSE,0,8,0,249,0.1875,66,0.15,1,NA,2021-07-01 06:51:38.699378,"M","122014","right","NA","NA",2.92644435668718,0.343541679425406,0.218956586598716
1841.00000000035,"",77,334642,"q40ms2hyu9","fr","false",1280,800,1280,632,2,54,16.6666666666667,"",NA,"up","touchscreen",998.407999999996,99.8669999999693,97.0999999990454,6,TRUE,1,8,1,250,0.0625,18,0.15,1,NA,2021-07-01 06:51:38.699378,"M","122014","right","NA","NA",2.3061163834474,0.499466347763156,0.25495592794223
1249.20000000019,"",78,337930,"q40ms2hyu9","fr","false",1280,800,1280,632,2,54,16.6666666666667,"",NA,"down","touchscreen",998.662000000011,99.6259999999893,95.4999999994179,6,FALSE,0,8,0,250,0.125,66,0.1,1,NA,2021-07-01 06:51:38.699378,"M","122014","right","NA","NA",3.38625861456795,0.389800423538081,0.131395926993175
1319.39999999851,"",79,341277,"q40ms2hyu9","fr","false",1280,800,1280,632,2,54,16.6666666666667,"",NA,"down","touchscreen",998.469000000041,100.017999999982,97.0999999990454,6,TRUE,1,8,3,253,-0.0625,6,0.1,1,NA,2021-07-01 06:51:38.699378,"M","122014","right","NA","NA",-0.378932194522479,-0.186154327825994,-0.0451422707342032
1135.90000000113,"",80,344456,"q40ms2hyu9","fr","false",1280,800,1280,632,2,54,16.6666666666667,"",NA,"up","touchscreen",998.240000000049,100.044999999984,96.7000000000698,6,FALSE,0,8,0,253,-0.125,38,0.15,1,NA,2021-07-01 06:51:38.699378,"M","122014","right","NA","NA",-1.98429734480321,-0.313990610867412,-0.176254891912133
1333.99999999889,"",81,347834,"q40ms2hyu9","fr","false",1280,800,1280,632,2,54,16.6666666666667,"",NA,"down","touchscreen",998.994999999995,99.3660000000382,96.100000000617,6,TRUE,1,8,3,256,-0.0625,6,0.2,1,NA,2021-07-01 06:51:38.699378,"M","122014","right","NA","NA",-0.0567768857460324,-0.0283770106071166,-0.0106827250550993
1259,"",82,351137,"q40ms2hyu9","fr","false",1280,800,1280,632,2,54,16.6666666666667,"",NA,"up","touchscreen",998.269000000029,99.9599999999627,95.3000000008615,6,FALSE,0,8,0,256,0.1875,38,0.2,1,NA,2021-07-01 06:51:38.699378,"M","122014","right","NA","NA",-0.571064203147268,-0.0947491810284825,-0.0636283355488525
1396.09999999998,"",83,354570,"q40ms2hyu9","fr","false",1280,800,1280,632,2,54,16.6666666666667,"",NA,"down","touchscreen",998.957999999984,99.380999999994,94.2000000013504,6,TRUE,1,8,3,259,-0.1875,66,0.2,1,NA,2021-07-01 06:51:38.699378,"M","122014","right","NA","NA",-3.31278717296037,-0.382592609350489,-0.230549672812422
1521.89999999973,"",84,358124,"q40ms2hyu9","fr","false",1280,800,1280,632,2,54,16.6666666666667,"",NA,"down","touchscreen",998.627000000037,99.6979999999749,95.9000000002561,6,TRUE,2,8,5,264,0,66,0.05,1,NA,2021-07-01 06:51:38.699378,"M","122014","right","NA","NA",-0.975099045705188,-0.120991933896246,-0.019431356633389
1362.90000000008,"",85,361527,"q40ms2hyu9","fr","false",1280,800,1280,632,2,54,16.6666666666667,"",NA,"down","touchscreen",999.14300000004,99.3209999999963,95.6000000005588,6,FALSE,0,8,0,264,-0.0625,66,0.1,1,NA,2021-07-01 06:51:38.699378,"M","122014","right","NA","NA",0.614142844990794,0.0765426424315667,0.0246295892862887
1084.99999999907,"",86,364648,"q40ms2hyu9","fr","false",1280,800,1280,632,2,54,16.6666666666667,"",NA,"up","touchscreen",999.962,98.4439999999595,93.4999999990105,6,FALSE,0,8,0,264,-0.1875,66,0.15,1,NA,2021-07-01 06:51:38.699378,"M","122014","right","NA","NA",-3.46725752602944,-0.397664490017079,-0.221333703164222
1311.39999999868,"",87,368001,"q40ms2hyu9","fr","false",1280,800,1280,632,2,54,16.6666666666667,"",NA,"down","touchscreen",998.325000000012,99.9270000000251,96.7000000000698,6,FALSE,0,8,0,264,0.125,6,0.1,1,NA,2021-07-01 06:51:38.699378,"M","122014","right","NA","NA",2.06478468712158,0.718285450941164,0.0856436514958884
2117.89999999927,"",88,372153,"q40ms2hyu9","fr","false",1280,800,1280,632,2,54,16.6666666666667,"",NA,"up","touchscreen",999.54700000002,98.8450000000303,94.1000000002678,6,FALSE,0,8,0,264,-0.125,18,0.05,1,NA,2021-07-01 06:51:38.699378,"M","122014","right","NA","NA",-4.23960837100918,-0.727362012427198,-0.133475631159859
1377.80000000022,"",89,375574,"q40ms2hyu9","fr","false",1280,800,1280,632,2,54,16.6666666666667,"",NA,"down","touchscreen",999.114999999991,99.4349999999977,95.7000000016997,6,FALSE,0,8,0,264,0.1875,18,0.05,1,NA,2021-07-01 06:51:38.699378,"M","122014","right","NA","NA",5.18966257480094,0.792037124419801,0.193167172923271
1531.6999999996,"",90,379139,"q40ms2hyu9","fr","false",1280,800,1280,632,2,54,16.6666666666667,"",NA,"up","touchscreen",998.532999999996,99.6280000000261,94.7000000014668,6,FALSE,0,8,0,264,-0.1875,66,0.1,1,NA,2021-07-01 06:51:38.699378,"M","122014","right","NA","NA",-3.26712249029841,-0.378077166664322,-0.148415623809864
2710.39999999991,"",91,383877,"q40ms2hyu9","fr","false",1280,800,1280,632,2,54,16.6666666666667,"",NA,"up","touchscreen",998.837999999989,99.670999999973,95.7999999991735,6,TRUE,1,8,0,264,0.125,66,0.05,1,NA,2021-07-01 06:51:38.699378,"M","122014","right","NA","NA",3.64006141089275,0.414151591161861,0.073488804196588
1520.39999999944,"",92,387434,"q40ms2hyu9","fr","false",1280,800,1280,632,2,54,16.6666666666667,"",NA,"down","touchscreen",1000.21500000003,100.156000000017,96.7999999993481,6,TRUE,2,8,2,266,-0.1875,6,0.2,1,NA,2021-07-01 06:51:38.699378,"M","122014","right","NA","NA",-1.78989947277099,-0.666882961485617,-0.332810147336253
1415.49999999913,"",93,390887,"q40ms2hyu9","fr","false",1280,800,1280,632,2,54,16.6666666666667,"",NA,"up","touchscreen",997.455000000016,100.796999999962,97.5999999991036,6,FALSE,0,8,0,266,0.125,6,0.2,1,NA,2021-07-01 06:51:38.699378,"M","122014","right","NA","NA",-0.158125216272494,-0.0788166545395544,-0.0412664578411973
1181.00000000047,"",94,394100,"q40ms2hyu9","fr","false",1280,800,1280,632,2,54,16.6666666666667,"",NA,"down","touchscreen",998.613000000012,99.795999999973,96.4999999996508,6,FALSE,0,8,0,266,0,38,0.15,1,NA,2021-07-01 06:51:38.699378,"M","122014","right","NA","NA",1.68074067648719,0.269740152169451,0.154143923574087
1365.49999999988,"",95,397495,"q40ms2hyu9","fr","false",1280,800,1280,632,2,54,16.6666666666667,"",NA,"up","touchscreen",998.462999999989,99.8459999999614,96.4000000003143,6,TRUE,1,8,3,269,0.0625,18,0.1,1,NA,2021-07-01 06:51:38.699378,"M","122014","right","NA","NA",1.32009348152333,0.31339746768722,0.07654464219922
2800.69999999978,"",96,402326,"q40ms2hyu9","fr","false",1280,800,1280,632,2,54,16.6666666666667,"",NA,"down","touchscreen",998.41399999999,99.975999999966,96.1999999999534,6,TRUE,2,8,3,272,-0.0625,6,0.15,1,NA,2021-07-01 06:51:38.699378,"M","122014","right","NA","NA",-1.21254056570012,-0.518432842326278,-0.141260364098137
1910.90000000078,"",97,406277,"q40ms2hyu9","fr","false",1280,800,1280,632,2,54,16.6666666666667,"",NA,"up","touchscreen",999.014000000025,99.4389999999548,96.599999998929,6,FALSE,0,8,0,272,0,18,0.2,1,NA,2021-07-01 06:51:38.699378,"M","122014","right","NA","NA",-1.66587236833127,-0.384459183811543,-0.20436642839456
3183.60000000033,"",98,411497,"q40ms2hyu9","fr","false",1280,800,1280,632,2,54,16.6666666666667,"",NA,"up","touchscreen",998.963999999978,99.414999999979,95.8000000009779,6,FALSE,0,8,0,272,-0.0625,38,0.2,1,NA,2021-07-01 06:51:38.699378,"M","122014","right","NA","NA",-0.666655190904518,-0.110429648327425,-0.0808571259176897
2167.90000000037,"",99,415706,"q40ms2hyu9","fr","false",1280,800,1280,632,2,54,16.6666666666667,"",NA,"up","touchscreen",998.562000000034,99.8889999999665,96.2999999992899,6,TRUE,1,8,0,272,0.1875,38,0.15,1,NA,2021-07-01 06:51:38.699378,"M","122014","right","NA","NA",0.709196376024759,0.117382260686059,0.0616831767146891
1394.69999999891,"",100,419146,"q40ms2hyu9","fr","false",1280,800,1280,632,2,54,16.6666666666667,"",NA,"down","touchscreen",999.487000000023,99.0380000000005,96.000000001397,6,FALSE,0,8,0,272,0.1875,6,0.2,1,NA,2021-07-01 06:51:38.699378,"M","122014","right","NA","NA",0.456925556088003,0.222724138015524,0.0824659678810059
1766.20000000001,"",101,422943,"q40ms2hyu9","fr","false",1280,800,1280,632,2,54,16.6666666666667,"",NA,"up","touchscreen",998.918000000005,99.4039999999804,96.8999999986263,6,TRUE,1,8,1,273,0.1875,18,0.2,1,NA,2021-07-01 06:51:38.699378,"M","122014","right","NA","NA",1.6983266101672,0.39081445288725,0.24532220500967
2062.29999999958,"",102,427037,"q40ms2hyu9","fr","false",1280,800,1280,632,2,54,16.6666666666667,"",NA,"up","touchscreen",998.791999999958,99.4510000000009,94.9000000000233,6,FALSE,0,8,0,273,0.0625,18,0.2,1,NA,2021-07-01 06:51:38.699378,"M","122014","right","NA","NA",-0.700466771369825,-0.17249185882377,-0.100597551357794
3453.40000000037,"",103,432523,"q40ms2hyu9","fr","false",1280,800,1280,632,2,54,16.6666666666667,"",NA,"down","touchscreen",1000.44099999999,97.9379999999655,93.1999999993714,6,FALSE,0,8,0,273,0.125,18,0.15,1,NA,2021-07-01 06:51:38.699378,"M","122014","right","NA","NA",1.54735341827619,0.36078448685122,0.168795800940953
1752.3000000001,"",104,436310,"q40ms2hyu9","fr","false",1280,800,1280,632,2,54,16.6666666666667,"",NA,"up","touchscreen",998.5,99.8280000000377,96.599999998929,6,FALSE,0,8,0,273,-0.1875,38,0.05,1,NA,2021-07-01 06:51:38.699378,"M","122014","right","NA","NA",-7.39044680653168,-0.776357534375469,-0.172176442579794
1389.10000000033,"",105,439742,"q40ms2hyu9","fr","false",1280,800,1280,632,2,54,16.6666666666667,"",NA,"up","touchscreen",998.233999999997,100.184000000008,95.9000000002561,6,TRUE,1,8,3,276,0.1875,6,0.15,1,NA,2021-07-01 06:51:38.699378,"M","122014","right","NA","NA",1.57491819216575,0.618668762338798,0.231076187742174
1107.79999999976,"",106,442890,"q40ms2hyu9","fr","false",1280,800,1280,632,2,54,16.6666666666667,"",NA,"up","touchscreen",998.396999999997,100.092000000004,95.699999999837,6,FALSE,0,8,0,276,-0.1875,38,0.2,1,NA,2021-07-01 06:51:38.699378,"M","122014","right","NA","NA",-4.01419807813093,-0.556061062464506,-0.422861351579481
1269.79999999999,"",107,446198,"q40ms2hyu9","fr","false",1280,800,1280,632,2,54,16.6666666666667,"",NA,"down","touchscreen",998.320999999996,100.060999999987,96.100000000617,6,TRUE,1,8,4,280,0.125,66,0.2,1,NA,2021-07-01 06:51:38.699378,"M","122014","right","NA","NA",-0.453380657832414,-0.0565817908943143,-0.0380263230436035
1203.10000000062,"",108,449444,"q40ms2hyu9","fr","false",1280,800,1280,632,2,54,16.6666666666667,"",NA,"up","touchscreen",999.801999999967,98.6140000000014,96.4999999996508,6,TRUE,2,8,8,288,0.0625,18,0.05,1,NA,2021-07-01 06:51:38.699378,"M","122014","right","NA","NA",2.47319231010775,0.525893639659139,0.0698177354445975
1617.90000000107,"",109,453104,"q40ms2hyu9","fr","false",1280,800,1280,632,2,54,16.6666666666667,"",NA,"down","touchscreen",997.43399999995,100.854999999981,95.699999999837,6,FALSE,0,8,0,288,0.0625,38,0.05,1,NA,2021-07-01 06:51:38.699378,"M","122014","right","NA","NA",2.00120640330682,0.316399424682336,0.0590461493198001
1448.8000000001,"",110,456599,"q40ms2hyu9","fr","false",1280,800,1280,632,2,54,16.6666666666667,"",NA,"down","touchscreen",999.098999999987,99.2810000000172,95.5999999987544,6,FALSE,0,8,0,288,-0.0625,6,0.05,1,NA,2021-07-01 06:51:38.699378,"M","122014","right","NA","NA",0.435558283893107,0.212791484099438,0.0416742494016191
2202.19999999972,"",111,460827,"q40ms2hyu9","fr","false",1280,800,1280,632,2,54,16.6666666666667,"",NA,"up","touchscreen",997.80600000004,100.589999999967,97.3999999987427,6,TRUE,1,8,0,288,0.1875,66,0.1,1,NA,2021-07-01 06:51:38.699378,"M","122014","right","NA","NA",4.76727567721617,0.511909644142642,0.206945232400326
1633.60000000102,"",112,464502,"q40ms2hyu9","fr","false",1280,800,1280,632,2,54,16.6666666666667,"",NA,"down","touchscreen",998.675000000047,99.8489999999874,95.9000000002561,6,TRUE,2,8,2,290,-0.125,38,0.05,1,NA,2021-07-01 06:51:38.699378,"M","122014","right","NA","NA",-4.88958913163709,-0.631727321274583,-0.131227732996642
1850.50000000047,"",113,468398,"q40ms2hyu9","fr","false",1280,800,1280,632,2,54,16.6666666666667,"",NA,"up","touchscreen",999.21100000001,99.2520000000368,95.6999999998952,6,FALSE,0,8,0,290,0,18,0.15,1,NA,2021-07-01 06:51:38.699378,"M","122014","right","NA","NA",-0.828324055363212,-0.202778816022939,-0.101469924002975
2737.00000000003,"",2,178061,"rk1cbjehlz","fr","false",834,1194,1024,1375,2,63,16.6666666666667,"",NA,"down","touchscreen",1006,100,97,6,TRUE,1,1,0,0,0.0625,18,0.15,1,NA,2021-07-02 03:44:15.494329,"F","012014","right","NA","NA",-0.0140333687562552,-0.00350832059810975,-0.00200088745080004
3625,"",3,183795,"rk1cbjehlz","fr","false",834,1194,1024,1375,2,63,16.6666666666667,"",NA,"down","touchscreen",1006,100,99,6,TRUE,2,2,0,0,-0.0625,18,0.05,1,NA,2021-07-02 03:44:15.494329,"F","012014","right","NA","NA",-1.07174803874183,-0.258808065705338,-0.0317380661382325
2193.99999999997,"",4,188063,"rk1cbjehlz","fr","false",834,1194,1024,1375,2,63,16.6666666666667,"",NA,"up","touchscreen",993,100,98.9999999999709,6,TRUE,3,3,0,0,0.1875,18,0.2,1,NA,2021-07-02 03:44:15.494329,"F","012014","right","NA","NA",1.49952712633385,0.35102639145735,0.246410795719512
1075,"",5,191246,"rk1cbjehlz","fr","false",834,1194,1024,1375,2,63,16.6666666666667,"",NA,"down","touchscreen",1007,100,99,6,TRUE,4,4,5,5,-0.1875,38,0.15,1,NA,2021-07-02 03:44:15.494329,"F","012014","right","NA","NA",-3.71807764944636,-0.526742933503579,-0.344804560633748
916,"",6,194243,"rk1cbjehlz","fr","false",834,1194,1024,1375,2,63,16.6666666666667,"",NA,"up","touchscreen",1006,100,99,6,FALSE,0,4,0,5,-0.0625,38,0.1,1,NA,2021-07-02 03:44:15.494329,"F","012014","right","NA","NA",-1.35793129377312,-0.220739172226255,-0.0696471946365935
957,"",7,197278,"rk1cbjehlz","fr","false",834,1194,1024,1375,2,63,16.6666666666667,"",NA,"down","touchscreen",1003,100,98.0000000000291,6,TRUE,1,4,5,10,-0.125,38,0.05,1,NA,2021-07-02 03:44:15.494329,"F","012014","right","NA","NA",-4.69994004717132,-0.616657100391725,-0.147817928577491
976,"",8,200334,"rk1cbjehlz","fr","false",834,1194,1024,1375,2,63,16.6666666666667,"",NA,"up","touchscreen",1002,99,99,6,FALSE,0,4,0,10,-0.125,38,0.15,1,NA,2021-07-02 03:44:15.494329,"F","012014","right","NA","NA",-2.54885130054819,-0.390991384243777,-0.184930807753073
1070,"",9,203491,"rk1cbjehlz","fr","false",834,1194,1024,1375,2,63,16.6666666666667,"",NA,"down","touchscreen",1008,100,100,6,TRUE,1,4,5,15,0,66,0.1,1,NA,2021-07-02 03:44:15.494329,"F","012014","right","NA","NA",-0.239961686169425,-0.0299817263340123,-0.0102884166828144
920,"",10,206497,"rk1cbjehlz","fr","false",834,1194,1024,1375,2,63,16.6666666666667,"",NA,"up","touchscreen",1005,100,99,6,TRUE,2,4,10,25,0,66,0.2,1,NA,2021-07-02 03:44:15.494329,"F","012014","right","NA","NA",0.116693540559044,0.0145851410005142,0.0111740381999098
1337,"",11,209908,"rk1cbjehlz","fr","false",834,1194,1024,1375,2,63,16.6666666666667,"",NA,"down","touchscreen",1002,100,99,6,FALSE,0,4,0,25,0,6,0.2,1,NA,2021-07-02 03:44:15.494329,"F","012014","right","NA","NA",0.422662750602037,0.206764653944262,0.0903714740613646
911,"",12,212895,"rk1cbjehlz","fr","false",834,1194,1024,1375,2,63,16.6666666666667,"",NA,"up","touchscreen",1002,100,99,6,FALSE,0,4,0,25,-0.1875,38,0.1,1,NA,2021-07-02 03:44:15.494329,"F","012014","right","NA","NA",-2.88872214955577,-0.433795291895241,-0.114477349632469
895,"",13,215868,"rk1cbjehlz","fr","false",834,1194,1024,1375,2,63,16.6666666666667,"",NA,"down","touchscreen",1006,100,98,6,TRUE,1,4,6,31,-0.1875,6,0.05,1,NA,2021-07-02 03:44:15.494329,"F","012014","right","NA","NA",-3.29120481354385,-0.854583738832043,-0.200460998996313
1306,"",14,219253,"rk1cbjehlz","fr","false",834,1194,1024,1375,2,63,16.6666666666667,"",NA,"down","touchscreen",1008,100,99,6,TRUE,2,4,9,40,-0.1875,38,0.05,1,NA,2021-07-02 03:44:15.494329,"F","012014","right","NA","NA",-6.41250483625284,-0.730202945731376,-0.18275594157616
332.000000000029,"",15,221664,"rk1cbjehlz","fr","false",834,1194,1024,1375,2,63,16.6666666666667,"",NA,"down","touchscreen",1005,100,99,6,TRUE,3,4,17,57,-0.1875,18,0.2,1,NA,2021-07-02 03:44:15.494329,"F","012014","right","NA","NA",-1.44437461255407,-0.33962993769508,-0.228262586749088
2359,"",16,226091,"rk1cbjehlz","fr","false",834,1194,1024,1375,2,63,16.6666666666667,"",NA,"up","touchscreen",996,100,99,6,TRUE,4,4,17,74,0.0625,6,0.2,1,NA,2021-07-02 03:44:15.494329,"F","012014","right","NA","NA",2.92707009810258,0.825666264753651,0.47054262008589
2766.00000000003,"",17,230938,"rk1cbjehlz","fr","false",834,1194,1024,1375,2,63,16.6666666666667,"",NA,"up","touchscreen",1008,100,99.0000000000291,6,TRUE,5,5,17,91,0.0625,18,0.1,1,NA,2021-07-02 03:44:15.494329,"F","012014","right","NA","NA",0.597319786349426,0.147692298650281,0.0528765287335946
1660.00000000003,"",18,234675,"rk1cbjehlz","fr","false",834,1194,1024,1375,2,63,16.6666666666667,"",NA,"up","touchscreen",994,100,100.000000000029,6,TRUE,6,6,19,110,0.1875,18,0.05,1,NA,2021-07-02 03:44:15.494329,"F","012014","right","NA","NA",5.289245508097,0.797600249277936,0.202065925676227
1454,"",19,238208,"rk1cbjehlz","fr","false",834,1194,1024,1375,2,63,16.6666666666667,"",NA,"down","touchscreen",1003,100,99,6,FALSE,0,6,0,110,0.0625,18,0.05,1,NA,2021-07-02 03:44:15.494329,"F","012014","right","NA","NA",2.0970465864659,0.464321182060113,0.0906378290672573
114,"",20,240401,"rk1cbjehlz","fr","false",834,1194,1024,1375,2,63,16.6666666666667,"",NA,"up","touchscreen",1006,98,97,6,TRUE,1,6,9,119,0,38,0.1,1,NA,2021-07-02 03:44:15.494329,"F","012014","right","NA","NA",1.85368703463032,0.295181493964364,0.103919517073327
659,"",21,243139,"rk1cbjehlz","fr","false",834,1194,1024,1375,2,63,16.6666666666667,"",NA,"up","touchscreen",1007,100,99,6,TRUE,2,6,16,135,0.1875,18,0.1,1,NA,2021-07-02 03:44:15.494329,"F","012014","right","NA","NA",2.75098266722487,0.566666264957552,0.210196900411188
676.000000000029,"",22,245911,"rk1cbjehlz","fr","false",834,1194,1024,1375,2,63,16.6666666666667,"",NA,"up","touchscreen",1004,100,99.0000000000291,6,TRUE,3,6,23,158,0.0625,38,0.2,1,NA,2021-07-02 03:44:15.494329,"F","012014","right","NA","NA",0.443559109250122,0.0737253334398014,0.04273660860431
1330,"",23,249299,"rk1cbjehlz","fr","false",834,1194,1024,1375,2,63,16.6666666666667,"",NA,"up","touchscreen",993,100,99,6,TRUE,4,6,26,184,0.125,6,0.1,1,NA,2021-07-02 03:44:15.494329,"F","012014","right","NA","NA",0.370956851667251,0.182368016183344,0.0461011931031557
744,"",24,252120,"rk1cbjehlz","fr","false",834,1194,1024,1375,2,63,16.6666666666667,"",NA,"up","touchscreen",1008,100,100,6,FALSE,0,6,0,184,-0.125,18,0.05,1,NA,2021-07-02 03:44:15.494329,"F","012014","right","NA","NA",-1.47280642927327,-0.345524033823639,-0.0685962102646565
321.999999999971,"",25,254519,"rk1cbjehlz","fr","false",834,1194,1024,1375,2,63,16.6666666666667,"",NA,"down","touchscreen",999,100,99.9999999999709,6,TRUE,1,6,8,192,-0.0625,18,0.1,1,NA,2021-07-02 03:44:15.494329,"F","012014","right","NA","NA",-0.412796346295104,-0.102653899639272,-0.03110485167827
596.999999999971,"",26,257194,"rk1cbjehlz","fr","false",834,1194,1024,1375,2,63,16.6666666666667,"",NA,"down","touchscreen",1005,100,99.9999999999709,6,TRUE,2,6,15,207,0,6,0.1,1,NA,2021-07-02 03:44:15.494329,"F","012014","right","NA","NA",-0.24476491141035,-0.121476134387858,-0.0304546694566277
678.999999999971,"",27,259952,"rk1cbjehlz","fr","false",834,1194,1024,1375,2,63,16.6666666666667,"",NA,"down","touchscreen",1008,100,99.9999999999418,6,TRUE,3,6,22,229,-0.125,6,0.15,1,NA,2021-07-02 03:44:15.494329,"F","012014","right","NA","NA",-0.10435573242922,-0.0521069830221975,-0.0205072578463055
860,"",28,262881,"rk1cbjehlz","fr","false",834,1194,1024,1375,2,63,16.6666666666667,"",NA,"down","touchscreen",1006,96,95,6,FALSE,0,6,0,229,0.0625,6,0.05,1,NA,2021-07-02 03:44:15.494329,"F","012014","right","NA","NA",0.875995363527824,0.401201432144351,0.0831520192171439
887,"",29,265849,"rk1cbjehlz","fr","false",834,1194,1024,1375,2,63,16.6666666666667,"",NA,"up","touchscreen",1007,100,99,6,FALSE,0,6,0,229,-0.1875,18,0.05,1,NA,2021-07-02 03:44:15.494329,"F","012014","right","NA","NA",-4.04839394099165,-0.711345662764294,-0.191052571794893
782,"",30,268707,"rk1cbjehlz","fr","false",834,1194,1024,1375,2,63,16.6666666666667,"",NA,"down","touchscreen",1004,100,99,6,FALSE,0,6,0,229,0,66,0.15,1,NA,2021-07-02 03:44:15.494329,"F","012014","right","NA","NA",1.48896615809786,0.182978477754649,0.0978381143012813
1897,"",31,272695,"rk1cbjehlz","fr","false",834,1194,1024,1375,2,63,16.6666666666667,"",NA,"down","touchscreen",1008,100,99,6,TRUE,1,6,1,230,-0.125,6,0.1,1,NA,2021-07-02 03:44:15.494329,"F","012014","right","NA","NA",-4.63212806555686,-0.918079457235408,-0.311572796682818
675,"",32,275436,"rk1cbjehlz","fr","false",834,1194,1024,1375,2,63,16.6666666666667,"",NA,"down","touchscreen",992,100,100,6,FALSE,0,6,0,230,0.0625,38,0.15,1,NA,2021-07-02 03:44:15.494329,"F","012014","right","NA","NA",2.46541095055507,0.38006727746901,0.180620173672628
3223,"",33,280729,"rk1cbjehlz","fr","false",834,1194,1024,1375,2,63,16.6666666666667,"",NA,"up","touchscreen",992,100,99,6,TRUE,1,6,0,230,0,38,0.15,1,NA,2021-07-02 03:44:15.494329,"F","012014","right","NA","NA",1.54036462379613,0.2486636050901,0.130297196712155
926,"",34,283725,"rk1cbjehlz","fr","false",834,1194,1024,1375,2,63,16.6666666666667,"",NA,"up","touchscreen",1005,100,99,6,TRUE,2,6,5,235,0.1875,66,0.15,1,NA,2021-07-02 03:44:15.494329,"F","012014","right","NA","NA",1.68748713825359,0.206394214785261,0.0913333820763612
666.999999999942,"",35,286471,"rk1cbjehlz","fr","false",834,1194,1024,1375,2,63,16.6666666666667,"",NA,"up","touchscreen",1006,100,98.9999999999418,6,TRUE,3,6,12,247,0.0625,66,0.2,1,NA,2021-07-02 03:44:15.494329,"F","012014","right","NA","NA",1.76856579572203,0.215858887072424,0.150181525581934
1373,"",36,289925,"rk1cbjehlz","fr","false",834,1194,1024,1375,2,63,16.6666666666667,"",NA,"up","touchscreen",1005,100,99,6,TRUE,4,6,15,262,0.0625,66,0.1,1,NA,2021-07-02 03:44:15.494329,"F","012014","right","NA","NA",0.19317943214395,0.0241403919325836,0.00770687712175509
1629,"",37,293640,"rk1cbjehlz","fr","false",834,1194,1024,1375,2,63,16.6666666666667,"",NA,"down","touchscreen",1005,100,99.0000000000582,6,FALSE,0,6,0,262,0.0625,38,0.05,1,NA,2021-07-02 03:44:15.494329,"F","012014","right","NA","NA",2.9040751936868,0.435664174849189,0.0792056624337338
483,"",38,296191,"rk1cbjehlz","fr","false",834,1194,1024,1375,2,63,16.6666666666667,"",NA,"up","touchscreen",995,100,99,6,TRUE,1,6,8,270,0.0625,66,0.15,1,NA,2021-07-02 03:44:15.494329,"F","012014","right","NA","NA",0.376930708540906,0.0470641275381058,0.0208488390327586
632,"",39,298904,"rk1cbjehlz","fr","false",834,1194,1024,1375,2,63,16.6666666666667,"",NA,"up","touchscreen",1006,101,100,6,FALSE,0,6,0,270,-0.125,66,0.15,1,NA,2021-07-02 03:44:15.494329,"F","012014","right","NA","NA",-3.12669519587059,-0.3640217540552,-0.191919292750631
1072,"",40,302052,"rk1cbjehlz","fr","false",834,1194,1024,1375,2,63,16.6666666666667,"",NA,"down","touchscreen",1006,100,100,6,FALSE,0,6,0,270,0,6,0.05,1,NA,2021-07-02 03:44:15.494329,"F","012014","right","NA","NA",1.41700124402628,0.578108232582548,0.11474301974203
209,"",41,304337,"rk1cbjehlz","fr","false",834,1194,1024,1375,2,63,16.6666666666667,"",NA,"up","touchscreen",1001,100,99,6,TRUE,1,6,9,279,-0.1875,18,0.15,1,NA,2021-07-02 03:44:15.494329,"F","012014","right","NA","NA",0.338112525766125,0.0842277631252923,0.0344223185707022
624,"",42,307046,"rk1cbjehlz","fr","false",834,1194,1024,1375,2,63,16.6666666666667,"",NA,"up","touchscreen",1008,100,99,6,FALSE,0,6,0,279,-0.1875,66,0.2,1,NA,2021-07-02 03:44:15.494329,"F","012014","right","NA","NA",-1.73381058055911,-0.211809034788656,-0.140330626202747
210,"",43,309342,"rk1cbjehlz","fr","false",834,1194,1024,1375,2,63,16.6666666666667,"",NA,"down","touchscreen",1005,92,91,5,TRUE,1,6,9,288,-0.125,18,0.2,1,NA,2021-07-02 03:44:15.494329,"F","012014","right","NA","NA",-1.31553892058529,-0.312421895394507,-0.125465726915929
2342,"",44,313740,"rk1cbjehlz","fr","false",834,1194,1024,1375,2,63,16.6666666666667,"",NA,"up","touchscreen",992,100,99,6,TRUE,2,6,9,297,0.1875,18,0.15,1,NA,2021-07-02 03:44:15.494329,"F","012014","right","NA","NA",3.129711767474,0.616219973082902,0.410464131840523
1532,"",45,317363,"rk1cbjehlz","fr","false",834,1194,1024,1375,2,63,16.6666666666667,"",NA,"down","touchscreen",1008,100,99,6,TRUE,3,6,11,308,-0.0625,6,0.05,1,NA,2021-07-02 03:44:15.494329,"F","012014","right","NA","NA",-0.702257603511742,-0.331299080590368,-0.035489176960797
2162.00000000006,"",46,321600,"rk1cbjehlz","fr","false",834,1194,1024,1375,2,63,16.6666666666667,"",NA,"down","touchscreen",1003,100,99,6,FALSE,0,6,0,308,0.1875,38,0.15,1,NA,2021-07-02 03:44:15.494329,"F","012014","right","NA","NA",2.29316826350932,0.357008511390733,0.156570167735845
788.999999999942,"",47,324465,"rk1cbjehlz","fr","false",834,1194,1024,1375,2,63,16.6666666666667,"",NA,"up","touchscreen",999,100,98.9999999999418,6,FALSE,0,6,0,308,-0.1875,6,0.15,1,NA,2021-07-02 03:44:15.494329,"F","012014","right","NA","NA",-0.25937719522701,-0.128611540263149,-0.0366901354765089
404,"",48,326953,"rk1cbjehlz","fr","false",834,1194,1024,1375,2,63,16.6666666666667,"",NA,"down","touchscreen",1005,100,99,6,FALSE,0,6,0,308,0.125,6,0.2,1,NA,2021-07-02 03:44:15.494329,"F","012014","right","NA","NA",1.79754512966869,0.668460211684971,0.392762760373502
139,"",49,329166,"rk1cbjehlz","fr","false",834,1194,1024,1375,2,63,16.6666666666667,"",NA,"up","touchscreen",1004,105,104,6,TRUE,1,6,9,317,0.1875,6,0.1,1,NA,2021-07-02 03:44:15.494329,"F","012014","right","NA","NA",1.14002312673089,0.495210626404034,0.188001121733038
762,"",50,332004,"rk1cbjehlz","fr","false",834,1194,1024,1375,2,63,16.6666666666667,"",NA,"up","touchscreen",1003,100,99,6,TRUE,2,6,15,332,0.125,18,0.05,1,NA,2021-07-02 03:44:15.494329,"F","012014","right","NA","NA",1.05163368781569,0.254267645295992,0.0261036534734759
1887,"",51,335957,"rk1cbjehlz","fr","false",834,1194,1024,1375,2,63,16.6666666666667,"",NA,"up","touchscreen",997,100,99,6,TRUE,3,6,16,348,0.1875,38,0.2,1,NA,2021-07-02 03:44:15.494329,"F","012014","right","NA","NA",1.46214022891963,0.236761400429457,0.148714151847892
2428,"",52,340461,"rk1cbjehlz","fr","false",834,1194,1024,1375,2,63,16.6666666666667,"",NA,"down","touchscreen",1004,100,99,6,TRUE,4,6,16,364,-0.0625,6,0.2,1,NA,2021-07-02 03:44:15.494329,"F","012014","right","NA","NA",-0.478851256889857,-0.232844755861096,-0.150135460698142
873,"",53,343422,"rk1cbjehlz","fr","false",834,1194,1024,1375,2,63,16.6666666666667,"",NA,"down","touchscreen",1003,99,100,6,FALSE,0,6,0,364,0,18,0.1,1,NA,2021-07-02 03:44:15.494329,"F","012014","right","NA","NA",0.622043289709995,0.153663848600238,0.0458640933240023
683,"",54,346185,"rk1cbjehlz","fr","false",834,1194,1024,1375,2,63,16.6666666666667,"",NA,"up","touchscreen",1006,100,100,6,FALSE,0,6,0,364,-0.125,18,0.1,1,NA,2021-07-02 03:44:15.494329,"F","012014","right","NA","NA",-1.92028621969699,-0.432783494204543,-0.149647146617867
15935,"",55,364200,"rk1cbjehlz","fr","false",834,1194,1024,1375,2,63,16.6666666666667,"",NA,"down","touchscreen",1003,100,99.0000000000582,6,TRUE,1,6,0,364,-0.0625,18,0.2,1,NA,2021-07-02 03:44:15.494329,"F","012014","right","NA","NA",-2.59689588210506,-0.544530703417942,-0.367646611171788
2144.99999999994,"",56,368397,"rk1cbjehlz","fr","false",834,1194,1024,1375,2,63,16.6666666666667,"",NA,"up","touchscreen",992,100,98.9999999999418,6,TRUE,2,6,0,364,0.125,38,0.2,1,NA,2021-07-02 03:44:15.494329,"F","012014","right","NA","NA",2.69834256483788,0.410155157560537,0.294522389216061
1040,"",57,371508,"rk1cbjehlz","fr","false",834,1194,1024,1375,2,63,16.6666666666667,"",NA,"up","touchscreen",1003,100,100,6,FALSE,0,6,0,364,-0.125,38,0.2,1,NA,2021-07-02 03:44:15.494329,"F","012014","right","NA","NA",-1.60882571203737,-0.258988846799928,-0.151352985590372
1420.00000000006,"",58,375009,"rk1cbjehlz","fr","false",834,1194,1024,1375,2,63,16.6666666666667,"",NA,"down","touchscreen",1003,100,99,6,FALSE,0,6,0,364,0.1875,38,0.1,1,NA,2021-07-02 03:44:15.494329,"F","012014","right","NA","NA",4.16646912727968,0.570377565121842,0.219386085219565
410,"",59,377497,"rk1cbjehlz","fr","false",834,1194,1024,1375,2,63,16.6666666666667,"",NA,"up","touchscreen",1006,100,99,6,TRUE,1,6,8,372,0.1875,6,0.15,1,NA,2021-07-02 03:44:15.494329,"F","012014","right","NA","NA",2.9810513821382,0.83042258624587,0.327801623950962
926,"",60,380502,"rk1cbjehlz","fr","false",834,1194,1024,1375,2,63,16.6666666666667,"",NA,"up","touchscreen",1004,100,99,6,FALSE,0,6,0,372,-0.0625,66,0.1,1,NA,2021-07-02 03:44:15.494329,"F","012014","right","NA","NA",-4.30171240114754,-0.47358937333089,-0.164497507701766
1437.00000000006,"",61,384021,"rk1cbjehlz","fr","false",834,1194,1024,1375,2,63,16.6666666666667,"",NA,"down","touchscreen",1008,100,99,6,FALSE,0,6,0,372,0.1875,66,0.1,1,NA,2021-07-02 03:44:15.494329,"F","012014","right","NA","NA",3.76121762154489,0.425473954089151,0.162787388498181
829,"",62,386930,"rk1cbjehlz","fr","false",834,1194,1024,1375,2,63,16.6666666666667,"",NA,"up","touchscreen",1008,101,100,6,FALSE,0,6,0,372,-0.1875,66,0.1,1,NA,2021-07-02 03:44:15.494329,"F","012014","right","NA","NA",-5.01882267153435,-0.531431415371153,-0.185651991081315
1086.00000000006,"",63,390097,"rk1cbjehlz","fr","false",834,1194,1024,1375,2,63,16.6666666666667,"",NA,"up","touchscreen",1004,100,100,6,TRUE,1,6,5,377,0.1875,66,0.2,1,NA,2021-07-02 03:44:15.494329,"F","012014","right","NA","NA",1.16262955760936,0.143817882545037,0.0988225435446138
1571.00000000006,"",64,393733,"rk1cbjehlz","fr","false",834,1194,1024,1375,2,63,16.6666666666667,"",NA,"up","touchscreen",992,101,99,6,TRUE,2,6,7,384,-0.125,6,0.2,1,NA,2021-07-02 03:44:15.494329,"F","012014","right","NA","NA",0.542586366452281,0.261828930496265,0.137846423805038
1570,"",65,397385,"rk1cbjehlz","fr","false",834,1194,1024,1375,2,63,16.6666666666667,"",NA,"up","touchscreen",1005,100,99,6,FALSE,0,6,0,384,-0.0625,38,0.15,1,NA,2021-07-02 03:44:15.494329,"F","012014","right","NA","NA",-0.642202329663052,-0.106425838879527,-0.043891536189222
4938,"",66,404403,"rk1cbjehlz","fr","false",834,1194,1024,1375,2,63,16.6666666666667,"",NA,"down","touchscreen",1008,100,100,6,TRUE,1,6,0,384,-0.125,18,0.15,1,NA,2021-07-02 03:44:15.494329,"F","012014","right","NA","NA",-0.933056368262572,-0.227165665770193,-0.105352216762297
4806,"",67,411288,"rk1cbjehlz","fr","false",834,1194,1024,1375,2,63,16.6666666666667,"",NA,"down","touchscreen",1008,100,99,6,FALSE,0,6,0,384,0.125,6,0.15,1,NA,2021-07-02 03:44:15.494329,"F","012014","right","NA","NA",0.763054516355724,0.356464325919781,0.143101713967568
841,"",68,414216,"rk1cbjehlz","fr","false",834,1194,1024,1375,2,63,16.6666666666667,"",NA,"up","touchscreen",1004,101,100,6,TRUE,1,6,6,390,-0.0625,18,0.15,1,NA,2021-07-02 03:44:15.494329,"F","012014","right","NA","NA",0.209480838789162,0.0522985407988636,0.0301790761398364
1591.99999999994,"",69,417884,"rk1cbjehlz","fr","false",834,1194,1024,1375,2,63,16.6666666666667,"",NA,"up","touchscreen",1003,100,98.9999999999418,6,FALSE,0,6,0,390,-0.1875,66,0.15,1,NA,2021-07-02 03:44:15.494329,"F","012014","right","NA","NA",-1.77523408294951,-0.216634644308321,-0.110282117025136
980,"",70,420928,"rk1cbjehlz","fr","false",834,1194,1024,1375,2,63,16.6666666666667,"",NA,"up","touchscreen",992,100,99.0000000000582,6,TRUE,1,6,5,395,-0.0625,66,0.2,1,NA,2021-07-02 03:44:15.494329,"F","012014","right","NA","NA",0.758987724252544,0.0944493496655029,0.059454201372831
1802,"",71,424810,"rk1cbjehlz","fr","false",834,1194,1024,1375,2,63,16.6666666666667,"",NA,"down","touchscreen",1003,100,98,6,FALSE,0,6,0,395,-0.0625,66,0.15,1,NA,2021-07-02 03:44:15.494329,"F","012014","right","NA","NA",0.221302625358975,0.027652249999026,0.0150385818324312
689,"",72,427577,"rk1cbjehlz","fr","false",834,1194,1024,1375,2,63,16.6666666666667,"",NA,"up","touchscreen",1008,100,99,6,TRUE,1,6,7,402,0.0625,38,0.1,1,NA,2021-07-02 03:44:15.494329,"F","012014","right","NA","NA",1.49497635632418,0.241770905145448,0.0830676546628434
1561.99999999994,"",73,431222,"rk1cbjehlz","fr","false",834,1194,1024,1375,2,63,16.6666666666667,"",NA,"up","touchscreen",1008,100,98.9999999999418,6,TRUE,2,6,9,411,0.1875,66,0.05,1,NA,2021-07-02 03:44:15.494329,"F","012014","right","NA","NA",10.5649958981882,0.797229593994588,0.199398258341945
1511,"",74,434798,"rk1cbjehlz","fr","false",834,1194,1024,1375,2,63,16.6666666666667,"",NA,"down","touchscreen",993,100,99.0000000000582,6,FALSE,0,6,0,411,0.1875,6,0.2,1,NA,2021-07-02 03:44:15.494329,"F","012014","right","NA","NA",1.20362399030607,0.515636866076371,0.287309189003581
979,"",75,437855,"rk1cbjehlz","fr","false",834,1194,1024,1375,2,63,16.6666666666667,"",NA,"up","touchscreen",1006,100,99,6,TRUE,1,6,5,416,0.0625,66,0.05,1,NA,2021-07-02 03:44:15.494329,"F","012014","right","NA","NA",1.5395227781096,0.188973011243154,0.0301010161293679
1294,"",76,441213,"rk1cbjehlz","fr","false",834,1194,1024,1375,2,63,16.6666666666667,"",NA,"up","touchscreen",992,100,99,6,TRUE,2,6,9,425,0.125,66,0.2,1,NA,2021-07-02 03:44:15.494329,"F","012014","right","NA","NA",1.15306226746712,0.142658587173472,0.0891787533582935
1741,"",77,445029,"rk1cbjehlz","fr","false",834,1194,1024,1375,2,63,16.6666666666667,"",NA,"up","touchscreen",1004,100,99,6,TRUE,3,6,10,435,0.125,18,0.2,1,NA,2021-07-02 03:44:15.494329,"F","012014","right","NA","NA",1.20843424045825,0.289199145920228,0.144675530294419
855,"",78,447958,"rk1cbjehlz","fr","false",834,1194,1024,1375,2,63,16.6666666666667,"",NA,"up","touchscreen",1006,99,100,6,FALSE,0,6,0,435,0,18,0.2,1,NA,2021-07-02 03:44:15.494329,"F","012014","right","NA","NA",-0.923301867738487,-0.224911531176091,-0.160802322595523
2588,"",79,452630,"rk1cbjehlz","fr","false",834,1194,1024,1375,2,63,16.6666666666667,"",NA,"down","touchscreen",1006,100,99.0000000000582,6,FALSE,0,6,0,435,0,38,0.2,1,NA,2021-07-02 03:44:15.494329,"F","012014","right","NA","NA",0.297830310181026,0.0495773440816798,0.0348194238439065
969.999999999942,"",80,455660,"rk1cbjehlz","fr","false",834,1194,1024,1375,2,63,16.6666666666667,"",NA,"up","touchscreen",993,100,98.9999999999418,6,TRUE,1,6,5,440,0.125,38,0.15,1,NA,2021-07-02 03:44:15.494329,"F","012014","right","NA","NA",2.41603422381163,0.373526712371167,0.191954012272957
821,"",81,458547,"rk1cbjehlz","fr","false",834,1194,1024,1375,2,63,16.6666666666667,"",NA,"up","touchscreen",993,100,99,6,FALSE,0,6,0,440,-0.125,6,0.05,1,NA,2021-07-02 03:44:15.494329,"F","012014","right","NA","NA",-0.839069272855262,-0.386867673232379,-0.0202451922802473
1370,"",82,461991,"rk1cbjehlz","fr","false",834,1194,1024,1375,2,63,16.6666666666667,"",NA,"down","touchscreen",1003,100,98.9999999999418,6,FALSE,0,6,0,440,0.1875,38,0.05,1,NA,2021-07-02 03:44:15.494329,"F","012014","right","NA","NA",6.75135408601215,0.747475485457467,0.192868474822695
1297,"",83,465348,"rk1cbjehlz","fr","false",834,1194,1024,1375,2,63,16.6666666666667,"",NA,"up","touchscreen",992,100,100,6,FALSE,0,6,0,440,-0.125,38,0.1,1,NA,2021-07-02 03:44:15.494329,"F","012014","right","NA","NA",-3.37714788715715,-0.490498199966057,-0.17878935572077
3163.00000000006,"",84,470586,"rk1cbjehlz","fr","false",834,1194,1024,1375,2,63,16.6666666666667,"",NA,"up","touchscreen",1004,100,99,6,TRUE,1,6,0,440,0.0625,6,0.15,1,NA,2021-07-02 03:44:15.494329,"F","012014","right","NA","NA",0.0927558467034575,0.0463281262585058,0.0204993045262643
645,"",85,473312,"rk1cbjehlz","fr","false",834,1194,1024,1375,2,63,16.6666666666667,"",NA,"up","touchscreen",1006,100,100,6,TRUE,2,6,7,447,0,38,0.05,1,NA,2021-07-02 03:44:15.494329,"F","012014","right","NA","NA",0.0690338306236414,0.0115048769563027,0.00220216474733635
512,"",86,475897,"rk1cbjehlz","fr","false",834,1194,1024,1375,2,63,16.6666666666667,"",NA,"up","touchscreen",1002,99,100,6,FALSE,0,6,0,447,-0.0625,38,0.05,1,NA,2021-07-02 03:44:15.494329,"F","012014","right","NA","NA",-1.02790814029685,-0.168857964208756,-0.0302725111652563
7149,"",87,485119,"rk1cbjehlz","fr","false",834,1194,1024,1375,2,63,16.6666666666667,"",NA,"up","touchscreen",1004,100,99,6,TRUE,1,6,0,447,-0.0625,6,0.15,1,NA,2021-07-02 03:44:15.494329,"F","012014","right","NA","NA",0.0407033272456155,0.0203474502016935,0.00537836064321509
1561,"",88,488726,"rk1cbjehlz","fr","false",834,1194,1024,1375,2,63,16.6666666666667,"",NA,"up","touchscreen",992,100,99.0000000000582,6,FALSE,0,6,0,447,-0.1875,6,0.2,1,NA,2021-07-02 03:44:15.494329,"F","012014","right","NA","NA",-0.59768639910211,-0.286330873970033,-0.162489858401433
1425,"",89,492225,"rk1cbjehlz","fr","false",834,1194,1024,1375,2,63,16.6666666666667,"",NA,"up","touchscreen",1006,100,99,6,FALSE,0,6,0,447,0,18,0.05,1,NA,2021-07-02 03:44:15.494329,"F","012014","right","NA","NA",-2.19428273785469,-0.480956352085101,-0.0431363599467346
1507.99999999994,"",90,495811,"rk1cbjehlz","fr","false",834,1194,1024,1375,2,63,16.6666666666667,"",NA,"down","touchscreen",1008,100,98.9999999999418,6,TRUE,1,6,2,449,-0.0625,6,0.1,1,NA,2021-07-02 03:44:15.494329,"F","012014","right","NA","NA",-2.94653493339832,-0.82740197582992,-0.267652865453992
4092.00000000006,"",91,501980,"rk1cbjehlz","fr","false",834,1194,1024,1375,2,63,16.6666666666667,"",NA,"up","touchscreen",1006,99,98,6,TRUE,2,6,2,451,0,66,0.05,1,NA,2021-07-02 03:44:15.494329,"F","012014","right","NA","NA",0.757683732814062,0.0942885232608779,0.0154879124946075
1190,"",92,505247,"rk1cbjehlz","fr","false",834,1194,1024,1375,2,63,16.6666666666667,"",NA,"up","touchscreen",1006,100,100,6,TRUE,3,6,6,457,0.125,6,0.05,1,NA,2021-07-02 03:44:15.494329,"F","012014","right","NA","NA",1.56896751507103,0.617222759619038,0.110653329789944
809.000000000058,"",93,508116,"rk1cbjehlz","fr","false",834,1194,1024,1375,2,63,16.6666666666667,"",NA,"up","touchscreen",992,100,99,6,TRUE,4,6,12,469,0.0625,6,0.1,1,NA,2021-07-02 03:44:15.494329,"F","012014","right","NA","NA",1.09652173640185,0.480747514568729,0.132037309841527
656,"",94,510850,"rk1cbjehlz","fr","false",834,1194,1024,1375,2,63,16.6666666666667,"",NA,"up","touchscreen",1003,100,99,6,FALSE,0,6,0,469,-0.125,66,0.05,1,NA,2021-07-02 03:44:15.494329,"F","012014","right","NA","NA",-5.86862103444363,-0.591491749149511,-0.131946059173908
1241.99999999994,"",95,514172,"rk1cbjehlz","fr","false",834,1194,1024,1375,2,63,16.6666666666667,"",NA,"down","touchscreen",1004,99,98.9999999999418,6,TRUE,1,6,4,473,-0.0625,66,0.05,1,NA,2021-07-02 03:44:15.494329,"F","012014","right","NA","NA",-3.47972806827588,-0.398867548337318,-0.0683583016104328
1115,"",96,517359,"rk1cbjehlz","fr","false",834,1194,1024,1375,2,63,16.6666666666667,"",NA,"up","touchscreen",1003,100,99.0000000000582,6,FALSE,0,6,0,473,-0.1875,38,0.2,1,NA,2021-07-02 03:44:15.494329,"F","012014","right","NA","NA",-0.198529790828158,-0.0330702002091395,-0.0231219150282866
1803.99999999994,"",97,521239,"rk1cbjehlz","fr","false",834,1194,1024,1375,2,63,16.6666666666667,"",NA,"down","touchscreen",1004,100,100,6,FALSE,0,6,0,473,0.1875,6,0.05,1,NA,2021-07-02 03:44:15.494329,"F","012014","right","NA","NA",7.83512742720245,0.968931287066189,0.162169263790625
728.999999999942,"",98,524025,"rk1cbjehlz","fr","false",834,1194,1024,1375,2,63,16.6666666666667,"",NA,"up","touchscreen",993,100,98.9999999999418,6,FALSE,0,6,0,473,-0.1875,66,0.05,1,NA,2021-07-02 03:44:15.494329,"F","012014","right","NA","NA",-9.45319477014483,-0.76334077617007,-0.186446007384441
1394,"",99,527501,"rk1cbjehlz","fr","false",834,1194,1024,1375,2,63,16.6666666666667,"",NA,"up","touchscreen",1007,99,98,6,TRUE,1,6,3,476,0.125,38,0.1,1,NA,2021-07-02 03:44:15.494329,"F","012014","right","NA","NA",1.6834886350398,0.270149007638694,0.0780551926975825
4513,"",100,534091,"rk1cbjehlz","fr","false",834,1194,1024,1375,2,63,16.6666666666667,"",NA,"up","touchscreen",1007,99,98,6,TRUE,2,6,3,479,-0.0625,38,0.2,1,NA,2021-07-02 03:44:15.494329,"F","012014","right","NA","NA",0.267853702240592,0.0445978655363585,0.0269972270004467
569,"",101,536736,"rk1cbjehlz","fr","false",834,1194,1024,1375,2,63,16.6666666666667,"",NA,"up","touchscreen",1002,101,100,6,TRUE,3,6,10,489,0.125,38,0.05,1,NA,2021-07-02 03:44:15.494329,"F","012014","right","NA","NA",3.37233783493636,0.489967391914728,0.108440739762491
1014,"",102,539821,"rk1cbjehlz","fr","false",834,1194,1024,1375,2,63,16.6666666666667,"",NA,"up","touchscreen",1003,100,100.000000000116,6,TRUE,4,6,15,504,0.125,18,0.1,1,NA,2021-07-02 03:44:15.494329,"F","012014","right","NA","NA",0.095319725850164,0.0238231682432913,0.0077297507097462
1753,"",103,543655,"rk1cbjehlz","fr","false",834,1194,1024,1375,2,63,16.6666666666667,"",NA,"up","touchscreen",1003,100,99,6,FALSE,0,6,0,504,0.0625,18,0.2,1,NA,2021-07-02 03:44:15.494329,"F","012014","right","NA","NA",-0.368716776478865,-0.091790048815323,-0.0698991413145955
1955,"",104,547703,"rk1cbjehlz","fr","false",834,1194,1024,1375,2,63,16.6666666666667,"",NA,"down","touchscreen",1005,100,99,6,TRUE,1,6,0,504,-0.1875,18,0.1,1,NA,2021-07-02 03:44:15.494329,"F","012014","right","NA","NA",-0.857624184008378,-0.209641579623772,-0.0784671525018621
1387,"",105,551169,"rk1cbjehlz","fr","false",834,1194,1024,1375,2,63,16.6666666666667,"",NA,"down","touchscreen",1003,100,99.0000000001164,6,FALSE,0,6,0,504,0.125,18,0.15,1,NA,2021-07-02 03:44:15.494329,"F","012014","right","NA","NA",0.142118689011655,0.0355072678863441,0.0179091899585718
904,"",106,554139,"rk1cbjehlz","fr","false",834,1194,1024,1375,2,63,16.6666666666667,"",NA,"down","touchscreen",992,100,100,6,TRUE,1,6,5,509,-0.125,66,0.1,1,NA,2021-07-02 03:44:15.494329,"F","012014","right","NA","NA",-2.15016890561378,-0.259559548950928,-0.0955522492441006
3078.00000000012,"",107,559277,"rk1cbjehlz","fr","false",834,1194,1024,1375,2,63,16.6666666666667,"",NA,"up","touchscreen",992,99,99,6,TRUE,2,6,5,514,0.125,66,0.1,1,NA,2021-07-02 03:44:15.494329,"F","012014","right","NA","NA",2.65121629265635,0.314577364238192,0.0977402535890097
3755,"",108,565116,"rk1cbjehlz","fr","false",834,1194,1024,1375,2,63,16.6666666666667,"",NA,"up","touchscreen",1007,100,99,6,FALSE,0,6,0,514,-0.1875,6,0.1,1,NA,2021-07-02 03:44:15.494329,"F","012014","right","NA","NA",-0.742150571644197,-0.347895450506335,-0.108700574933336
164.999999999884,"",109,567366,"rk1cbjehlz","fr","false",834,1194,1024,1375,2,63,16.6666666666667,"",NA,"down","touchscreen",1005,98,96.9999999998836,6,TRUE,1,6,9,523,0,18,0.15,1,NA,2021-07-02 03:44:15.494329,"F","012014","right","NA","NA",-0.257891930001109,-0.0643393992781289,-0.0326645733888771
1120,"",110,570579,"rk1cbjehlz","fr","false",834,1194,1024,1375,2,63,16.6666666666667,"",NA,"up","touchscreen",1006,100,99,6,FALSE,0,6,0,523,0,6,0.15,1,NA,2021-07-02 03:44:15.494329,"F","012014","right","NA","NA",-3.24080825731912,-0.85099466296255,-0.306971123514994
1870,"",111,574526,"rk1cbjehlz","fr","false",834,1194,1024,1375,2,63,16.6666666666667,"",NA,"down","touchscreen",1003,99,99,6,FALSE,0,6,0,523,0.125,66,0.05,1,NA,2021-07-02 03:44:15.494329,"F","012014","right","NA","NA",4.51082407709144,0.491156273067919,0.104358530371493
1700,"",112,578302,"rk1cbjehlz","fr","false",834,1194,1024,1375,2,63,16.6666666666667,"",NA,"up","touchscreen",1002,100,99,6,FALSE,0,6,0,523,-0.125,66,0.2,1,NA,2021-07-02 03:44:15.494329,"F","012014","right","NA","NA",-3.07006604226446,-0.358281873795931,-0.229550311201865
1428,"",113,581810,"rk1cbjehlz","fr","false",834,1194,1024,1375,2,63,16.6666666666667,"",NA,"down","touchscreen",1007,100,99,6,FALSE,0,6,0,523,0.125,66,0.15,1,NA,2021-07-02 03:44:15.494329,"F","012014","right","NA","NA",1.87819090873545,0.228559392569935,0.117720757495894
3721.40000000002,"",2,161919,"us0m5dtdap","fr","false",800,1280,980,919,2,60,16.6666666666667,"",NA,"up","touchscreen",999.341,99.0529999999999,93.8000000001048,6,TRUE,1,1,0,0,0,18,0.05,1,NA,2021-07-01 02:06:51.698798,"F","7","right","NA","NA",0.150070901240012,0.0374913485577736,0.00559066208540666
2362.20000000003,"",3,166315,"us0m5dtdap","fr","false",800,1280,980,919,2,60,16.6666666666667,"",NA,"up","touchscreen",999.858999999997,98.6119999999937,95.5000000000146,6,FALSE,0,1,0,0,-0.0625,6,0.15,1,NA,2021-07-01 02:06:51.698798,"F","7","right","NA","NA",-0.619186944276431,-0.295744455800115,-0.140662607434342
1707.60000000006,"",4,170054,"us0m5dtdap","fr","false",800,1280,980,919,2,60,16.6666666666667,"",NA,"up","touchscreen",998.337,99.8759999999893,96.3000000000466,6,TRUE,1,1,1,1,0.125,38,0.15,1,NA,2021-07-01 02:06:51.698798,"F","7","right","NA","NA",2.53348816693447,0.388992213261193,0.227877849328422
1474.89999999994,"",5,173565,"us0m5dtdap","fr","false",800,1280,980,919,2,60,16.6666666666667,"",NA,"up","touchscreen",999.464000000007,98.929999999993,95.8999999999069,6,TRUE,2,2,4,5,0.1875,18,0.05,1,NA,2021-07-01 02:06:51.698798,"F","7","right","NA","NA",5.10913588443594,0.787389361279298,0.191860843902438
2658.59999999998,"",6,178259,"us0m5dtdap","fr","false",800,1280,980,919,2,60,16.6666666666667,"",NA,"up","touchscreen",998.534999999989,99.8960000000079,96.800000000032,6,TRUE,3,3,4,9,-0.125,6,0.1,1,NA,2021-07-01 02:06:51.698798,"F","7","right","NA","NA",0.101103005450604,0.0504870352261052,0.00981116654595008
1833.20000000004,"",7,182125,"us0m5dtdap","fr","false",800,1280,980,919,2,60,16.6666666666667,"",NA,"up","touchscreen",997.744000000006,100.600000000006,98.5000000000582,6,TRUE,4,4,5,14,0,38,0.1,1,NA,2021-07-01 02:06:51.698798,"F","7","right","NA","NA",1.41387498741493,0.229363699518958,0.0693155397377582
1321.80000000006,"",8,185477,"us0m5dtdap","fr","false",800,1280,980,919,2,60,16.6666666666667,"",NA,"up","touchscreen",998.557000000001,99.8420000000042,95.7000000000844,6,TRUE,5,5,8,22,0.1875,66,0.1,1,NA,2021-07-01 02:06:51.698798,"F","7","right","NA","NA",5.93830270717194,0.596029387543868,0.222671613552946
1779.40000000001,"",9,189294,"us0m5dtdap","fr","false",800,1280,980,919,2,60,16.6666666666667,"",NA,"up","touchscreen",998.536999999997,99.869000000006,99.1000000000204,6,TRUE,6,6,9,31,-0.0625,66,0.15,1,NA,2021-07-01 02:06:51.698798,"F","7","right","NA","NA",0.534549611929466,0.0666700350969875,0.03316175799779
1161.20000000001,"",10,192493,"us0m5dtdap","fr","false",800,1280,980,919,2,60,16.6666666666667,"",NA,"up","touchscreen",998.498999999996,99.8940000000002,95.1000000000058,6,TRUE,7,7,13,44,0.1875,66,0.15,1,NA,2021-07-01 02:06:51.698798,"F","7","right","NA","NA",2.99250507731714,0.350354021747438,0.19849995774634
2305.60000000002,"",11,196832,"us0m5dtdap","fr","false",800,1280,980,919,2,60,16.6666666666667,"",NA,"down","touchscreen",999.337,98.9250000000029,95.4000000000378,6,TRUE,8,8,13,57,-0.0625,6,0.2,1,NA,2021-07-01 02:06:51.698798,"F","7","right","NA","NA",-0.0370490074127701,-0.0185213261154121,-0.00650448533229961
1657.50000000003,"",12,200527,"us0m5dtdap","fr","false",800,1280,980,919,2,60,16.6666666666667,"",NA,"up","touchscreen",999.52900000001,98.8980000000156,95.1000000000058,6,TRUE,9,9,15,72,0.1875,18,0.2,1,NA,2021-07-01 02:06:51.698798,"F","7","right","NA","NA",2.65488395697508,0.552999920390764,0.331100237700208
2426.79999999993,"",13,204992,"us0m5dtdap","fr","false",800,1280,980,919,2,60,16.6666666666667,"",NA,"up","touchscreen",1000.05499999999,98.1659999999974,95,6,TRUE,10,10,15,87,0.1875,18,0.1,1,NA,2021-07-01 02:06:51.698798,"F","7","right","NA","NA",3.74385199311227,0.68334365853089,0.272855842444709
2752.3000000001,"",14,209778,"us0m5dtdap","fr","false",800,1280,980,919,2,60,16.6666666666667,"",NA,"down","touchscreen",999.559000000008,98.7639999999956,95.6000000001222,6,TRUE,11,11,15,102,-0.125,6,0.2,1,NA,2021-07-01 02:06:51.698798,"F","7","right","NA","NA",-0.284205733659228,-0.140689479243386,-0.0438986838652669
1525.00000000009,"",15,213342,"us0m5dtdap","fr","false",800,1280,980,919,2,60,16.6666666666667,"",NA,"up","touchscreen",998.347999999998,99.8539999999921,96.2999999999302,6,TRUE,12,12,17,119,0.125,18,0.1,1,NA,2021-07-01 02:06:51.698798,"F","7","right","NA","NA",1.37391291990084,0.324849890370383,0.141084869004628
2230.49999999988,"",16,217609,"us0m5dtdap","fr","false",800,1280,980,919,2,60,16.6666666666667,"",NA,"up","touchscreen",998.714000000007,99.7829999999958,96.7000000000407,6,FALSE,0,12,0,119,0.1875,6,0.2,1,NA,2021-07-01 02:06:51.698798,"F","7","right","NA","NA",-0.226169547707363,-0.112368562418313,-0.0902120809088348
3753.69999999998,"",17,223392,"us0m5dtdap","fr","false",800,1280,980,919,2,60,16.6666666666667,"",NA,"down","touchscreen",998.758000000002,99.5869999999995,96,6,TRUE,1,12,0,119,-0.125,18,0.15,1,NA,2021-07-01 02:06:51.698798,"F","7","right","NA","NA",-0.967903471537619,-0.235188396922022,-0.115801025433719
2064.8000000001,"",18,227497,"us0m5dtdap","fr","false",800,1280,980,919,2,60,16.6666666666667,"",NA,"down","touchscreen",998.360000000015,99.8930000000109,97.600000000064,6,TRUE,2,12,0,119,-0.1875,6,0.05,1,NA,2021-07-01 02:06:51.698798,"F","7","right","NA","NA",-3.46994612019631,-0.866389993095634,-0.185936187670448
3118.50000000003,"",19,232646,"us0m5dtdap","fr","false",800,1280,980,919,2,60,16.6666666666667,"",NA,"down","touchscreen",998.510000000009,99.8299999999872,96.7000000000407,6,TRUE,3,12,0,119,0.0625,38,0.1,1,NA,2021-07-01 02:06:51.698798,"F","7","right","NA","NA",-1.35120815812222,-0.219699165511156,-0.0714344503394913
1796.00000000006,"",20,236480,"us0m5dtdap","fr","false",800,1280,980,919,2,60,16.6666666666667,"",NA,"up","touchscreen",1000.39000000001,98.1959999999963,94.0000000000582,6,TRUE,4,12,1,120,0.0625,66,0.15,1,NA,2021-07-01 02:06:51.698798,"F","7","right","NA","NA",1.28688807442255,0.158819307659205,0.0870191938498745
2177.40000000002,"",21,240688,"us0m5dtdap","fr","false",800,1280,980,919,2,60,16.6666666666667,"",NA,"down","touchscreen",998.521999999997,99.8919999999925,95.6000000000931,6,TRUE,5,12,1,121,-0.0625,38,0.1,1,NA,2021-07-01 02:06:51.698798,"F","7","right","NA","NA",-2.56973164983839,-0.39369964951659,-0.133087331744796
1353.0999999998,"",22,244076,"us0m5dtdap","fr","false",800,1280,980,919,2,60,16.6666666666667,"",NA,"up","touchscreen",998.430999999982,99.8710000000137,96.4000000001397,6,TRUE,6,12,4,125,0.125,6,0.2,1,NA,2021-07-01 02:06:51.698798,"F","7","right","NA","NA",0.0925138205352912,0.0462075015475991,0.0369638872344855
1241.40000000011,"",23,247359,"us0m5dtdap","fr","false",800,1280,980,919,2,60,16.6666666666667,"",NA,"up","touchscreen",998.406000000017,99.8929999999818,95.5000000001164,6,TRUE,7,12,8,133,0.125,38,0.05,1,NA,2021-07-01 02:06:51.698798,"F","7","right","NA","NA",3.59495970858277,0.513965802331161,0.0986694446401494
1655.99999999994,"",24,251052,"us0m5dtdap","fr","false",800,1280,980,919,2,60,16.6666666666667,"",NA,"down","touchscreen",998.400999999983,99.9159999999974,95.1999999999825,6,TRUE,8,12,10,143,-0.125,38,0.05,1,NA,2021-07-01 02:06:51.698798,"F","7","right","NA","NA",-3.92272052624109,-0.547214534914465,-0.0977472164906427
1434.99999999994,"",25,254528,"us0m5dtdap","fr","false",800,1280,980,919,2,60,16.6666666666667,"",NA,"up","touchscreen",998.398000000016,99.9229999999807,95.3999999999069,6,TRUE,9,12,13,156,0.125,66,0.2,1,NA,2021-07-01 02:06:51.698798,"F","7","right","NA","NA",0.796957691180755,0.0991290431316992,0.0675618568627459
2008.7000000001,"",26,258578,"us0m5dtdap","fr","false",800,1280,980,919,2,60,16.6666666666667,"",NA,"down","touchscreen",998.532999999996,99.9229999999807,96.2999999999302,6,FALSE,0,12,0,156,0.125,6,0.1,1,NA,2021-07-01 02:06:51.698798,"F","7","right","NA","NA",1.33405487357127,0.554907960475531,0.228033615966266
2058.49999999988,"",27,262673,"us0m5dtdap","fr","false",800,1280,980,919,2,60,16.6666666666667,"",NA,"up","touchscreen",998.459999999992,99.9060000000172,96.2999999999302,6,TRUE,1,12,0,156,0.1875,38,0.05,1,NA,2021-07-01 02:06:51.698798,"F","7","right","NA","NA",3.33557596390254,0.48589254684612,0.120437121289781
1478.29999999999,"",28,266186,"us0m5dtdap","fr","false",800,1280,980,919,2,60,16.6666666666667,"",NA,"up","touchscreen",997.823000000004,100.366000000009,96.2999999999302,6,FALSE,0,12,0,156,-0.1875,18,0.1,1,NA,2021-07-01 02:06:51.698798,"F","7","right","NA","NA",-0.860928587890081,-0.210413626876108,-0.100433753922789
1392.79999999984,"",29,269612,"us0m5dtdap","fr","false",800,1280,980,919,2,60,16.6666666666667,"",NA,"up","touchscreen",998.883000000002,99.5510000000068,96.2999999999302,6,TRUE,1,12,3,159,0.0625,38,0.2,1,NA,2021-07-01 02:06:51.698798,"F","7","right","NA","NA",0.0525693947121574,0.00876122951376774,0.00559017903845825
1555.20000000001,"",30,273205,"us0m5dtdap","fr","false",800,1280,980,919,2,60,16.6666666666667,"",NA,"down","touchscreen",998.47100000002,99.8409999999858,95.9000000000233,6,TRUE,2,12,5,164,-0.125,6,0.05,1,NA,2021-07-01 02:06:51.698798,"F","7","right","NA","NA",-5.37661291771308,-0.937256040524398,-0.208138715451881
1175.90000000017,"",31,276420,"us0m5dtdap","fr","false",800,1280,980,919,2,60,16.6666666666667,"",NA,"up","touchscreen",998.57799999998,99.8439999999828,96.5000000000873,6,TRUE,3,12,9,173,0.125,18,0.2,1,NA,2021-07-01 02:06:51.698798,"F","7","right","NA","NA",1.03214574437524,0.24985252717159,0.180639427865049
1264.10000000009,"",32,279721,"us0m5dtdap","fr","false",800,1280,980,919,2,60,16.6666666666667,"",NA,"up","touchscreen",998.223999999987,100.016999999993,96.4000000001106,6,TRUE,4,12,13,186,0.125,18,0.05,1,NA,2021-07-01 02:06:51.698798,"F","7","right","NA","NA",5.08086731186436,0.785725229587308,0.183445456446974
1372.89999999985,"",33,283126,"us0m5dtdap","fr","false",800,1280,980,919,2,60,16.6666666666667,"",NA,"down","touchscreen",999.318999999989,99.060999999987,94.0000000000582,6,TRUE,5,12,16,202,-0.1875,38,0.05,1,NA,2021-07-01 02:06:51.698798,"F","7","right","NA","NA",-7.2154744103378,-0.768896665829145,-0.20906088209156
1983.29999999987,"",34,287145,"us0m5dtdap","fr","false",800,1280,980,919,2,60,16.6666666666667,"",NA,"down","touchscreen",998.927000000025,99.3740000000107,96.2999999999302,6,FALSE,0,12,0,202,0,18,0.1,1,NA,2021-07-01 02:06:51.698798,"F","7","right","NA","NA",1.01154905326021,0.245169220091572,0.0746891743419679
1398.30000000008,"",35,290574,"us0m5dtdap","fr","false",800,1280,980,919,2,60,16.6666666666667,"",NA,"down","touchscreen",998.555999999982,99.8189999999886,94.3999999999651,6,TRUE,1,12,3,205,-0.1875,38,0.1,1,NA,2021-07-01 02:06:51.698798,"F","7","right","NA","NA",-4.64283375190622,-0.611981351644602,-0.275430286005181
1524.59999999995,"",36,294128,"us0m5dtdap","fr","false",800,1280,980,919,2,60,16.6666666666667,"",NA,"down","touchscreen",998.378999999986,99.9599999999919,96.0999999999767,6,TRUE,2,12,5,210,-0.0625,66,0.05,1,NA,2021-07-01 02:06:51.698798,"F","7","right","NA","NA",-3.20746285652607,-0.372136984991735,-0.0740208179802886
1814.10000000003,"",37,297977,"us0m5dtdap","fr","false",800,1280,980,919,2,60,16.6666666666667,"",NA,"down","touchscreen",997.561999999976,99.9210000000021,97.1999999999243,6,TRUE,3,12,6,216,-0.1875,66,0.15,1,NA,2021-07-01 02:06:51.698798,"F","7","right","NA","NA",-2.34395132582149,-0.281173636042551,-0.146295621956706
1444.70000000001,"",38,301454,"us0m5dtdap","fr","false",800,1280,980,919,2,60,16.6666666666667,"",NA,"up","touchscreen",998.244000000006,99.872000000003,95.700000000099,6,TRUE,4,12,9,225,0.1875,6,0.15,1,NA,2021-07-01 02:06:51.698798,"F","7","right","NA","NA",2.31623490200618,0.756885187924693,0.26609621888817
1817.59999999986,"",39,305303,"us0m5dtdap","fr","false",800,1280,980,919,2,60,16.6666666666667,"",NA,"down","touchscreen",997.717000000004,100.448999999993,97.8000000000175,6,TRUE,5,12,10,235,-0.0625,66,0.1,1,NA,2021-07-01 02:06:51.698798,"F","7","right","NA","NA",-1.38394969330795,-0.170461824326331,-0.0690009135680893
1218.79999999987,"",40,308550,"us0m5dtdap","fr","false",800,1280,980,919,2,60,16.6666666666667,"",NA,"up","touchscreen",997.785000000003,100.502999999997,96.4999999998836,6,TRUE,6,12,14,249,0,66,0.15,1,NA,2021-07-01 02:06:51.698798,"F","7","right","NA","NA",0.0226643897738005,0.00283303735253517,0.00137777599516292
1544.89999999988,"",41,312138,"us0m5dtdap","fr","false",800,1280,980,919,2,60,16.6666666666667,"",NA,"up","touchscreen",998.135999999999,100.201000000001,96.5000000001164,6,FALSE,0,12,0,249,0.125,6,0.15,1,NA,2021-07-01 02:06:51.698798,"F","7","right","NA","NA",-0.109985036606373,-0.0549095528760232,-0.0271759136620136
1750.70000000004,"",42,315923,"us0m5dtdap","fr","false",800,1280,980,919,2,60,16.6666666666667,"",NA,"up","touchscreen",998.575000000012,99.6879999999946,95.2999999999593,6,TRUE,1,12,1,250,0.0625,18,0.15,1,NA,2021-07-01 02:06:51.698798,"F","7","right","NA","NA",0.479323166762481,0.118979597537424,0.0531837999648609
1288.89999999999,"",43,319256,"us0m5dtdap","fr","false",800,1280,980,919,2,60,16.6666666666667,"",NA,"up","touchscreen",998.377999999997,99.939000000013,95.4999999998836,6,TRUE,2,12,5,255,0.0625,66,0.1,1,NA,2021-07-01 02:06:51.698798,"F","7","right","NA","NA",1.44336777400225,0.177554265007023,0.0646062732201798
1336.99999999997,"",44,322634,"us0m5dtdap","fr","false",800,1280,980,919,2,60,16.6666666666667,"",NA,"up","touchscreen",999.849000000017,98.3080000000191,96.8999999999942,6,FALSE,0,12,0,255,-0.1875,66,0.1,1,NA,2021-07-01 02:06:51.698798,"F","7","right","NA","NA",-3.58796324611793,-0.409222697743624,-0.165879732776624
1184.89999999997,"",45,325859,"us0m5dtdap","fr","false",800,1280,980,919,2,60,16.6666666666667,"",NA,"up","touchscreen",997.770000000019,100.127999999997,95.8999999997905,6,TRUE,1,12,4,259,0.125,66,0.1,1,NA,2021-07-01 02:06:51.698798,"F","7","right","NA","NA",3.12207415712693,0.363554909283722,0.130201929423885
1328.60000000006,"",46,329215,"us0m5dtdap","fr","false",800,1280,980,919,2,60,16.6666666666667,"",NA,"down","touchscreen",998.875999999989,99.429999999993,96.4000000001397,6,TRUE,2,12,7,266,-0.1875,18,0.15,1,NA,2021-07-01 02:06:51.698798,"F","7","right","NA","NA",-1.90478186057583,-0.429937252117625,-0.236896083901849
1292.09999999986,"",47,332538,"us0m5dtdap","fr","false",800,1280,980,919,2,60,16.6666666666667,"",NA,"up","touchscreen",998.530000000028,99.3630000000121,98.7000000000116,6,TRUE,3,12,11,277,0.1875,38,0.1,1,NA,2021-07-01 02:06:51.698798,"F","7","right","NA","NA",3.22063291995324,0.472945484485463,0.214992436508603
1460.39999999991,"",48,336037,"us0m5dtdap","fr","false",800,1280,980,919,2,60,16.6666666666667,"",NA,"down","touchscreen",998.771000000008,99.6140000000014,96.0999999999767,6,TRUE,4,12,14,291,-0.125,38,0.15,1,NA,2021-07-01 02:06:51.698798,"F","7","right","NA","NA",-1.2480300756368,-0.203646174468213,-0.110217730891144
1307.29999999993,"",49,339376,"us0m5dtdap","fr","false",800,1280,980,919,2,60,16.6666666666667,"",NA,"up","touchscreen",998.675999999978,99.8649999999907,98.2999999998719,6,FALSE,0,12,0,291,-0.125,66,0.1,1,NA,2021-07-01 02:06:51.698798,"F","7","right","NA","NA",-2.33825997772727,-0.28054471211178,-0.0975969760334883
2038,"",50,343455,"us0m5dtdap","fr","false",800,1280,980,919,2,60,16.6666666666667,"",NA,"down","touchscreen",998.28899999999,99.9519999999902,96.7999999999884,6,TRUE,1,12,0,291,-0.1875,6,0.2,1,NA,2021-07-01 02:06:51.698798,"F","7","right","NA","NA",-0.386193166206474,-0.189594297130116,-0.139588248878861
1710.49999999994,"",51,347203,"us0m5dtdap","fr","false",800,1280,980,919,2,60,16.6666666666667,"",NA,"down","touchscreen",998.398000000045,99.8449999999721,98.5999999998603,6,TRUE,2,12,1,292,-0.0625,18,0.05,1,NA,2021-07-01 02:06:51.698798,"F","7","right","NA","NA",-3.37058954992557,-0.644378271585013,-0.0881473634213043
1473.70000000001,"",52,350714,"us0m5dtdap","fr","false",800,1280,980,919,2,60,16.6666666666667,"",NA,"down","touchscreen",999.752000000037,98.6599999999744,94.8000000001048,6,TRUE,3,12,4,296,0,66,0.05,1,NA,2021-07-01 02:06:51.698798,"F","7","right","NA","NA",-0.408044285169657,-0.0509393177212252,-0.00893393885357744
1570.00000000017,"",53,354322,"us0m5dtdap","fr","false",800,1280,980,919,2,60,16.6666666666667,"",NA,"up","touchscreen",999.244000000006,98.9270000000251,94.5000000001746,6,FALSE,0,12,0,296,-0.0625,38,0.05,1,NA,2021-07-01 02:06:51.698798,"F","7","right","NA","NA",-0.736315266407864,-0.12180544327054,-0.0142695306584453
1171.90000000008,"",54,357536,"us0m5dtdap","fr","false",800,1280,980,919,2,60,16.6666666666667,"",NA,"up","touchscreen",1000.19900000002,98.0229999999865,94.7000000001281,6,TRUE,1,12,4,300,0.0625,38,0.05,1,NA,2021-07-01 02:06:51.698798,"F","7","right","NA","NA",1.83891060671015,0.293031280119295,0.0533796196932804
1485.89999999991,"",55,361060,"us0m5dtdap","fr","false",800,1280,980,919,2,60,16.6666666666667,"",NA,"up","touchscreen",998.858999999997,99.3719999999739,95,6,FALSE,0,12,0,300,-0.1875,6,0.1,1,NA,2021-07-01 02:06:51.698798,"F","7","right","NA","NA",-1.15643665844988,-0.500563503677147,-0.157365244810318
3294.99999999983,"",56,366396,"us0m5dtdap","fr","false",800,1280,980,919,2,60,16.6666666666667,"",NA,"up","touchscreen",999.577000000048,133.356000000029,142.499999999884,3,FALSE,0,12,0,300,-0.125,66,0.2,1,NA,2021-07-01 02:06:51.698798,"F","7","right","NA","NA",-2.28460221415638,-0.274597548242062,-0.22814879543016
1955.89999999997,"",57,370385,"us0m5dtdap","fr","false",800,1280,980,919,2,60,16.6666666666667,"",NA,"down","touchscreen",998.680999999982,99.6849999999977,95.1000000000349,6,FALSE,0,12,0,300,0,38,0.05,1,NA,2021-07-01 02:06:51.698798,"F","7","right","NA","NA",0.506257515356121,0.0840774947169416,0.0143690150110372
2352.59999999992,"",58,374775,"us0m5dtdap","fr","false",800,1280,980,919,2,60,16.6666666666667,"",NA,"down","touchscreen",998.272999999986,100.216000000015,96.5000000001164,6,TRUE,1,12,0,300,0,38,0.15,1,NA,2021-07-01 02:06:51.698798,"F","7","right","NA","NA",-0.741793341888485,-0.12269806428933,-0.0755588997643965
2279.60000000009,"",59,379096,"us0m5dtdap","fr","false",800,1280,980,919,2,60,16.6666666666667,"",NA,"down","touchscreen",998.119000000006,100.160999999964,95.3999999999069,6,TRUE,2,12,0,300,-0.1875,66,0.2,1,NA,2021-07-01 02:06:51.698798,"F","7","right","NA","NA",-4.27115587224763,-0.470973584715346,-0.325850348392715
2393.70000000013,"",60,383522,"us0m5dtdap","fr","false",800,1280,980,919,2,60,16.6666666666667,"",NA,"up","touchscreen",999.348999999987,99.0370000000112,95.4999999999418,6,TRUE,3,12,0,300,0.1875,38,0.2,1,NA,2021-07-01 02:06:51.698798,"F","7","right","NA","NA",3.59969218679605,0.51446340780425,0.35575143310036
1392.29999999999,"",61,386949,"us0m5dtdap","fr","false",800,1280,980,919,2,60,16.6666666666667,"",NA,"up","touchscreen",999.239999999991,99.2029999999795,95,6,TRUE,4,12,3,303,0.1875,38,0.15,1,NA,2021-07-01 02:06:51.698798,"F","7","right","NA","NA",2.95932204448336,0.442342733318901,0.267833128917793
1480.69999999984,"",62,390463,"us0m5dtdap","fr","false",800,1280,980,919,2,60,16.6666666666667,"",NA,"down","touchscreen",999.862999999954,98.5819999999949,96.1999999999534,6,TRUE,5,12,6,309,0,6,0.2,1,NA,2021-07-01 02:06:51.698798,"F","7","right","NA","NA",-3.79871974440642,-0.88485352492828,-0.371763591321307
1581.69999999995,"",63,394076,"us0m5dtdap","fr","false",800,1280,980,919,2,60,16.6666666666667,"",NA,"up","touchscreen",998.043999999994,99.7050000000163,95.9000000000233,6,TRUE,6,12,8,317,-0.0625,38,0.2,1,NA,2021-07-01 02:06:51.698798,"F","7","right","NA","NA",1.56248824013189,0.252009743148119,0.139892086171692
1775.40000000002,"",64,397883,"us0m5dtdap","fr","false",800,1280,980,919,2,60,16.6666666666667,"",NA,"down","touchscreen",998.549999999988,99.4809999999707,96.0999999999767,6,TRUE,7,12,9,326,0,6,0.05,1,NA,2021-07-01 02:06:51.698798,"F","7","right","NA","NA",-0.35665898580332,-0.175559815804283,-0.0132492526730505
1677.59999999998,"",65,401594,"us0m5dtdap","fr","false",800,1280,980,919,2,60,16.6666666666667,"",NA,"up","touchscreen",997.487999999954,100.842000000004,97.6000000000349,6,TRUE,8,12,11,337,0.125,18,0.15,1,NA,2021-07-01 02:06:51.698798,"F","7","right","NA","NA",2.74744808627693,0.566171675123886,0.398523695731255
1902.49999999994,"",66,405531,"us0m5dtdap","fr","false",800,1280,980,919,2,60,16.6666666666667,"",NA,"down","touchscreen",998.47100000002,99.9039999999804,96,6,TRUE,9,12,11,348,-0.0625,18,0.2,1,NA,2021-07-01 02:06:51.698798,"F","7","right","NA","NA",-0.947377563730517,-0.230468489882856,-0.177484697420804
1396.79999999999,"",67,408969,"us0m5dtdap","fr","false",800,1280,980,919,2,60,16.6666666666667,"",NA,"up","touchscreen",998.695000000007,99.9050000000279,96,6,TRUE,10,12,14,362,0.0625,6,0.15,1,NA,2021-07-01 02:06:51.698798,"F","7","right","NA","NA",2.24665099281396,0.746917680229301,0.477744602167842
1671.49999999994,"",68,412673,"us0m5dtdap","fr","false",800,1280,980,919,2,60,16.6666666666667,"",NA,"up","touchscreen",998.826000000001,99.6240000000107,95.3999999999069,6,TRUE,11,12,16,378,0.1875,66,0.2,1,NA,2021-07-01 02:06:51.698798,"F","7","right","NA","NA",3.77814672228184,0.427040402948833,0.288151275665731
5434.50000000006,"",69,420150,"us0m5dtdap","fr","false",800,1280,980,919,2,60,16.6666666666667,"",NA,"down","touchscreen",999.286999999953,99.0260000000126,94.5000000001164,6,TRUE,12,12,16,394,0,66,0.2,1,NA,2021-07-01 02:06:51.698798,"F","7","right","NA","NA",-0.398319717559964,-0.0497283635336124,-0.0370408463679931
2134.29999999993,"",70,424321,"us0m5dtdap","fr","false",800,1280,980,919,2,60,16.6666666666667,"",NA,"down","touchscreen",999.531000000017,98.3060000000405,94.2999999999302,6,FALSE,0,12,0,394,0,6,0.15,1,NA,2021-07-01 02:06:51.698798,"F","7","right","NA","NA",0.264235977439515,0.130979797210937,0.047033041021589
1553.40000000002,"",71,427917,"us0m5dtdap","fr","false",800,1280,980,919,2,60,16.6666666666667,"",NA,"down","touchscreen",998.652999999991,99.6880000000237,95.7000000000698,6,TRUE,1,12,2,396,-0.125,38,0.2,1,NA,2021-07-01 02:06:51.698798,"F","7","right","NA","NA",-2.63882592953328,-0.402588541569862,-0.225311272423759
1514.59999999998,"",72,431474,"us0m5dtdap","fr","false",800,1280,980,919,2,60,16.6666666666667,"",NA,"down","touchscreen",998.373000000021,99.9639999999781,97.1999999999534,6,TRUE,2,12,4,400,-0.125,66,0.05,1,NA,2021-07-01 02:06:51.698798,"F","7","right","NA","NA",-6.92449724507415,-0.654453497491599,-0.149333270609429
1366.39999999991,"",73,434870,"us0m5dtdap","fr","false",800,1280,980,919,2,60,16.6666666666667,"",NA,"down","touchscreen",998.511999999988,99.7430000000168,95.1000000000349,6,TRUE,3,12,7,407,-0.125,66,0.15,1,NA,2021-07-01 02:06:51.698798,"F","7","right","NA","NA",-1.80231667988873,-0.219781078545955,-0.124224546478377
1595.20000000001,"",74,438496,"us0m5dtdap","fr","false",800,1280,980,919,2,60,16.6666666666667,"",NA,"down","touchscreen",999.910999999964,98.6520000000019,93.8000000001048,6,FALSE,0,12,0,407,0.0625,66,0.2,1,NA,2021-07-01 02:06:51.698798,"F","7","right","NA","NA",0.405194520520525,0.0505844731061934,0.030520425411132
1363.10000000003,"",75,441889,"us0m5dtdap","fr","false",800,1280,980,919,2,60,16.6666666666667,"",NA,"down","touchscreen",998.492999999959,99.8500000000349,96.4999999998836,6,TRUE,1,12,3,410,0,38,0.2,1,NA,2021-07-01 02:06:51.698798,"F","7","right","NA","NA",-2.32793026666278,-0.361716902046933,-0.231649687992692
2007.60000000015,"",76,445931,"us0m5dtdap","fr","false",800,1280,980,919,2,60,16.6666666666667,"",NA,"up","touchscreen",998.543999999994,99.8630000000121,95.9000000000233,6,TRUE,2,12,3,413,-0.0625,18,0.15,1,NA,2021-07-01 02:06:51.698798,"F","7","right","NA","NA",0.0070320733545297,0.00175801562194795,0.000911767506209275
1664.70000000001,"",77,449632,"us0m5dtdap","fr","false",800,1280,980,919,2,60,16.6666666666667,"",NA,"down","touchscreen",998.533999999985,99.8480000000563,96.6000000000931,6,FALSE,0,12,0,413,0.0625,18,0.05,1,NA,2021-07-01 02:06:51.698798,"F","7","right","NA","NA",0.556461315262414,0.137788403439218,0.0229905823821971
1540.99999999994,"",78,453200,"us0m5dtdap","fr","false",800,1280,980,919,2,60,16.6666666666667,"",NA,"down","touchscreen",998.467000000004,99.8919999999925,97.699999999837,6,TRUE,1,12,2,415,-0.125,6,0.15,1,NA,2021-07-01 02:06:51.698798,"F","7","right","NA","NA",-0.763614557097275,-0.3566926755792,-0.145712727521691
2472.19999999995,"",79,457712,"us0m5dtdap","fr","false",800,1280,980,919,2,60,16.6666666666667,"",NA,"up","touchscreen",998.569000000018,99.8070000000298,95.5999999998603,6,TRUE,2,12,2,417,0.0625,66,0.05,1,NA,2021-07-01 02:06:51.698798,"F","7","right","NA","NA",2.89350910543854,0.34012486397735,0.054283930338977
2739.60000000009,"",80,462492,"us0m5dtdap","fr","false",800,1280,980,919,2,60,16.6666666666667,"",NA,"down","touchscreen",998.762999999977,99.8880000000354,96.4000000001397,6,FALSE,0,12,0,417,0.1875,18,0.15,1,NA,2021-07-01 02:06:51.698798,"F","7","right","NA","NA",0.14721249610031,0.0367782249534492,0.01767332581918
3086.40000000014,"",81,467612,"us0m5dtdap","fr","false",800,1280,980,919,2,60,16.6666666666667,"",NA,"up","touchscreen",998.410999999964,99.8890000000247,95.8000000000466,6,TRUE,1,12,0,417,0.0625,18,0.2,1,NA,2021-07-01 02:06:51.698798,"F","7","right","NA","NA",0.646429869666872,0.159537575813147,0.10665883428962
2054.50000000017,"",82,471706,"us0m5dtdap","fr","false",800,1280,980,919,2,60,16.6666666666667,"",NA,"down","touchscreen",998.561000000045,99.414999999979,96,6,TRUE,2,12,0,417,-0.0625,38,0.15,1,NA,2021-07-01 02:06:51.698798,"F","7","right","NA","NA",-0.373712505806784,-0.0621649507266906,-0.0321596675397435
1930.99999999983,"",83,475678,"us0m5dtdap","fr","false",800,1280,980,919,2,60,16.6666666666667,"",NA,"down","touchscreen",998.544999999984,99.9290000000037,96.1000000002095,6,TRUE,3,12,0,417,-0.0625,18,0.1,1,NA,2021-07-01 02:06:51.698798,"F","7","right","NA","NA",-1.76319182851248,-0.403350259584089,-0.154512268266075
2104.49999999994,"",84,479812,"us0m5dtdap","fr","false",800,1280,980,919,2,60,16.6666666666667,"",NA,"down","touchscreen",998.483999999997,99.8829999999725,96.0999999999767,6,TRUE,4,12,0,417,-0.1875,38,0.2,1,NA,2021-07-01 02:06:51.698798,"F","7","right","NA","NA",-1.33983838727834,-0.21793866321016,-0.174201261387001
2904.70000000007,"",85,484757,"us0m5dtdap","fr","false",800,1280,980,919,2,60,16.6666666666667,"",NA,"down","touchscreen",998.667000000016,99.7509999999893,97.3999999999069,6,TRUE,5,12,0,417,-0.125,18,0.05,1,NA,2021-07-01 02:06:51.698798,"F","7","right","NA","NA",-3.85174214837455,-0.693631436540252,-0.148404137597937
2191.90000000002,"",86,488988,"us0m5dtdap","fr","false",800,1280,980,919,2,60,16.6666666666667,"",NA,"up","touchscreen",998.325000000012,99.8120000000345,96.2999999999302,6,TRUE,6,12,0,417,0,18,0.15,1,NA,2021-07-01 02:06:51.698798,"F","7","right","NA","NA",1.10431270454174,0.266122575325719,0.164881380846501
1629.89999999991,"",87,492654,"us0m5dtdap","fr","false",800,1280,980,919,2,60,16.6666666666667,"",NA,"up","touchscreen",999.081999999995,99.9139999999898,95.5999999998603,6,TRUE,7,12,2,419,0.0625,18,0.1,1,NA,2021-07-01 02:06:51.698798,"F","7","right","NA","NA",0.643077351779141,0.15873108085363,0.0546117563915094
1495.5,"",88,496179,"us0m5dtdap","fr","false",800,1280,980,919,2,60,16.6666666666667,"",NA,"up","touchscreen",998.497999999963,99.8319999999949,95.5999999998603,6,TRUE,8,12,5,424,0.125,38,0.2,1,NA,2021-07-01 02:06:51.698798,"F","7","right","NA","NA",1.98632187618781,0.314279340395935,0.180491630480457
1518.00000000006,"",89,499731,"us0m5dtdap","fr","false",800,1280,980,919,2,60,16.6666666666667,"",NA,"up","touchscreen",998.17300000001,100.089999999967,95.8000000001048,6,FALSE,0,12,0,424,0,66,0.1,1,NA,2021-07-01 02:06:51.698798,"F","7","right","NA","NA",-0.570213913387064,-0.0710963699104702,-0.0246363598018375
1481.89999999997,"",90,503257,"us0m5dtdap","fr","false",800,1280,980,919,2,60,16.6666666666667,"",NA,"up","touchscreen",998.56799999997,99.8700000000536,96.0999999999767,6,TRUE,1,12,3,427,0.125,38,0.1,1,NA,2021-07-01 02:06:51.698798,"F","7","right","NA","NA",3.50290645189233,0.504183117287968,0.148231244595371
1852.49999999994,"",91,507138,"us0m5dtdap","fr","false",800,1280,980,919,2,60,16.6666666666667,"",NA,"down","touchscreen",998.542000000016,99.9529999999795,96,6,TRUE,2,12,4,431,-0.0625,6,0.1,1,NA,2021-07-01 02:06:51.698798,"F","7","right","NA","NA",-1.71700775789985,-0.65138647730033,-0.148999949069769
1066.50000000012,"",92,510248,"us0m5dtdap","fr","false",800,1280,980,919,2,60,16.6666666666667,"",NA,"up","touchscreen",998.646000000008,99.8410000000149,95.5000000001164,6,TRUE,3,12,9,440,0.1875,66,0.05,1,NA,2021-07-01 02:06:51.698798,"F","7","right","NA","NA",8.73649176408291,0.737509387622025,0.186621087181269
1282.40000000002,"",93,513560,"us0m5dtdap","fr","false",800,1280,980,919,2,60,16.6666666666667,"",NA,"up","touchscreen",998.886999999988,99.0279999999912,95,6,TRUE,4,12,13,453,0.125,6,0.05,1,NA,2021-07-01 02:06:51.698798,"F","7","right","NA","NA",2.57234356020837,0.789458050215298,0.206692937497764
1368.3000000001,"",94,516957,"us0m5dtdap","fr","false",800,1280,980,919,2,60,16.6666666666667,"",NA,"down","touchscreen",998.493000000017,99.8119999999763,96.7000000000698,6,TRUE,5,12,16,469,-0.1875,66,0.05,1,NA,2021-07-01 02:06:51.698798,"F","7","right","NA","NA",-8.1833536614398,-0.715072244622578,-0.169030797333192
2565.49999999994,"",95,521550,"us0m5dtdap","fr","false",800,1280,980,919,2,60,16.6666666666667,"",NA,"down","touchscreen",999.212,99.3289999999688,95.3999999999651,6,TRUE,6,12,16,485,-0.1875,6,0.15,1,NA,2021-07-01 02:06:51.698798,"F","7","right","NA","NA",-5.79517988331426,-0.945289396853277,-0.676916056864917
2783.5,"",96,526361,"us0m5dtdap","fr","false",800,1280,980,919,2,60,16.6666666666667,"",NA,"down","touchscreen",997.744999999995,99.9290000000037,95.1999999999534,6,FALSE,0,12,0,485,0.0625,6,0.2,1,NA,2021-07-01 02:06:51.698798,"F","7","right","NA","NA",1.18029283678965,0.508242396242167,0.224681371459641
1864.4000000002,"",97,530268,"us0m5dtdap","fr","false",800,1280,980,919,2,60,16.6666666666667,"",NA,"down","touchscreen",998.659999999974,99.7220000000088,97.4000000001397,6,TRUE,1,12,1,486,-0.1875,18,0.2,1,NA,2021-07-01 02:06:51.698798,"F","7","right","NA","NA",-2.35448826286145,-0.507267735787273,-0.388393767146226
2822.90000000008,"",98,535123,"us0m5dtdap","fr","false",800,1280,980,919,2,60,16.6666666666667,"",NA,"down","touchscreen",999.151000000013,98.899000000034,95.3999999999069,6,TRUE,2,12,1,487,-0.125,18,0.1,1,NA,2021-07-01 02:06:51.698798,"F","7","right","NA","NA",-3.16465347991576,-0.620460278900908,-0.268055230384584
2742.5999999998,"",99,539899,"us0m5dtdap","fr","false",800,1280,980,919,2,60,16.6666666666667,"",NA,"down","touchscreen",997.733999999997,100.613000000012,97.3000000001048,6,TRUE,3,12,1,488,-0.0625,6,0.05,1,NA,2021-07-01 02:06:51.698798,"F","7","right","NA","NA",-1.61935264524725,-0.629269831822275,-0.102439050931382
1194.09999999992,"",100,543125,"us0m5dtdap","fr","false",800,1280,980,919,2,60,16.6666666666667,"",NA,"up","touchscreen",997.805000000051,100.531000000017,99.9999999998836,6,TRUE,4,12,5,493,0.0625,6,0.1,1,NA,2021-07-01 02:06:51.698798,"F","7","right","NA","NA",2.1198574526112,0.727370619887909,0.166118049153057
1225.5,"",101,546388,"us0m5dtdap","fr","false",800,1280,980,919,2,60,16.6666666666667,"",NA,"up","touchscreen",998.494999999995,99.8549999999814,98.2999999998719,6,TRUE,5,12,9,502,0.125,66,0.05,1,NA,2021-07-01 02:06:51.698798,"F","7","right","NA","NA",6.69198068207293,0.641615652795058,0.136692870028997
1903.19999999995,"",102,550324,"us0m5dtdap","fr","false",800,1280,980,919,2,60,16.6666666666667,"",NA,"down","touchscreen",997.22000000003,101.033999999985,100.899999999907,6,TRUE,6,12,9,511,-0.125,18,0.2,1,NA,2021-07-01 02:06:51.698798,"F","7","right","NA","NA",-1.31326203472781,-0.311933822677221,-0.231827981190514
1310.99999999994,"",103,553664,"us0m5dtdap","fr","false",800,1280,980,919,2,60,16.6666666666667,"",NA,"up","touchscreen",998.476000000024,99.8119999999763,95.9000000000233,6,TRUE,7,12,12,523,0,18,0.2,1,NA,2021-07-01 02:06:51.698798,"F","7","right","NA","NA",0.311751098871656,0.0777021390817691,0.0562636002873685
1350.5,"",104,557049,"us0m5dtdap","fr","false",800,1280,980,919,2,60,16.6666666666667,"",NA,"up","touchscreen",998.690999999992,99.7060000000056,96.0999999999767,6,TRUE,8,12,15,538,0.0625,38,0.15,1,NA,2021-07-01 02:06:51.698798,"F","7","right","NA","NA",1.15080155578281,0.188366794512224,0.0773222029555232
2368.29999999987,"",105,561446,"us0m5dtdap","fr","false",800,1280,980,919,2,60,16.6666666666667,"",NA,"up","touchscreen",998.263999999966,99.8699999999953,96.2000000001863,6,TRUE,9,12,15,553,0.0625,6,0.05,1,NA,2021-07-01 02:06:51.698798,"F","7","right","NA","NA",1.52396353762657,0.606081969056532,0.0841153394898154
2912.50000000012,"",106,566399,"us0m5dtdap","fr","false",800,1280,980,919,2,60,16.6666666666667,"",NA,"down","touchscreen",998.508999999962,99.8390000000363,96.1000000002095,6,TRUE,10,12,15,568,-0.125,38,0.1,1,NA,2021-07-01 02:06:51.698798,"F","7","right","NA","NA",-4.38870485905466,-0.590375145049609,-0.238277596965805
1365.80000000005,"",107,569795,"us0m5dtdap","fr","false",800,1280,980,919,2,60,16.6666666666667,"",NA,"up","touchscreen",998.157000000007,100.150000000023,97.1999999999534,6,TRUE,11,12,18,586,0,6,0.1,1,NA,2021-07-01 02:06:51.698798,"F","7","right","NA","NA",1.39341452410482,0.571647725826079,0.129529367945813
1627.3000000001,"",108,573454,"us0m5dtdap","fr","false",800,1280,980,919,2,60,16.6666666666667,"",NA,"down","touchscreen",998.57699999999,99.8670000000275,96.3000000001048,6,TRUE,12,12,20,606,-0.1875,38,0.15,1,NA,2021-07-01 02:06:51.698798,"F","7","right","NA","NA",-2.73015968510635,-0.414165871787346,-0.21266643056565
1286.50000000012,"",109,576773,"us0m5dtdap","fr","false",800,1280,980,919,2,60,16.6666666666667,"",NA,"up","touchscreen",998.478000000003,99.8939999999711,96.7999999999884,6,FALSE,0,12,0,606,-0.0625,66,0.2,1,NA,2021-07-01 02:06:51.698798,"F","7","right","NA","NA",-0.802727435584012,-0.099839580689125,-0.0587898773442314
1638.40000000008,"",110,580456,"us0m5dtdap","fr","false",800,1280,980,919,2,60,16.6666666666667,"",NA,"down","touchscreen",998.224000000046,99.8559999999707,95.7000000001281,6,FALSE,0,12,0,606,0.125,66,0.15,1,NA,2021-07-01 02:06:51.698798,"F","7","right","NA","NA",2.24642174190621,0.27034649311351,0.129097989018605
1298.80000000005,"",111,583793,"us0m5dtdap","fr","false",800,1280,980,919,2,60,16.6666666666667,"",NA,"up","touchscreen",998.746999999974,99.6750000000466,95.8999999998487,6,TRUE,1,12,4,610,0.1875,6,0.05,1,NA,2021-07-01 02:06:51.698798,"F","7","right","NA","NA",4.12262583427684,0.89971546534718,0.172922892854119
1452.79999999999,"",112,587275,"us0m5dtdap","fr","false",800,1280,980,919,2,60,16.6666666666667,"",NA,"up","touchscreen",998.559000000008,99.8169999999809,96.2999999999302,6,TRUE,2,12,7,617,0.1875,6,0.1,1,NA,2021-07-01 02:06:51.698798,"F","7","right","NA","NA",1.87049051665272,0.683064184231903,0.29285074815034
1523.09999999986,"",113,590842,"us0m5dtdap","fr","false",800,1280,980,919,2,60,16.6666666666667,"",NA,"down","touchscreen",998.565999999992,99.8349999999627,96,6,TRUE,3,12,9,626,-0.1875,18,0.05,1,NA,2021-07-01 02:06:51.698798,"F","7","right","NA","NA",-3.62629402339209,-0.671651010517734,-0.167050919321354
3017.40000000063,"",2,68004,"ywpmgyj4l9","fr","false",1280,800,1280,632,2,63,16.6666666666667,"",NA,"up","touchscreen",998.584000000003,99.8489999999947,95.1000000004569,6,FALSE,0,0,0,0,0,18,0.05,1,NA,2021-07-01 07:34:22.471465,"F","062014","right","NA","NA",-1.79254141357543,-0.408949134094519,-0.0662251210791465
6307.49999999898,"",3,76349,"ywpmgyj4l9","fr","false",1280,800,1280,632,2,63,16.6666666666667,"",NA,"up","touchscreen",998.587,99.8319999999949,95.6999999998516,6,FALSE,0,0,0,0,-0.1875,18,0.05,1,NA,2021-07-01 07:34:22.471465,"F","062014","right","NA","NA",-7.56856119471556,-0.884120285999727,-0.198437155560032
11866.5000000001,"",4,90250,"ywpmgyj4l9","fr","false",1280,800,1280,632,2,63,16.6666666666667,"",NA,"down","touchscreen",998.543000000005,99.846000000005,95.9999999995489,6,FALSE,0,0,0,0,0.1875,18,0.05,1,NA,2021-07-01 07:34:22.471465,"F","062014","right","NA","NA",4.3668022121906,0.737398192327478,0.213845735817488
3133.20000000022,"",5,95412,"ywpmgyj4l9","fr","false",1280,800,1280,632,2,63,16.6666666666667,"",NA,"up","touchscreen",998.501000000004,99.898000000001,96.1999999999534,6,FALSE,0,0,0,0,-0.125,38,0.1,1,NA,2021-07-01 07:34:22.471465,"F","062014","right","NA","NA",-2.15372069430713,-0.337847319682824,-0.0992361774424722
6732.79999999977,"",6,104190,"ywpmgyj4l9","fr","false",1280,800,1280,632,2,63,16.6666666666667,"",NA,"down","touchscreen",998.554000000004,99.8350000000064,96.4999999996508,6,TRUE,1,1,0,0,0,66,0.15,1,NA,2021-07-01 07:34:22.471465,"F","062014","right","NA","NA",-0.802949438837921,-0.099866917096855,-0.0470821336398048
4808.99999999929,"",7,111035,"ywpmgyj4l9","fr","false",1280,800,1280,632,2,63,16.6666666666667,"",NA,"down","touchscreen",998.570000000007,99.8199999999924,95.9000000002561,6,TRUE,2,2,0,0,-0.1875,38,0.1,1,NA,2021-07-01 07:34:22.471465,"F","062014","right","NA","NA",-4.61459000823235,-0.60964480633184,-0.25068549003997
4017.79999999962,"",8,117084,"ywpmgyj4l9","fr","false",1280,800,1280,632,2,63,16.6666666666667,"",NA,"down","touchscreen",998.566000000006,99.830999999991,95.9999999995489,6,TRUE,3,3,0,0,-0.125,66,0.1,1,NA,2021-07-01 07:34:22.471465,"F","062014","right","NA","NA",-3.8885216713731,-0.437159313734118,-0.169536958690363
2099.40000000097,"",9,121221,"ywpmgyj4l9","fr","false",1280,800,1280,632,2,63,16.6666666666667,"",NA,"up","touchscreen",997.445000000007,100.93299999999,95.8000000009633,6,TRUE,4,4,0,0,0.125,18,0.1,1,NA,2021-07-01 07:34:22.471465,"F","062014","right","NA","NA",1.0657063653015,0.257446062408606,0.0802031341549775
2768.10000000114,"",10,126024,"ywpmgyj4l9","fr","false",1280,800,1280,632,2,63,16.6666666666667,"",NA,"up","touchscreen",998.709000000003,99.6960000000108,96.4999999996508,6,FALSE,0,4,0,0,0.125,6,0.2,1,NA,2021-07-01 07:34:22.471465,"F","062014","right","NA","NA",-0.0780323446218138,-0.0389865097598085,-0.0190645392483705
2956.89999999922,"",11,131020,"ywpmgyj4l9","fr","false",1280,800,1280,632,2,63,16.6666666666667,"",NA,"up","touchscreen",998.501000000004,99.8590000000113,96.9999999997526,6,TRUE,1,4,0,0,0.1875,18,0.1,1,NA,2021-07-01 07:34:22.471465,"F","062014","right","NA","NA",2.89255411391067,0.585978424229046,0.253291570888259
1912.59999999966,"",12,134966,"ywpmgyj4l9","fr","false",1280,800,1280,632,2,63,16.6666666666667,"",NA,"down","touchscreen",998.521999999997,99.8850000000093,97.2999999994354,6,TRUE,2,4,0,0,-0.1875,6,0.05,1,NA,2021-07-01 07:34:22.471465,"F","062014","right","NA","NA",-2.43774601341841,-0.773104761671274,-0.0998531533980608
1469.30000000063,"",13,138468,"ywpmgyj4l9","fr","false",1280,800,1280,632,2,63,16.6666666666667,"",NA,"up","touchscreen",998.515000000014,99.8969999999972,96.8000000011525,6,TRUE,3,4,3,3,0.0625,18,0.15,1,NA,2021-07-01 07:34:22.471465,"F","062014","right","NA","NA",1.31944562082278,0.313258758443005,0.109927808113858
1453.80000000112,"",14,141964,"ywpmgyj4l9","fr","false",1280,800,1280,632,2,63,16.6666666666667,"",NA,"up","touchscreen",998.600000000006,99.7970000000205,95.5000000012515,6,TRUE,4,4,6,9,0.0625,38,0.15,1,NA,2021-07-01 07:34:22.471465,"F","062014","right","NA","NA",0.0593919396918818,0.00989817169891956,0.00394812141925184
1251.9000000011,"",15,145256,"ywpmgyj4l9","fr","false",1280,800,1280,632,2,63,16.6666666666667,"",NA,"up","touchscreen",998.510000000009,99.862999999983,97.6000000009662,6,TRUE,5,5,10,19,0.1875,66,0.2,1,NA,2021-07-01 07:34:22.471465,"F","062014","right","NA","NA",2.25810187274526,0.271648664424696,0.191161590486625
2367.9000000011,"",16,149649,"ywpmgyj4l9","fr","false",1280,800,1280,632,2,63,16.6666666666667,"",NA,"down","touchscreen",998.554000000004,99.8509999999951,100.599999999744,6,FALSE,0,5,0,19,0,6,0.1,1,NA,2021-07-01 07:34:22.471465,"F","062014","right","NA","NA",0.161837636306757,0.0806551897503597,0.0218392075514044
2835.10000000024,"",17,154512,"ywpmgyj4l9","fr","false",1280,800,1280,632,2,63,16.6666666666667,"",NA,"up","touchscreen",998.476999999984,99.9330000000191,97.0999999990454,6,TRUE,1,5,0,19,0.1875,6,0.1,1,NA,2021-07-01 07:34:22.471465,"F","062014","right","NA","NA",0.933527010024488,0.422957521491863,0.081043233701894
1702.10000000044,"",18,158256,"ywpmgyj4l9","fr","false",1280,800,1280,632,2,63,16.6666666666667,"",NA,"down","touchscreen",998.52900000001,99.8460000000196,95.9000000002561,6,TRUE,2,5,1,20,0.125,6,0.1,1,NA,2021-07-01 07:34:22.471465,"F","062014","right","NA","NA",-0.382051883369948,-0.187633163279929,-0.0525507821119899
3534.49999999977,"",19,163838,"ywpmgyj4l9","fr","false",1280,800,1280,632,2,63,16.6666666666667,"",NA,"up","touchscreen",998.620999999985,99.8770000000077,95.9999999995634,6,FALSE,0,5,0,20,-0.125,18,0.15,1,NA,2021-07-01 07:34:22.471465,"F","062014","right","NA","NA",-0.780100909763237,-0.191418905248116,-0.0577380703082535
3918.8000000013,"",20,169792,"ywpmgyj4l9","fr","false",1280,800,1280,632,2,63,16.6666666666667,"",NA,"down","touchscreen",998.391999999993,99.9770000000135,97.2999999994645,6,FALSE,0,5,0,20,0,38,0.05,1,NA,2021-07-01 07:34:22.471465,"F","062014","right","NA","NA",0.163026548889132,0.0271610672550393,0.00528458118954978
2102.49999999904,"",21,173935,"ywpmgyj4l9","fr","false",1280,800,1280,632,2,63,16.6666666666667,"",NA,"down","touchscreen",998.308999999979,100.036999999982,96.9999999997381,6,TRUE,1,5,0,20,0,18,0.2,1,NA,2021-07-01 07:34:22.471465,"F","062014","right","NA","NA",-1.61969616848862,-0.375321882874006,-0.200030549685359
1278.00000000023,"",22,177254,"ywpmgyj4l9","fr","false",1280,800,1280,632,2,63,16.6666666666667,"",NA,"up","touchscreen",997.997000000003,100.609999999986,97.9999999999418,6,TRUE,2,5,4,24,-0.0625,6,0.15,1,NA,2021-07-01 07:34:22.471465,"F","062014","right","NA","NA",7.22928921136725,0.963797096200341,0.265078784836818
2591.40000000113,"",23,181882,"ywpmgyj4l9","fr","false",1280,800,1280,632,2,63,16.6666666666667,"",NA,"down","touchscreen",998.130999999994,100.570000000007,97.0000000015716,6,FALSE,0,5,0,24,0.0625,18,0.05,1,NA,2021-07-01 07:34:22.471465,"F","062014","right","NA","NA",3.05543793441571,0.607025595914182,0.0865597356647328
1162.20000000068,"",24,185079,"ywpmgyj4l9","fr","false",1280,800,1280,632,2,63,16.6666666666667,"",NA,"up","touchscreen",997.994999999995,100.39499999999,97.7000000002736,6,TRUE,1,5,4,28,0.125,66,0.2,1,NA,2021-07-01 07:34:22.471465,"F","062014","right","NA","NA",0.18634290911303,0.0232865473503336,0.0166503856351449
1778.29999999993,"",25,188888,"ywpmgyj4l9","fr","false",1280,800,1280,632,2,63,16.6666666666667,"",NA,"up","touchscreen",996.820999999996,101.525999999983,96.6000000007625,6,TRUE,2,5,5,33,0.125,18,0.15,1,NA,2021-07-01 07:34:22.471465,"F","062014","right","NA","NA",2.22255843921228,0.485699075411073,0.272041471329701
2699.6999999992,"",26,193622,"ywpmgyj4l9","fr","false",1280,800,1280,632,2,63,16.6666666666667,"",NA,"up","touchscreen",998.363000000012,99.994000000006,97.2000000001572,6,TRUE,3,5,5,38,0.0625,38,0.05,1,NA,2021-07-01 07:34:22.471465,"F","062014","right","NA","NA",1.51961825996883,0.245517660584146,0.0526735372229348
1695.2000000001,"",27,197362,"ywpmgyj4l9","fr","false",1280,800,1280,632,2,63,16.6666666666667,"",NA,"down","touchscreen",998.827000000019,99.5469999999914,96.4000000003434,6,TRUE,4,5,7,45,-0.125,6,0.15,1,NA,2021-07-01 07:34:22.471465,"F","062014","right","NA","NA",-1.4515949861615,-0.587390540267599,-0.167109894340659
2012.30000000034,"",28,201406,"ywpmgyj4l9","fr","false",1280,800,1280,632,2,63,16.6666666666667,"",NA,"down","touchscreen",998.574000000022,99.8789999999863,96.4999999996508,6,TRUE,5,5,7,52,-0.125,66,0.2,1,NA,2021-07-01 07:34:22.471465,"F","062014","right","NA","NA",-0.780667924569696,-0.0971221615059635,-0.0690909892205446
2893.39999999903,"",29,206330,"ywpmgyj4l9","fr","false",1280,800,1280,632,2,63,16.6666666666667,"",NA,"down","touchscreen",998.75,99.6520000000019,95.9999999995343,6,FALSE,0,5,0,52,0,38,0.15,1,NA,2021-07-01 07:34:22.471465,"F","062014","right","NA","NA",0.713580319466806,0.118097777317787,0.0551264066622281
1269.00000000023,"",30,209634,"ywpmgyj4l9","fr","false",1280,800,1280,632,2,63,16.6666666666667,"",NA,"up","touchscreen",997.678000000014,100.654999999999,97.1000000008498,6,TRUE,1,5,4,56,0,38,0.1,1,NA,2021-07-01 07:34:22.471465,"F","062014","right","NA","NA",1.40914469877456,0.228636513181138,0.0645160292977696
1267.29999999952,"",31,212927,"ywpmgyj4l9","fr","false",1280,800,1280,632,2,63,16.6666666666667,"",NA,"up","touchscreen",998.442999999999,99.8380000000179,95.3999999983353,6,FALSE,0,5,0,56,-0.1875,18,0.1,1,NA,2021-07-01 07:34:22.471465,"F","062014","right","NA","NA",-0.180930833619767,-0.0451865062765377,-0.0177555450459871
1990.40000000058,"",32,216945,"ywpmgyj4l9","fr","false",1280,800,1280,632,2,63,16.6666666666667,"",NA,"up","touchscreen",998.506000000023,99.8650000000198,96.5999999989581,6,FALSE,0,5,0,56,-0.0625,38,0.15,1,NA,2021-07-01 07:34:22.471465,"F","062014","right","NA","NA",-1.16122655542891,-0.190011849080613,-0.0951953496652391
1381.80000000101,"",33,220366,"ywpmgyj4l9","fr","false",1280,800,1280,632,2,63,16.6666666666667,"",NA,"down","touchscreen",998.54800000001,99.8239999999932,95.1999999997497,6,TRUE,1,5,3,59,0,18,0.15,1,NA,2021-07-01 07:34:22.471465,"F","062014","right","NA","NA",-0.602066802674269,-0.148840135978416,-0.0604701272531189
1507.70000000013,"",34,223900,"ywpmgyj4l9","fr","false",1280,800,1280,632,2,63,16.6666666666667,"",NA,"up","touchscreen",998.536999999982,99.8470000000088,98.9000000008673,6,FALSE,0,5,0,59,-0.0625,18,0.15,1,NA,2021-07-01 07:34:22.471465,"F","062014","right","NA","NA",-1.16541150427305,-0.279722343043975,-0.137462609711787
2450.6999999994,"",35,228390,"ywpmgyj4l9","fr","false",1280,800,1280,632,2,63,16.6666666666667,"",NA,"up","touchscreen",998.659000000014,99.6820000000007,95.9000000002561,6,TRUE,1,5,0,59,0.1875,38,0.1,1,NA,2021-07-01 07:34:22.471465,"F","062014","right","NA","NA",6.65657676200758,0.742790076836328,0.336999186302566
1713.70000000024,"",36,232146,"ywpmgyj4l9","fr","false",1280,800,1280,632,2,63,16.6666666666667,"",NA,"up","touchscreen",998.590999999986,99.8500000000058,95.9000000002561,6,FALSE,0,5,0,59,-0.1875,18,0.2,1,NA,2021-07-01 07:34:22.471465,"F","062014","right","NA","NA",-1.27174815185886,-0.302991821354326,-0.150524502477998
1287.00000000023,"",37,235465,"ywpmgyj4l9","fr","false",1280,800,1280,632,2,63,16.6666666666667,"",NA,"down","touchscreen",998.561000000016,99.8309999999765,97.0999999990454,6,FALSE,0,5,0,59,0.1875,18,0.2,1,NA,2021-07-01 07:34:22.471465,"F","062014","right","NA","NA",2.67794482874879,0.556321181821073,0.360845211897082
2100.69999999902,"",38,239605,"ywpmgyj4l9","fr","false",1280,800,1280,632,2,63,16.6666666666667,"",NA,"up","touchscreen",998.531000000017,99.8889999999956,98.5999999993364,6,TRUE,1,5,0,59,0.1875,38,0.15,1,NA,2021-07-01 07:34:22.471465,"F","062014","right","NA","NA",2.69536928677885,0.409779136614282,0.187368223708199
1459.89999999985,"",39,243099,"ywpmgyj4l9","fr","false",1280,800,1280,632,2,63,16.6666666666667,"",NA,"up","touchscreen",998.497000000003,99.9029999999912,96.1999999999534,6,TRUE,2,5,3,62,0.125,66,0.05,1,NA,2021-07-01 07:34:22.471465,"F","062014","right","NA","NA",7.85579404680148,0.700646779411223,0.14984553755737
1677.99999999988,"",40,246807,"ywpmgyj4l9","fr","false",1280,800,1280,632,2,63,16.6666666666667,"",NA,"up","touchscreen",998.256999999983,100.088999999978,95.9999999995343,6,FALSE,0,5,0,62,-0.125,18,0.1,1,NA,2021-07-01 07:34:22.471465,"F","062014","right","NA","NA",-0.958267224887492,-0.2329746031795,-0.0599397337166843
2639.80000000086,"",41,251480,"ywpmgyj4l9","fr","false",1280,800,1280,632,2,63,16.6666666666667,"",NA,"down","touchscreen",998.522999999986,99.8770000000077,96.4999999996508,6,TRUE,1,5,0,62,0,66,0.05,1,NA,2021-07-01 07:34:22.471465,"F","062014","right","NA","NA",-1.54141601166675,-0.189197087861883,-0.0316425253537804
1480.10000000068,"",42,254998,"ywpmgyj4l9","fr","false",1280,800,1280,632,2,63,16.6666666666667,"",NA,"up","touchscreen",998.464000000007,99.868999999977,96.7000000000407,6,FALSE,0,5,0,62,-0.125,6,0.05,1,NA,2021-07-01 07:34:22.471465,"F","062014","right","NA","NA",-2.79294389033889,-0.813038949932453,-0.193328900849293
1303.59999999928,"",43,258332,"ywpmgyj4l9","fr","false",1280,800,1280,632,2,63,16.6666666666667,"",NA,"down","touchscreen",998.625,99.7850000000035,95.7999999991152,6,TRUE,1,5,3,65,-0.0625,18,0.2,1,NA,2021-07-01 07:34:22.471465,"F","062014","right","NA","NA",-0.175639342914061,-0.0438675661437165,-0.022046538873552
1826.79999999891,"",44,262201,"ywpmgyj4l9","fr","false",1280,800,1280,632,2,63,16.6666666666667,"",NA,"down","touchscreen",998.552999999985,99.862999999983,96.7000000000407,6,TRUE,2,5,4,69,-0.1875,18,0.15,1,NA,2021-07-01 07:34:22.471465,"F","062014","right","NA","NA",-3.2172024230852,-0.626736303270087,-0.314694679851249
1155.39999999967,"",45,265393,"ywpmgyj4l9","fr","false",1280,800,1280,632,2,63,16.6666666666667,"",NA,"down","touchscreen",998.499000000011,99.8780000000261,95.4999999994179,6,TRUE,3,5,8,77,-0.125,6,0.2,1,NA,2021-07-01 07:34:22.471465,"F","062014","right","NA","NA",-0.73082116512294,-0.343214470016465,-0.143983674450673
1045.39999999903,"",46,268473,"ywpmgyj4l9","fr","false",1280,800,1280,632,2,63,16.6666666666667,"",NA,"up","touchscreen",998.128999999957,100.338999999978,99.9999999985448,6,FALSE,0,5,0,77,-0.0625,66,0.2,1,NA,2021-07-01 07:34:22.471465,"F","062014","right","NA","NA",-3.09267994001237,-0.360578920461978,-0.231736060974804
1148.40000000002,"",47,271660,"ywpmgyj4l9","fr","false",1280,800,1280,632,2,63,16.6666666666667,"",NA,"down","touchscreen",998.603000000003,99.7880000000005,96.3000000010361,6,FALSE,0,5,0,77,0.1875,6,0.2,1,NA,2021-07-01 07:34:22.471465,"F","062014","right","NA","NA",0.582725372330942,0.27973102455134,0.166339028317509
1291.60000000044,"",48,274982,"ywpmgyj4l9","fr","false",1280,800,1280,632,2,63,16.6666666666667,"",NA,"up","touchscreen",998.652999999991,99.7540000000154,94.8000000007451,6,TRUE,1,5,4,81,0.1875,66,0.15,1,NA,2021-07-01 07:34:22.471465,"F","062014","right","NA","NA",1.26678034586933,0.156398913729229,0.0882356201055806
2243.40000000119,"",49,279263,"ywpmgyj4l9","fr","false",1280,800,1280,632,2,63,16.6666666666667,"",NA,"down","touchscreen",998.592000000004,99.7619999999879,95.9999999995925,6,TRUE,2,5,4,85,-0.125,66,0.05,1,NA,2021-07-01 07:34:22.471465,"F","062014","right","NA","NA",-5.0835583918409,-0.536323396423706,-0.11447212191159
1371.40000000002,"",50,282666,"ywpmgyj4l9","fr","false",1280,800,1280,632,2,63,16.6666666666667,"",NA,"up","touchscreen",998.617999999959,99.8289999999688,96.6000000007916,6,TRUE,3,5,7,92,0.0625,66,0.2,1,NA,2021-07-01 07:34:22.471465,"F","062014","right","NA","NA",0.97720228412941,0.12124907467711,0.0797054783701785
1578.59999999893,"",51,286287,"ywpmgyj4l9","fr","false",1280,800,1280,632,2,63,16.6666666666667,"",NA,"down","touchscreen",998.565999999992,99.8309999999474,94.3999999999069,6,TRUE,4,5,9,101,-0.1875,6,0.2,1,NA,2021-07-01 07:34:22.471465,"F","062014","right","NA","NA",-0.82232578225319,-0.380273842977179,-0.0626847083222905
1885.29999999993,"",52,290204,"ywpmgyj4l9","fr","false",1280,800,1280,632,2,63,16.6666666666667,"",NA,"up","touchscreen",998.49099999998,99.8479999999981,95.699999999837,6,TRUE,5,5,10,111,0.125,38,0.05,1,NA,2021-07-01 07:34:22.471465,"F","062014","right","NA","NA",4.61434338260272,0.609624333170043,0.108880626190871
1378.99999999895,"",53,293627,"ywpmgyj4l9","fr","false",1280,800,1280,632,2,63,16.6666666666667,"",NA,"up","touchscreen",998.663,99.7839999999851,96.1999999999534,6,TRUE,6,6,13,124,0.125,38,0.2,1,NA,2021-07-01 07:34:22.471465,"F","062014","right","NA","NA",1.28246104891058,0.209022109632926,0.118397671050365
2165.30000000057,"",54,297822,"ywpmgyj4l9","fr","false",1280,800,1280,632,2,63,16.6666666666667,"",NA,"down","touchscreen",998.513999999966,99.8239999999641,96.3000000010361,6,FALSE,0,6,0,124,0,6,0.15,1,NA,2021-07-01 07:34:22.471465,"F","062014","right","NA","NA",0.371986921267369,0.182857504330929,0.0846612180830917
1701.39999999991,"",55,301552,"ywpmgyj4l9","fr","false",1280,800,1280,632,2,63,16.6666666666667,"",NA,"down","touchscreen",998.548999999999,99.8619999999646,101.199999999197,6,TRUE,1,6,1,125,0.0625,6,0.2,1,NA,2021-07-01 07:34:22.471465,"F","062014","right","NA","NA",-1.81266753278615,-0.671553502758083,-0.397874833209734
1297.89999999962,"",56,304878,"ywpmgyj4l9","fr","false",1280,800,1280,632,2,63,16.6666666666667,"",NA,"up","touchscreen",998.616999999969,99.8600000000442,95.6999999998952,6,TRUE,2,6,5,130,0.125,66,0.1,1,NA,2021-07-01 07:34:22.471465,"F","062014","right","NA","NA",1.89387100826314,0.230366658337609,0.086394102904828
3401.2000000003,"",57,310311,"ywpmgyj4l9","fr","false",1280,800,1280,632,2,63,16.6666666666667,"",NA,"up","touchscreen",998.521000000008,99.8759999999893,95.4000000001979,6,FALSE,0,6,0,130,0,66,0.2,1,NA,2021-07-01 07:34:22.471465,"F","062014","right","NA","NA",-1.85429771888872,-0.225800953019232,-0.137631972140319
2331.09999999945,"",58,314682,"ywpmgyj4l9","fr","false",1280,800,1280,632,2,63,16.6666666666667,"",NA,"up","touchscreen",998.560999999987,99.8069999999716,96.5000000014552,6,TRUE,1,6,0,130,0.0625,18,0.2,1,NA,2021-07-01 07:34:22.471465,"F","062014","right","NA","NA",0.358480824953685,0.0892624548860204,0.0540278629016731
2750.69999999867,"",59,319464,"ywpmgyj4l9","fr","false",1280,800,1280,632,2,63,16.6666666666667,"",NA,"down","touchscreen",998.915999999968,99.5079999999725,94.9000000000233,6,FALSE,0,6,0,130,0.1875,38,0.05,1,NA,2021-07-01 07:34:22.471465,"F","062014","right","NA","NA",8.44840545610295,0.815308627607883,0.217915363107489
1786.79999999987,"",60,323293,"ywpmgyj4l9","fr","false",1280,800,1280,632,2,63,16.6666666666667,"",NA,"down","touchscreen",998.542000000016,99.8539999999921,95.699999999837,6,FALSE,0,6,0,130,0.125,6,0.15,1,NA,2021-07-01 07:34:22.471465,"F","062014","right","NA","NA",0.77013723321594,0.35934750428976,0.139995605721184
1502.50000000052,"",61,326835,"ywpmgyj4l9","fr","false",1280,800,1280,632,2,63,16.6666666666667,"",NA,"up","touchscreen",998.429999999993,100.02899999998,97.2999999994645,6,TRUE,1,6,2,132,-0.0625,6,0.05,1,NA,2021-07-01 07:34:22.471465,"F","062014","right","NA","NA",0.0360290662472846,0.0180116107661008,0.00222722980066954
1356.7000000003,"",62,330235,"ywpmgyj4l9","fr","false",1280,800,1280,632,2,63,16.6666666666667,"",NA,"up","touchscreen",998.585000000021,99.8079999999609,96.4000000003725,6,TRUE,2,6,5,137,0.1875,38,0.2,1,NA,2021-07-01 07:34:22.471465,"F","062014","right","NA","NA",2.66029987820655,0.405328259899902,0.337547620960996
1068.80000000092,"",63,333342,"ywpmgyj4l9","fr","false",1280,800,1280,632,2,63,16.6666666666667,"",NA,"down","touchscreen",998.578999999969,99.8069999999716,95.4000000001397,6,TRUE,3,6,10,147,-0.125,38,0.05,1,NA,2021-07-01 07:34:22.471465,"F","062014","right","NA","NA",-5.1685163742096,-0.652657245828614,-0.133935365546182
1135.39999999921,"",64,336518,"ywpmgyj4l9","fr","false",1280,800,1280,632,2,63,16.6666666666667,"",NA,"up","touchscreen",998.450000000012,99.9319999999716,96.0999999988708,6,TRUE,4,6,14,161,0.0625,66,0.1,1,NA,2021-07-01 07:34:22.471465,"F","062014","right","NA","NA",3.64937325566101,0.415028756788971,0.149924711027839
2510.79999999999,"",65,341056,"ywpmgyj4l9","fr","false",1280,800,1280,632,2,63,16.6666666666667,"",NA,"down","touchscreen",997.91399999999,100.379000000015,95.699999999837,6,FALSE,0,6,0,161,0.1875,18,0.15,1,NA,2021-07-01 07:34:22.471465,"F","062014","right","NA","NA",2.78269718450057,0.57107672592724,0.2569246897805
2562.90000000078,"",66,345655,"ywpmgyj4l9","fr","false",1280,800,1280,632,2,63,16.6666666666667,"",NA,"up","touchscreen",998.353999999992,99.9159999999683,94.9000000000233,6,FALSE,0,6,0,161,-0.0625,18,0.05,1,NA,2021-07-01 07:34:22.471465,"F","062014","right","NA","NA",-2.27303714838233,-0.494060323043713,-0.10227948354708
1389.29999999888,"",67,349072,"ywpmgyj4l9","fr","false",1280,800,1280,632,2,63,16.6666666666667,"",NA,"up","touchscreen",998.405000000028,99.9569999999949,98.09999999922,6,TRUE,1,6,3,164,0.125,66,0.15,1,NA,2021-07-01 07:34:22.471465,"F","062014","right","NA","NA",3.91660983206524,0.439708306542945,0.244574273448184
2392.3999999988,"",68,353505,"ywpmgyj4l9","fr","false",1280,800,1280,632,2,63,16.6666666666667,"",NA,"up","touchscreen",998.724999999977,99.6840000000084,96.2999999992317,6,TRUE,2,6,3,167,0.0625,6,0.1,1,NA,2021-07-01 07:34:22.471465,"F","062014","right","NA","NA",0.489212899077641,0.237601580504773,0.0560182385998572
1719.30000000069,"",69,357260,"ywpmgyj4l9","fr","false",1280,800,1280,632,2,63,16.6666666666667,"",NA,"up","touchscreen",997.580000000016,100.745999999985,97.2000000001863,6,FALSE,0,6,0,167,-0.0625,38,0.2,1,NA,2021-07-01 07:34:22.471465,"F","062014","right","NA","NA",-1.55253558603155,-0.250505541003406,-0.150132509982664
1000.70000000048,"",70,360302,"ywpmgyj4l9","fr","false",1280,800,1280,632,2,63,16.6666666666667,"",NA,"down","touchscreen",998.513000000035,99.8699999999953,95.6000000005588,6,TRUE,1,6,5,172,-0.0625,66,0.05,1,NA,2021-07-01 07:34:22.471465,"F","062014","right","NA","NA",-3.77682157427992,-0.426917925405833,-0.086047829756352
2017.79999999964,"",71,364348,"ywpmgyj4l9","fr","false",1280,800,1280,632,2,63,16.6666666666667,"",NA,"down","touchscreen",998.603000000003,99.7000000000116,95.4000000001397,6,TRUE,2,6,5,177,-0.0625,6,0.1,1,NA,2021-07-01 07:34:22.471465,"F","062014","right","NA","NA",-0.895259668043628,-0.408564860153924,-0.154579191783597
1675.49999999936,"",72,368073,"ywpmgyj4l9","fr","false",1280,800,1280,632,2,63,16.6666666666667,"",NA,"up","touchscreen",998.486000000034,99.8260000000009,96.599999998929,6,FALSE,0,6,0,177,0.0625,38,0.2,1,NA,2021-07-01 07:34:22.471465,"F","062014","right","NA","NA",-0.624675638727158,-0.103552891704201,-0.0787834036440972
3201.00000000093,"",73,373303,"ywpmgyj4l9","fr","false",1280,800,1280,632,2,63,16.6666666666667,"",NA,"up","touchscreen",998.527000000002,99.8709999999846,94.1000000002678,6,TRUE,1,6,0,177,0.1875,66,0.1,1,NA,2021-07-01 07:34:22.471465,"F","062014","right","NA","NA",5.12865598296153,0.539699741032045,0.230365419775509
2235.49999999889,"",74,377579,"ywpmgyj4l9","fr","false",1280,800,1280,632,2,63,16.6666666666667,"",NA,"down","touchscreen",998.587,99.8040000000037,95.4000000001397,6,TRUE,2,6,0,177,-0.1875,66,0.15,1,NA,2021-07-01 07:34:22.471465,"F","062014","right","NA","NA",-2.50467897294087,-0.298783448099289,-0.159031129314865
1491.9000000009,"",75,381096,"ywpmgyj4l9","fr","false",1280,800,1280,632,2,63,16.6666666666667,"",NA,"down","touchscreen",998.54700000002,99.875,98.4000000007218,6,TRUE,3,6,3,180,-0.1875,66,0.1,1,NA,2021-07-01 07:34:22.471465,"F","062014","right","NA","NA",-6.06165934051809,-0.603924359172843,-0.223579688146666
910.499999999942,"",76,384046,"ywpmgyj4l9","fr","false",1280,800,1280,632,2,63,16.6666666666667,"",NA,"up","touchscreen",998.72100000002,99.6689999999944,95.1000000005006,6,TRUE,4,6,8,188,0,66,0.1,1,NA,2021-07-01 07:34:22.471465,"F","062014","right","NA","NA",0.0593235322450386,0.00741523765602204,0.00276003869294763
2092.59999999992,"",77,388175,"ywpmgyj4l9","fr","false",1280,800,1280,632,2,63,16.6666666666667,"",NA,"down","touchscreen",998.861999999965,99.560999999987,94.3999999999651,6,FALSE,0,6,0,188,0.1875,66,0.05,1,NA,2021-07-01 07:34:22.471465,"F","062014","right","NA","NA",7.19599978229721,0.66875931397339,0.1579739871316
958.099999999802,"",78,391167,"ywpmgyj4l9","fr","false",1280,800,1280,632,2,63,16.6666666666667,"",NA,"up","touchscreen",998.199000000022,100.187999999966,95.1999999997206,6,TRUE,1,6,5,193,0.0625,38,0.1,1,NA,2021-07-01 07:34:22.471465,"F","062014","right","NA","NA",0.408244988552986,0.0678838768113619,0.0233337766459875
1182.3000000004,"",79,394388,"ywpmgyj4l9","fr","false",1280,800,1280,632,2,63,16.6666666666667,"",NA,"down","touchscreen",998.565000000002,99.8470000000088,95.9999999995343,6,FALSE,0,6,0,193,0.0625,6,0.15,1,NA,2021-07-01 07:34:22.471465,"F","062014","right","NA","NA",1.36156944785509,0.562753507405097,0.198198627397313
1343.39999999973,"",80,397763,"ywpmgyj4l9","fr","false",1280,800,1280,632,2,63,16.6666666666667,"",NA,"down","touchscreen",999.015000000014,99.3369999999995,95.4000000001397,6,TRUE,1,6,3,196,-0.1875,66,0.05,1,NA,2021-07-01 07:34:22.471465,"F","062014","right","NA","NA",-9.87383171976945,-0.776979340619475,-0.196554287914049
4486.39999999979,"",81,404279,"ywpmgyj4l9","fr","false",1280,800,1280,632,2,63,16.6666666666667,"",NA,"up","touchscreen",998.508999999962,100.092000000004,99.4000000010128,6,TRUE,2,6,3,199,0.1875,6,0.15,1,NA,2021-07-01 07:34:22.471465,"F","062014","right","NA","NA",0.709153440913319,0.334190523577372,0.164840231873639
1235.5000000007,"",82,407554,"ywpmgyj4l9","fr","false",1280,800,1280,632,2,63,16.6666666666667,"",NA,"down","touchscreen",998.666000000027,99.6809999999823,95.699999999837,6,FALSE,0,6,0,199,0.0625,18,0.1,1,NA,2021-07-01 07:34:22.471465,"F","062014","right","NA","NA",2.25221543576913,0.490627812299218,0.16960417423666
493.800000000163,"",83,410090,"ywpmgyj4l9","fr","false",1280,800,1280,632,2,63,16.6666666666667,"",NA,"up","touchscreen",998.235999999975,99.8260000000009,94.6999999996624,6,FALSE,0,6,0,199,-0.1875,38,0.15,1,NA,2021-07-01 07:34:22.471465,"F","062014","right","NA","NA",-1.18593293563439,-0.193904085329352,-0.0958610084881794
1518.09999999934,"",84,413647,"ywpmgyj4l9","fr","false",1280,800,1280,632,2,63,16.6666666666667,"",NA,"down","touchscreen",998.354999999981,99.8389999999781,99.0000000001164,6,FALSE,0,6,0,199,0.0625,6,0.05,1,NA,2021-07-01 07:34:22.471465,"F","062014","right","NA","NA",0.222308861194055,0.110474055248668,0.0149046434043005
1999.80000000144,"",85,417682,"ywpmgyj4l9","fr","false",1280,800,1280,632,2,63,16.6666666666667,"",NA,"up","touchscreen",997.197999999975,101.326000000001,100.800000000163,6,TRUE,1,6,0,199,-0.125,38,0.15,1,NA,2021-07-01 07:34:22.471465,"F","062014","right","NA","NA",0.936041241652138,0.154142380216709,0.0647671587485317
2164.09999999998,"",86,421884,"ywpmgyj4l9","fr","false",1280,800,1280,632,2,63,16.6666666666667,"",NA,"down","touchscreen",999.42300000001,98.8890000000247,93.7000000012922,6,FALSE,0,6,0,199,-0.0625,18,0.1,1,NA,2021-07-01 07:34:22.471465,"F","062014","right","NA","NA",0.0340543731104166,0.00851328475634694,0.00270395707438863
1619.1999999992,"",87,425530,"ywpmgyj4l9","fr","false",1280,800,1280,632,2,63,16.6666666666667,"",NA,"up","touchscreen",997.380000000005,101.07799999998,95.4000000001397,6,TRUE,1,6,2,201,0.0625,66,0.15,1,NA,2021-07-01 07:34:22.471465,"F","062014","right","NA","NA",0.909699801693093,0.112984347838033,0.0526795066595375
6532.40000000008,"",88,434106,"ywpmgyj4l9","fr","false",1280,800,1280,632,2,63,16.6666666666667,"",NA,"up","touchscreen",998.475999999966,99.7370000000228,96.3999999985681,6,TRUE,2,6,2,203,0.125,38,0.1,1,NA,2021-07-01 07:34:22.471465,"F","062014","right","NA","NA",3.29455066414624,0.481307420049111,0.184134358229655
1402.09999999934,"",89,437548,"ywpmgyj4l9","fr","false",1280,800,1280,632,2,63,16.6666666666667,"",NA,"up","touchscreen",999.397999999986,99.1449999999604,96.100000000617,6,FALSE,0,6,0,203,-0.125,18,0.2,1,NA,2021-07-01 07:34:22.471465,"F","062014","right","NA","NA",-0.670132300397697,-0.165230333976671,-0.0978413964802789
1272.49999999907,"",90,440862,"ywpmgyj4l9","fr","false",1280,800,1280,632,2,63,16.6666666666667,"",NA,"down","touchscreen",998.548999999999,99.9000000000233,97.2000000001863,6,FALSE,0,6,0,203,0,6,0.2,1,NA,2021-07-01 07:34:22.471465,"F","062014","right","NA","NA",0.39378369144021,0.193182945557664,0.0739737314044661
3000.79999999976,"",91,445903,"ywpmgyj4l9","fr","false",1280,800,1280,632,2,63,16.6666666666667,"",NA,"down","touchscreen",998.563999999955,99.7749999999651,95.9000000002561,6,TRUE,1,6,0,203,-0.1875,6,0.15,1,NA,2021-07-01 07:34:22.471465,"F","062014","right","NA","NA",-0.4974189607593,-0.241356747398944,-0.0686578176483441
5570.99999999994,"",92,453515,"ywpmgyj4l9","fr","false",1280,800,1280,632,2,63,16.6666666666667,"",NA,"up","touchscreen",998.562999999966,99.7749999999651,97.100000000908,6,FALSE,0,6,0,203,-0.1875,38,0.2,1,NA,2021-07-01 07:34:22.471465,"F","062014","right","NA","NA",-2.22484879141227,-0.347675270204683,-0.2365941222393
1966.09999999963,"",93,457518,"ywpmgyj4l9","fr","false",1280,800,1280,632,2,63,16.6666666666667,"",NA,"down","touchscreen",998.869000000006,99.5229999999865,94.8000000007451,6,TRUE,1,6,0,203,-0.125,38,0.2,1,NA,2021-07-01 07:34:22.471465,"F","062014","right","NA","NA",-3.89721518542668,-0.544714694721974,-0.414282476958042
3435.49999999953,"",94,462996,"ywpmgyj4l9","fr","false",1280,800,1280,632,2,63,16.6666666666667,"",NA,"up","touchscreen",998.123000000021,100.328999999969,95.4000000001397,6,FALSE,0,6,0,203,-0.0625,66,0.1,1,NA,2021-07-01 07:34:22.471465,"F","062014","right","NA","NA",-0.855991612839578,-0.106391657741014,-0.0363449907171194
1855.19999999995,"",95,466892,"ywpmgyj4l9","fr","false",1280,800,1280,632,2,63,16.6666666666667,"",NA,"down","touchscreen",998.280000000028,100.113999999943,96.3000000010943,6,FALSE,0,6,0,203,0.125,6,0.05,1,NA,2021-07-01 07:34:22.471465,"F","062014","right","NA","NA",0.658497861403215,0.312734045459492,0.0577103655566871
3117.00000000023,"",96,472047,"ywpmgyj4l9","fr","false",1280,800,1280,632,2,63,16.6666666666667,"",NA,"up","touchscreen",997.663,100.724999999977,97.100000000908,6,FALSE,0,6,0,203,-0.125,18,0.05,1,NA,2021-07-01 07:34:22.471465,"F","062014","right","NA","NA",-3.46218566279318,-0.65444669372143,-0.148396364283051
1274.90000000031,"",97,475364,"ywpmgyj4l9","fr","false",1280,800,1280,632,2,63,16.6666666666667,"",NA,"down","touchscreen",998.538,99.8399999999674,96.999999999709,6,TRUE,1,6,4,207,-0.1875,66,0.2,1,NA,2021-07-01 07:34:22.471465,"F","062014","right","NA","NA",-3.65620149499154,-0.415671234994729,-0.3265062592399
1208.30000000028,"",98,478608,"ywpmgyj4l9","fr","false",1280,800,1280,632,2,63,16.6666666666667,"",NA,"down","touchscreen",998.517999999982,99.8280000000377,103.699999999662,6,TRUE,2,6,8,215,-0.1875,38,0.05,1,NA,2021-07-01 07:34:22.471465,"F","062014","right","NA","NA",-5.91108935721921,-0.70180901201186,-0.174400388781714
2198.8000000001,"",99,482847,"ywpmgyj4l9","fr","false",1280,800,1280,632,2,63,16.6666666666667,"",NA,"down","touchscreen",998.558000000019,99.8110000000452,97.69999999844,6,TRUE,3,6,8,223,-0.1875,6,0.1,1,NA,2021-07-01 07:34:22.471465,"F","062014","right","NA","NA",-1.32959439628715,-0.553621922814463,-0.113493921698426
1971.70000000007,"",100,486846,"ywpmgyj4l9","fr","false",1280,800,1280,632,2,63,16.6666666666667,"",NA,"up","touchscreen",997.781000000017,100.543000000005,96.1000000006752,6,FALSE,0,6,0,223,0,38,0.2,1,NA,2021-07-01 07:34:22.471465,"F","062014","right","NA","NA",-0.345297091259794,-0.0574544508175324,-0.0400763962207828
1413.49999999872,"",101,490302,"ywpmgyj4l9","fr","false",1280,800,1280,632,2,63,16.6666666666667,"",NA,"up","touchscreen",998.57799999998,99.8160000000498,94.9999999993015,6,TRUE,1,6,3,226,0.125,38,0.15,1,NA,2021-07-01 07:34:22.471465,"F","062014","right","NA","NA",1.26161052982383,0.205768810278735,0.107253881473783
2608.79999999999,"",102,494942,"ywpmgyj4l9","fr","false",1280,800,1280,632,2,63,16.6666666666667,"",NA,"up","touchscreen",999.027000000002,99.4269999999669,95.9000000002561,6,TRUE,2,6,3,229,0.125,18,0.2,1,NA,2021-07-01 07:34:22.471465,"F","062014","right","NA","NA",2.59411145801082,0.544119775198294,0.298823720257973
3126.50000000029,"",103,500104,"ywpmgyj4l9","fr","false",1280,800,1280,632,2,63,16.6666666666667,"",NA,"down","touchscreen",999.886999999988,98.5289999999804,95.3999999983935,6,TRUE,3,6,3,232,-0.125,6,0.1,1,NA,2021-07-01 07:34:22.471465,"F","062014","right","NA","NA",-3.7325037971367,-0.881436282764146,-0.293393052229267
1656.00000000081,"",104,503789,"ywpmgyj4l9","fr","false",1280,800,1280,632,2,63,16.6666666666667,"",NA,"down","touchscreen",997.637999999977,100.65399999998,96.6000000007916,6,FALSE,0,6,0,232,0.0625,66,0.05,1,NA,2021-07-01 07:34:22.471465,"F","062014","right","NA","NA",2.12366578567814,0.25657203849814,0.045743656781811
2107.70000000048,"",105,507937,"ywpmgyj4l9","fr","false",1280,800,1280,632,2,63,16.6666666666667,"",NA,"up","touchscreen",998.50900000002,99.9109999999637,95.9000000002561,6,FALSE,0,6,0,232,0,18,0.1,1,NA,2021-07-01 07:34:22.471465,"F","062014","right","NA","NA",-0.134027428075676,-0.0334880636092963,-0.013461421942704
1850.4999999986,"",106,511824,"ywpmgyj4l9","fr","false",1280,800,1280,632,2,63,16.6666666666667,"",NA,"down","touchscreen",998.96100000001,99.4519999999902,95.8000000009779,6,FALSE,0,6,0,232,0,6,0.05,1,NA,2021-07-01 07:34:22.471465,"F","062014","right","NA","NA",0.861188329931369,0.395488265880264,0.062646837459943
1518.90000000095,"",107,515386,"ywpmgyj4l9","fr","false",1280,800,1280,632,2,63,16.6666666666667,"",NA,"up","touchscreen",998.301000000036,100.007000000041,97.7999999995227,6,TRUE,1,6,2,234,0.1875,6,0.05,1,NA,2021-07-01 07:34:22.471465,"F","062014","right","NA","NA",1.72650884467683,0.65345425419668,0.10401714675658
1523.40000000002,"",108,518952,"ywpmgyj4l9","fr","false",1280,800,1280,632,2,63,16.6666666666667,"",NA,"down","touchscreen",998.498999999953,99.9499999999534,96.9999999997672,6,FALSE,0,6,0,234,-0.0625,38,0.1,1,NA,2021-07-01 07:34:22.471465,"F","062014","right","NA","NA",0.0635347517304396,0.0105885316612727,0.00256817047498234
1516.79999999946,"",109,522509,"ywpmgyj4l9","fr","false",1280,800,1280,632,2,63,16.6666666666667,"",NA,"up","touchscreen",998.478000000003,99.8830000000307,96.4999999996508,6,FALSE,0,6,0,234,-0.0625,66,0.15,1,NA,2021-07-01 07:34:22.471465,"F","062014","right","NA","NA",-1.96209717942814,-0.238202407435413,-0.114205351703948
1195.70000000019,"",110,525733,"ywpmgyj4l9","fr","false",1280,800,1280,632,2,63,16.6666666666667,"",NA,"up","touchscreen",998.468000000052,99.8510000000242,96.7000000000698,6,FALSE,0,6,0,234,-0.0625,6,0.2,1,NA,2021-07-01 07:34:22.471465,"F","062014","right","NA","NA",-0.102273763818331,-0.0510701517747878,-0.0356805184773215
1782.30000000075,"",111,529544,"ywpmgyj4l9","fr","false",1280,800,1280,632,2,63,16.6666666666667,"",NA,"up","touchscreen",998.53899999999,99.8719999999739,100.800000000163,6,FALSE,0,6,0,234,-0.0625,38,0.05,1,NA,2021-07-01 07:34:22.471465,"F","062014","right","NA","NA",-0.0862833484710566,-0.014379071356151,-0.00291628058852281
1603.90000000002,"",112,533180,"ywpmgyj4l9","fr","false",1280,800,1280,632,2,63,16.6666666666667,"",NA,"down","touchscreen",998.538000000059,99.8380000001052,97.2999999994645,6,FALSE,0,6,0,234,0.125,18,0.05,1,NA,2021-07-01 07:34:22.471465,"F","062014","right","NA","NA",3.00584666341528,0.600747585739462,0.0992635573739233
1343.99999999919,"",113,536565,"ywpmgyj4l9","fr","false",1280,800,1280,632,2,63,16.6666666666667,"",NA,"up","touchscreen",998.548999999999,99.8499999999767,95.9999999996508,6,FALSE,0,6,0,234,-0.125,66,0.15,1,NA,2021-07-01 07:34:22.471465,"F","062014","right","NA","NA",-0.783173448276833,-0.0974309170457481,-0.0473238541036659
6733.29999999986,"",2,260544,"zuyf5zre60","fr","false",800,1280,980,1363,2,60,16.6666666666667,"",NA,"down","touchscreen",998.554999999993,99.8429999999935,95.1999999997497,6,TRUE,1,1,0,0,0,18,0.2,1,NA,2021-07-01 04:00:30.271029,"F","012014","right","NA","NA",-0.136990110002092,-0.0342274608058331,-0.0207564083740843
3257.60000000082,"",3,265838,"zuyf5zre60","fr","false",800,1280,980,1363,2,60,16.6666666666667,"",NA,"up","touchscreen",998.574000000022,99.8630000000121,97.0999999990454,6,FALSE,0,1,0,0,-0.0625,66,0.15,1,NA,2021-07-01 04:00:30.271029,"F","012014","right","NA","NA",-1.65923373114252,-0.203082260932015,-0.106362701124864
7363.90000000029,"",4,275238,"zuyf5zre60","fr","false",800,1280,980,1363,2,60,16.6666666666667,"",NA,"down","touchscreen",998.679999999993,99.7489999999816,99.3999999991502,6,TRUE,1,1,0,0,-0.1875,6,0.05,1,NA,2021-07-01 04:00:30.271029,"F","012014","right","NA","NA",-8.77643858719884,-0.975004129994059,-0.249166510097631
8383.60000000102,"",5,285661,"zuyf5zre60","fr","false",800,1280,980,1363,2,60,16.6666666666667,"",NA,"down","touchscreen",997.455999999976,100.894,95.4000000001688,6,TRUE,2,2,0,0,-0.125,66,0.1,1,NA,2021-07-01 04:00:30.271029,"F","012014","right","NA","NA",-3.00561715186413,-0.351699625871101,-0.117372550073596
19643.2999999997,"",6,307339,"zuyf5zre60","fr","false",800,1280,980,1363,2,60,16.6666666666667,"",NA,"up","touchscreen",998.114000000001,99.9500000000116,95.8999999984226,6,FALSE,0,2,0,0,-0.125,38,0.15,1,NA,2021-07-01 04:00:30.271029,"F","012014","right","NA","NA",-0.655283051571703,-0.108568278306084,-0.0592467283706477
18189.8000000001,"",7,327571,"zuyf5zre60","fr","false",800,1280,980,1363,2,60,16.6666666666667,"",NA,"down","touchscreen",998.550999999978,99.9139999999898,96.1999999999534,6,TRUE,1,2,0,0,-0.0625,18,0.15,1,NA,2021-07-01 04:00:30.271029,"F","012014","right","NA","NA",-0.734308841762731,-0.180559932487407,-0.0812408584648006
2865.90000000066,"",8,332486,"zuyf5zre60","fr","false",800,1280,980,1363,2,60,16.6666666666667,"",NA,"down","touchscreen",998.491999999998,99.8729999999923,95.9999999995343,6,TRUE,2,2,0,0,0.0625,6,0.1,1,NA,2021-07-01 04:00:30.271029,"F","012014","right","NA","NA",-0.344337817931502,-0.169672545164167,-0.0396049237234588
4181.30000000019,"",9,338711,"zuyf5zre60","fr","false",800,1280,980,1363,2,60,16.6666666666667,"",NA,"down","touchscreen",999.09599999999,99.2869999999821,96.7000000000407,6,TRUE,3,3,0,0,-0.1875,38,0.1,1,NA,2021-07-01 04:00:30.271029,"F","012014","right","NA","NA",-4.45691277292401,-0.596304164223201,-0.277219127129005
3352.40000000157,"",10,344111,"zuyf5zre60","fr","false",800,1280,980,1363,2,60,16.6666666666667,"",NA,"up","touchscreen",998.511999999988,99.881000000023,95.7000000016415,6,TRUE,4,4,0,0,0.0625,38,0.1,1,NA,2021-07-01 04:00:30.271029,"F","012014","right","NA","NA",2.45459934694641,0.378639967189733,0.164297324042075
4426.99999999965,"",11,350570,"zuyf5zre60","fr","false",800,1280,980,1363,2,60,16.6666666666667,"",NA,"up","touchscreen",998.479000000021,99.9119999999821,99.2000000005355,6,TRUE,5,5,0,0,-0.0625,6,0.2,1,NA,2021-07-01 04:00:30.271029,"F","012014","right","NA","NA",0.898960127352671,0.409970266112643,0.192702945156682
9824.30000000022,"",12,362431,"zuyf5zre60","fr","false",800,1280,980,1363,2,60,16.6666666666667,"",NA,"up","touchscreen",998.510999999999,99.7999999999884,96.4000000003725,6,FALSE,0,5,0,0,0,6,0.05,1,NA,2021-07-01 04:00:30.271029,"F","012014","right","NA","NA",-0.335976790328601,-0.165667087155105,-0.0209086428769404
4053.30000000139,"",13,368522,"zuyf5zre60","fr","false",800,1280,980,1363,2,60,16.6666666666667,"",NA,"down","touchscreen",998.516000000003,99.9090000000142,96.7999999993481,6,TRUE,1,5,0,0,-0.0625,38,0.05,1,NA,2021-07-01 04:00:30.271029,"F","012014","right","NA","NA",-0.767055657024468,-0.126810530702779,-0.0191130699906663
7711.79999999914,"",14,378275,"zuyf5zre60","fr","false",800,1280,980,1363,2,60,16.6666666666667,"",NA,"down","touchscreen",998.479000000021,99.8519999999844,93.3999999997322,6,FALSE,0,5,0,0,0.125,18,0.05,1,NA,2021-07-01 04:00:30.271029,"F","012014","right","NA","NA",2.65746204897246,0.553372538112425,0.0990249609105694
4242.0000000002,"",15,384554,"zuyf5zre60","fr","false",800,1280,980,1363,2,60,16.6666666666667,"",NA,"up","touchscreen",998.562999999995,99.810999999987,96.5999999989581,6,FALSE,0,5,0,0,-0.125,18,0.05,1,NA,2021-07-01 04:00:30.271029,"F","012014","right","NA","NA",-1.8583286219071,-0.421332462860959,-0.090215785808312
6555.50000000038,"",16,393146,"zuyf5zre60","fr","false",800,1280,980,1363,2,60,16.6666666666667,"",NA,"up","touchscreen",998.587,99.8459999999905,97.2999999994645,6,TRUE,1,5,0,0,0.125,6,0.05,1,NA,2021-07-01 04:00:30.271029,"F","012014","right","NA","NA",2.7747018579186,0.811227199994961,0.144481356207834
4424.80000000075,"",17,399602,"zuyf5zre60","fr","false",800,1280,980,1363,2,60,16.6666666666667,"",NA,"up","touchscreen",998.519000000029,99.8570000000182,95.9000000002561,6,TRUE,2,5,0,0,0.0625,6,0.2,1,NA,2021-07-01 04:00:30.271029,"F","012014","right","NA","NA",1.03298898313614,0.458899303938839,0.349345993988302
4791.3000000008,"",18,406427,"zuyf5zre60","fr","false",800,1280,980,1363,2,60,16.6666666666667,"",NA,"up","touchscreen",998.521999999997,99.8789999999572,95.1000000004424,6,TRUE,3,5,0,0,0.125,6,0.15,1,NA,2021-07-01 04:00:30.271029,"F","012014","right","NA","NA",0.916804444915314,0.41670646143097,0.148753436295624
3957.39999999932,"",19,412416,"zuyf5zre60","fr","false",800,1280,980,1363,2,60,16.6666666666667,"",NA,"down","touchscreen",998.556999999972,99.8530000000028,94.3999999999651,6,TRUE,4,5,0,0,-0.0625,66,0.1,1,NA,2021-07-01 04:00:30.271029,"F","012014","right","NA","NA",-1.21743841335059,-0.150447686825719,-0.0474468086412431
4245.30000000051,"",20,418696,"zuyf5zre60","fr","false",800,1280,980,1363,2,60,16.6666666666667,"",NA,"down","touchscreen",998.51999999996,99.8670000000275,95.4999999994761,6,FALSE,0,5,0,0,0.125,66,0.1,1,NA,2021-07-01 04:00:30.271029,"F","012014","right","NA","NA",2.31245557210967,0.277688661522915,0.0829783034617026
2087.40000000031,"",21,422828,"zuyf5zre60","fr","false",800,1280,980,1363,2,60,16.6666666666667,"",NA,"up","touchscreen",998.59600000002,99.8500000000349,95.8999999983935,6,FALSE,0,5,0,0,-0.1875,38,0.05,1,NA,2021-07-01 04:00:30.271029,"F","012014","right","NA","NA",-6.50150267774097,-0.734881582309368,-0.182415314083142
2250.70000000054,"",22,427119,"zuyf5zre60","fr","false",800,1280,980,1363,2,60,16.6666666666667,"",NA,"down","touchscreen",998.554999999993,99.8429999999935,96.1999999999534,6,FALSE,0,5,0,0,0,38,0.15,1,NA,2021-07-01 04:00:30.271029,"F","012014","right","NA","NA",0.109644915875792,0.0182711021321714,0.00796828073550247
1170.90000000101,"",23,430334,"zuyf5zre60","fr","false",800,1280,980,1363,2,60,16.6666666666667,"",NA,"down","touchscreen",999.130000000005,99.3520000000135,94.8000000007451,6,FALSE,0,5,0,0,0.125,18,0.1,1,NA,2021-07-01 04:00:30.271029,"F","012014","right","NA","NA",1.59177503863209,0.369743089557137,0.106768620397374
2308.50000000105,"",24,434683,"zuyf5zre60","fr","false",800,1280,980,1363,2,60,16.6666666666667,"",NA,"down","touchscreen",998.456999999995,99.9789999999921,95.6999999998952,6,TRUE,1,5,0,0,-0.1875,38,0.2,1,NA,2021-07-01 04:00:30.271029,"F","012014","right","NA","NA",-3.09603493015414,-0.458556456854451,-0.339000392574699
3521.69999999931,"",25,440240,"zuyf5zre60","fr","false",800,1280,980,1363,2,60,16.6666666666667,"",NA,"up","touchscreen",998.83600000001,99.4789999999921,94.4999999993015,6,TRUE,2,5,0,0,0.125,66,0.05,1,NA,2021-07-01 04:00:30.271029,"F","012014","right","NA","NA",8.23088608878386,0.717092901180691,0.14869494730242
8469.20000000141,"",26,450743,"zuyf5zre60","fr","false",800,1280,980,1363,2,60,16.6666666666667,"",NA,"up","touchscreen",998.535000000033,99.7630000000354,95.6000000005588,6,FALSE,0,5,0,0,-0.0625,66,0.2,1,NA,2021-07-01 04:00:30.271029,"F","012014","right","NA","NA",-1.24548109076318,-0.153832018428259,-0.101787675818494
11764.1999999996,"",27,464539,"zuyf5zre60","fr","false",800,1280,980,1363,2,60,16.6666666666667,"",NA,"down","touchscreen",998.562999999966,99.8389999999781,100.300000000047,6,TRUE,1,5,0,0,0,6,0.15,1,NA,2021-07-01 04:00:30.271029,"F","012014","right","NA","NA",-0.880447892749933,-0.40291032681595,-0.144190858167064
4514.69999999972,"",28,471093,"zuyf5zre60","fr","false",800,1280,980,1363,2,60,16.6666666666667,"",NA,"down","touchscreen",998.554000000004,99.8549999999814,93.8999999998487,6,TRUE,2,5,0,0,0.0625,18,0.1,1,NA,2021-07-01 04:00:30.271029,"F","012014","right","NA","NA",-0.256702828204272,-0.064043959355321,-0.0139210768845653
1541.40000000008,"",29,474675,"zuyf5zre60","fr","false",800,1280,980,1363,2,60,16.6666666666667,"",NA,"up","touchscreen",998.652000000002,99.7019999999902,96.4000000003725,6,TRUE,3,5,2,2,0.1875,38,0.1,1,NA,2021-07-01 04:00:30.271029,"F","012014","right","NA","NA",2.40924912279607,0.372623542013895,0.160260395679775
4800.10000000038,"",30,481511,"zuyf5zre60","fr","false",800,1280,980,1363,2,60,16.6666666666667,"",NA,"down","touchscreen",998.559000000008,99.8279999999795,96.1000000006752,6,FALSE,0,5,0,2,0.125,66,0.15,1,NA,2021-07-01 04:00:30.271029,"F","012014","right","NA","NA",1.51442629466767,0.185999899666576,0.1000866341079
4950.90000000165,"",31,488503,"zuyf5zre60","fr","false",800,1280,980,1363,2,60,16.6666666666667,"",NA,"down","touchscreen",998.5,99.9509999999427,95.9000000002561,6,TRUE,1,5,0,2,-0.0625,18,0.05,1,NA,2021-07-01 04:00:30.271029,"F","012014","right","NA","NA",-1.58961645112974,-0.369310111880641,-0.0571182419897222
3873.79999999941,"",32,494415,"zuyf5zre60","fr","false",800,1280,980,1363,2,60,16.6666666666667,"",NA,"down","touchscreen",998.521000000008,99.8620000000228,96.3999999985681,6,TRUE,2,5,0,2,-0.1875,6,0.1,1,NA,2021-07-01 04:00:30.271029,"F","012014","right","NA","NA",-1.46202226101425,-0.590143884603942,-0.0785881060860031
4361.10000000003,"",33,500810,"zuyf5zre60","fr","false",800,1280,980,1363,2,60,16.6666666666667,"",NA,"up","touchscreen",998.561999999976,99.8120000000345,97.2999999994063,6,FALSE,0,5,0,2,-0.1875,18,0.1,1,NA,2021-07-01 04:00:30.271029,"F","012014","right","NA","NA",-2.39455257240062,-0.513636317667396,-0.194349188525708
9333.89999999962,"",34,512175,"zuyf5zre60","fr","false",800,1280,980,1363,2,60,16.6666666666667,"",NA,"up","touchscreen",998.467999999993,99.9290000000037,96.5000000014552,6,FALSE,0,5,0,2,-0.0625,6,0.05,1,NA,2021-07-01 04:00:30.271029,"F","012014","right","NA","NA",-0.806282789045468,-0.373900994051774,-0.0437497679379665
4280.49999999889,"",35,518489,"zuyf5zre60","fr","false",800,1280,980,1363,2,60,16.6666666666667,"",NA,"down","touchscreen",998.428000000014,99.9419999999809,96.000000001397,6,TRUE,1,5,0,2,-0.1875,18,0.15,1,NA,2021-07-01 04:00:30.271029,"F","012014","right","NA","NA",-1.8473188214804,-0.419276140977368,-0.24580535482324
3692.9999999993,"",36,524226,"zuyf5zre60","fr","false",800,1280,980,1363,2,60,16.6666666666667,"",NA,"down","touchscreen",998.983000000007,99.5299999999697,95.5999999986961,6,FALSE,0,5,0,2,0,66,0.05,1,NA,2021-07-01 04:00:30.271029,"F","012014","right","NA","NA",0.00238325132049496,0.000297906401842537,4.64812940583863e-05
1637.69999999931,"",37,527899,"zuyf5zre60","fr","false",800,1280,980,1363,2,60,16.6666666666667,"",NA,"down","touchscreen",999.584000000032,99.1810000000405,96.1999999999534,6,FALSE,0,5,0,2,0.0625,18,0.15,1,NA,2021-07-01 04:00:30.271029,"F","012014","right","NA","NA",0.428650576003843,0.10655257453811,0.0518897615745941
12773.4,"",38,542710,"zuyf5zre60","fr","false",800,1280,980,1363,2,60,16.6666666666667,"",NA,"up","touchscreen",997.853999999992,100.559999999998,95.9999999995343,6,FALSE,0,5,0,2,-0.0625,66,0.05,1,NA,2021-07-01 04:00:30.271029,"F","012014","right","NA","NA",-3.40146996930465,-0.3912838615168,-0.0567605627132512
2027.70000000059,"",39,546775,"zuyf5zre60","fr","false",800,1280,980,1363,2,60,16.6666666666667,"",NA,"up","touchscreen",998.474999999977,99.9050000000279,96.9999999997672,6,TRUE,1,5,0,2,0.0625,6,0.15,1,NA,2021-07-01 04:00:30.271029,"F","012014","right","NA","NA",0.537566024027929,0.259570265746113,0.0902687439673053
1682.29999999859,"",40,550492,"zuyf5zre60","fr","false",800,1280,980,1363,2,60,16.6666666666667,"",NA,"up","touchscreen",998.47100000002,99.8989999999758,97.1999999983236,6,TRUE,2,5,2,4,-0.125,18,0.2,1,NA,2021-07-01 04:00:30.271029,"F","012014","right","NA","NA",1.02848368268402,0.249021111999716,0.184622596347453
1405.99999999901,"",41,553923,"zuyf5zre60","fr","false",800,1280,980,1363,2,60,16.6666666666667,"",NA,"up","touchscreen",998.437999999966,99.8999999999651,96.9999999997672,6,FALSE,0,5,0,4,-0.125,38,0.1,1,NA,2021-07-01 04:00:30.271029,"F","012014","right","NA","NA",-1.08950131474189,-0.178661966627613,-0.0784583366294815
1614.30000000109,"",42,557566,"zuyf5zre60","fr","false",800,1280,980,1363,2,60,16.6666666666667,"",NA,"up","touchscreen",998.565999999992,99.8520000000135,97.1000000008498,6,TRUE,1,5,2,6,0.0625,6,0.05,1,NA,2021-07-01 04:00:30.271029,"F","012014","right","NA","NA",1.28554742204474,0.540707929683441,0.0831896557294554
5008.20000000019,"",43,564602,"zuyf5zre60","fr","false",800,1280,980,1363,2,60,16.6666666666667,"",NA,"down","touchscreen",998.56799999997,99.8260000000009,95.5000000012224,6,FALSE,0,5,0,6,0,66,0.1,1,NA,2021-07-01 04:00:30.271029,"F","012014","right","NA","NA",0.0207126443827348,0.00258907187014436,0.000854566076039841
5743.50000000047,"",44,572375,"zuyf5zre60","fr","false",800,1280,980,1363,2,60,16.6666666666667,"",NA,"down","touchscreen",998.569000000018,99.8219999999856,99.2000000005355,6,TRUE,1,5,0,6,-0.1875,66,0.2,1,NA,2021-07-01 04:00:30.271029,"F","012014","right","NA","NA",-1.90320550183967,-0.231441409149875,-0.189058673066235
1819.49999999959,"",45,576228,"zuyf5zre60","fr","false",800,1280,980,1363,2,60,16.6666666666667,"",NA,"up","touchscreen",998.940999999992,99.3649999999907,94.600000000326,6,TRUE,2,5,1,7,0.0625,38,0.15,1,NA,2021-07-01 04:00:30.271029,"F","012014","right","NA","NA",1.55315905841491,0.250599823401997,0.119467912315114
1100.99999999872,"",46,579369,"zuyf5zre60","fr","false",800,1280,980,1363,2,60,16.6666666666667,"",NA,"up","touchscreen",998.554999999993,99.8620000000228,96.599999998929,6,TRUE,3,5,5,12,0.125,6,0.2,1,NA,2021-07-01 04:00:30.271029,"F","012014","right","NA","NA",0.387278867648264,0.190108064567469,0.0938817302629067
1090.59999999951,"",47,582490,"zuyf5zre60","fr","false",800,1280,980,1363,2,60,16.6666666666667,"",NA,"up","touchscreen",999.20299999998,99.2260000000242,94.9999999993597,6,FALSE,0,5,0,12,-0.0625,38,0.15,1,NA,2021-07-01 04:00:30.271029,"F","012014","right","NA","NA",-0.350496104737036,-0.0583166015042862,-0.0294574128774006
1768.39999999903,"",48,586293,"zuyf5zre60","fr","false",800,1280,980,1363,2,60,16.6666666666667,"",NA,"up","touchscreen",998.189000000013,100.184999999998,95.0999999986379,6,FALSE,0,5,0,12,0,6,0.2,1,NA,2021-07-01 04:00:30.271029,"F","012014","right","NA","NA",-0.365774272219982,-0.179903207607829,-0.0890154043254991
2666.40000000002,"",49,591005,"zuyf5zre60","fr","false",800,1280,980,1363,2,60,16.6666666666667,"",NA,"up","touchscreen",998.526000000013,99.8460000000196,95.6999999998952,6,TRUE,1,5,0,12,0.1875,38,0.05,1,NA,2021-07-01 04:00:30.271029,"F","012014","right","NA","NA",6.72886047674594,0.746373455933294,0.189000791936094
2418.09999999893,"",50,595464,"zuyf5zre60","fr","false",800,1280,980,1363,2,60,16.6666666666667,"",NA,"down","touchscreen",998.480999999971,99.9639999999781,95.4000000001397,6,FALSE,0,5,0,12,0.0625,66,0.1,1,NA,2021-07-01 04:00:30.271029,"F","012014","right","NA","NA",0.986995723889602,0.122446093061813,0.0413410686258397
2285.90000000078,"",51,599795,"zuyf5zre60","fr","false",800,1280,980,1363,2,60,16.6666666666667,"",NA,"up","touchscreen",998.561000000045,99.8410000000149,96.4000000003725,6,FALSE,0,5,0,12,-0.125,66,0.05,1,NA,2021-07-01 04:00:30.271029,"F","012014","right","NA","NA",-4.21500524959009,-0.466134264914192,-0.0876886021407185
9938.40000000095,"",52,611774,"zuyf5zre60","fr","false",800,1280,980,1363,2,60,16.6666666666667,"",NA,"down","touchscreen",998.625,99.789999999979,95.299999999057,6,FALSE,0,5,0,12,0,38,0.2,1,NA,2021-07-01 04:00:30.271029,"F","012014","right","NA","NA",0.882824187330059,0.145570049581591,0.0898213781366275
3061.49999999977,"",53,616864,"zuyf5zre60","fr","false",800,1280,980,1363,2,60,16.6666666666667,"",NA,"up","touchscreen",998.626999999979,99.7810000000172,95.4000000001979,6,TRUE,1,5,0,12,0.125,38,0.15,1,NA,2021-07-01 04:00:30.271029,"F","012014","right","NA","NA",0.702490994622415,0.116287501795469,0.0552408534539645
1698.4999999986,"",54,620595,"zuyf5zre60","fr","false",800,1280,980,1363,2,60,16.6666666666667,"",NA,"up","touchscreen",998.84600000002,99.5810000000056,94.3000000006869,6,TRUE,2,5,2,14,0,38,0.1,1,NA,2021-07-01 04:00:30.271029,"F","012014","right","NA","NA",0.222258241059853,0.037017651316497,0.0128248860224103
1112.40000000002,"",55,623752,"zuyf5zre60","fr","false",800,1280,980,1363,2,60,16.6666666666667,"",NA,"up","touchscreen",998.623000000021,99.75,95.6000000005588,6,FALSE,0,5,0,14,-0.125,66,0.2,1,NA,2021-07-01 04:00:30.271029,"F","012014","right","NA","NA",-0.454956796496957,-0.0567778595817565,-0.0408354455315973
4151.79999999964,"",56,629940,"zuyf5zre60","fr","false",800,1280,980,1363,2,60,16.6666666666667,"",NA,"up","touchscreen",999.467999999993,99.005999999994,94.3000000006869,6,TRUE,1,5,0,14,0.1875,18,0.1,1,NA,2021-07-01 04:00:30.271029,"F","012014","right","NA","NA",2.82556503556928,0.576960591082616,0.171100343135375
1050.50000000116,"",57,633026,"zuyf5zre60","fr","false",800,1280,980,1363,2,60,16.6666666666667,"",NA,"up","touchscreen",998.987999999954,99.5320000000065,96.1999999999534,6,FALSE,0,5,0,14,0,18,0.15,1,NA,2021-07-01 04:00:30.271029,"F","012014","right","NA","NA",-0.377700695819495,-0.0940070153655054,-0.0419801308202361
1206.4000000009,"",58,636260,"zuyf5zre60","fr","false",800,1280,980,1363,2,60,16.6666666666667,"",NA,"down","touchscreen",997.875999999989,100.391000000003,97.4999999998836,6,TRUE,1,5,4,18,-0.125,18,0.15,1,NA,2021-07-01 04:00:30.271029,"F","012014","right","NA","NA",-1.29769211065933,-0.308589647328879,-0.165688299656836
1385.40000000101,"",59,639686,"zuyf5zre60","fr","false",800,1280,980,1363,2,60,16.6666666666667,"",NA,"up","touchscreen",998.533999999985,99.8260000000009,96.2999999992899,6,FALSE,0,5,0,18,-0.125,6,0.2,1,NA,2021-07-01 04:00:30.271029,"F","012014","right","NA","NA",-1.41469585438143,-0.577481510067446,-0.396012936213567
1518,"",60,643244,"zuyf5zre60","fr","false",800,1280,980,1363,2,60,16.6666666666667,"",NA,"down","touchscreen",998.561000000045,99.8720000000321,99.2999999998137,6,FALSE,0,5,0,18,0,38,0.05,1,NA,2021-07-01 04:00:30.271029,"F","012014","right","NA","NA",1.16290530394157,0.190276604769626,0.0316345214409215
1244.8000000004,"",61,646519,"zuyf5zre60","fr","false",800,1280,980,1363,2,60,16.6666666666667,"",NA,"up","touchscreen",998.502000000037,99.8470000000088,96.2999999992317,6,FALSE,0,5,0,18,-0.125,6,0.1,1,NA,2021-07-01 04:00:30.271029,"F","012014","right","NA","NA",-1.24201940829534,-0.527559120119238,-0.162357100180796
1467.99999999895,"",62,650022,"zuyf5zre60","fr","false",800,1280,980,1363,2,60,16.6666666666667,"",NA,"down","touchscreen",999.480999999971,98.9130000000005,96.6000000007334,6,FALSE,0,5,0,18,0.0625,66,0.05,1,NA,2021-07-01 04:00:30.271029,"F","012014","right","NA","NA",2.73382676224434,0.323368362713782,0.0597439419119191
11798.1,"",63,663863,"zuyf5zre60","fr","false",800,1280,980,1363,2,60,16.6666666666667,"",NA,"down","touchscreen",998.585999999894,99.8129999999655,96.4999999996508,6,TRUE,1,5,0,18,-0.125,38,0.05,1,NA,2021-07-01 04:00:30.271029,"F","012014","right","NA","NA",-6.82688142182927,-0.751131107420825,-0.173189078912114
3183.99999999919,"",64,669080,"zuyf5zre60","fr","false",800,1280,980,1363,2,60,16.6666666666667,"",NA,"down","touchscreen",998.569000000018,99.9340000000084,96.4999999995343,6,FALSE,0,5,0,18,0.0625,18,0.05,1,NA,2021-07-01 04:00:30.271029,"F","012014","right","NA","NA",1.49613826100068,0.350330547372255,0.0677178586381348
3381.30000000086,"",65,674502,"zuyf5zre60","fr","false",800,1280,980,1363,2,60,16.6666666666667,"",NA,"up","touchscreen",998.55999999994,99.844000000041,97.100000000908,6,FALSE,0,5,0,18,0,18,0.1,1,NA,2021-07-01 04:00:30.271029,"F","012014","right","NA","NA",-1.10269033201313,-0.265759240299902,-0.090642272948149
8758.59999999916,"",66,685288,"zuyf5zre60","fr","false",800,1280,980,1363,2,60,16.6666666666667,"",NA,"down","touchscreen",998.839000000036,99.5709999999963,96.4999999995343,6,TRUE,1,5,0,18,0,6,0.1,1,NA,2021-07-01 04:00:30.271029,"F","012014","right","NA","NA",-0.500121299158347,-0.242591001483217,-0.0381316558428044
3797.20000000088,"",67,691130,"zuyf5zre60","fr","false",800,1280,980,1363,2,60,16.6666666666667,"",NA,"up","touchscreen",998.456000000006,99.9290000000037,94.4999999991851,6,FALSE,0,5,0,18,-0.125,38,0.2,1,NA,2021-07-01 04:00:30.271029,"F","012014","right","NA","NA",-0.732131390217241,-0.1211235053841,-0.109026412398991
1472.69999999844,"",68,694643,"zuyf5zre60","fr","false",800,1280,980,1363,2,60,16.6666666666667,"",NA,"up","touchscreen",998.570000000065,99.8399999999674,95.4000000001397,6,FALSE,0,5,0,18,-0.1875,38,0.15,1,NA,2021-07-01 04:00:30.271029,"F","012014","right","NA","NA",-2.75093645886127,-0.416771952568684,-0.238884057115172
894.499999998487,"",69,697573,"zuyf5zre60","fr","false",800,1280,980,1363,2,60,16.6666666666667,"",NA,"up","touchscreen",998.567000000039,99.875,98.899999999092,6,TRUE,1,5,6,24,0.1875,38,0.2,1,NA,2021-07-01 04:00:30.271029,"F","012014","right","NA","NA",0.469067925082593,0.0779401730423296,0.0470879882155552
129.60000000021,"",70,699727,"zuyf5zre60","fr","false",800,1280,980,1363,2,60,16.6666666666667,"",NA,"up","touchscreen",998.587999999989,99.8400000000838,96.1000000006752,6,FALSE,0,5,0,24,-0.1875,66,0.1,1,NA,2021-07-01 04:00:30.271029,"F","012014","right","NA","NA",-6.69920447603033,-0.642022861132739,-0.287496194308746
4308.4999999993,"",71,706067,"zuyf5zre60","fr","false",800,1280,980,1363,2,60,16.6666666666667,"",NA,"down","touchscreen",998.107000000076,100.717000000062,96.7999999993481,6,TRUE,1,5,0,24,-0.0625,6,0.15,1,NA,2021-07-01 04:00:30.271029,"F","012014","right","NA","NA",-0.448396061675181,-0.218767295349789,-0.0780525576660105
4015.69999999984,"",72,712120,"zuyf5zre60","fr","false",800,1280,980,1363,2,60,16.6666666666667,"",NA,"up","touchscreen",997.570999999996,100.316999999923,95.4999999994179,6,TRUE,2,5,0,24,0.1875,6,0.05,1,NA,2021-07-01 04:00:30.271029,"F","012014","right","NA","NA",2.20819468136767,0.741183402071696,0.0999412727217924
3131.90000000037,"",73,717290,"zuyf5zre60","fr","false",800,1280,980,1363,2,60,16.6666666666667,"",NA,"up","touchscreen",999.479999999981,98.954000000027,94.9999999994179,6,TRUE,3,5,0,24,0.1875,66,0.1,1,NA,2021-07-01 04:00:30.271029,"F","012014","right","NA","NA",4.69197218491079,0.505905422404009,0.194497398112181
4989.70000000007,"",74,724306,"zuyf5zre60","fr","false",800,1280,980,1363,2,60,16.6666666666667,"",NA,"down","touchscreen",999.566999999923,98.8170000000391,97.1000000007916,6,FALSE,0,5,0,24,0.1875,6,0.1,1,NA,2021-07-01 04:00:30.271029,"F","012014","right","NA","NA",0.850998259552768,0.391529621392071,0.0983765178203913
8647.69999999949,"",75,734989,"zuyf5zre60","fr","false",800,1280,980,1363,2,60,16.6666666666667,"",NA,"up","touchscreen",998.57799999998,99.8549999999814,98,6,TRUE,1,5,0,24,0.1875,18,0.2,1,NA,2021-07-01 04:00:30.271029,"F","012014","right","NA","NA",1.91766878544476,0.43230389747657,0.255975111662
3087.70000000007,"",76,740116,"zuyf5zre60","fr","false",800,1280,980,1363,2,60,16.6666666666667,"",NA,"up","touchscreen",998.60699999996,99.7739999999758,96.3000000010943,6,TRUE,2,5,0,24,0.1875,18,0.05,1,NA,2021-07-01 04:00:30.271029,"F","012014","right","NA","NA",6.49972136764465,0.851648288391344,0.205693885053752
2942.79999999888,"",77,745098,"zuyf5zre60","fr","false",800,1280,980,1363,2,60,16.6666666666667,"",NA,"up","touchscreen",998.553000000073,99.847000000067,95.7999999991152,6,FALSE,0,5,0,24,-0.0625,38,0.1,1,NA,2021-07-01 04:00:30.271029,"F","012014","right","NA","NA",-1.35394085332849,-0.220121978687167,-0.0636989207392869
7278.89999999944,"",78,754412,"zuyf5zre60","fr","false",800,1280,980,1363,2,60,16.6666666666667,"",NA,"up","touchscreen",998.77899999998,99.9429999999702,96.1999999999534,6,FALSE,0,5,0,24,-0.125,18,0.1,1,NA,2021-07-01 04:00:30.271029,"F","012014","right","NA","NA",-2.67623981035076,-0.556076529507494,-0.246611626559275
3546.59999999963,"",79,759998,"zuyf5zre60","fr","false",800,1280,980,1363,2,60,16.6666666666667,"",NA,"down","touchscreen",998.10699999996,100.371000000043,96.6000000007916,6,TRUE,1,5,0,24,-0.1875,66,0.15,1,NA,2021-07-01 04:00:30.271029,"F","012014","right","NA","NA",-1.98021681873556,-0.240275717175313,-0.13375521447364
4235.69999999925,"",80,766262,"zuyf5zre60","fr","false",800,1280,980,1363,2,60,16.6666666666667,"",NA,"down","touchscreen",998.419999999925,99.89300000004,96.099999998929,6,TRUE,2,5,0,24,-0.0625,6,0.1,1,NA,2021-07-01 04:00:30.271029,"F","012014","right","NA","NA",-0.879623050286346,-0.402594066806165,-0.095468651860478
4224.80000000179,"",81,772527,"zuyf5zre60","fr","false",800,1280,980,1363,2,60,16.6666666666667,"",NA,"down","touchscreen",998.875,99.5840000000317,95.3000000008615,6,TRUE,3,5,0,24,-0.125,6,0.05,1,NA,2021-07-01 04:00:30.271029,"F","012014","right","NA","NA",-4.06051579670444,-0.897085140342753,-0.174713216056396
7384.2999999997,"",82,781941,"zuyf5zre60","fr","false",800,1280,980,1363,2,60,16.6666666666667,"",NA,"down","touchscreen",998.584000000032,99.8149999999441,96.4999999996508,6,TRUE,4,5,0,24,-0.125,66,0.15,1,NA,2021-07-01 04:00:30.271029,"F","012014","right","NA","NA",-3.12644440954776,-0.363996425167395,-0.2250779818163
6643.20000000042,"",83,790622,"zuyf5zre60","fr","false",800,1280,980,1363,2,60,16.6666666666667,"",NA,"down","touchscreen",998.636999999988,99.7470000000903,94.9000000001397,6,FALSE,0,5,0,24,0.125,38,0.05,1,NA,2021-07-01 04:00:30.271029,"F","012014","right","NA","NA",4.20286195823841,0.573724516572767,0.107634693822572
2798.99999999907,"",84,795466,"zuyf5zre60","fr","false",800,1280,980,1363,2,60,16.6666666666667,"",NA,"up","touchscreen",998.572999999975,99.8410000000149,96.4000000003725,6,FALSE,0,5,0,24,-0.0625,38,0.2,1,NA,2021-07-01 04:00:30.271029,"F","012014","right","NA","NA",-0.1966566833562,-0.0327585228070421,-0.0208044033802805
2805.19999999891,"",85,800299,"zuyf5zre60","fr","false",800,1280,980,1363,2,60,16.6666666666667,"",NA,"down","touchscreen",998.493000000017,99.8929999999236,94.2999999988824,6,FALSE,0,5,0,24,0.0625,38,0.2,1,NA,2021-07-01 04:00:30.271029,"F","012014","right","NA","NA",1.61896572812368,0.260510730484949,0.169490450694086
1459.09999999998,"",86,803797,"zuyf5zre60","fr","false",800,1280,980,1363,2,60,16.6666666666667,"",NA,"down","touchscreen",999.079000000027,99.3990000000922,94.1999999994878,6,FALSE,0,5,0,24,0.0625,18,0.2,1,NA,2021-07-01 04:00:30.271029,"F","012014","right","NA","NA",2.19981647107207,0.481887883046664,0.288562771941389
560.599999998813,"",87,806393,"zuyf5zre60","fr","false",800,1280,980,1363,2,60,16.6666666666667,"",NA,"up","touchscreen",998.685999999987,99.6909999999916,95.4000000001397,6,FALSE,0,5,0,24,-0.1875,18,0.05,1,NA,2021-07-01 04:00:30.271029,"F","012014","right","NA","NA",-4.68736234258685,-0.76067723243149,-0.149159804847731
7020.20000000088,"",88,815448,"zuyf5zre60","fr","false",800,1280,980,1363,2,60,16.6666666666667,"",NA,"up","touchscreen",998.601999999955,99.7179999999935,96.1999999999534,6,TRUE,1,5,0,24,0.125,38,0.1,1,NA,2021-07-01 04:00:30.271029,"F","012014","right","NA","NA",4.01673427197374,0.556303683658981,0.222172855488697
1819.59999999893,"",89,819302,"zuyf5zre60","fr","false",800,1280,980,1363,2,60,16.6666666666667,"",NA,"up","touchscreen",998.542999999947,99.862000000081,94.9000000000233,6,TRUE,2,5,1,25,0.1875,66,0.15,1,NA,2021-07-01 04:00:30.271029,"F","012014","right","NA","NA",3.91355354595041,0.439431462402318,0.242042995652942
2578.79999999935,"",90,823923,"zuyf5zre60","fr","false",800,1280,980,1363,2,60,16.6666666666667,"",NA,"up","touchscreen",998.554000000004,99.8660000000382,96.9000000003725,6,TRUE,3,5,1,26,0.0625,66,0.15,1,NA,2021-07-01 04:00:30.271029,"F","012014","right","NA","NA",2.16298539679949,0.2610015991877,0.155691111405036
4241.69999999867,"",91,830198,"zuyf5zre60","fr","false",800,1280,980,1363,2,60,16.6666666666667,"",NA,"up","touchscreen",1000.63600000006,97.545999999973,95.399999998277,6,FALSE,0,5,0,26,0.125,6,0.1,1,NA,2021-07-01 04:00:30.271029,"F","012014","right","NA","NA",-1.48168032386159,-0.595279132647309,-0.164566637195585
5837.49999999965,"",92,838066,"zuyf5zre60","fr","false",800,1280,980,1363,2,60,16.6666666666667,"",NA,"down","touchscreen",998.215000000084,100.219000000041,94.6999999997206,6,FALSE,0,5,0,26,0.1875,18,0.15,1,NA,2021-07-01 04:00:30.271029,"F","012014","right","NA","NA",1.9090067877723,0.430714127775007,0.249113544442765
4478.10000000021,"",93,844579,"zuyf5zre60","fr","false",800,1280,980,1363,2,60,16.6666666666667,"",NA,"up","touchscreen",998.57799999998,99.9270000000251,95.7999999991152,6,TRUE,1,5,0,26,0.1875,66,0.2,1,NA,2021-07-01 04:00:30.271029,"F","012014","right","NA","NA",2.62621118427503,0.31190027860644,0.229428045680723
3234.49999999872,"",94,849841,"zuyf5zre60","fr","false",800,1280,980,1363,2,60,16.6666666666667,"",NA,"up","touchscreen",998.560000000056,99.8760000000475,96.4999999997672,6,TRUE,2,5,0,26,0.1875,38,0.15,1,NA,2021-07-01 04:00:30.271029,"F","012014","right","NA","NA",1.26907914477868,0.206934926198537,0.103537522975755
1973.7999999997,"",95,853859,"zuyf5zre60","fr","false",800,1280,980,1363,2,60,16.6666666666667,"",NA,"up","touchscreen",999.600000000093,98.7559999999357,94.6999999996042,6,TRUE,3,5,0,26,0.125,38,0.2,1,NA,2021-07-01 04:00:30.271029,"F","012014","right","NA","NA",0.999302404241884,0.164287399682644,0.14826847849511
3557.99999999907,"",96,859452,"zuyf5zre60","fr","false",800,1280,980,1363,2,60,16.6666666666667,"",NA,"down","touchscreen",998.52899999998,99.8740000000689,97.1999999983236,6,TRUE,4,5,0,26,-0.1875,66,0.05,1,NA,2021-07-01 04:00:30.271029,"F","012014","right","NA","NA",-8.76198982864221,-0.738488753545495,-0.178268234838403
3482.09999999928,"",97,864968,"zuyf5zre60","fr","false",800,1280,980,1363,2,60,16.6666666666667,"",NA,"up","touchscreen",997.616000000038,100.677999999956,97.3999999987427,6,FALSE,0,5,0,26,-0.1875,18,0.2,1,NA,2021-07-01 04:00:30.271029,"F","012014","right","NA","NA",-1.01694698101015,-0.246398284889844,-0.128582501001306
2671.20000000077,"",98,869682,"zuyf5zre60","fr","false",800,1280,980,1363,2,60,16.6666666666667,"",NA,"up","touchscreen",998.420000000042,100.032000000007,96.1999999999534,6,TRUE,1,5,0,26,-0.1875,6,0.2,1,NA,2021-07-01 04:00:30.271029,"F","012014","right","NA","NA",0.237311043998432,0.117828956393887,0.0387293329834224
872.100000000442,"",99,872594,"zuyf5zre60","fr","false",800,1280,980,1363,2,60,16.6666666666667,"",NA,"up","touchscreen",998.560000000056,99.8170000000391,95.6000000005588,6,TRUE,2,5,6,32,0.125,18,0.15,1,NA,2021-07-01 04:00:30.271029,"F","012014","right","NA","NA",2.42208981550665,0.517965002801584,0.248999451586055
3111.3000000004,"",100,877746,"zuyf5zre60","fr","false",800,1280,980,1363,2,60,16.6666666666667,"",NA,"up","touchscreen",999.608000000007,98.8810000000522,93.7999999986496,6,FALSE,0,5,0,32,-0.125,6,0.15,1,NA,2021-07-01 04:00:30.271029,"F","012014","right","NA","NA",-0.032891131926847,-0.016443342508169,-0.00676018906740616
769.000000000233,"",101,880547,"zuyf5zre60","fr","false",800,1280,980,1363,2,60,16.6666666666667,"",NA,"down","touchscreen",998.545999999973,99.8580000000075,95.4000000001397,6,TRUE,1,5,6,38,-0.0625,18,0.2,1,NA,2021-07-01 04:00:30.271029,"F","012014","right","NA","NA",-0.0601174037161736,-0.0150276537912175,-0.00877915210169318
656.399999999907,"",102,883246,"zuyf5zre60","fr","false",800,1280,980,1363,2,60,16.6666666666667,"",NA,"up","touchscreen",998.410999999964,99.9589999999152,95.9999999995343,6,TRUE,2,5,13,51,0.0625,66,0.2,1,NA,2021-07-01 04:00:30.271029,"F","012014","right","NA","NA",0.442532822277356,0.0552321641467715,0.0379931521058812
850.599999999744,"",103,886136,"zuyf5zre60","fr","false",800,1280,980,1363,2,60,16.6666666666667,"",NA,"up","touchscreen",998.572999999975,99.8319999999367,96.4999999995343,6,TRUE,3,5,19,70,0.1875,6,0.2,1,NA,2021-07-01 04:00:30.271029,"F","012014","right","NA","NA",0.0332181880426412,0.0166068035862103,0.00593865508065306
3260.39999999921,"",104,891425,"zuyf5zre60","fr","false",800,1280,980,1363,2,60,16.6666666666667,"",NA,"up","touchscreen",998.5,99.9039999999804,97.1000000007916,6,TRUE,4,5,19,89,0.1875,6,0.15,1,NA,2021-07-01 04:00:30.271029,"F","012014","right","NA","NA",2.43424566578272,0.772657584007207,0.310333742851398
1688.40000000084,"",105,895148,"zuyf5zre60","fr","false",800,1280,980,1363,2,60,16.6666666666667,"",NA,"up","touchscreen",998.59600000002,99.8780000000261,94.5000000010477,6,TRUE,5,5,21,110,0.125,18,0.2,1,NA,2021-07-01 04:00:30.271029,"F","012014","right","NA","NA",1.61209722926637,0.373807575405286,0.247419854323548
4583.30000000028,"",106,901768,"zuyf5zre60","fr","false",800,1280,980,1363,2,60,16.6666666666667,"",NA,"down","touchscreen",998.392000000109,99.9679999999935,96.0999999988126,6,TRUE,6,6,21,131,-0.1875,6,0.15,1,NA,2021-07-01 04:00:30.271029,"F","012014","right","NA","NA",-0.936566687522313,-0.42408736272733,-0.250349080509378
3373.19999999995,"",107,907181,"zuyf5zre60","fr","false",800,1280,980,1363,2,60,16.6666666666667,"",NA,"up","touchscreen",998.483999999939,99.8739999999525,100.300000000047,6,TRUE,7,7,21,152,0.0625,38,0.05,1,NA,2021-07-01 04:00:30.271029,"F","012014","right","NA","NA",1.05464408755369,0.173119958154433,0.0291257751304415
1628.10000000172,"",108,910846,"zuyf5zre60","fr","false",800,1280,980,1363,2,60,16.6666666666667,"",NA,"up","touchscreen",998.528000000049,99.8769999999786,96.7999999993481,6,TRUE,8,8,23,175,0.125,66,0.2,1,NA,2021-07-01 04:00:30.271029,"F","012014","right","NA","NA",0.974198231719131,0.120881793416769,0.0930261097105957
1234.40000000119,"",109,914115,"zuyf5zre60","fr","false",800,1280,980,1363,2,60,16.6666666666667,"",NA,"up","touchscreen",998.467999999993,99.9959999999264,96.4000000003725,6,FALSE,0,8,0,175,0,66,0.2,1,NA,2021-07-01 04:00:30.271029,"F","012014","right","NA","NA",-0.678650429390369,-0.0845277034252867,-0.0519616370843919
2901.90000000072,"",110,919045,"zuyf5zre60","fr","false",800,1280,980,1363,2,60,16.6666666666667,"",NA,"up","touchscreen",998.423999999999,99.847000000067,95.4000000001397,6,FALSE,0,8,0,175,-0.0625,18,0.1,1,NA,2021-07-01 04:00:30.271029,"F","012014","right","NA","NA",-1.21719324699535,-0.291118261529186,-0.0957473609890086
1077.10000000044,"",111,922163,"zuyf5zre60","fr","false",800,1280,980,1363,2,60,16.6666666666667,"",NA,"down","touchscreen",998.422999999952,99.9439999999013,95.699999999837,6,TRUE,1,8,5,180,0,66,0.15,1,NA,2021-07-01 04:00:30.271029,"F","012014","right","NA","NA",-0.21869985982036,-0.0273272730305871,-0.0140827901425398
1648.4999999993,"",112,925846,"zuyf5zre60","fr","false",800,1280,980,1363,2,60,16.6666666666667,"",NA,"down","touchscreen",998.298000000068,99.7199999999721,96.3000000010943,6,TRUE,2,8,7,187,0,18,0.05,1,NA,2021-07-01 04:00:30.271029,"F","012014","right","NA","NA",-0.245784790536106,-0.061330525868494,-0.00931012909326993
1397.09999999835,"",113,929272,"zuyf5zre60","fr","false",800,1280,980,1363,2,60,16.6666666666667,"",NA,"down","touchscreen",998.557999999961,99.8719999999739,95.9000000002561,6,FALSE,0,8,0,187,0.1875,66,0.05,1,NA,2021-07-01 04:00:30.271029,"F","012014","right","NA","NA",9.96002993323993,0.779646339471794,0.197212373485839
