index,filename,path,slope,observed_slope,residual_variance,n,sigma,version,trend_category,size_category,dot_size_px,out_of_bounds_retries,sign_mismatch_retries,range_reject_retries,x_values,y_values
0,stim_0000.png,stim_0000.png,-0.3153,-0.317117,0.020836,8,0.15,0,Trend_Down,Small,11,0,0,15,"0.000000,0.142857,0.285714,0.428571,0.571429,0.714286,0.857143,1.000000","0.547166,0.689094,0.688376,0.659989,0.151162,0.516518,0.369621,0.378075"
1,stim_0001.png,stim_0001.png,-0.3153,-0.300709,0.027941,8,0.15,1,Trend_Down,Small,11,0,0,10,"0.000000,0.142857,0.285714,0.428571,0.571429,0.714286,0.857143,1.000000","0.759463,0.611565,0.268522,0.662102,0.471081,0.630617,0.153130,0.443520"
2,stim_0002.png,stim_0002.png,-0.3153,-0.304015,0.021773,8,0.15,2,Trend_Down,Small,11,0,1,35,"0.000000,0.142857,0.285714,0.428571,0.571429,0.714286,0.857143,1.000000","0.558910,0.668539,0.540277,0.510950,0.672989,0.253209,0.629912,0.165213"
3,stim_0003.png,stim_0003.png,-0.3153,-0.310285,0.020009,8,0.15,3,Trend_Down,Small,11,0,0,8,"0.000000,0.142857,0.285714,0.428571,0.571429,0.714286,0.857143,1.000000","0.526456,0.600886,0.741877,0.377762,0.609159,0.644136,0.235021,0.264704"
4,stim_0004.png,stim_0004.png,-0.3153,-0.303328,0.026606,8,0.15,4,Trend_Down,Small,11,0,0,3,"0.000000,0.142857,0.285714,0.428571,0.571429,0.714286,0.857143,1.000000","0.684212,0.490468,0.538389,0.702719,0.430583,0.290688,0.711732,0.151209"
5,stim_0005.png,stim_0005.png,-0.3153,-0.323906,0.011628,8,0.15,5,Trend_Down,Small,11,0,2,26,"0.000000,0.142857,0.285714,0.428571,0.571429,0.714286,0.857143,1.000000","0.584506,0.818969,0.448632,0.468889,0.517305,0.506464,0.254521,0.400714"
6,stim_0006.png,stim_0006.png,-0.3153,-0.312689,0.011765,8,0.15,6,Trend_Down,Small,11,0,1,12,"0.000000,0.142857,0.285714,0.428571,0.571429,0.714286,0.857143,1.000000","0.832716,0.581756,0.403540,0.438835,0.406145,0.584944,0.395224,0.356840"
7,stim_0007.png,stim_0007.png,-0.3153,-0.314929,0.030311,8,0.15,7,Trend_Down,Small,11,0,1,14,"0.000000,0.142857,0.285714,0.428571,0.571429,0.714286,0.857143,1.000000","0.520404,0.510212,0.886712,0.542166,0.601632,0.321662,0.135028,0.482184"
8,stim_0008.png,stim_0008.png,-0.3153,-0.318504,0.017275,10,0.15,0,Trend_Down,Small,11,0,2,16,"0.000000,0.111111,0.222222,0.333333,0.444444,0.555556,0.666667,0.777778,0.888889,1.000000","0.719023,0.696619,0.439207,0.525715,0.410780,0.560314,0.651954,0.382435,0.130828,0.483124"
9,stim_0009.png,stim_0009.png,-0.3153,-0.326525,0.015847,10,0.15,1,Trend_Down,Small,11,0,0,2,"0.000000,0.111111,0.222222,0.333333,0.444444,0.555556,0.666667,0.777778,0.888889,1.000000","0.695601,0.742840,0.625326,0.488155,0.240437,0.482759,0.488781,0.579200,0.225835,0.431066"
10,stim_0010.png,stim_0010.png,-0.3153,-0.321088,0.013528,10,0.15,2,Trend_Down,Small,11,0,0,3,"0.000000,0.111111,0.222222,0.333333,0.444444,0.555556,0.666667,0.777778,0.888889,1.000000","0.439389,0.742070,0.793987,0.560440,0.395946,0.517195,0.470474,0.359049,0.453667,0.267783"
11,stim_0011.png,stim_0011.png,-0.3153,-0.304979,0.021474,10,0.15,3,Trend_Down,Small,11,0,0,1,"0.000000,0.111111,0.222222,0.333333,0.444444,0.555556,0.666667,0.777778,0.888889,1.000000","0.597447,0.777291,0.780053,0.418221,0.353350,0.489473,0.212133,0.387764,0.594018,0.390249"
12,stim_0012.png,stim_0012.png,-0.3153,-0.325436,0.012831,10,0.15,4,Trend_Down,Small,11,0,0,5,"0.000000,0.111111,0.222222,0.333333,0.444444,0.555556,0.666667,0.777778,0.888889,1.000000","0.623933,0.751684,0.603398,0.451140,0.502521,0.271544,0.657308,0.474602,0.403751,0.260117"
13,stim_0013.png,stim_0013.png,-0.3153,-0.296722,0.029718,10,0.15,5,Trend_Down,Small,11,0,0,15,"0.000000,0.111111,0.222222,0.333333,0.444444,0.555556,0.666667,0.777778,0.888889,1.000000","0.589241,0.552877,0.378638,0.654304,0.872706,0.521581,0.329466,0.469844,0.539535,0.091807"
14,stim_0014.png,stim_0014.png,-0.3153,-0.317203,0.021551,10,0.15,6,Trend_Down,Small,11,0,0,9,"0.000000,0.111111,0.222222,0.333333,0.444444,0.555556,0.666667,0.777778,0.888889,1.000000","0.860886,0.573192,0.390657,0.683991,0.553199,0.212077,0.345759,0.546125,0.491807,0.342307"
15,stim_0015.png,stim_0015.png,-0.3153,-0.297466,0.025081,10,0.15,7,Trend_Down,Small,11,0,0,0,"0.000000,0.111111,0.222222,0.333333,0.444444,0.555556,0.666667,0.777778,0.888889,1.000000","0.884464,0.288285,0.688055,0.486417,0.503866,0.499197,0.389204,0.644237,0.253232,0.363043"
16,stim_0016.png,stim_0016.png,-0.3153,-0.333918,0.018789,12,0.15,0,Trend_Down,Small,11,0,0,11,"0.000000,0.090909,0.181818,0.272727,0.363636,0.454545,0.545455,0.636364,0.727273,0.818182,0.909091,1.000000","0.728404,0.741747,0.566305,0.443804,0.499244,0.395099,0.579850,0.291794,0.582251,0.688691,0.207985,0.274828"
17,stim_0017.png,stim_0017.png,-0.3153,-0.330366,0.016232,12,0.15,1,Trend_Down,Small,11,0,0,6,"0.000000,0.090909,0.181818,0.272727,0.363636,0.454545,0.545455,0.636364,0.727273,0.818182,0.909091,1.000000","0.696746,0.539555,0.406164,0.574353,0.824456,0.700123,0.373910,0.460629,0.440766,0.277219,0.423966,0.282113"
18,stim_0018.png,stim_0018.png,-0.3153,-0.302525,0.020913,12,0.15,2,Trend_Down,Small,11,0,0,11,"0.000000,0.090909,0.181818,0.272727,0.363636,0.454545,0.545455,0.636364,0.727273,0.818182,0.909091,1.000000","0.918731,0.462682,0.625536,0.547523,0.421658,0.361200,0.539259,0.267362,0.626036,0.445845,0.535613,0.248555"
19,stim_0019.png,stim_0019.png,-0.3153,-0.315678,0.016194,12,0.15,3,Trend_Down,Small,11,0,0,0,"0.000000,0.090909,0.181818,0.272727,0.363636,0.454545,0.545455,0.636364,0.727273,0.818182,0.909091,1.000000","0.586490,0.925244,0.427719,0.594250,0.604179,0.321122,0.547766,0.441895,0.309907,0.413824,0.376739,0.450864"
20,stim_0020.png,stim_0020.png,-0.3153,-0.33336,0.011133,12,0.15,4,Trend_Down,Small,11,0,0,1,"0.000000,0.090909,0.181818,0.272727,0.363636,0.454545,0.545455,0.636364,0.727273,0.818182,0.909091,1.000000","0.666131,0.752576,0.619359,0.354577,0.511266,0.421540,0.620158,0.586352,0.507812,0.381148,0.229600,0.349481"
21,stim_0021.png,stim_0021.png,-0.3153,-0.30504,0.019094,12,0.15,5,Trend_Down,Small,11,0,0,10,"0.000000,0.090909,0.181818,0.272727,0.363636,0.454545,0.545455,0.636364,0.727273,0.818182,0.909091,1.000000","0.846308,0.499661,0.587364,0.474849,0.664691,0.474148,0.499028,0.418409,0.138435,0.434275,0.624098,0.338734"
22,stim_0022.png,stim_0022.png,-0.3153,-0.324305,0.021365,12,0.15,6,Trend_Down,Small,11,0,0,9,"0.000000,0.090909,0.181818,0.272727,0.363636,0.454545,0.545455,0.636364,0.727273,0.818182,0.909091,1.000000","0.625111,0.718683,0.634710,0.596097,0.817680,0.292417,0.391561,0.178492,0.463566,0.333132,0.464755,0.483796"
23,stim_0023.png,stim_0023.png,-0.3153,-0.313861,0.024557,12,0.15,7,Trend_Down,Small,11,0,0,0,"0.000000,0.090909,0.181818,0.272727,0.363636,0.454545,0.545455,0.636364,0.727273,0.818182,0.909091,1.000000","0.881654,0.695702,0.444680,0.458271,0.533280,0.141896,0.610056,0.573480,0.502782,0.404322,0.511177,0.242701"
24,stim_0024.png,stim_0024.png,-0.3153,-0.319432,0.01621,14,0.15,0,Trend_Down,Small,11,0,0,2,"0.000000,0.076923,0.153846,0.230769,0.307692,0.384615,0.461538,0.538462,0.615385,0.692308,0.769231,0.846154,0.923077,1.000000","0.660211,0.445413,0.584221,0.853399,0.655524,0.414787,0.534190,0.621567,0.368739,0.394050,0.340252,0.444793,0.184962,0.497893"
25,stim_0025.png,stim_0025.png,-0.3153,-0.318401,0.01433,14,0.15,1,Trend_Down,Small,11,0,0,3,"0.000000,0.076923,0.153846,0.230769,0.307692,0.384615,0.461538,0.538462,0.615385,0.692308,0.769231,0.846154,0.923077,1.000000","0.819177,0.509270,0.571604,0.750317,0.595351,0.422867,0.302678,0.607450,0.351996,0.523723,0.271964,0.424598,0.496168,0.352837"
26,stim_0026.png,stim_0026.png,-0.3153,-0.320171,0.016075,14,0.15,2,Trend_Down,Small,11,0,0,8,"0.000000,0.076923,0.153846,0.230769,0.307692,0.384615,0.461538,0.538462,0.615385,0.692308,0.769231,0.846154,0.923077,1.000000","0.726720,0.376203,0.609329,0.780657,0.616820,0.603493,0.469633,0.342211,0.514018,0.571147,0.322984,0.463013,0.162323,0.441448"
27,stim_0027.png,stim_0027.png,-0.3153,-0.328673,0.016651,14,0.15,3,Trend_Down,Small,11,0,0,5,"0.000000,0.076923,0.153846,0.230769,0.307692,0.384615,0.461538,0.538462,0.615385,0.692308,0.769231,0.846154,0.923077,1.000000","0.756857,0.647393,0.522289,0.810106,0.350192,0.613337,0.440006,0.292040,0.532584,0.565389,0.213958,0.445681,0.449258,0.360909"
28,stim_0028.png,stim_0028.png,-0.3153,-0.308883,0.012961,14,0.15,4,Trend_Down,Small,11,0,0,6,"0.000000,0.076923,0.153846,0.230769,0.307692,0.384615,0.461538,0.538462,0.615385,0.692308,0.769231,0.846154,0.923077,1.000000","0.850380,0.675897,0.581524,0.387807,0.569835,0.481861,0.475972,0.564745,0.359119,0.262744,0.515937,0.401191,0.564464,0.308522"
29,stim_0029.png,stim_0029.png,-0.3153,-0.321225,0.021887,14,0.15,5,Trend_Down,Small,11,0,0,15,"0.000000,0.076923,0.153846,0.230769,0.307692,0.384615,0.461538,0.538462,0.615385,0.692308,0.769231,0.846154,0.923077,1.000000","0.673716,0.727360,0.749209,0.381038,0.561989,0.625816,0.401826,0.186915,0.604572,0.367834,0.545890,0.434859,0.582854,0.156122"
30,stim_0030.png,stim_0030.png,-0.3153,-0.31243,0.018273,14,0.15,6,Trend_Down,Small,11,0,0,1,"0.000000,0.076923,0.153846,0.230769,0.307692,0.384615,0.461538,0.538462,0.615385,0.692308,0.769231,0.846154,0.923077,1.000000","0.655781,0.524969,0.689124,0.603893,0.405452,0.596548,0.561546,0.357164,0.835676,0.543873,0.230258,0.312185,0.359182,0.324349"
31,stim_0031.png,stim_0031.png,-0.3153,-0.318063,0.03055,14,0.15,7,Trend_Down,Small,11,0,0,3,"0.000000,0.076923,0.153846,0.230769,0.307692,0.384615,0.461538,0.538462,0.615385,0.692308,0.769231,0.846154,0.923077,1.000000","0.704399,0.545262,0.451595,0.547285,0.931396,0.385705,0.493363,0.532922,0.285033,0.781397,0.479803,0.357939,0.100066,0.403835"
32,stim_0032.png,stim_0032.png,-0.3153,-0.323556,0.027915,16,0.15,0,Trend_Down,Big,11,0,0,3,"0.000000,0.066667,0.133333,0.200000,0.266667,0.333333,0.400000,0.466667,0.533333,0.600000,0.666667,0.733333,0.800000,0.866667,0.933333,1.000000","0.395962,0.657978,0.628511,0.697547,0.705611,0.897916,0.674983,0.217179,0.251298,0.422666,0.436544,0.456295,0.605818,0.272192,0.423615,0.255885"
33,stim_0033.png,stim_0033.png,-0.3153,-0.329015,0.018234,16,0.15,1,Trend_Down,Big,11,0,1,44,"0.000000,0.066667,0.133333,0.200000,0.266667,0.333333,0.400000,0.466667,0.533333,0.600000,0.666667,0.733333,0.800000,0.866667,0.933333,1.000000","0.635051,0.599699,0.490340,0.718205,0.562632,0.520043,0.622096,0.510128,0.376280,0.527147,0.708149,0.286302,0.500281,0.608140,0.274066,0.061442"
34,stim_0034.png,stim_0034.png,-0.3153,-0.326577,0.017815,16,0.15,2,Trend_Down,Big,11,0,0,2,"0.000000,0.066667,0.133333,0.200000,0.266667,0.333333,0.400000,0.466667,0.533333,0.600000,0.666667,0.733333,0.800000,0.866667,0.933333,1.000000","0.663056,0.746769,0.708383,0.450332,0.375522,0.622229,0.464145,0.514306,0.811699,0.500550,0.256794,0.245943,0.472004,0.478673,0.417763,0.271831"
35,stim_0035.png,stim_0035.png,-0.3153,-0.300776,0.020486,16,0.15,3,Trend_Down,Big,11,0,0,2,"0.000000,0.066667,0.133333,0.200000,0.266667,0.333333,0.400000,0.466667,0.533333,0.600000,0.666667,0.733333,0.800000,0.866667,0.933333,1.000000","0.951767,0.373462,0.559771,0.359925,0.679249,0.769875,0.505180,0.326690,0.458814,0.591634,0.498108,0.429650,0.406262,0.407672,0.381089,0.300851"
36,stim_0036.png,stim_0036.png,-0.3153,-0.311363,0.017715,16,0.15,4,Trend_Down,Big,11,0,0,1,"0.000000,0.066667,0.133333,0.200000,0.266667,0.333333,0.400000,0.466667,0.533333,0.600000,0.666667,0.733333,0.800000,0.866667,0.933333,1.000000","0.620179,0.666417,0.706764,0.695329,0.540132,0.481742,0.411746,0.638735,0.347762,0.224074,0.529376,0.621852,0.350655,0.363273,0.627122,0.174841"
37,stim_0037.png,stim_0037.png,-0.3153,-0.323443,0.023091,16,0.15,5,Trend_Down,Big,11,0,0,5,"0.000000,0.066667,0.133333,0.200000,0.266667,0.333333,0.400000,0.466667,0.533333,0.600000,0.666667,0.733333,0.800000,0.866667,0.933333,1.000000","0.734576,0.573047,0.558603,0.583368,0.455314,0.616412,0.551813,0.467546,0.517400,0.737712,0.445887,0.712863,0.053606,0.184221,0.490349,0.317283"
38,stim_0038.png,stim_0038.png,-0.3153,-0.309606,0.012355,16,0.15,6,Trend_Down,Big,11,0,0,16,"0.000000,0.066667,0.133333,0.200000,0.266667,0.333333,0.400000,0.466667,0.533333,0.600000,0.666667,0.733333,0.800000,0.866667,0.933333,1.000000","0.616748,0.597664,0.825959,0.664352,0.536977,0.576591,0.320473,0.338934,0.570675,0.363625,0.588299,0.372644,0.573524,0.361308,0.369399,0.322827"
39,stim_0039.png,stim_0039.png,-0.3153,-0.324026,0.024139,16,0.15,7,Trend_Down,Big,11,0,0,0,"0.000000,0.066667,0.133333,0.200000,0.266667,0.333333,0.400000,0.466667,0.533333,0.600000,0.666667,0.733333,0.800000,0.866667,0.933333,1.000000","0.460097,0.531286,0.629788,0.697291,0.546390,0.836734,0.517748,0.808636,0.476362,0.459313,0.110726,0.459519,0.348090,0.546502,0.324548,0.246970"
40,stim_0040.png,stim_0040.png,-0.3153,-0.321207,0.015503,18,0.15,0,Trend_Down,Big,11,0,0,3,"0.000000,0.058824,0.117647,0.176471,0.235294,0.294118,0.352941,0.411765,0.470588,0.529412,0.588235,0.647059,0.705882,0.764706,0.823529,0.882353,0.941176,1.000000","0.604343,0.623771,0.716819,0.486162,0.710598,0.550403,0.650948,0.588632,0.431771,0.559277,0.580495,0.285671,0.432475,0.248261,0.284420,0.159297,0.487404,0.599255"
41,stim_0041.png,stim_0041.png,-0.3153,-0.331079,0.017169,18,0.15,1,Trend_Down,Big,11,0,0,0,"0.000000,0.058824,0.117647,0.176471,0.235294,0.294118,0.352941,0.411765,0.470588,0.529412,0.588235,0.647059,0.705882,0.764706,0.823529,0.882353,0.941176,1.000000","0.721151,0.660304,0.765182,0.883480,0.538188,0.535133,0.396594,0.417588,0.479108,0.221823,0.364496,0.475740,0.283780,0.507342,0.342248,0.401372,0.538204,0.468267"
42,stim_0042.png,stim_0042.png,-0.3153,-0.314091,0.027143,18,0.15,2,Trend_Down,Big,11,0,0,4,"0.000000,0.058824,0.117647,0.176471,0.235294,0.294118,0.352941,0.411765,0.470588,0.529412,0.588235,0.647059,0.705882,0.764706,0.823529,0.882353,0.941176,1.000000","0.460002,0.614652,0.551570,0.712793,0.531882,0.958736,0.572746,0.688840,0.413293,0.368696,0.614354,0.355440,0.375476,0.372355,0.168909,0.160247,0.640208,0.439798"
43,stim_0043.png,stim_0043.png,-0.3153,-0.334048,0.015832,18,0.15,3,Trend_Down,Big,11,0,0,18,"0.000000,0.058824,0.117647,0.176471,0.235294,0.294118,0.352941,0.411765,0.470588,0.529412,0.588235,0.647059,0.705882,0.764706,0.823529,0.882353,0.941176,1.000000","0.577435,0.743385,0.505653,0.792675,0.710696,0.555041,0.369474,0.550035,0.419774,0.505179,0.647294,0.393736,0.385302,0.292513,0.571397,0.126473,0.386887,0.467051"
44,stim_0044.png,stim_0044.png,-0.3153,-0.322325,0.026853,18,0.15,4,Trend_Down,Big,11,0,0,0,"0.000000,0.058824,0.117647,0.176471,0.235294,0.294118,0.352941,0.411765,0.470588,0.529412,0.588235,0.647059,0.705882,0.764706,0.823529,0.882353,0.941176,1.000000","0.641233,0.956804,0.632806,0.576554,0.617541,0.358752,0.472831,0.129587,0.651794,0.598924,0.485598,0.261690,0.468185,0.730379,0.402118,0.308646,0.369561,0.336996"
45,stim_0045.png,stim_0045.png,-0.3153,-0.324961,0.017354,18,0.15,5,Trend_Down,Big,11,0,0,5,"0.000000,0.058824,0.117647,0.176471,0.235294,0.294118,0.352941,0.411765,0.470588,0.529412,0.588235,0.647059,0.705882,0.764706,0.823529,0.882353,0.941176,1.000000","0.600851,0.607856,0.578824,0.561858,0.651305,0.285024,0.747113,0.565088,0.602166,0.746423,0.664150,0.381914,0.291189,0.433943,0.281746,0.467103,0.213909,0.319537"
46,stim_0046.png,stim_0046.png,-0.3153,-0.31469,0.018715,18,0.15,6,Trend_Down,Big,11,0,0,29,"0.000000,0.058824,0.117647,0.176471,0.235294,0.294118,0.352941,0.411765,0.470588,0.529412,0.588235,0.647059,0.705882,0.764706,0.823529,0.882353,0.941176,1.000000","0.818301,0.694009,0.540213,0.514135,0.604689,0.408081,0.537283,0.677952,0.531976,0.386878,0.381881,0.502648,0.396553,0.702043,0.106967,0.240689,0.539698,0.416006"
47,stim_0047.png,stim_0047.png,-0.3153,-0.306476,0.023227,18,0.15,7,Trend_Down,Big,11,0,0,3,"0.000000,0.058824,0.117647,0.176471,0.235294,0.294118,0.352941,0.411765,0.470588,0.529412,0.588235,0.647059,0.705882,0.764706,0.823529,0.882353,0.941176,1.000000","0.513028,0.521775,0.656526,0.875216,0.565413,0.546208,0.497059,0.366300,0.865181,0.492514,0.235802,0.522990,0.632989,0.416376,0.172521,0.405350,0.354273,0.360480"
48,stim_0048.png,stim_0048.png,-0.3153,-0.314867,0.014372,20,0.15,0,Trend_Down,Big,11,0,0,2,"0.000000,0.052632,0.105263,0.157895,0.210526,0.263158,0.315789,0.368421,0.421053,0.473684,0.526316,0.578947,0.631579,0.684211,0.736842,0.789474,0.842105,0.894737,0.947368,1.000000","0.558692,0.634601,0.681864,0.712294,0.387334,0.728386,0.556806,0.654104,0.660525,0.241872,0.603499,0.454607,0.490479,0.245172,0.541503,0.326168,0.361754,0.434525,0.275128,0.450686"
49,stim_0049.png,stim_0049.png,-0.3153,-0.297965,0.018174,20,0.15,1,Trend_Down,Big,11,0,0,4,"0.000000,0.052632,0.105263,0.157895,0.210526,0.263158,0.315789,0.368421,0.421053,0.473684,0.526316,0.578947,0.631579,0.684211,0.736842,0.789474,0.842105,0.894737,0.947368,1.000000","0.806918,0.498191,0.428949,0.635802,0.766675,0.776522,0.403029,0.443842,0.434395,0.495946,0.288975,0.657270,0.553159,0.388139,0.567458,0.510295,0.320089,0.462227,0.167145,0.394973"
50,stim_0050.png,stim_0050.png,-0.3153,-0.30904,0.017961,20,0.15,2,Trend_Down,Big,11,0,0,2,"0.000000,0.052632,0.105263,0.157895,0.210526,0.263158,0.315789,0.368421,0.421053,0.473684,0.526316,0.578947,0.631579,0.684211,0.736842,0.789474,0.842105,0.894737,0.947368,1.000000","0.774571,0.608921,0.649306,0.595740,0.521215,0.651263,0.397608,0.511922,0.687820,0.472696,0.543924,0.263059,0.421007,0.609914,0.405784,0.283280,0.218386,0.704590,0.195382,0.483611"
51,stim_0051.png,stim_0051.png,-0.3153,-0.31848,0.029018,20,0.15,3,Trend_Down,Big,11,0,0,14,"0.000000,0.052632,0.105263,0.157895,0.210526,0.263158,0.315789,0.368421,0.421053,0.473684,0.526316,0.578947,0.631579,0.684211,0.736842,0.789474,0.842105,0.894737,0.947368,1.000000","0.414257,0.698811,0.524568,0.909003,0.393558,0.566642,0.575198,0.343324,0.609351,0.570134,0.744104,0.449478,0.688971,0.493479,0.659483,0.515293,0.106247,0.245510,0.152778,0.339810"
52,stim_0052.png,stim_0052.png,-0.3153,-0.330806,0.014672,20,0.15,4,Trend_Down,Big,11,0,0,7,"0.000000,0.052632,0.105263,0.157895,0.210526,0.263158,0.315789,0.368421,0.421053,0.473684,0.526316,0.578947,0.631579,0.684211,0.736842,0.789474,0.842105,0.894737,0.947368,1.000000","0.595106,0.616797,0.480347,0.716108,0.728629,0.602249,0.680382,0.343699,0.624229,0.648079,0.507634,0.392978,0.455125,0.632688,0.303224,0.163032,0.270446,0.352826,0.487856,0.398566"
53,stim_0053.png,stim_0053.png,-0.3153,-0.298517,0.012056,20,0.15,5,Trend_Down,Big,11,0,0,13,"0.000000,0.052632,0.105263,0.157895,0.210526,0.263158,0.315789,0.368421,0.421053,0.473684,0.526316,0.578947,0.631579,0.684211,0.736842,0.789474,0.842105,0.894737,0.947368,1.000000","0.513335,0.504654,0.605455,0.538774,0.764730,0.663227,0.756463,0.577161,0.437556,0.668670,0.482842,0.538490,0.412478,0.244490,0.279860,0.416781,0.515741,0.369164,0.322190,0.387941"
54,stim_0054.png,stim_0054.png,-0.3153,-0.320388,0.022443,20,0.15,6,Trend_Down,Big,11,0,0,12,"0.000000,0.052632,0.105263,0.157895,0.210526,0.263158,0.315789,0.368421,0.421053,0.473684,0.526316,0.578947,0.631579,0.684211,0.736842,0.789474,0.842105,0.894737,0.947368,1.000000","0.787803,0.389795,0.822539,0.477108,0.570351,0.571368,0.464933,0.731364,0.581179,0.392918,0.396136,0.474373,0.383221,0.476319,0.679795,0.526403,0.483522,0.522280,0.014632,0.253958"
55,stim_0055.png,stim_0055.png,-0.3153,-0.328878,0.023772,20,0.15,7,Trend_Down,Big,11,0,0,14,"0.000000,0.052632,0.105263,0.157895,0.210526,0.263158,0.315789,0.368421,0.421053,0.473684,0.526316,0.578947,0.631579,0.684211,0.736842,0.789474,0.842105,0.894737,0.947368,1.000000","0.739390,0.384545,0.585763,0.579965,0.585373,0.811134,0.580653,0.620721,0.511308,0.423307,0.583101,0.486180,0.546489,0.411073,0.221730,0.541692,0.263164,0.778112,0.261683,0.084616"
56,stim_0056.png,stim_0056.png,-0.3153,-0.334586,0.010303,22,0.15,0,Trend_Down,Big,11,0,0,5,"0.000000,0.047619,0.095238,0.142857,0.190476,0.238095,0.285714,0.333333,0.380952,0.428571,0.476190,0.523810,0.571429,0.619048,0.666667,0.714286,0.761905,0.809524,0.857143,0.904762,0.952381,1.000000","0.749773,0.708849,0.574573,0.658748,0.651829,0.607780,0.342764,0.606725,0.478470,0.311298,0.652663,0.498542,0.578605,0.629122,0.339457,0.362922,0.419161,0.261343,0.453307,0.344266,0.366468,0.403335"
57,stim_0057.png,stim_0057.png,-0.3153,-0.308931,0.010907,22,0.15,1,Trend_Down,Big,11,0,0,2,"0.000000,0.047619,0.095238,0.142857,0.190476,0.238095,0.285714,0.333333,0.380952,0.428571,0.476190,0.523810,0.571429,0.619048,0.666667,0.714286,0.761905,0.809524,0.857143,0.904762,0.952381,1.000000","0.806483,0.735917,0.495044,0.635622,0.673679,0.551331,0.546210,0.474933,0.464298,0.402939,0.288080,0.564366,0.283608,0.600001,0.588865,0.529189,0.476253,0.496319,0.397404,0.370432,0.276039,0.342988"
58,stim_0058.png,stim_0058.png,-0.3153,-0.301969,0.026391,22,0.15,2,Trend_Down,Big,11,0,0,0,"0.000000,0.047619,0.095238,0.142857,0.190476,0.238095,0.285714,0.333333,0.380952,0.428571,0.476190,0.523810,0.571429,0.619048,0.666667,0.714286,0.761905,0.809524,0.857143,0.904762,0.952381,1.000000","0.931564,0.411612,0.649248,0.648832,0.786812,0.475028,0.539111,0.338544,0.542211,0.316305,0.731498,0.511550,0.301439,0.685420,0.104565,0.530710,0.349849,0.610789,0.362323,0.391261,0.439920,0.341408"
59,stim_0059.png,stim_0059.png,-0.3153,-0.30895,0.021022,22,0.15,3,Trend_Down,Big,11,0,0,3,"0.000000,0.047619,0.095238,0.142857,0.190476,0.238095,0.285714,0.333333,0.380952,0.428571,0.476190,0.523810,0.571429,0.619048,0.666667,0.714286,0.761905,0.809524,0.857143,0.904762,0.952381,1.000000","0.832592,0.544791,0.348041,0.636278,0.628619,0.772055,0.313867,0.741084,0.534380,0.391454,0.714939,0.523758,0.592120,0.374642,0.414186,0.580997,0.221296,0.182942,0.458195,0.422715,0.442702,0.328347"
60,stim_0060.png,stim_0060.png,-0.3153,-0.313474,0.020275,22,0.15,4,Trend_Down,Big,11,0,0,5,"0.000000,0.047619,0.095238,0.142857,0.190476,0.238095,0.285714,0.333333,0.380952,0.428571,0.476190,0.523810,0.571429,0.619048,0.666667,0.714286,0.761905,0.809524,0.857143,0.904762,0.952381,1.000000","0.908033,0.717718,0.634610,0.648975,0.355084,0.506733,0.554671,0.240622,0.681292,0.631579,0.517894,0.444676,0.708194,0.235932,0.239326,0.428613,0.402437,0.503552,0.396122,0.510740,0.399316,0.333881"
61,stim_0061.png,stim_0061.png,-0.3153,-0.301345,0.028449,22,0.15,5,Trend_Down,Big,11,0,0,1,"0.000000,0.047619,0.095238,0.142857,0.190476,0.238095,0.285714,0.333333,0.380952,0.428571,0.476190,0.523810,0.571429,0.619048,0.666667,0.714286,0.761905,0.809524,0.857143,0.904762,0.952381,1.000000","0.404091,0.777629,0.429468,0.722814,0.656856,0.534648,0.971032,0.742373,0.299718,0.522490,0.609392,0.450355,0.207422,0.227742,0.628044,0.500970,0.309861,0.412743,0.385462,0.565737,0.365983,0.275171"
62,stim_0062.png,stim_0062.png,-0.3153,-0.304875,0.023521,22,0.15,6,Trend_Down,Big,11,0,0,7,"0.000000,0.047619,0.095238,0.142857,0.190476,0.238095,0.285714,0.333333,0.380952,0.428571,0.476190,0.523810,0.571429,0.619048,0.666667,0.714286,0.761905,0.809524,0.857143,0.904762,0.952381,1.000000","0.560218,0.706130,0.433187,0.536752,0.863910,0.556014,0.529414,0.456489,0.844115,0.528941,0.496734,0.425976,0.472319,0.399011,0.449143,0.481400,0.316595,0.543667,0.607716,-0.001267,0.563298,0.230237"
63,stim_0063.png,stim_0063.png,-0.3153,-0.324689,0.023782,22,0.15,7,Trend_Down,Big,11,0,0,12,"0.000000,0.047619,0.095238,0.142857,0.190476,0.238095,0.285714,0.333333,0.380952,0.428571,0.476190,0.523810,0.571429,0.619048,0.666667,0.714286,0.761905,0.809524,0.857143,0.904762,0.952381,1.000000","0.704031,0.563089,0.956320,0.542797,0.843914,0.655500,0.528956,0.283499,0.371012,0.385917,0.529330,0.548661,0.308184,0.536250,0.380799,0.421058,0.514233,0.236545,0.168783,0.411054,0.601538,0.508530"
64,stim_0064.png,stim_0064.png,-0.2217,-0.205182,0.01622,8,0.15,0,Trend_Down,Small,11,0,0,11,"0.000000,0.142857,0.285714,0.428571,0.571429,0.714286,0.857143,1.000000","0.735966,0.394298,0.372473,0.707599,0.506141,0.534899,0.432558,0.316066"
65,stim_0065.png,stim_0065.png,-0.2217,-0.20679,0.019347,8,0.15,1,Trend_Down,Small,11,0,1,12,"0.000000,0.142857,0.285714,0.428571,0.571429,0.714286,0.857143,1.000000","0.580124,0.530104,0.547594,0.518155,0.542466,0.711193,0.138876,0.431488"
66,stim_0066.png,stim_0066.png,-0.2217,-0.206362,0.015082,8,0.15,2,Trend_Down,Small,11,0,1,4,"0.000000,0.142857,0.285714,0.428571,0.571429,0.714286,0.857143,1.000000","0.481738,0.531730,0.666278,0.683132,0.478142,0.299537,0.578200,0.281241"
67,stim_0067.png,stim_0067.png,-0.2217,-0.218396,0.01563,8,0.15,3,Trend_Down,Small,11,0,0,11,"0.000000,0.142857,0.285714,0.428571,0.571429,0.714286,0.857143,1.000000","0.553430,0.414155,0.688300,0.718414,0.385121,0.570261,0.340389,0.329929"
68,stim_0068.png,stim_0068.png,-0.2217,-0.236147,0.020246,8,0.15,4,Trend_Down,Small,11,0,2,24,"0.000000,0.142857,0.285714,0.428571,0.571429,0.714286,0.857143,1.000000","0.581539,0.542796,0.410096,0.560858,0.727597,0.646897,0.318837,0.211380"
69,stim_0069.png,stim_0069.png,-0.2217,-0.204814,0.01073,8,0.15,5,Trend_Down,Small,11,0,1,4,"0.000000,0.142857,0.285714,0.428571,0.571429,0.714286,0.857143,1.000000","0.528890,0.517186,0.606905,0.703466,0.531562,0.268355,0.443751,0.399885"
70,stim_0070.png,stim_0070.png,-0.2217,-0.20471,0.011546,8,0.15,6,Trend_Down,Small,11,0,0,17,"0.000000,0.142857,0.285714,0.428571,0.571429,0.714286,0.857143,1.000000","0.640964,0.339604,0.628788,0.632560,0.560847,0.496529,0.354107,0.346601"
71,stim_0071.png,stim_0071.png,-0.2217,-0.22035,0.013679,8,0.15,7,Trend_Down,Small,11,0,0,6,"0.000000,0.142857,0.285714,0.428571,0.571429,0.714286,0.857143,1.000000","0.643576,0.630394,0.425925,0.380886,0.574513,0.532891,0.592212,0.219602"
72,stim_0072.png,stim_0072.png,-0.2217,-0.208732,0.022977,10,0.15,0,Trend_Down,Small,11,0,0,15,"0.000000,0.111111,0.222222,0.333333,0.444444,0.555556,0.666667,0.777778,0.888889,1.000000","0.522218,0.797400,0.404307,0.435902,0.670825,0.651719,0.179885,0.505760,0.376487,0.455498"
73,stim_0073.png,stim_0073.png,-0.2217,-0.211744,0.010669,10,0.15,1,Trend_Down,Small,11,0,0,2,"0.000000,0.111111,0.222222,0.333333,0.444444,0.555556,0.666667,0.777778,0.888889,1.000000","0.795591,0.424346,0.566818,0.536659,0.382493,0.592490,0.346204,0.468884,0.439419,0.447096"
74,stim_0074.png,stim_0074.png,-0.2217,-0.208066,0.01424,10,0.15,2,Trend_Down,Small,11,0,0,13,"0.000000,0.111111,0.222222,0.333333,0.444444,0.555556,0.666667,0.777778,0.888889,1.000000","0.763344,0.566520,0.553545,0.550063,0.332018,0.428988,0.428856,0.437839,0.291524,0.647302"
75,stim_0075.png,stim_0075.png,-0.2217,-0.216657,0.029746,10,0.15,3,Trend_Down,Small,11,0,5,31,"0.000000,0.111111,0.222222,0.333333,0.444444,0.555556,0.666667,0.777778,0.888889,1.000000","0.644119,0.398357,0.675565,0.527775,0.555968,0.282448,0.617336,0.802207,0.240434,0.255789"
76,stim_0076.png,stim_0076.png,-0.2217,-0.21543,0.016041,10,0.15,4,Trend_Down,Small,11,0,1,4,"0.000000,0.111111,0.222222,0.333333,0.444444,0.555556,0.666667,0.777778,0.888889,1.000000","0.574466,0.704262,0.498075,0.288990,0.590276,0.731464,0.393379,0.477742,0.437162,0.304184"
77,stim_0077.png,stim_0077.png,-0.2217,-0.23561,0.018416,10,0.15,5,Trend_Down,Small,11,0,2,22,"0.000000,0.111111,0.222222,0.333333,0.444444,0.555556,0.666667,0.777778,0.888889,1.000000","0.549933,0.740907,0.467039,0.668015,0.319075,0.576381,0.604439,0.203825,0.383890,0.486498"
78,stim_0078.png,stim_0078.png,-0.2217,-0.206272,0.010177,10,0.15,6,Trend_Down,Small,11,0,0,6,"0.000000,0.111111,0.222222,0.333333,0.444444,0.555556,0.666667,0.777778,0.888889,1.000000","0.512613,0.732280,0.589247,0.568642,0.503343,0.379353,0.385704,0.446557,0.298137,0.584123"
79,stim_0079.png,stim_0079.png,-0.2217,-0.205627,0.029679,10,0.15,7,Trend_Down,Small,11,0,0,2,"0.000000,0.111111,0.222222,0.333333,0.444444,0.555556,0.666667,0.777778,0.888889,1.000000","0.402239,0.661925,0.629611,0.901197,0.295888,0.361033,0.386099,0.622439,0.328158,0.411411"
80,stim_0080.png,stim_0080.png,-0.2217,-0.238843,0.010304,12,0.15,0,Trend_Down,Small,11,0,0,5,"0.000000,0.090909,0.181818,0.272727,0.363636,0.454545,0.545455,0.636364,0.727273,0.818182,0.909091,1.000000","0.777328,0.468874,0.580583,0.629018,0.428976,0.544035,0.296713,0.564946,0.472240,0.429364,0.322388,0.485536"
81,stim_0081.png,stim_0081.png,-0.2217,-0.216766,0.02431,12,0.15,1,Trend_Down,Small,11,0,1,7,"0.000000,0.090909,0.181818,0.272727,0.363636,0.454545,0.545455,0.636364,0.727273,0.818182,0.909091,1.000000","0.887620,0.302773,0.701820,0.377508,0.476478,0.535510,0.401550,0.655431,0.340374,0.473565,0.543837,0.303534"
82,stim_0082.png,stim_0082.png,-0.2217,-0.233908,0.014118,12,0.15,2,Trend_Down,Small,11,0,1,13,"0.000000,0.090909,0.181818,0.272727,0.363636,0.454545,0.545455,0.636364,0.727273,0.818182,0.909091,1.000000","0.658860,0.649648,0.547509,0.414375,0.602281,0.463305,0.694786,0.192193,0.509110,0.481426,0.325615,0.460892"
83,stim_0083.png,stim_0083.png,-0.2217,-0.209004,0.014155,12,0.15,3,Trend_Down,Small,11,0,0,0,"0.000000,0.090909,0.181818,0.272727,0.363636,0.454545,0.545455,0.636364,0.727273,0.818182,0.909091,1.000000","0.727854,0.468135,0.414903,0.668838,0.651763,0.561281,0.269347,0.601438,0.370890,0.375078,0.399142,0.491332"
84,stim_0084.png,stim_0084.png,-0.2217,-0.219043,0.025716,12,0.15,4,Trend_Down,Small,11,0,1,3,"0.000000,0.090909,0.181818,0.272727,0.363636,0.454545,0.545455,0.636364,0.727273,0.818182,0.909091,1.000000","0.492647,0.488895,0.453300,0.764746,0.740374,0.347254,0.784723,0.448696,0.405245,0.488650,0.164252,0.421218"
85,stim_0085.png,stim_0085.png,-0.2217,-0.208658,0.018675,12,0.15,5,Trend_Down,Small,11,0,0,4,"0.000000,0.090909,0.181818,0.272727,0.363636,0.454545,0.545455,0.636364,0.727273,0.818182,0.909091,1.000000","0.611209,0.337267,0.762663,0.526862,0.481530,0.555971,0.796469,0.425624,0.364744,0.363464,0.325196,0.449001"
86,stim_0086.png,stim_0086.png,-0.2217,-0.234116,0.018166,12,0.15,6,Trend_Down,Small,11,0,1,17,"0.000000,0.090909,0.181818,0.272727,0.363636,0.454545,0.545455,0.636364,0.727273,0.818182,0.909091,1.000000","0.652689,0.779757,0.754318,0.360710,0.492087,0.276552,0.414612,0.362467,0.376993,0.558965,0.516057,0.454793"
87,stim_0087.png,stim_0087.png,-0.2217,-0.235206,0.015632,12,0.15,7,Trend_Down,Small,11,0,0,0,"0.000000,0.090909,0.181818,0.272727,0.363636,0.454545,0.545455,0.636364,0.727273,0.818182,0.909091,1.000000","0.629768,0.649557,0.411332,0.480021,0.783691,0.505920,0.343844,0.578385,0.329600,0.612065,0.325449,0.350368"
88,stim_0088.png,stim_0088.png,-0.2217,-0.227319,0.016777,14,0.15,0,Trend_Down,Small,11,0,0,2,"0.000000,0.076923,0.153846,0.230769,0.307692,0.384615,0.461538,0.538462,0.615385,0.692308,0.769231,0.846154,0.923077,1.000000","0.578770,0.504672,0.686055,0.738160,0.449426,0.543780,0.661314,0.458696,0.131748,0.456372,0.542975,0.335265,0.409648,0.503117"
89,stim_0089.png,stim_0089.png,-0.2217,-0.20833,0.014041,14,0.15,1,Trend_Down,Small,11,0,2,8,"0.000000,0.076923,0.153846,0.230769,0.307692,0.384615,0.461538,0.538462,0.615385,0.692308,0.769231,0.846154,0.923077,1.000000","0.678706,0.429145,0.505587,0.602915,0.515880,0.565703,0.571240,0.406631,0.757926,0.447313,0.294635,0.509890,0.492684,0.221746"
90,stim_0090.png,stim_0090.png,-0.2217,-0.215489,0.022187,14,0.15,2,Trend_Down,Small,11,0,0,1,"0.000000,0.076923,0.153846,0.230769,0.307692,0.384615,0.461538,0.538462,0.615385,0.692308,0.769231,0.846154,0.923077,1.000000","0.623184,0.480746,0.563252,0.414386,0.644970,0.622890,0.470867,0.570465,0.470970,0.715371,0.550791,0.330221,0.025232,0.516656"
91,stim_0091.png,stim_0091.png,-0.2217,-0.221569,0.010989,14,0.15,3,Trend_Down,Small,11,0,1,4,"0.000000,0.076923,0.153846,0.230769,0.307692,0.384615,0.461538,0.538462,0.615385,0.692308,0.769231,0.846154,0.923077,1.000000","0.567501,0.657482,0.537942,0.432162,0.794400,0.507655,0.353161,0.552833,0.500975,0.542987,0.280707,0.486510,0.379246,0.406438"
92,stim_0092.png,stim_0092.png,-0.2217,-0.213148,0.026658,14,0.15,4,Trend_Down,Small,11,0,0,1,"0.000000,0.076923,0.153846,0.230769,0.307692,0.384615,0.461538,0.538462,0.615385,0.692308,0.769231,0.846154,0.923077,1.000000","0.470085,0.886954,0.557379,0.597257,0.485384,0.318712,0.371408,0.676537,0.467739,0.467918,0.323184,0.434150,0.746360,0.196934"
93,stim_0093.png,stim_0093.png,-0.2217,-0.212975,0.024307,14,0.15,5,Trend_Down,Small,11,0,0,2,"0.000000,0.076923,0.153846,0.230769,0.307692,0.384615,0.461538,0.538462,0.615385,0.692308,0.769231,0.846154,0.923077,1.000000","0.583775,0.527327,0.578134,0.717599,0.492813,0.333129,0.710046,0.640914,0.666087,0.135620,0.286090,0.297314,0.532635,0.498517"
94,stim_0094.png,stim_0094.png,-0.2217,-0.238534,0.01838,14,0.15,6,Trend_Down,Small,11,0,0,2,"0.000000,0.076923,0.153846,0.230769,0.307692,0.384615,0.461538,0.538462,0.615385,0.692308,0.769231,0.846154,0.923077,1.000000","0.574620,0.616284,0.671929,0.705170,0.490073,0.411621,0.470850,0.580349,0.351423,0.643728,0.242029,0.247001,0.332163,0.662760"
95,stim_0095.png,stim_0095.png,-0.2217,-0.239273,0.01972,14,0.15,7,Trend_Down,Small,11,0,0,1,"0.000000,0.076923,0.153846,0.230769,0.307692,0.384615,0.461538,0.538462,0.615385,0.692308,0.769231,0.846154,0.923077,1.000000","0.560668,0.536996,0.393977,0.773374,0.602765,0.628339,0.450531,0.435285,0.673037,0.293318,0.644268,0.508773,0.181328,0.317342"
96,stim_0096.png,stim_0096.png,-0.2217,-0.234985,0.021341,16,0.15,0,Trend_Down,Big,11,0,0,11,"0.000000,0.066667,0.133333,0.200000,0.266667,0.333333,0.400000,0.466667,0.533333,0.600000,0.666667,0.733333,0.800000,0.866667,0.933333,1.000000","0.527995,0.508927,0.442880,0.693193,0.441562,0.770438,0.787393,0.444339,0.710979,0.459573,0.383284,0.202094,0.385644,0.553338,0.280157,0.408204"
97,stim_0097.png,stim_0097.png,-0.2217,-0.220507,0.031474,16,0.15,1,Trend_Down,Big,11,0,0,1,"0.000000,0.066667,0.133333,0.200000,0.266667,0.333333,0.400000,0.466667,0.533333,0.600000,0.666667,0.733333,0.800000,0.866667,0.933333,1.000000","0.614420,0.480916,0.586882,0.854368,0.593088,0.582750,0.418400,0.243365,0.521668,0.693615,-0.008586,0.602993,0.477236,0.471756,0.545534,0.321596"
98,stim_0098.png,stim_0098.png,-0.2217,-0.22897,0.02757,16,0.15,2,Trend_Down,Big,11,0,0,5,"0.000000,0.066667,0.133333,0.200000,0.266667,0.333333,0.400000,0.466667,0.533333,0.600000,0.666667,0.733333,0.800000,0.866667,0.933333,1.000000","0.607989,0.637859,0.697570,0.684074,0.515170,0.453780,0.337025,0.427774,0.572021,0.540408,0.473224,0.222657,0.578093,0.469784,0.025560,0.757012"
99,stim_0099.png,stim_0099.png,-0.2217,-0.233656,0.030008,16,0.15,3,Trend_Down,Big,11,0,0,10,"0.000000,0.066667,0.133333,0.200000,0.266667,0.333333,0.400000,0.466667,0.533333,0.600000,0.666667,0.733333,0.800000,0.866667,0.933333,1.000000","0.733417,0.645247,0.648537,0.353792,0.718416,0.371502,0.366073,0.600407,0.503510,0.337272,0.527892,0.662352,0.547571,-0.040024,0.469763,0.554273"
100,stim_0100.png,stim_0100.png,-0.2217,-0.230649,0.025337,16,0.15,4,Trend_Down,Big,11,0,0,1,"0.000000,0.066667,0.133333,0.200000,0.266667,0.333333,0.400000,0.466667,0.533333,0.600000,0.666667,0.733333,0.800000,0.866667,0.933333,1.000000","0.580357,0.558979,0.690681,0.420789,0.451857,0.622752,0.505883,0.658144,0.290972,0.738570,0.372636,0.515087,0.790172,0.248284,0.393776,0.161062"
101,stim_0101.png,stim_0101.png,-0.2217,-0.211857,0.02928,16,0.15,5,Trend_Down,Big,11,0,0,5,"0.000000,0.066667,0.133333,0.200000,0.266667,0.333333,0.400000,0.466667,0.533333,0.600000,0.666667,0.733333,0.800000,0.866667,0.933333,1.000000","0.886959,0.521763,0.795065,0.291602,0.316361,0.534892,0.665939,0.208945,0.426306,0.573029,0.588359,0.406447,0.389331,0.567735,0.570701,0.256566"
102,stim_0102.png,stim_0102.png,-0.2217,-0.222427,0.019706,16,0.15,6,Trend_Down,Big,11,0,1,18,"0.000000,0.066667,0.133333,0.200000,0.266667,0.333333,0.400000,0.466667,0.533333,0.600000,0.666667,0.733333,0.800000,0.866667,0.933333,1.000000","0.512921,0.595439,0.716392,0.468183,0.580014,0.512639,0.252956,0.564389,0.713688,0.586634,0.494968,0.596509,0.465304,0.471047,0.067671,0.401245"
103,stim_0103.png,stim_0103.png,-0.2217,-0.216577,0.014867,16,0.15,7,Trend_Down,Big,11,0,0,8,"0.000000,0.066667,0.133333,0.200000,0.266667,0.333333,0.400000,0.466667,0.533333,0.600000,0.666667,0.733333,0.800000,0.866667,0.933333,1.000000","0.622494,0.655217,0.680759,0.619820,0.372299,0.713167,0.509126,0.381424,0.566856,0.332150,0.211183,0.422071,0.368770,0.448335,0.542354,0.553974"
104,stim_0104.png,stim_0104.png,-0.2217,-0.206808,0.013506,18,0.15,0,Trend_Down,Big,11,0,0,11,"0.000000,0.058824,0.117647,0.176471,0.235294,0.294118,0.352941,0.411765,0.470588,0.529412,0.588235,0.647059,0.705882,0.764706,0.823529,0.882353,0.941176,1.000000","0.515118,0.538167,0.676174,0.717517,0.631050,0.619638,0.601892,0.299817,0.350909,0.484569,0.405996,0.351772,0.560838,0.629383,0.293319,0.411977,0.567217,0.344646"
105,stim_0105.png,stim_0105.png,-0.2217,-0.221042,0.017749,18,0.15,1,Trend_Down,Big,11,0,0,3,"0.000000,0.058824,0.117647,0.176471,0.235294,0.294118,0.352941,0.411765,0.470588,0.529412,0.588235,0.647059,0.705882,0.764706,0.823529,0.882353,0.941176,1.000000","0.705678,0.566176,0.641367,0.351146,0.349772,0.546086,0.619508,0.589515,0.617690,0.562054,0.623338,0.257114,0.631579,0.460088,0.476546,0.446424,0.115568,0.440351"
106,stim_0106.png,stim_0106.png,-0.2217,-0.228792,0.023079,18,0.15,2,Trend_Down,Big,11,0,0,8,"0.000000,0.058824,0.117647,0.176471,0.235294,0.294118,0.352941,0.411765,0.470588,0.529412,0.588235,0.647059,0.705882,0.764706,0.823529,0.882353,0.941176,1.000000","0.529587,0.611197,0.488516,0.977255,0.556612,0.350125,0.527212,0.545427,0.397385,0.493441,0.703111,0.216066,0.538339,0.390728,0.298208,0.563564,0.519548,0.293678"
107,stim_0107.png,stim_0107.png,-0.2217,-0.232779,0.020955,18,0.15,3,Trend_Down,Big,11,0,0,0,"0.000000,0.058824,0.117647,0.176471,0.235294,0.294118,0.352941,0.411765,0.470588,0.529412,0.588235,0.647059,0.705882,0.764706,0.823529,0.882353,0.941176,1.000000","0.543790,0.458947,0.666171,0.611792,0.421092,0.831777,0.688043,0.281022,0.448202,0.612852,0.603499,0.529049,0.306952,0.442849,0.335191,0.449059,0.609495,0.160220"
108,stim_0108.png,stim_0108.png,-0.2217,-0.216591,0.019388,18,0.15,4,Trend_Down,Big,11,0,0,3,"0.000000,0.058824,0.117647,0.176471,0.235294,0.294118,0.352941,0.411765,0.470588,0.529412,0.588235,0.647059,0.705882,0.764706,0.823529,0.882353,0.941176,1.000000","0.377017,0.769855,0.575673,0.697660,0.489047,0.790833,0.310891,0.468346,0.544341,0.382245,0.520828,0.439726,0.588467,0.437514,0.595676,0.182291,0.507481,0.322109"
109,stim_0109.png,stim_0109.png,-0.2217,-0.222504,0.023715,18,0.15,5,Trend_Down,Big,11,0,1,15,"0.000000,0.058824,0.117647,0.176471,0.235294,0.294118,0.352941,0.411765,0.470588,0.529412,0.588235,0.647059,0.705882,0.764706,0.823529,0.882353,0.941176,1.000000","0.910233,0.454372,0.348978,0.720870,0.502592,0.553286,0.650884,0.774565,0.226083,0.415298,0.443187,0.354501,0.389402,0.457333,0.290104,0.490774,0.477480,0.540060"
110,stim_0110.png,stim_0110.png,-0.2217,-0.210918,0.01702,18,0.15,6,Trend_Down,Big,11,0,0,2,"0.000000,0.058824,0.117647,0.176471,0.235294,0.294118,0.352941,0.411765,0.470588,0.529412,0.588235,0.647059,0.705882,0.764706,0.823529,0.882353,0.941176,1.000000","0.750879,0.482692,0.585963,0.441441,0.714565,0.702216,0.392628,0.422316,0.408394,0.436002,0.602760,0.309714,0.694017,0.485200,0.370597,0.401751,0.228181,0.570684"
111,stim_0111.png,stim_0111.png,-0.2217,-0.218386,0.023662,18,0.15,7,Trend_Down,Big,11,0,0,7,"0.000000,0.058824,0.117647,0.176471,0.235294,0.294118,0.352941,0.411765,0.470588,0.529412,0.588235,0.647059,0.705882,0.764706,0.823529,0.882353,0.941176,1.000000","0.758124,0.786800,0.716894,0.507012,0.313888,0.565651,0.473016,0.233651,0.572371,0.279549,0.698353,0.363574,0.313064,0.637370,0.335442,0.434823,0.539030,0.471387"
112,stim_0112.png,stim_0112.png,-0.2217,-0.221224,0.015375,20,0.15,0,Trend_Down,Big,11,0,0,6,"0.000000,0.052632,0.105263,0.157895,0.210526,0.263158,0.315789,0.368421,0.421053,0.473684,0.526316,0.578947,0.631579,0.684211,0.736842,0.789474,0.842105,0.894737,0.947368,1.000000","0.695679,0.547093,0.481304,0.520407,0.511143,0.360591,0.675832,0.618942,0.511125,0.685343,0.346665,0.511521,0.801773,0.609062,0.357356,0.328508,0.346762,0.396508,0.351193,0.343192"
113,stim_0113.png,stim_0113.png,-0.2217,-0.219115,0.010384,20,0.15,1,Trend_Down,Big,11,0,0,7,"0.000000,0.052632,0.105263,0.157895,0.210526,0.263158,0.315789,0.368421,0.421053,0.473684,0.526316,0.578947,0.631579,0.684211,0.736842,0.789474,0.842105,0.894737,0.947368,1.000000","0.704222,0.701256,0.477875,0.699178,0.672966,0.594880,0.510628,0.377647,0.333070,0.462768,0.407799,0.360566,0.388328,0.577551,0.438506,0.443128,0.370977,0.553018,0.548955,0.376680"
114,stim_0114.png,stim_0114.png,-0.2217,-0.20501,0.012808,20,0.15,2,Trend_Down,Big,11,0,1,4,"0.000000,0.052632,0.105263,0.157895,0.210526,0.263158,0.315789,0.368421,0.421053,0.473684,0.526316,0.578947,0.631579,0.684211,0.736842,0.789474,0.842105,0.894737,0.947368,1.000000","0.704912,0.781483,0.614039,0.586589,0.513761,0.345073,0.347535,0.461860,0.469787,0.526687,0.509371,0.468689,0.624337,0.468106,0.236702,0.569491,0.511173,0.399361,0.552437,0.308605"
115,stim_0115.png,stim_0115.png,-0.2217,-0.206764,0.021707,20,0.15,3,Trend_Down,Big,11,0,0,0,"0.000000,0.052632,0.105263,0.157895,0.210526,0.263158,0.315789,0.368421,0.421053,0.473684,0.526316,0.578947,0.631579,0.684211,0.736842,0.789474,0.842105,0.894737,0.947368,1.000000","0.633297,0.538340,0.753695,0.653294,0.553384,0.366455,0.434273,0.237995,0.681827,0.697686,0.555823,0.296095,0.725562,0.346164,0.457317,0.229455,0.576070,0.429776,0.519639,0.313854"
116,stim_0116.png,stim_0116.png,-0.2217,-0.212764,0.011598,20,0.15,4,Trend_Down,Big,11,0,0,9,"0.000000,0.052632,0.105263,0.157895,0.210526,0.263158,0.315789,0.368421,0.421053,0.473684,0.526316,0.578947,0.631579,0.684211,0.736842,0.789474,0.842105,0.894737,0.947368,1.000000","0.536542,0.702749,0.677665,0.629542,0.622480,0.504375,0.452122,0.629216,0.397950,0.354377,0.443999,0.408271,0.708150,0.304434,0.362436,0.522911,0.403907,0.322757,0.455261,0.560855"
117,stim_0117.png,stim_0117.png,-0.2217,-0.210442,0.010078,20,0.15,5,Trend_Down,Big,11,0,0,3,"0.000000,0.052632,0.105263,0.157895,0.210526,0.263158,0.315789,0.368421,0.421053,0.473684,0.526316,0.578947,0.631579,0.684211,0.736842,0.789474,0.842105,0.894737,0.947368,1.000000","0.666050,0.658778,0.588524,0.433625,0.464892,0.603199,0.527017,0.640395,0.511280,0.656195,0.350266,0.259446,0.561167,0.422148,0.382826,0.522770,0.552842,0.512134,0.392402,0.294043"
118,stim_0118.png,stim_0118.png,-0.2217,-0.207369,0.010627,20,0.15,6,Trend_Down,Big,11,0,1,0,"0.000000,0.052632,0.105263,0.157895,0.210526,0.263158,0.315789,0.368421,0.421053,0.473684,0.526316,0.578947,0.631579,0.684211,0.736842,0.789474,0.842105,0.894737,0.947368,1.000000","0.638571,0.379984,0.626773,0.726448,0.533969,0.435071,0.531979,0.702830,0.640103,0.592375,0.463783,0.468320,0.403353,0.350218,0.333768,0.456805,0.324150,0.448411,0.381211,0.561876"
119,stim_0119.png,stim_0119.png,-0.2217,-0.209467,0.014229,20,0.15,7,Trend_Down,Big,11,0,0,3,"0.000000,0.052632,0.105263,0.157895,0.210526,0.263158,0.315789,0.368421,0.421053,0.473684,0.526316,0.578947,0.631579,0.684211,0.736842,0.789474,0.842105,0.894737,0.947368,1.000000","0.728124,0.458963,0.409320,0.495690,0.726401,0.499385,0.623992,0.661485,0.682881,0.224597,0.481337,0.394914,0.507627,0.594710,0.564994,0.490809,0.400993,0.357159,0.332900,0.363720"
120,stim_0120.png,stim_0120.png,-0.2217,-0.23225,0.026957,22,0.15,0,Trend_Down,Big,11,0,0,5,"0.000000,0.047619,0.095238,0.142857,0.190476,0.238095,0.285714,0.333333,0.380952,0.428571,0.476190,0.523810,0.571429,0.619048,0.666667,0.714286,0.761905,0.809524,0.857143,0.904762,0.952381,1.000000","0.434803,0.706168,0.694179,0.436902,0.622855,0.756009,0.403975,0.486793,0.444840,0.221247,0.546348,0.501767,0.653740,0.545047,0.831707,0.613338,0.474208,0.551170,0.176563,0.487200,0.134761,0.276380"
121,stim_0121.png,stim_0121.png,-0.2217,-0.209898,0.023264,22,0.15,1,Trend_Down,Big,11,0,0,1,"0.000000,0.047619,0.095238,0.142857,0.190476,0.238095,0.285714,0.333333,0.380952,0.428571,0.476190,0.523810,0.571429,0.619048,0.666667,0.714286,0.761905,0.809524,0.857143,0.904762,0.952381,1.000000","0.447659,0.524601,0.653409,0.569478,0.593860,0.750872,0.639289,0.485893,0.642113,0.313041,0.539064,0.512850,0.705079,0.218181,0.552254,0.194785,0.546882,0.247155,0.621768,0.381584,0.651747,0.208435"
122,stim_0122.png,stim_0122.png,-0.2217,-0.222072,0.015601,22,0.15,2,Trend_Down,Big,11,0,0,34,"0.000000,0.047619,0.095238,0.142857,0.190476,0.238095,0.285714,0.333333,0.380952,0.428571,0.476190,0.523810,0.571429,0.619048,0.666667,0.714286,0.761905,0.809524,0.857143,0.904762,0.952381,1.000000","0.508282,0.647513,0.651250,0.584524,0.555406,0.519626,0.244455,0.668009,0.559195,0.589847,0.639057,0.605003,0.417489,0.530005,0.696746,0.405902,0.380990,0.211863,0.406222,0.264371,0.332591,0.581656"
123,stim_0123.png,stim_0123.png,-0.2217,-0.207736,0.026838,22,0.15,3,Trend_Down,Big,11,0,0,11,"0.000000,0.047619,0.095238,0.142857,0.190476,0.238095,0.285714,0.333333,0.380952,0.428571,0.476190,0.523810,0.571429,0.619048,0.666667,0.714286,0.761905,0.809524,0.857143,0.904762,0.952381,1.000000","0.470302,0.346212,0.643494,0.884290,0.566528,0.549054,0.657831,0.382767,0.474097,0.653016,0.372718,0.544959,0.725009,0.448072,0.369433,0.250327,0.603444,0.343320,0.798162,0.431415,0.278900,0.206652"
124,stim_0124.png,stim_0124.png,-0.2217,-0.218664,0.014192,22,0.15,4,Trend_Down,Big,11,0,0,2,"0.000000,0.047619,0.095238,0.142857,0.190476,0.238095,0.285714,0.333333,0.380952,0.428571,0.476190,0.523810,0.571429,0.619048,0.666667,0.714286,0.761905,0.809524,0.857143,0.904762,0.952381,1.000000","0.563050,0.692778,0.724124,0.519668,0.491256,0.538910,0.369773,0.623015,0.405464,0.478245,0.526729,0.475958,0.717853,0.418276,0.482491,0.354235,0.778127,0.498113,0.309154,0.289218,0.423285,0.320276"
125,stim_0125.png,stim_0125.png,-0.2217,-0.222633,0.021971,22,0.15,5,Trend_Down,Big,11,0,0,9,"0.000000,0.047619,0.095238,0.142857,0.190476,0.238095,0.285714,0.333333,0.380952,0.428571,0.476190,0.523810,0.571429,0.619048,0.666667,0.714286,0.761905,0.809524,0.857143,0.904762,0.952381,1.000000","0.732056,0.337702,0.601261,0.519303,0.538907,0.649851,0.478554,0.475513,0.680169,0.545002,0.679351,0.522313,0.730071,0.435357,0.142493,0.592738,0.484742,0.508123,0.260446,0.124169,0.423050,0.538828"
126,stim_0126.png,stim_0126.png,-0.2217,-0.214507,0.011741,22,0.15,6,Trend_Down,Big,11,0,0,4,"0.000000,0.047619,0.095238,0.142857,0.190476,0.238095,0.285714,0.333333,0.380952,0.428571,0.476190,0.523810,0.571429,0.619048,0.666667,0.714286,0.761905,0.809524,0.857143,0.904762,0.952381,1.000000","0.713733,0.517674,0.482029,0.438947,0.653098,0.486555,0.675624,0.573147,0.502408,0.455181,0.504623,0.568762,0.517004,0.552242,0.423805,0.625151,0.224702,0.528852,0.512435,0.547765,0.205414,0.290851"
127,stim_0127.png,stim_0127.png,-0.2217,-0.226142,0.012825,22,0.15,7,Trend_Down,Big,11,0,0,6,"0.000000,0.047619,0.095238,0.142857,0.190476,0.238095,0.285714,0.333333,0.380952,0.428571,0.476190,0.523810,0.571429,0.619048,0.666667,0.714286,0.761905,0.809524,0.857143,0.904762,0.952381,1.000000","0.595760,0.688459,0.785759,0.695527,0.675515,0.371851,0.493453,0.297814,0.337786,0.491360,0.629110,0.441267,0.420305,0.436780,0.651960,0.451414,0.390097,0.449154,0.346906,0.473737,0.397191,0.478798"
128,stim_0128.png,stim_0128.png,-0.1317,-0.146483,0.016792,8,0.15,0,Trend_Down,Small,11,0,7,26,"0.000000,0.142857,0.285714,0.428571,0.571429,0.714286,0.857143,1.000000","0.802925,0.413911,0.347189,0.529820,0.538822,0.366172,0.570920,0.430240"
129,stim_0129.png,stim_0129.png,-0.1317,-0.13403,0.0118,8,0.15,1,Trend_Down,Small,11,0,0,3,"0.000000,0.142857,0.285714,0.428571,0.571429,0.714286,0.857143,1.000000","0.570898,0.594267,0.350864,0.518978,0.680865,0.530430,0.308604,0.445094"
130,stim_0130.png,stim_0130.png,-0.1317,-0.119901,0.013087,8,0.15,2,Trend_Down,Small,11,0,0,10,"0.000000,0.142857,0.285714,0.428571,0.571429,0.714286,0.857143,1.000000","0.490304,0.463538,0.757278,0.412520,0.472736,0.557058,0.537261,0.309305"
131,stim_0131.png,stim_0131.png,-0.1317,-0.117101,0.026067,8,0.15,3,Trend_Down,Small,11,0,0,3,"0.000000,0.142857,0.285714,0.428571,0.571429,0.714286,0.857143,1.000000","0.400609,0.656024,0.722352,0.544322,0.456224,0.256816,0.290840,0.672812"
132,stim_0132.png,stim_0132.png,-0.1317,-0.131374,0.013579,8,0.15,4,Trend_Down,Small,11,0,0,9,"0.000000,0.142857,0.285714,0.428571,0.571429,0.714286,0.857143,1.000000","0.414420,0.667282,0.465047,0.607843,0.679338,0.327936,0.433117,0.405016"
133,stim_0133.png,stim_0133.png,-0.1317,-0.116006,0.019293,8,0.15,5,Trend_Down,Small,11,0,2,5,"0.000000,0.142857,0.285714,0.428571,0.571429,0.714286,0.857143,1.000000","0.542467,0.657836,0.547614,0.224405,0.537720,0.681452,0.339989,0.468515"
134,stim_0134.png,stim_0134.png,-0.1317,-0.121921,0.011587,8,0.15,6,Trend_Down,Small,11,0,3,10,"0.000000,0.142857,0.285714,0.428571,0.571429,0.714286,0.857143,1.000000","0.713213,0.517542,0.427103,0.353231,0.595868,0.366253,0.565235,0.461555"
135,stim_0135.png,stim_0135.png,-0.1317,-0.125404,0.019028,8,0.15,7,Trend_Down,Small,11,0,8,17,"0.000000,0.142857,0.285714,0.428571,0.571429,0.714286,0.857143,1.000000","0.516406,0.463198,0.477416,0.758012,0.671458,0.278856,0.367177,0.467477"
136,stim_0136.png,stim_0136.png,-0.1317,-0.147561,0.020174,10,0.15,0,Trend_Down,Small,11,0,6,13,"0.000000,0.111111,0.222222,0.333333,0.444444,0.555556,0.666667,0.777778,0.888889,1.000000","0.552398,0.707547,0.557130,0.450333,0.503845,0.261056,0.529261,0.356975,0.753601,0.327854"
137,stim_0137.png,stim_0137.png,-0.1317,-0.142443,0.013852,10,0.15,1,Trend_Down,Small,11,0,10,42,"0.000000,0.111111,0.222222,0.333333,0.444444,0.555556,0.666667,0.777778,0.888889,1.000000","0.672197,0.513110,0.546302,0.507486,0.617147,0.294485,0.272892,0.546129,0.607438,0.422814"
138,stim_0138.png,stim_0138.png,-0.1317,-0.145011,0.01903,10,0.15,2,Trend_Down,Small,11,0,1,2,"0.000000,0.111111,0.222222,0.333333,0.444444,0.555556,0.666667,0.777778,0.888889,1.000000","0.711065,0.520663,0.267613,0.661066,0.505772,0.410833,0.473796,0.647169,0.536786,0.265238"
139,stim_0139.png,stim_0139.png,-0.1317,-0.120528,0.013221,10,0.15,3,Trend_Down,Small,11,0,1,3,"0.000000,0.111111,0.222222,0.333333,0.444444,0.555556,0.666667,0.777778,0.888889,1.000000","0.676381,0.527649,0.391255,0.499296,0.626359,0.371533,0.639138,0.275011,0.476300,0.517079"
140,stim_0140.png,stim_0140.png,-0.1317,-0.125496,0.03125,10,0.15,4,Trend_Down,Small,11,0,4,17,"0.000000,0.111111,0.222222,0.333333,0.444444,0.555556,0.666667,0.777778,0.888889,1.000000","0.787544,0.264207,0.320758,0.548215,0.583832,0.828284,0.508991,0.402586,0.349802,0.405782"
141,stim_0141.png,stim_0141.png,-0.1317,-0.127031,0.012069,10,0.15,5,Trend_Down,Small,11,0,4,28,"0.000000,0.111111,0.222222,0.333333,0.444444,0.555556,0.666667,0.777778,0.888889,1.000000","0.595202,0.485110,0.478719,0.614570,0.613221,0.334369,0.644925,0.364939,0.320061,0.548884"
142,stim_0142.png,stim_0142.png,-0.1317,-0.123409,0.020171,10,0.15,6,Trend_Down,Small,11,0,4,14,"0.000000,0.111111,0.222222,0.333333,0.444444,0.555556,0.666667,0.777778,0.888889,1.000000","0.670321,0.301545,0.586468,0.703838,0.582847,0.279769,0.369096,0.636496,0.444104,0.425517"
143,stim_0143.png,stim_0143.png,-0.1317,-0.132578,0.029021,10,0.15,7,Trend_Down,Small,11,0,0,8,"0.000000,0.111111,0.222222,0.333333,0.444444,0.555556,0.666667,0.777778,0.888889,1.000000","0.528615,0.467444,0.868851,0.325532,0.735837,0.299215,0.323258,0.456414,0.424412,0.570421"
144,stim_0144.png,stim_0144.png,-0.1317,-0.147896,0.025068,12,0.15,0,Trend_Down,Small,11,0,3,4,"0.000000,0.090909,0.181818,0.272727,0.363636,0.454545,0.545455,0.636364,0.727273,0.818182,0.909091,1.000000","0.500564,0.675639,0.206885,0.636369,0.826530,0.459469,0.557372,0.578373,0.255837,0.444334,0.408081,0.450547"
145,stim_0145.png,stim_0145.png,-0.1317,-0.131164,0.011117,12,0.15,1,Trend_Down,Small,11,0,1,8,"0.000000,0.090909,0.181818,0.272727,0.363636,0.454545,0.545455,0.636364,0.727273,0.818182,0.909091,1.000000","0.655283,0.334700,0.621103,0.588609,0.462429,0.585818,0.481369,0.412616,0.570854,0.366505,0.596432,0.324283"
146,stim_0146.png,stim_0146.png,-0.1317,-0.132756,0.019033,12,0.15,2,Trend_Down,Small,11,0,3,10,"0.000000,0.090909,0.181818,0.272727,0.363636,0.454545,0.545455,0.636364,0.727273,0.818182,0.909091,1.000000","0.418499,0.533951,0.873294,0.291140,0.692983,0.457162,0.515078,0.405939,0.476573,0.459547,0.452249,0.423584"
147,stim_0147.png,stim_0147.png,-0.1317,-0.122855,0.011415,12,0.15,3,Trend_Down,Small,11,0,0,0,"0.000000,0.090909,0.181818,0.272727,0.363636,0.454545,0.545455,0.636364,0.727273,0.818182,0.909091,1.000000","0.584575,0.566639,0.462193,0.657544,0.430900,0.426141,0.668554,0.410777,0.307597,0.618629,0.361244,0.505207"
148,stim_0148.png,stim_0148.png,-0.1317,-0.13312,0.01359,12,0.15,4,Trend_Down,Small,11,0,1,5,"0.000000,0.090909,0.181818,0.272727,0.363636,0.454545,0.545455,0.636364,0.727273,0.818182,0.909091,1.000000","0.503946,0.605171,0.756461,0.329741,0.686962,0.377958,0.394100,0.401264,0.521080,0.524575,0.424937,0.473804"
149,stim_0149.png,stim_0149.png,-0.1317,-0.115573,0.018698,12,0.15,5,Trend_Down,Small,11,0,0,0,"0.000000,0.090909,0.181818,0.272727,0.363636,0.454545,0.545455,0.636364,0.727273,0.818182,0.909091,1.000000","0.434636,0.660261,0.371417,0.748995,0.347598,0.688280,0.621247,0.390207,0.423394,0.491800,0.300425,0.521740"
150,stim_0150.png,stim_0150.png,-0.1317,-0.125404,0.022176,12,0.15,6,Trend_Down,Small,11,0,0,5,"0.000000,0.090909,0.181818,0.272727,0.363636,0.454545,0.545455,0.636364,0.727273,0.818182,0.909091,1.000000","0.523232,0.403804,0.306885,0.773503,0.761702,0.632189,0.540287,0.430007,0.420186,0.270978,0.537639,0.399587"
151,stim_0151.png,stim_0151.png,-0.1317,-0.126083,0.015455,12,0.15,7,Trend_Down,Small,11,0,0,0,"0.000000,0.090909,0.181818,0.272727,0.363636,0.454545,0.545455,0.636364,0.727273,0.818182,0.909091,1.000000","0.606538,0.614232,0.528738,0.433472,0.313554,0.638878,0.443469,0.692197,0.467019,0.283486,0.616110,0.362307"
152,stim_0152.png,stim_0152.png,-0.1317,-0.122776,0.027977,14,0.15,0,Trend_Down,Small,11,0,1,1,"0.000000,0.076923,0.153846,0.230769,0.307692,0.384615,0.461538,0.538462,0.615385,0.692308,0.769231,0.846154,0.923077,1.000000","0.712047,0.440253,0.565203,0.269504,0.660510,0.458207,0.411725,0.339195,0.835560,0.607125,0.499872,0.646418,0.270422,0.283960"
153,stim_0153.png,stim_0153.png,-0.1317,-0.12354,0.030066,14,0.15,1,Trend_Down,Small,11,0,2,7,"0.000000,0.076923,0.153846,0.230769,0.307692,0.384615,0.461538,0.538462,0.615385,0.692308,0.769231,0.846154,0.923077,1.000000","0.668200,0.246571,0.385590,0.857855,0.567570,0.470417,0.655465,0.696489,0.266281,0.259032,0.527465,0.583277,0.441329,0.374460"
154,stim_0154.png,stim_0154.png,-0.1317,-0.131234,0.017104,14,0.15,2,Trend_Down,Small,11,0,0,2,"0.000000,0.076923,0.153846,0.230769,0.307692,0.384615,0.461538,0.538462,0.615385,0.692308,0.769231,0.846154,0.923077,1.000000","0.538510,0.505486,0.528700,0.367019,0.618431,0.723982,0.574170,0.751088,0.243002,0.337354,0.509777,0.391761,0.483523,0.427198"
155,stim_0155.png,stim_0155.png,-0.1317,-0.127928,0.020471,14,0.15,3,Trend_Down,Small,11,0,0,2,"0.000000,0.076923,0.153846,0.230769,0.307692,0.384615,0.461538,0.538462,0.615385,0.692308,0.769231,0.846154,0.923077,1.000000","0.450996,0.585687,0.401435,0.384980,0.807219,0.657408,0.630650,0.362224,0.431934,0.641430,0.583338,0.382098,0.230234,0.450366"
156,stim_0156.png,stim_0156.png,-0.1317,-0.131288,0.016574,14,0.15,4,Trend_Down,Small,11,0,0,1,"0.000000,0.076923,0.153846,0.230769,0.307692,0.384615,0.461538,0.538462,0.615385,0.692308,0.769231,0.846154,0.923077,1.000000","0.726727,0.453298,0.455330,0.774977,0.441470,0.574548,0.311046,0.351893,0.602462,0.347493,0.423419,0.506439,0.608413,0.422486"
157,stim_0157.png,stim_0157.png,-0.1317,-0.131501,0.012848,14,0.15,5,Trend_Down,Small,11,0,0,7,"0.000000,0.076923,0.153846,0.230769,0.307692,0.384615,0.461538,0.538462,0.615385,0.692308,0.769231,0.846154,0.923077,1.000000","0.514832,0.553054,0.584657,0.744012,0.354463,0.608363,0.572203,0.398088,0.428779,0.370469,0.331412,0.583427,0.362595,0.593648"
158,stim_0158.png,stim_0158.png,-0.1317,-0.121504,0.024758,14,0.15,6,Trend_Down,Small,11,0,0,2,"0.000000,0.076923,0.153846,0.230769,0.307692,0.384615,0.461538,0.538462,0.615385,0.692308,0.769231,0.846154,0.923077,1.000000","0.433041,0.688225,0.670999,0.449873,0.468746,0.516204,0.587238,0.561458,0.532790,0.384487,0.280389,0.398267,0.191041,0.837246"
159,stim_0159.png,stim_0159.png,-0.1317,-0.134696,0.013632,14,0.15,7,Trend_Down,Small,11,0,3,10,"0.000000,0.076923,0.153846,0.230769,0.307692,0.384615,0.461538,0.538462,0.615385,0.692308,0.769231,0.846154,0.923077,1.000000","0.640911,0.508107,0.583900,0.407945,0.690953,0.405839,0.428031,0.538440,0.565355,0.244313,0.675130,0.440152,0.523831,0.347091"
160,stim_0160.png,stim_0160.png,-0.1317,-0.139655,0.030017,16,0.15,0,Trend_Down,Big,11,0,0,7,"0.000000,0.066667,0.133333,0.200000,0.266667,0.333333,0.400000,0.466667,0.533333,0.600000,0.666667,0.733333,0.800000,0.866667,0.933333,1.000000","0.391929,0.396803,0.740320,0.563561,0.695287,0.552306,0.576805,0.319869,0.873497,0.570774,0.444472,0.166819,0.253144,0.356488,0.521859,0.576066"
161,stim_0161.png,stim_0161.png,-0.1317,-0.12624,0.021883,16,0.15,1,Trend_Down,Big,11,0,0,0,"0.000000,0.066667,0.133333,0.200000,0.266667,0.333333,0.400000,0.466667,0.533333,0.600000,0.666667,0.733333,0.800000,0.866667,0.933333,1.000000","0.595494,0.422357,0.412614,0.548050,0.717543,0.603423,0.591168,0.666885,0.269670,0.677834,0.218538,0.523067,0.479903,0.207585,0.498134,0.567736"
162,stim_0162.png,stim_0162.png,-0.1317,-0.138324,0.013447,16,0.15,2,Trend_Down,Big,11,0,1,6,"0.000000,0.066667,0.133333,0.200000,0.266667,0.333333,0.400000,0.466667,0.533333,0.600000,0.666667,0.733333,0.800000,0.866667,0.933333,1.000000","0.553388,0.551062,0.548835,0.377244,0.679261,0.451414,0.640067,0.508119,0.640768,0.256634,0.585719,0.390786,0.549457,0.594228,0.292555,0.380462"
163,stim_0163.png,stim_0163.png,-0.1317,-0.13978,0.015604,16,0.15,3,Trend_Down,Big,11,0,1,15,"0.000000,0.066667,0.133333,0.200000,0.266667,0.333333,0.400000,0.466667,0.533333,0.600000,0.666667,0.733333,0.800000,0.866667,0.933333,1.000000","0.631413,0.522057,0.319432,0.599285,0.547168,0.640994,0.598769,0.562015,0.506947,0.420833,0.229592,0.615555,0.619506,0.311270,0.565606,0.309558"
164,stim_0164.png,stim_0164.png,-0.1317,-0.147236,0.026069,16,0.15,4,Trend_Down,Big,11,0,0,3,"0.000000,0.066667,0.133333,0.200000,0.266667,0.333333,0.400000,0.466667,0.533333,0.600000,0.666667,0.733333,0.800000,0.866667,0.933333,1.000000","0.646311,0.373660,0.431127,0.853248,0.593696,0.679578,0.712873,0.342547,0.324282,0.301115,0.339506,0.479563,0.271122,0.468605,0.642131,0.540637"
165,stim_0165.png,stim_0165.png,-0.1317,-0.126799,0.028241,16,0.15,5,Trend_Down,Big,11,0,0,3,"0.000000,0.066667,0.133333,0.200000,0.266667,0.333333,0.400000,0.466667,0.533333,0.600000,0.666667,0.733333,0.800000,0.866667,0.933333,1.000000","0.494644,0.781074,0.763055,0.310344,0.664275,0.231107,0.499049,0.312750,0.490792,0.495917,0.564422,0.626397,0.422845,0.545607,0.165536,0.632187"
166,stim_0166.png,stim_0166.png,-0.1317,-0.140134,0.010421,16,0.15,6,Trend_Down,Big,11,0,2,12,"0.000000,0.066667,0.133333,0.200000,0.266667,0.333333,0.400000,0.466667,0.533333,0.600000,0.666667,0.733333,0.800000,0.866667,0.933333,1.000000","0.578852,0.500773,0.404389,0.618313,0.585292,0.683448,0.426335,0.555107,0.330084,0.534405,0.638161,0.414052,0.433934,0.584027,0.421495,0.291332"
167,stim_0167.png,stim_0167.png,-0.1317,-0.124308,0.015519,16,0.15,7,Trend_Down,Big,11,0,2,6,"0.000000,0.066667,0.133333,0.200000,0.266667,0.333333,0.400000,0.466667,0.533333,0.600000,0.666667,0.733333,0.800000,0.866667,0.933333,1.000000","0.510680,0.544790,0.604018,0.394880,0.668337,0.519779,0.472902,0.605391,0.572017,0.601360,0.180503,0.497158,0.595744,0.364880,0.270445,0.597119"
168,stim_0168.png,stim_0168.png,-0.1317,-0.128607,0.018445,18,0.15,0,Trend_Down,Big,11,0,0,4,"0.000000,0.058824,0.117647,0.176471,0.235294,0.294118,0.352941,0.411765,0.470588,0.529412,0.588235,0.647059,0.705882,0.764706,0.823529,0.882353,0.941176,1.000000","0.502327,0.497246,0.624118,0.696970,0.490151,0.245281,0.526257,0.538132,0.831947,0.444158,0.444059,0.372187,0.425052,0.536136,0.662115,0.526091,0.374294,0.263478"
169,stim_0169.png,stim_0169.png,-0.1317,-0.123211,0.031535,18,0.15,1,Trend_Down,Big,11,0,0,1,"0.000000,0.058824,0.117647,0.176471,0.235294,0.294118,0.352941,0.411765,0.470588,0.529412,0.588235,0.647059,0.705882,0.764706,0.823529,0.882353,0.941176,1.000000","0.657433,0.815293,0.670301,0.445357,0.271214,0.749573,0.337988,0.453791,0.653388,0.325449,0.240676,0.371590,0.269677,0.586008,0.354635,0.428882,0.712081,0.656664"
170,stim_0170.png,stim_0170.png,-0.1317,-0.143368,0.01548,18,0.15,2,Trend_Down,Big,11,0,1,7,"0.000000,0.058824,0.117647,0.176471,0.235294,0.294118,0.352941,0.411765,0.470588,0.529412,0.588235,0.647059,0.705882,0.764706,0.823529,0.882353,0.941176,1.000000","0.688055,0.318487,0.507143,0.498303,0.508784,0.498260,0.640357,0.456601,0.719961,0.560650,0.501213,0.519237,0.572561,0.651173,0.253218,0.477220,0.236280,0.392497"
171,stim_0171.png,stim_0171.png,-0.1317,-0.144886,0.011103,18,0.15,3,Trend_Down,Big,11,0,1,3,"0.000000,0.058824,0.117647,0.176471,0.235294,0.294118,0.352941,0.411765,0.470588,0.529412,0.588235,0.647059,0.705882,0.764706,0.823529,0.882353,0.941176,1.000000","0.586827,0.611831,0.573352,0.488431,0.445847,0.509293,0.605116,0.473074,0.544124,0.561382,0.263581,0.586588,0.453465,0.690778,0.300854,0.440526,0.564204,0.300726"
172,stim_0172.png,stim_0172.png,-0.1317,-0.130953,0.017315,18,0.15,4,Trend_Down,Big,11,0,1,12,"0.000000,0.058824,0.117647,0.176471,0.235294,0.294118,0.352941,0.411765,0.470588,0.529412,0.588235,0.647059,0.705882,0.764706,0.823529,0.882353,0.941176,1.000000","0.429449,0.690932,0.539700,0.467721,0.686165,0.583831,0.423177,0.301904,0.589070,0.798429,0.473458,0.406052,0.487390,0.305161,0.508252,0.250302,0.510376,0.548631"
173,stim_0173.png,stim_0173.png,-0.1317,-0.128644,0.020486,18,0.15,5,Trend_Down,Big,11,0,0,3,"0.000000,0.058824,0.117647,0.176471,0.235294,0.294118,0.352941,0.411765,0.470588,0.529412,0.588235,0.647059,0.705882,0.764706,0.823529,0.882353,0.941176,1.000000","0.771274,0.437149,0.473457,0.679337,0.556933,0.388332,0.471820,0.427502,0.336224,0.708174,0.268914,0.729775,0.559177,0.577803,0.230993,0.430695,0.468688,0.483755"
174,stim_0174.png,stim_0174.png,-0.1317,-0.144296,0.014709,18,0.15,6,Trend_Down,Big,11,0,0,0,"0.000000,0.058824,0.117647,0.176471,0.235294,0.294118,0.352941,0.411765,0.470588,0.529412,0.588235,0.647059,0.705882,0.764706,0.823529,0.882353,0.941176,1.000000","0.585463,0.508493,0.472891,0.725679,0.575598,0.763055,0.392184,0.401759,0.601225,0.380367,0.531695,0.376125,0.341333,0.406859,0.385631,0.347526,0.681161,0.522958"
175,stim_0175.png,stim_0175.png,-0.1317,-0.130331,0.019638,18,0.15,7,Trend_Down,Big,11,0,0,8,"0.000000,0.058824,0.117647,0.176471,0.235294,0.294118,0.352941,0.411765,0.470588,0.529412,0.588235,0.647059,0.705882,0.764706,0.823529,0.882353,0.941176,1.000000","0.466614,0.547662,0.734396,0.244990,0.507606,0.652762,0.605686,0.463088,0.636987,0.752437,0.233928,0.424362,0.442452,0.592236,0.455745,0.543427,0.376794,0.318825"
176,stim_0176.png,stim_0176.png,-0.1317,-0.141713,0.017592,20,0.15,0,Trend_Down,Big,11,0,3,17,"0.000000,0.052632,0.105263,0.157895,0.210526,0.263158,0.315789,0.368421,0.421053,0.473684,0.526316,0.578947,0.631579,0.684211,0.736842,0.789474,0.842105,0.894737,0.947368,1.000000","0.404942,0.573374,0.723567,0.483195,0.691218,0.363433,0.437150,0.755471,0.357967,0.476738,0.573392,0.635600,0.495981,0.471207,0.477940,0.189943,0.567044,0.567723,0.473138,0.280976"
177,stim_0177.png,stim_0177.png,-0.1317,-0.133504,0.020446,20,0.15,1,Trend_Down,Big,11,0,1,6,"0.000000,0.052632,0.105263,0.157895,0.210526,0.263158,0.315789,0.368421,0.421053,0.473684,0.526316,0.578947,0.631579,0.684211,0.736842,0.789474,0.842105,0.894737,0.947368,1.000000","0.578317,0.586762,0.722116,0.596768,0.503625,0.333346,0.686936,0.458576,0.479185,0.139159,0.437832,0.583369,0.753397,0.425649,0.488518,0.441394,0.242708,0.607380,0.395569,0.539395"
178,stim_0178.png,stim_0178.png,-0.1317,-0.148194,0.016789,20,0.15,2,Trend_Down,Big,11,0,0,0,"0.000000,0.052632,0.105263,0.157895,0.210526,0.263158,0.315789,0.368421,0.421053,0.473684,0.526316,0.578947,0.631579,0.684211,0.736842,0.789474,0.842105,0.894737,0.947368,1.000000","0.584653,0.593682,0.519351,0.526787,0.548686,0.664949,0.669026,0.219112,0.562572,0.435381,0.509518,0.287998,0.684049,0.461409,0.608273,0.511486,0.483575,0.192696,0.356339,0.580457"
179,stim_0179.png,stim_0179.png,-0.1317,-0.114357,0.019509,20,0.15,3,Trend_Down,Big,11,0,1,1,"0.000000,0.052632,0.105263,0.157895,0.210526,0.263158,0.315789,0.368421,0.421053,0.473684,0.526316,0.578947,0.631579,0.684211,0.736842,0.789474,0.842105,0.894737,0.947368,1.000000","0.705746,0.582011,0.787992,0.614348,0.254632,0.452233,0.459032,0.530467,0.474370,0.476144,0.431752,0.432805,0.282593,0.621873,0.429075,0.352307,0.436061,0.362003,0.784039,0.530517"
180,stim_0180.png,stim_0180.png,-0.1317,-0.123988,0.013652,20,0.15,4,Trend_Down,Big,11,0,2,17,"0.000000,0.052632,0.105263,0.157895,0.210526,0.263158,0.315789,0.368421,0.421053,0.473684,0.526316,0.578947,0.631579,0.684211,0.736842,0.789474,0.842105,0.894737,0.947368,1.000000","0.655907,0.367045,0.640628,0.717419,0.502185,0.389868,0.617911,0.281782,0.565194,0.437994,0.526752,0.586967,0.636515,0.379295,0.366265,0.561130,0.541275,0.294017,0.443352,0.488498"
181,stim_0181.png,stim_0181.png,-0.1317,-0.136229,0.016009,20,0.15,5,Trend_Down,Big,11,0,0,0,"0.000000,0.052632,0.105263,0.157895,0.210526,0.263158,0.315789,0.368421,0.421053,0.473684,0.526316,0.578947,0.631579,0.684211,0.736842,0.789474,0.842105,0.894737,0.947368,1.000000","0.624919,0.665064,0.477077,0.211677,0.681698,0.582209,0.579731,0.416847,0.607777,0.666977,0.386158,0.431069,0.485238,0.543029,0.364527,0.594311,0.338504,0.551685,0.258286,0.533216"
182,stim_0182.png,stim_0182.png,-0.1317,-0.128816,0.020414,20,0.15,6,Trend_Down,Big,11,0,0,1,"0.000000,0.052632,0.105263,0.157895,0.210526,0.263158,0.315789,0.368421,0.421053,0.473684,0.526316,0.578947,0.631579,0.684211,0.736842,0.789474,0.842105,0.894737,0.947368,1.000000","0.640579,0.739278,0.489016,0.505972,0.598822,0.504938,0.548883,0.285568,0.588061,0.265441,0.349603,0.579528,0.474711,0.440636,0.353010,0.674702,0.828067,0.420950,0.345533,0.366705"
183,stim_0183.png,stim_0183.png,-0.1317,-0.139786,0.026222,20,0.15,7,Trend_Down,Big,11,0,0,4,"0.000000,0.052632,0.105263,0.157895,0.210526,0.263158,0.315789,0.368421,0.421053,0.473684,0.526316,0.578947,0.631579,0.684211,0.736842,0.789474,0.842105,0.894737,0.947368,1.000000","0.850266,0.612897,0.576851,0.377464,0.367518,0.641014,0.457466,0.325799,0.403103,0.304435,0.888691,0.588555,0.429878,0.428210,0.290749,0.483362,0.605974,0.627928,0.291277,0.448562"
184,stim_0184.png,stim_0184.png,-0.1317,-0.128891,0.029551,22,0.15,0,Trend_Down,Big,11,0,5,27,"0.000000,0.047619,0.095238,0.142857,0.190476,0.238095,0.285714,0.333333,0.380952,0.428571,0.476190,0.523810,0.571429,0.619048,0.666667,0.714286,0.761905,0.809524,0.857143,0.904762,0.952381,1.000000","0.572849,0.473956,0.639076,0.473665,0.563472,0.213228,0.693717,0.250708,0.588021,0.785942,0.721826,0.566596,0.438225,0.716019,0.529244,0.283564,0.388261,0.237809,0.710224,0.442696,0.182699,0.528202"
185,stim_0185.png,stim_0185.png,-0.1317,-0.113941,0.023504,22,0.15,1,Trend_Down,Big,11,0,3,14,"0.000000,0.047619,0.095238,0.142857,0.190476,0.238095,0.285714,0.333333,0.380952,0.428571,0.476190,0.523810,0.571429,0.619048,0.666667,0.714286,0.761905,0.809524,0.857143,0.904762,0.952381,1.000000","0.387941,0.617637,0.307870,0.460109,0.836283,0.726905,0.507036,0.690613,0.740583,0.255251,0.216075,0.618862,0.567018,0.513827,0.456666,0.459143,0.397429,0.346583,0.423086,0.550716,0.386589,0.533779"
186,stim_0186.png,stim_0186.png,-0.1317,-0.114488,0.020631,22,0.15,2,Trend_Down,Big,11,0,0,6,"0.000000,0.047619,0.095238,0.142857,0.190476,0.238095,0.285714,0.333333,0.380952,0.428571,0.476190,0.523810,0.571429,0.619048,0.666667,0.714286,0.761905,0.809524,0.857143,0.904762,0.952381,1.000000","0.518918,0.623211,0.275624,0.728040,0.510731,0.500993,0.565093,0.495517,0.458752,0.633869,0.633495,0.484148,0.148398,0.665840,0.482289,0.765629,0.379589,0.578866,0.447208,0.248135,0.449029,0.406625"
187,stim_0187.png,stim_0187.png,-0.1317,-0.138756,0.017348,22,0.15,3,Trend_Down,Big,11,0,1,2,"0.000000,0.047619,0.095238,0.142857,0.190476,0.238095,0.285714,0.333333,0.380952,0.428571,0.476190,0.523810,0.571429,0.619048,0.666667,0.714286,0.761905,0.809524,0.857143,0.904762,0.952381,1.000000","0.531204,0.687761,0.403814,0.611940,0.405385,0.730573,0.445919,0.599255,0.437305,0.506795,0.646958,0.604345,0.389817,0.481224,0.211537,0.725839,0.406314,0.408631,0.321025,0.521839,0.300639,0.621881"
188,stim_0188.png,stim_0188.png,-0.1317,-0.132838,0.02412,22,0.15,4,Trend_Down,Big,11,0,1,0,"0.000000,0.047619,0.095238,0.142857,0.190476,0.238095,0.285714,0.333333,0.380952,0.428571,0.476190,0.523810,0.571429,0.619048,0.666667,0.714286,0.761905,0.809524,0.857143,0.904762,0.952381,1.000000","0.753092,0.330253,0.481425,0.281074,0.569388,0.728794,0.696070,0.535066,0.522239,0.518247,0.787794,0.571814,0.439017,0.436896,0.325140,0.492844,0.081115,0.518988,0.461998,0.407003,0.449831,0.611915"
189,stim_0189.png,stim_0189.png,-0.1317,-0.13887,0.01413,22,0.15,5,Trend_Down,Big,11,0,2,4,"0.000000,0.047619,0.095238,0.142857,0.190476,0.238095,0.285714,0.333333,0.380952,0.428571,0.476190,0.523810,0.571429,0.619048,0.666667,0.714286,0.761905,0.809524,0.857143,0.904762,0.952381,1.000000","0.599810,0.785998,0.514594,0.342036,0.534051,0.472916,0.720592,0.308407,0.703681,0.411383,0.488311,0.503802,0.494036,0.423620,0.288959,0.491271,0.550591,0.593554,0.565448,0.390010,0.430626,0.386305"
190,stim_0190.png,stim_0190.png,-0.1317,-0.125125,0.026444,22,0.15,6,Trend_Down,Big,11,0,1,5,"0.000000,0.047619,0.095238,0.142857,0.190476,0.238095,0.285714,0.333333,0.380952,0.428571,0.476190,0.523810,0.571429,0.619048,0.666667,0.714286,0.761905,0.809524,0.857143,0.904762,0.952381,1.000000","0.569788,0.197575,0.410810,0.804695,0.450660,0.660769,0.601905,0.566535,0.427477,0.883483,0.529871,0.331484,0.658717,0.406706,0.681623,0.264957,0.436220,0.373549,0.576572,0.398071,0.328769,0.439762"
191,stim_0191.png,stim_0191.png,-0.1317,-0.132288,0.025072,22,0.15,7,Trend_Down,Big,11,0,0,0,"0.000000,0.047619,0.095238,0.142857,0.190476,0.238095,0.285714,0.333333,0.380952,0.428571,0.476190,0.523810,0.571429,0.619048,0.666667,0.714286,0.761905,0.809524,0.857143,0.904762,0.952381,1.000000","0.750460,0.586328,0.537453,0.705193,0.712296,0.449244,0.533091,0.630494,0.253258,0.402753,0.374092,0.230898,0.505229,0.379573,0.251239,0.666443,0.421108,0.507874,0.410234,0.286488,0.735534,0.670717"
192,stim_0192.png,stim_0192.png,-0.0437,-0.037676,0.032955,8,0.15,0,Trend_Down,Small,11,0,28,36,"0.000000,0.142857,0.285714,0.428571,0.571429,0.714286,0.857143,1.000000","0.455419,0.641786,0.363471,0.593552,0.299295,0.879462,0.339029,0.427985"
193,stim_0193.png,stim_0193.png,-0.0437,-0.057716,0.010704,8,0.15,1,Trend_Down,Small,11,0,8,11,"0.000000,0.142857,0.285714,0.428571,0.571429,0.714286,0.857143,1.000000","0.611794,0.560902,0.412110,0.581279,0.366895,0.396476,0.419027,0.651517"
194,stim_0194.png,stim_0194.png,-0.0437,-0.060579,0.029571,8,0.15,2,Trend_Down,Small,11,0,1,0,"0.000000,0.142857,0.285714,0.428571,0.571429,0.714286,0.857143,1.000000","0.468322,0.769081,0.519517,0.346133,0.249527,0.701894,0.336250,0.609276"
195,stim_0195.png,stim_0195.png,-0.0437,-0.029869,0.016265,8,0.15,3,Trend_Down,Small,11,0,0,0,"0.000000,0.142857,0.285714,0.428571,0.571429,0.714286,0.857143,1.000000","0.583783,0.552570,0.473877,0.587263,0.245686,0.344515,0.632780,0.579525"
196,stim_0196.png,stim_0196.png,-0.0437,-0.05107,0.020587,8,0.15,4,Trend_Down,Small,11,0,9,26,"0.000000,0.142857,0.285714,0.428571,0.571429,0.714286,0.857143,1.000000","0.624044,0.575070,0.265188,0.712808,0.306012,0.445260,0.501966,0.569652"
197,stim_0197.png,stim_0197.png,-0.0437,-0.060107,0.023835,8,0.15,5,Trend_Down,Small,11,0,2,1,"0.000000,0.142857,0.285714,0.428571,0.571429,0.714286,0.857143,1.000000","0.331118,0.461545,0.595608,0.846689,0.560089,0.397400,0.433685,0.373866"
198,stim_0198.png,stim_0198.png,-0.0437,-0.051808,0.013922,8,0.15,6,Trend_Down,Small,11,0,20,10,"0.000000,0.142857,0.285714,0.428571,0.571429,0.714286,0.857143,1.000000","0.379580,0.548320,0.482966,0.750929,0.572715,0.441900,0.343375,0.480215"
199,stim_0199.png,stim_0199.png,-0.0437,-0.041666,0.017882,8,0.15,7,Trend_Down,Small,11,0,32,48,"0.000000,0.142857,0.285714,0.428571,0.571429,0.714286,0.857143,1.000000","0.499531,0.600025,0.639475,0.385770,0.399074,0.263656,0.688143,0.524327"
200,stim_0200.png,stim_0200.png,-0.0437,-0.028137,0.020727,10,0.15,0,Trend_Down,Small,11,0,7,6,"0.000000,0.111111,0.222222,0.333333,0.444444,0.555556,0.666667,0.777778,0.888889,1.000000","0.400931,0.585207,0.465471,0.632187,0.620738,0.176732,0.657935,0.619342,0.393358,0.448098"
201,stim_0201.png,stim_0201.png,-0.0437,-0.032195,0.021276,10,0.15,1,Trend_Down,Small,11,0,2,3,"0.000000,0.111111,0.222222,0.333333,0.444444,0.555556,0.666667,0.777778,0.888889,1.000000","0.733916,0.468272,0.323624,0.584912,0.380906,0.526524,0.518676,0.387805,0.326598,0.748768"
202,stim_0202.png,stim_0202.png,-0.0437,-0.059353,0.034236,10,0.15,2,Trend_Down,Small,11,0,13,17,"0.000000,0.111111,0.222222,0.333333,0.444444,0.555556,0.666667,0.777778,0.888889,1.000000","0.562364,0.429461,0.476130,0.641287,0.395699,0.346592,0.746263,0.807547,0.147729,0.446929"
203,stim_0203.png,stim_0203.png,-0.0437,-0.035212,0.016063,10,0.15,3,Trend_Down,Small,11,0,12,20,"0.000000,0.111111,0.222222,0.333333,0.444444,0.555556,0.666667,0.777778,0.888889,1.000000","0.661177,0.413631,0.357522,0.536225,0.557127,0.566188,0.624088,0.265219,0.390043,0.628780"
204,stim_0204.png,stim_0204.png,-0.0437,-0.031453,0.015473,10,0.15,4,Trend_Down,Small,11,0,9,12,"0.000000,0.111111,0.222222,0.333333,0.444444,0.555556,0.666667,0.777778,0.888889,1.000000","0.429418,0.603733,0.648888,0.583485,0.269386,0.445723,0.388630,0.675069,0.404714,0.550953"
205,stim_0205.png,stim_0205.png,-0.0437,-0.048871,0.024382,10,0.15,5,Trend_Down,Small,11,0,1,1,"0.000000,0.111111,0.222222,0.333333,0.444444,0.555556,0.666667,0.777778,0.888889,1.000000","0.438943,0.698897,0.716282,0.217701,0.526820,0.269319,0.620371,0.541460,0.430733,0.539474"
206,stim_0206.png,stim_0206.png,-0.0437,-0.031431,0.016354,10,0.15,6,Trend_Down,Small,11,0,0,0,"0.000000,0.111111,0.222222,0.333333,0.444444,0.555556,0.666667,0.777778,0.888889,1.000000","0.637285,0.463245,0.377608,0.447956,0.384685,0.706494,0.486431,0.593115,0.620671,0.282510"
207,stim_0207.png,stim_0207.png,-0.0437,-0.032012,0.033773,10,0.15,7,Trend_Down,Small,11,0,0,1,"0.000000,0.111111,0.222222,0.333333,0.444444,0.555556,0.666667,0.777778,0.888889,1.000000","0.326777,0.617361,0.568731,0.372161,0.674810,0.838218,0.388683,0.168249,0.470001,0.575009"
208,stim_0208.png,stim_0208.png,-0.0437,-0.04028,0.015632,12,0.15,0,Trend_Down,Small,11,0,0,4,"0.000000,0.090909,0.181818,0.272727,0.363636,0.454545,0.545455,0.636364,0.727273,0.818182,0.909091,1.000000","0.278632,0.532134,0.616133,0.606961,0.666767,0.326888,0.549404,0.520055,0.597611,0.576534,0.334632,0.394249"
209,stim_0209.png,stim_0209.png,-0.0437,-0.045809,0.022353,12,0.15,1,Trend_Down,Small,11,0,0,3,"0.000000,0.090909,0.181818,0.272727,0.363636,0.454545,0.545455,0.636364,0.727273,0.818182,0.909091,1.000000","0.350616,0.750202,0.633492,0.393352,0.244814,0.548227,0.484809,0.759907,0.503614,0.445671,0.519571,0.365726"
210,stim_0210.png,stim_0210.png,-0.0437,-0.031648,0.016688,12,0.15,2,Trend_Down,Small,11,0,2,1,"0.000000,0.090909,0.181818,0.272727,0.363636,0.454545,0.545455,0.636364,0.727273,0.818182,0.909091,1.000000","0.649666,0.424046,0.601303,0.501606,0.598174,0.410835,0.317107,0.316781,0.428373,0.521356,0.767347,0.463407"
211,stim_0211.png,stim_0211.png,-0.0437,-0.060486,0.011907,12,0.15,3,Trend_Down,Small,11,0,3,1,"0.000000,0.090909,0.181818,0.272727,0.363636,0.454545,0.545455,0.636364,0.727273,0.818182,0.909091,1.000000","0.541763,0.640522,0.470471,0.370932,0.585377,0.362893,0.568629,0.415418,0.515899,0.715083,0.462335,0.350678"
212,stim_0212.png,stim_0212.png,-0.0437,-0.060412,0.029939,12,0.15,4,Trend_Down,Small,11,0,10,5,"0.000000,0.090909,0.181818,0.272727,0.363636,0.454545,0.545455,0.636364,0.727273,0.818182,0.909091,1.000000","0.661174,0.397031,0.643219,0.662638,0.425492,0.586153,0.224900,0.422249,0.351817,0.320680,0.446389,0.858258"
213,stim_0213.png,stim_0213.png,-0.0437,-0.037604,0.022449,12,0.15,5,Trend_Down,Small,11,0,0,2,"0.000000,0.090909,0.181818,0.272727,0.363636,0.454545,0.545455,0.636364,0.727273,0.818182,0.909091,1.000000","0.598924,0.811247,0.376839,0.170879,0.604283,0.484225,0.398517,0.533574,0.406507,0.482586,0.582735,0.549683"
214,stim_0214.png,stim_0214.png,-0.0437,-0.059338,0.02963,12,0.15,6,Trend_Down,Small,11,0,3,3,"0.000000,0.090909,0.181818,0.272727,0.363636,0.454545,0.545455,0.636364,0.727273,0.818182,0.909091,1.000000","0.660006,0.687908,0.566031,0.230173,0.262553,0.786630,0.302285,0.483196,0.476418,0.399384,0.466691,0.678724"
215,stim_0215.png,stim_0215.png,-0.0437,-0.04086,0.013657,12,0.15,7,Trend_Down,Small,11,0,1,2,"0.000000,0.090909,0.181818,0.272727,0.363636,0.454545,0.545455,0.636364,0.727273,0.818182,0.909091,1.000000","0.586835,0.618973,0.532918,0.374911,0.474374,0.570555,0.462091,0.443798,0.196413,0.570948,0.529989,0.638196"
216,stim_0216.png,stim_0216.png,-0.0437,-0.036716,0.019895,14,0.15,0,Trend_Down,Small,11,0,4,7,"0.000000,0.076923,0.153846,0.230769,0.307692,0.384615,0.461538,0.538462,0.615385,0.692308,0.769231,0.846154,0.923077,1.000000","0.687055,0.366633,0.647665,0.492140,0.344993,0.577017,0.547248,0.236422,0.477294,0.722142,0.372458,0.376223,0.650292,0.502417"
217,stim_0217.png,stim_0217.png,-0.0437,-0.046068,0.018324,14,0.15,1,Trend_Down,Small,11,0,18,27,"0.000000,0.076923,0.153846,0.230769,0.307692,0.384615,0.461538,0.538462,0.615385,0.692308,0.769231,0.846154,0.923077,1.000000","0.588722,0.536531,0.566753,0.482695,0.582122,0.459107,0.244127,0.666775,0.459596,0.385340,0.558582,0.324722,0.367164,0.777764"
218,stim_0218.png,stim_0218.png,-0.0437,-0.048546,0.019467,14,0.15,2,Trend_Down,Small,11,0,5,17,"0.000000,0.076923,0.153846,0.230769,0.307692,0.384615,0.461538,0.538462,0.615385,0.692308,0.769231,0.846154,0.923077,1.000000","0.357558,0.534903,0.630283,0.282870,0.708786,0.612682,0.665453,0.513045,0.518501,0.342735,0.255695,0.616048,0.541054,0.420387"
219,stim_0219.png,stim_0219.png,-0.0437,-0.05729,0.018307,14,0.15,3,Trend_Down,Small,11,0,4,3,"0.000000,0.076923,0.153846,0.230769,0.307692,0.384615,0.461538,0.538462,0.615385,0.692308,0.769231,0.846154,0.923077,1.000000","0.586594,0.314456,0.487087,0.527455,0.731119,0.531501,0.596805,0.463361,0.263807,0.731403,0.299313,0.518483,0.501436,0.447179"
220,stim_0220.png,stim_0220.png,-0.0437,-0.059344,0.028223,14,0.15,4,Trend_Down,Small,11,0,0,0,"0.000000,0.076923,0.153846,0.230769,0.307692,0.384615,0.461538,0.538462,0.615385,0.692308,0.769231,0.846154,0.923077,1.000000","0.511368,0.695662,0.488084,0.586057,0.357421,0.716729,0.148271,0.421578,0.314995,0.587439,0.627967,0.733859,0.518982,0.291590"
221,stim_0221.png,stim_0221.png,-0.0437,-0.036223,0.019006,14,0.15,5,Trend_Down,Small,11,0,6,4,"0.000000,0.076923,0.153846,0.230769,0.307692,0.384615,0.461538,0.538462,0.615385,0.692308,0.769231,0.846154,0.923077,1.000000","0.508565,0.471771,0.498497,0.618898,0.818081,0.361402,0.455922,0.384332,0.210693,0.601993,0.404869,0.596704,0.568008,0.500264"
222,stim_0222.png,stim_0222.png,-0.0437,-0.038754,0.019342,14,0.15,6,Trend_Down,Small,11,0,6,2,"0.000000,0.076923,0.153846,0.230769,0.307692,0.384615,0.461538,0.538462,0.615385,0.692308,0.769231,0.846154,0.923077,1.000000","0.656891,0.554267,0.471059,0.602676,0.571195,0.339539,0.200180,0.378360,0.533481,0.634195,0.500189,0.399175,0.747422,0.411373"
223,stim_0223.png,stim_0223.png,-0.0437,-0.027205,0.027125,14,0.15,7,Trend_Down,Small,11,0,1,1,"0.000000,0.076923,0.153846,0.230769,0.307692,0.384615,0.461538,0.538462,0.615385,0.692308,0.769231,0.846154,0.923077,1.000000","0.119817,0.659535,0.479606,0.712415,0.641242,0.526537,0.640688,0.594269,0.246959,0.511779,0.437623,0.412812,0.649927,0.366792"
224,stim_0224.png,stim_0224.png,-0.0437,-0.027632,0.010812,16,0.15,0,Trend_Down,Big,11,0,0,4,"0.000000,0.066667,0.133333,0.200000,0.266667,0.333333,0.400000,0.466667,0.533333,0.600000,0.666667,0.733333,0.800000,0.866667,0.933333,1.000000","0.576633,0.598954,0.467413,0.380633,0.361709,0.761084,0.401148,0.420995,0.580940,0.513018,0.582446,0.401338,0.453511,0.402011,0.552756,0.545410"
225,stim_0225.png,stim_0225.png,-0.0437,-0.026676,0.027769,16,0.15,1,Trend_Down,Big,11,0,3,1,"0.000000,0.066667,0.133333,0.200000,0.266667,0.333333,0.400000,0.466667,0.533333,0.600000,0.666667,0.733333,0.800000,0.866667,0.933333,1.000000","0.377819,0.142396,0.667306,0.668204,0.872668,0.583882,0.585817,0.309274,0.385963,0.613776,0.418589,0.429921,0.498180,0.496959,0.380199,0.569047"
226,stim_0226.png,stim_0226.png,-0.0437,-0.026441,0.019861,16,0.15,2,Trend_Down,Big,11,0,4,3,"0.000000,0.066667,0.133333,0.200000,0.266667,0.333333,0.400000,0.466667,0.533333,0.600000,0.666667,0.733333,0.800000,0.866667,0.933333,1.000000","0.470301,0.522446,0.777253,0.484283,0.488819,0.404716,0.368841,0.607030,0.393432,0.238275,0.713885,0.623769,0.373597,0.349538,0.646859,0.536955"
227,stim_0227.png,stim_0227.png,-0.0437,-0.038753,0.027347,16,0.15,3,Trend_Down,Big,11,0,6,9,"0.000000,0.066667,0.133333,0.200000,0.266667,0.333333,0.400000,0.466667,0.533333,0.600000,0.666667,0.733333,0.800000,0.866667,0.933333,1.000000","0.709864,0.451130,0.529252,0.350579,0.437781,0.349258,0.770499,0.440287,0.401355,0.337189,0.830759,0.566278,0.629783,0.333943,0.253664,0.608378"
228,stim_0228.png,stim_0228.png,-0.0437,-0.055444,0.031393,16,0.15,4,Trend_Down,Big,11,0,3,2,"0.000000,0.066667,0.133333,0.200000,0.266667,0.333333,0.400000,0.466667,0.533333,0.600000,0.666667,0.733333,0.800000,0.866667,0.933333,1.000000","0.329020,0.818250,0.499719,0.422545,0.419974,0.545944,0.563353,0.500958,0.411785,0.679002,0.778034,0.425399,0.263289,0.243715,0.316500,0.782514"
229,stim_0229.png,stim_0229.png,-0.0437,-0.026454,0.026591,16,0.15,5,Trend_Down,Big,11,0,1,6,"0.000000,0.066667,0.133333,0.200000,0.266667,0.333333,0.400000,0.466667,0.533333,0.600000,0.666667,0.733333,0.800000,0.866667,0.933333,1.000000","0.587700,0.400357,0.596560,0.315805,0.173922,0.520929,0.840261,0.509325,0.682915,0.613080,0.585098,0.468759,0.377225,0.427847,0.628008,0.272207"
230,stim_0230.png,stim_0230.png,-0.0437,-0.046957,0.020564,16,0.15,6,Trend_Down,Big,11,0,0,3,"0.000000,0.066667,0.133333,0.200000,0.266667,0.333333,0.400000,0.466667,0.533333,0.600000,0.666667,0.733333,0.800000,0.866667,0.933333,1.000000","0.405725,0.542404,0.719388,0.330306,0.441506,0.641085,0.624312,0.291497,0.726916,0.255791,0.678974,0.549379,0.449993,0.446273,0.392836,0.503615"
231,stim_0231.png,stim_0231.png,-0.0437,-0.031292,0.027047,16,0.15,7,Trend_Down,Big,11,0,2,6,"0.000000,0.066667,0.133333,0.200000,0.266667,0.333333,0.400000,0.466667,0.533333,0.600000,0.666667,0.733333,0.800000,0.866667,0.933333,1.000000","0.510740,0.642873,0.344111,0.714594,0.494172,0.654200,0.466558,0.448386,0.285198,0.496787,0.358241,0.638048,0.255994,0.335256,0.476396,0.878446"
232,stim_0232.png,stim_0232.png,-0.0437,-0.046019,0.014399,18,0.15,0,Trend_Down,Big,11,0,0,1,"0.000000,0.058824,0.117647,0.176471,0.235294,0.294118,0.352941,0.411765,0.470588,0.529412,0.588235,0.647059,0.705882,0.764706,0.823529,0.882353,0.941176,1.000000","0.573928,0.462685,0.305674,0.546884,0.601705,0.499346,0.461574,0.540651,0.539110,0.499222,0.581085,0.520192,0.589198,0.551193,0.340587,0.778317,0.348504,0.260145"
233,stim_0233.png,stim_0233.png,-0.0437,-0.029816,0.023065,18,0.15,1,Trend_Down,Big,11,0,1,3,"0.000000,0.058824,0.117647,0.176471,0.235294,0.294118,0.352941,0.411765,0.470588,0.529412,0.588235,0.647059,0.705882,0.764706,0.823529,0.882353,0.941176,1.000000","0.431603,0.669709,0.608899,0.370242,0.327702,0.524669,0.488682,0.694236,0.419073,0.624015,0.395558,0.485884,0.393635,0.423204,0.590318,0.852654,0.521052,0.178866"
234,stim_0234.png,stim_0234.png,-0.0437,-0.041419,0.02646,18,0.15,2,Trend_Down,Big,11,0,1,3,"0.000000,0.058824,0.117647,0.176471,0.235294,0.294118,0.352941,0.411765,0.470588,0.529412,0.588235,0.647059,0.705882,0.764706,0.823529,0.882353,0.941176,1.000000","0.826941,0.337137,0.372067,0.644010,0.420633,0.296429,0.494783,0.539783,0.477488,0.518634,0.531347,0.402026,0.892324,0.362984,0.699157,0.371461,0.433293,0.379504"
235,stim_0235.png,stim_0235.png,-0.0437,-0.055331,0.017543,18,0.15,3,Trend_Down,Big,11,0,2,1,"0.000000,0.058824,0.117647,0.176471,0.235294,0.294118,0.352941,0.411765,0.470588,0.529412,0.588235,0.647059,0.705882,0.764706,0.823529,0.882353,0.941176,1.000000","0.379586,0.593502,0.489373,0.346484,0.607961,0.721075,0.501551,0.776221,0.352269,0.473266,0.446604,0.595031,0.309375,0.627932,0.284114,0.498597,0.539824,0.457236"
236,stim_0236.png,stim_0236.png,-0.0437,-0.047455,0.020986,18,0.15,4,Trend_Down,Big,11,0,3,9,"0.000000,0.058824,0.117647,0.176471,0.235294,0.294118,0.352941,0.411765,0.470588,0.529412,0.588235,0.647059,0.705882,0.764706,0.823529,0.882353,0.941176,1.000000","0.535731,0.767465,0.414906,0.411051,0.647152,0.474930,0.617245,0.333874,0.678227,0.117798,0.393536,0.555703,0.408304,0.422324,0.619149,0.514158,0.494724,0.593721"
237,stim_0237.png,stim_0237.png,-0.0437,-0.049897,0.028754,18,0.15,5,Trend_Down,Big,11,0,1,4,"0.000000,0.058824,0.117647,0.176471,0.235294,0.294118,0.352941,0.411765,0.470588,0.529412,0.588235,0.647059,0.705882,0.764706,0.823529,0.882353,0.941176,1.000000","0.736385,0.643255,0.233006,0.093371,0.526817,0.597641,0.712626,0.473016,0.729064,0.399540,0.623632,0.488984,0.516685,0.449747,0.421737,0.269330,0.476311,0.608855"
238,stim_0238.png,stim_0238.png,-0.0437,-0.047823,0.010655,18,0.15,6,Trend_Down,Big,11,0,2,0,"0.000000,0.058824,0.117647,0.176471,0.235294,0.294118,0.352941,0.411765,0.470588,0.529412,0.588235,0.647059,0.705882,0.764706,0.823529,0.882353,0.941176,1.000000","0.538199,0.434150,0.418661,0.629519,0.328385,0.677408,0.638866,0.565350,0.415007,0.685129,0.423103,0.485449,0.372547,0.381817,0.525497,0.539149,0.459739,0.482023"
239,stim_0239.png,stim_0239.png,-0.0437,-0.047744,0.024278,18,0.15,7,Trend_Down,Big,11,0,11,20,"0.000000,0.058824,0.117647,0.176471,0.235294,0.294118,0.352941,0.411765,0.470588,0.529412,0.588235,0.647059,0.705882,0.764706,0.823529,0.882353,0.941176,1.000000","0.636012,0.366213,0.473350,0.356591,0.170545,0.786441,0.479729,0.763308,0.663816,0.475528,0.512731,0.586401,0.588957,0.555684,0.429441,0.330046,0.530078,0.295130"
240,stim_0240.png,stim_0240.png,-0.0437,-0.033669,0.018302,20,0.15,0,Trend_Down,Big,11,0,4,7,"0.000000,0.052632,0.105263,0.157895,0.210526,0.263158,0.315789,0.368421,0.421053,0.473684,0.526316,0.578947,0.631579,0.684211,0.736842,0.789474,0.842105,0.894737,0.947368,1.000000","0.680901,0.579588,0.411823,0.525527,0.459989,0.674542,0.427853,0.473255,0.150999,0.555453,0.491115,0.533060,0.449748,0.642229,0.346878,0.698648,0.395144,0.301250,0.596144,0.605852"
241,stim_0241.png,stim_0241.png,-0.0437,-0.048392,0.031468,20,0.15,1,Trend_Down,Big,11,0,0,0,"0.000000,0.052632,0.105263,0.157895,0.210526,0.263158,0.315789,0.368421,0.421053,0.473684,0.526316,0.578947,0.631579,0.684211,0.736842,0.789474,0.842105,0.894737,0.947368,1.000000","0.636826,0.702545,0.473760,0.286843,0.640123,0.412468,0.508892,0.595695,0.723960,0.055789,0.513873,0.721406,0.196537,0.334377,0.564434,0.451441,0.640902,0.461888,0.390498,0.687744"
242,stim_0242.png,stim_0242.png,-0.0437,-0.053766,0.016522,20,0.15,2,Trend_Down,Big,11,0,8,8,"0.000000,0.052632,0.105263,0.157895,0.210526,0.263158,0.315789,0.368421,0.421053,0.473684,0.526316,0.578947,0.631579,0.684211,0.736842,0.789474,0.842105,0.894737,0.947368,1.000000","0.392177,0.581410,0.660721,0.495507,0.392729,0.559247,0.378545,0.490004,0.500600,0.524902,0.810627,0.392437,0.470007,0.595198,0.581075,0.371059,0.411360,0.690783,0.225936,0.475676"
243,stim_0243.png,stim_0243.png,-0.0437,-0.054733,0.016712,20,0.15,3,Trend_Down,Big,11,0,4,3,"0.000000,0.052632,0.105263,0.157895,0.210526,0.263158,0.315789,0.368421,0.421053,0.473684,0.526316,0.578947,0.631579,0.684211,0.736842,0.789474,0.842105,0.894737,0.947368,1.000000","0.777554,0.512168,0.475177,0.473153,0.322322,0.673573,0.664677,0.269775,0.363139,0.539548,0.573263,0.285040,0.376359,0.525139,0.657918,0.518880,0.562503,0.499431,0.465141,0.465238"
244,stim_0244.png,stim_0244.png,-0.0437,-0.041541,0.026502,20,0.15,4,Trend_Down,Big,11,0,1,4,"0.000000,0.052632,0.105263,0.157895,0.210526,0.263158,0.315789,0.368421,0.421053,0.473684,0.526316,0.578947,0.631579,0.684211,0.736842,0.789474,0.842105,0.894737,0.947368,1.000000","0.818443,0.420486,0.460981,0.655484,0.327457,0.497587,0.367978,0.532310,0.554791,0.246934,0.342420,0.597795,0.642992,0.408856,0.823928,0.494511,0.409343,0.264976,0.714903,0.417822"
245,stim_0245.png,stim_0245.png,-0.0437,-0.04281,0.022822,20,0.15,5,Trend_Down,Big,11,0,0,0,"0.000000,0.052632,0.105263,0.157895,0.210526,0.263158,0.315789,0.368421,0.421053,0.473684,0.526316,0.578947,0.631579,0.684211,0.736842,0.789474,0.842105,0.894737,0.947368,1.000000","0.836013,0.388927,0.505059,0.342275,0.401072,0.460746,0.439387,0.481848,0.724919,0.485590,0.478371,0.489352,0.462039,0.717651,0.564126,0.261834,0.550095,0.361028,0.759625,0.290043"
246,stim_0246.png,stim_0246.png,-0.0437,-0.055746,0.020285,20,0.15,6,Trend_Down,Big,11,0,1,7,"0.000000,0.052632,0.105263,0.157895,0.210526,0.263158,0.315789,0.368421,0.421053,0.473684,0.526316,0.578947,0.631579,0.684211,0.736842,0.789474,0.842105,0.894737,0.947368,1.000000","0.419200,0.542470,0.574577,0.441070,0.461103,0.608702,0.424187,0.685843,0.523042,0.547981,0.725305,0.432744,0.327360,0.485081,0.694033,0.061971,0.583479,0.386775,0.546974,0.528103"
247,stim_0247.png,stim_0247.png,-0.0437,-0.037128,0.019848,20,0.15,7,Trend_Down,Big,11,0,0,0,"0.000000,0.052632,0.105263,0.157895,0.210526,0.263158,0.315789,0.368421,0.421053,0.473684,0.526316,0.578947,0.631579,0.684211,0.736842,0.789474,0.842105,0.894737,0.947368,1.000000","0.386110,0.452557,0.478952,0.454215,0.447416,0.374587,0.745841,0.684683,0.402336,0.812982,0.496390,0.513320,0.676364,0.327256,0.497895,0.650627,0.468056,0.487025,0.242297,0.401092"
248,stim_0248.png,stim_0248.png,-0.0437,-0.034975,0.011962,22,0.15,0,Trend_Down,Big,11,0,0,1,"0.000000,0.047619,0.095238,0.142857,0.190476,0.238095,0.285714,0.333333,0.380952,0.428571,0.476190,0.523810,0.571429,0.619048,0.666667,0.714286,0.761905,0.809524,0.857143,0.904762,0.952381,1.000000","0.643098,0.496283,0.371450,0.629917,0.433353,0.257677,0.459873,0.711901,0.546619,0.452630,0.552220,0.366027,0.625664,0.537051,0.554344,0.544568,0.473955,0.568206,0.427019,0.476860,0.568626,0.302660"
249,stim_0249.png,stim_0249.png,-0.0437,-0.051252,0.03173,22,0.15,1,Trend_Down,Big,11,0,2,2,"0.000000,0.047619,0.095238,0.142857,0.190476,0.238095,0.285714,0.333333,0.380952,0.428571,0.476190,0.523810,0.571429,0.619048,0.666667,0.714286,0.761905,0.809524,0.857143,0.904762,0.952381,1.000000","0.260985,0.682402,0.402482,0.707273,0.449349,0.560829,0.604189,0.419410,0.552997,0.750209,0.687867,0.248313,0.338716,0.810063,0.499811,0.352289,0.373645,0.165086,0.357491,0.431018,0.761980,0.583594"
250,stim_0250.png,stim_0250.png,-0.0437,-0.046374,0.016209,22,0.15,2,Trend_Down,Big,11,0,0,0,"0.000000,0.047619,0.095238,0.142857,0.190476,0.238095,0.285714,0.333333,0.380952,0.428571,0.476190,0.523810,0.571429,0.619048,0.666667,0.714286,0.761905,0.809524,0.857143,0.904762,0.952381,1.000000","0.412430,0.563729,0.299502,0.549068,0.640573,0.589291,0.513502,0.571502,0.484572,0.448416,0.571178,0.488500,0.285171,0.620092,0.414596,0.843969,0.593724,0.453129,0.577284,0.378565,0.312324,0.388882"
251,stim_0251.png,stim_0251.png,-0.0437,-0.037654,0.019569,22,0.15,3,Trend_Down,Big,11,0,1,0,"0.000000,0.047619,0.095238,0.142857,0.190476,0.238095,0.285714,0.333333,0.380952,0.428571,0.476190,0.523810,0.571429,0.619048,0.666667,0.714286,0.761905,0.809524,0.857143,0.904762,0.952381,1.000000","0.706773,0.286000,0.293412,0.466611,0.636104,0.543347,0.742194,0.452166,0.433060,0.482728,0.611531,0.454573,0.682045,0.305337,0.601181,0.523850,0.391746,0.427100,0.551326,0.472523,0.687397,0.248995"
252,stim_0252.png,stim_0252.png,-0.0437,-0.0574,0.027533,22,0.15,4,Trend_Down,Big,11,0,2,3,"0.000000,0.047619,0.095238,0.142857,0.190476,0.238095,0.285714,0.333333,0.380952,0.428571,0.476190,0.523810,0.571429,0.619048,0.666667,0.714286,0.761905,0.809524,0.857143,0.904762,0.952381,1.000000","0.865408,0.714344,0.483234,0.141129,0.659893,0.573398,0.409719,0.237781,0.704423,0.271825,0.394299,0.564071,0.261355,0.544676,0.610549,0.484332,0.534942,0.510030,0.422009,0.507885,0.587408,0.517288"
253,stim_0253.png,stim_0253.png,-0.0437,-0.056483,0.010761,22,0.15,5,Trend_Down,Big,11,0,1,0,"0.000000,0.047619,0.095238,0.142857,0.190476,0.238095,0.285714,0.333333,0.380952,0.428571,0.476190,0.523810,0.571429,0.619048,0.666667,0.714286,0.761905,0.809524,0.857143,0.904762,0.952381,1.000000","0.559364,0.433497,0.568647,0.482339,0.744637,0.538829,0.519501,0.411390,0.434715,0.422740,0.538910,0.581319,0.406126,0.398068,0.605726,0.305537,0.624079,0.528914,0.484034,0.305246,0.469654,0.636728"
254,stim_0254.png,stim_0254.png,-0.0437,-0.032319,0.020512,22,0.15,6,Trend_Down,Big,11,0,4,5,"0.000000,0.047619,0.095238,0.142857,0.190476,0.238095,0.285714,0.333333,0.380952,0.428571,0.476190,0.523810,0.571429,0.619048,0.666667,0.714286,0.761905,0.809524,0.857143,0.904762,0.952381,1.000000","0.522030,0.841118,0.343557,0.571346,0.559937,0.233233,0.520626,0.401562,0.382073,0.666951,0.456434,0.451035,0.709324,0.520086,0.541582,0.325696,0.414375,0.347884,0.426739,0.730523,0.588062,0.445827"
255,stim_0255.png,stim_0255.png,-0.0437,-0.056968,0.016985,22,0.15,7,Trend_Down,Big,11,0,1,2,"0.000000,0.047619,0.095238,0.142857,0.190476,0.238095,0.285714,0.333333,0.380952,0.428571,0.476190,0.523810,0.571429,0.619048,0.666667,0.714286,0.761905,0.809524,0.857143,0.904762,0.952381,1.000000","0.630643,0.530539,0.345702,0.396263,0.637028,0.447896,0.675045,0.480061,0.660376,0.673990,0.368446,0.637263,0.170040,0.336111,0.508714,0.555148,0.455728,0.447053,0.658346,0.381881,0.489402,0.514326"
256,stim_0256.png,stim_0256.png,0.0437,0.034484,0.023591,8,0.15,0,Trend_Up,Small,11,0,1,6,"0.000000,0.142857,0.285714,0.428571,0.571429,0.714286,0.857143,1.000000","0.415283,0.316742,0.653918,0.457032,0.647498,0.687845,0.569756,0.251925"
257,stim_0257.png,stim_0257.png,0.0437,0.032346,0.014486,8,0.15,1,Trend_Up,Small,11,0,4,6,"0.000000,0.142857,0.285714,0.428571,0.571429,0.714286,0.857143,1.000000","0.362207,0.424053,0.706782,0.642948,0.460911,0.426860,0.384002,0.592237"
258,stim_0258.png,stim_0258.png,0.0437,0.058185,0.012304,8,0.15,2,Trend_Up,Small,11,0,9,16,"0.000000,0.142857,0.285714,0.428571,0.571429,0.714286,0.857143,1.000000","0.500271,0.596264,0.500057,0.432309,0.249851,0.502384,0.587562,0.631301"
259,stim_0259.png,stim_0259.png,0.0437,0.050089,0.014292,8,0.15,3,Trend_Up,Small,11,0,4,2,"0.000000,0.142857,0.285714,0.428571,0.571429,0.714286,0.857143,1.000000","0.592577,0.279395,0.434581,0.504639,0.613428,0.632335,0.578641,0.364404"
260,stim_0260.png,stim_0260.png,0.0437,0.056516,0.013758,8,0.15,4,Trend_Up,Small,11,0,1,0,"0.000000,0.142857,0.285714,0.428571,0.571429,0.714286,0.857143,1.000000","0.424812,0.380351,0.549164,0.509061,0.771110,0.388024,0.533670,0.443808"
261,stim_0261.png,stim_0261.png,0.0437,0.03276,0.020546,8,0.15,5,Trend_Up,Small,11,0,27,37,"0.000000,0.142857,0.285714,0.428571,0.571429,0.714286,0.857143,1.000000","0.490510,0.387727,0.507050,0.656306,0.647893,0.186205,0.566950,0.557359"
262,stim_0262.png,stim_0262.png,0.0437,0.05902,0.019519,8,0.15,6,Trend_Up,Small,11,0,6,13,"0.000000,0.142857,0.285714,0.428571,0.571429,0.714286,0.857143,1.000000","0.410479,0.484870,0.551276,0.547284,0.458978,0.667275,0.206314,0.673526"
263,stim_0263.png,stim_0263.png,0.0437,0.029054,0.015494,8,0.15,7,Trend_Up,Small,11,0,2,1,"0.000000,0.142857,0.285714,0.428571,0.571429,0.714286,0.857143,1.000000","0.408297,0.640053,0.356308,0.435832,0.596368,0.716819,0.379668,0.466654"
264,stim_0264.png,stim_0264.png,0.0437,0.039411,0.019098,10,0.15,0,Trend_Up,Small,11,0,0,0,"0.000000,0.111111,0.222222,0.333333,0.444444,0.555556,0.666667,0.777778,0.888889,1.000000","0.543478,0.662021,0.543165,0.157495,0.426720,0.561235,0.483778,0.422296,0.529669,0.670143"
265,stim_0265.png,stim_0265.png,0.0437,0.056541,0.021224,10,0.15,1,Trend_Up,Small,11,0,0,0,"0.000000,0.111111,0.222222,0.333333,0.444444,0.555556,0.666667,0.777778,0.888889,1.000000","0.388955,0.694285,0.353224,0.403764,0.597928,0.499200,0.511141,0.640638,0.230543,0.680321"
266,stim_0266.png,stim_0266.png,0.0437,0.028155,0.014597,10,0.15,2,Trend_Up,Small,11,0,1,0,"0.000000,0.111111,0.222222,0.333333,0.444444,0.555556,0.666667,0.777778,0.888889,1.000000","0.595355,0.507244,0.349293,0.443525,0.379107,0.547897,0.626660,0.715726,0.321003,0.514190"
267,stim_0267.png,stim_0267.png,0.0437,0.056704,0.010464,10,0.15,3,Trend_Up,Small,11,0,11,20,"0.000000,0.111111,0.222222,0.333333,0.444444,0.555556,0.666667,0.777778,0.888889,1.000000","0.699811,0.404532,0.343904,0.368564,0.452413,0.561939,0.585148,0.531630,0.498423,0.553636"
268,stim_0268.png,stim_0268.png,0.0437,0.053375,0.031232,10,0.15,4,Trend_Up,Small,11,0,2,11,"0.000000,0.111111,0.222222,0.333333,0.444444,0.555556,0.666667,0.777778,0.888889,1.000000","0.660054,0.317632,0.353432,0.614399,0.390781,0.601450,0.415282,0.779557,0.204102,0.663310"
269,stim_0269.png,stim_0269.png,0.0437,0.03586,0.01916,10,0.15,5,Trend_Up,Small,11,0,2,7,"0.000000,0.111111,0.222222,0.333333,0.444444,0.555556,0.666667,0.777778,0.888889,1.000000","0.524541,0.513659,0.432918,0.297454,0.640362,0.359858,0.796038,0.561291,0.374063,0.499817"
270,stim_0270.png,stim_0270.png,0.0437,0.042422,0.011845,10,0.15,6,Trend_Up,Small,11,0,8,8,"0.000000,0.111111,0.222222,0.333333,0.444444,0.555556,0.666667,0.777778,0.888889,1.000000","0.540952,0.377132,0.656897,0.479224,0.327425,0.548340,0.511200,0.505315,0.377165,0.676349"
271,stim_0271.png,stim_0271.png,0.0437,0.047795,0.027505,10,0.15,7,Trend_Up,Small,11,0,5,0,"0.000000,0.111111,0.222222,0.333333,0.444444,0.555556,0.666667,0.777778,0.888889,1.000000","0.582625,0.439036,0.574741,0.488391,0.460666,0.541397,0.115287,0.557149,0.423360,0.817348"
272,stim_0272.png,stim_0272.png,0.0437,0.057414,0.028208,12,0.15,0,Trend_Up,Small,11,0,3,2,"0.000000,0.090909,0.181818,0.272727,0.363636,0.454545,0.545455,0.636364,0.727273,0.818182,0.909091,1.000000","0.220775,0.579718,0.421348,0.404846,0.504982,0.782259,0.528151,0.594485,0.732397,0.633841,0.285020,0.312179"
273,stim_0273.png,stim_0273.png,0.0437,0.027082,0.02024,12,0.15,1,Trend_Up,Small,11,0,6,4,"0.000000,0.090909,0.181818,0.272727,0.363636,0.454545,0.545455,0.636364,0.727273,0.818182,0.909091,1.000000","0.473277,0.502020,0.474209,0.215895,0.756344,0.545793,0.521601,0.489671,0.733804,0.355694,0.377986,0.553707"
274,stim_0274.png,stim_0274.png,0.0437,0.043876,0.015648,12,0.15,2,Trend_Up,Small,11,0,6,10,"0.000000,0.090909,0.181818,0.272727,0.363636,0.454545,0.545455,0.636364,0.727273,0.818182,0.909091,1.000000","0.477564,0.618002,0.690631,0.283451,0.341149,0.548568,0.489320,0.356652,0.418208,0.596562,0.512691,0.667201"
275,stim_0275.png,stim_0275.png,0.0437,0.03041,0.016149,12,0.15,3,Trend_Up,Small,11,0,0,4,"0.000000,0.090909,0.181818,0.272727,0.363636,0.454545,0.545455,0.636364,0.727273,0.818182,0.909091,1.000000","0.247037,0.772051,0.447980,0.552657,0.424447,0.509184,0.509275,0.467016,0.621586,0.394408,0.619429,0.434929"
276,stim_0276.png,stim_0276.png,0.0437,0.026688,0.014161,12,0.15,4,Trend_Up,Small,11,0,0,1,"0.000000,0.090909,0.181818,0.272727,0.363636,0.454545,0.545455,0.636364,0.727273,0.818182,0.909091,1.000000","0.439711,0.546955,0.601161,0.298466,0.423837,0.617627,0.464753,0.641012,0.567180,0.310827,0.664886,0.423586"
277,stim_0277.png,stim_0277.png,0.0437,0.03104,0.018843,12,0.15,5,Trend_Up,Small,11,0,10,7,"0.000000,0.090909,0.181818,0.272727,0.363636,0.454545,0.545455,0.636364,0.727273,0.818182,0.909091,1.000000","0.362200,0.408643,0.732527,0.424512,0.442517,0.518557,0.568145,0.572888,0.750180,0.265391,0.414445,0.539994"
278,stim_0278.png,stim_0278.png,0.0437,0.054653,0.019196,12,0.15,6,Trend_Up,Small,11,0,0,0,"0.000000,0.090909,0.181818,0.272727,0.363636,0.454545,0.545455,0.636364,0.727273,0.818182,0.909091,1.000000","0.400180,0.412253,0.406345,0.484347,0.608375,0.558617,0.594965,0.839110,0.329565,0.351849,0.599147,0.415248"
279,stim_0279.png,stim_0279.png,0.0437,0.053356,0.019899,12,0.15,7,Trend_Up,Small,11,0,1,4,"0.000000,0.090909,0.181818,0.272727,0.363636,0.454545,0.545455,0.636364,0.727273,0.818182,0.909091,1.000000","0.496893,0.432065,0.488360,0.730679,0.265027,0.488261,0.367684,0.768272,0.444582,0.371316,0.506584,0.640276"
280,stim_0280.png,stim_0280.png,0.0437,0.046412,0.017583,14,0.15,0,Trend_Up,Small,11,0,4,5,"0.000000,0.076923,0.153846,0.230769,0.307692,0.384615,0.461538,0.538462,0.615385,0.692308,0.769231,0.846154,0.923077,1.000000","0.710057,0.428421,0.430755,0.286499,0.576422,0.545087,0.363833,0.390550,0.638832,0.612240,0.328331,0.619872,0.406219,0.662880"
281,stim_0281.png,stim_0281.png,0.0437,0.034026,0.012983,14,0.15,1,Trend_Up,Small,11,0,3,4,"0.000000,0.076923,0.153846,0.230769,0.307692,0.384615,0.461538,0.538462,0.615385,0.692308,0.769231,0.846154,0.923077,1.000000","0.447575,0.423255,0.550654,0.356167,0.490449,0.637137,0.557075,0.434231,0.649312,0.561475,0.347149,0.734523,0.369138,0.441860"
282,stim_0282.png,stim_0282.png,0.0437,0.038608,0.01472,14,0.15,2,Trend_Up,Small,11,0,4,6,"0.000000,0.076923,0.153846,0.230769,0.307692,0.384615,0.461538,0.538462,0.615385,0.692308,0.769231,0.846154,0.923077,1.000000","0.616072,0.382497,0.313407,0.610960,0.568598,0.475295,0.653689,0.483232,0.283857,0.398196,0.533146,0.627347,0.407224,0.646480"
283,stim_0283.png,stim_0283.png,0.0437,0.033041,0.030413,14,0.15,3,Trend_Up,Small,11,0,1,2,"0.000000,0.076923,0.153846,0.230769,0.307692,0.384615,0.461538,0.538462,0.615385,0.692308,0.769231,0.846154,0.923077,1.000000","0.309477,0.627351,0.323160,0.430270,0.587840,0.493483,0.569836,0.892565,0.487503,0.582887,0.425865,0.335925,0.211752,0.722089"
284,stim_0284.png,stim_0284.png,0.0437,0.041232,0.013955,14,0.15,4,Trend_Up,Small,11,0,9,11,"0.000000,0.076923,0.153846,0.230769,0.307692,0.384615,0.461538,0.538462,0.615385,0.692308,0.769231,0.846154,0.923077,1.000000","0.574805,0.464909,0.517658,0.288744,0.466410,0.583617,0.426889,0.511629,0.574739,0.408568,0.654158,0.512832,0.724657,0.290385"
285,stim_0285.png,stim_0285.png,0.0437,0.037458,0.01934,14,0.15,5,Trend_Up,Small,11,0,1,0,"0.000000,0.076923,0.153846,0.230769,0.307692,0.384615,0.461538,0.538462,0.615385,0.692308,0.769231,0.846154,0.923077,1.000000","0.268868,0.402137,0.574510,0.665451,0.456389,0.346791,0.720998,0.545672,0.695926,0.559601,0.341324,0.614719,0.375144,0.432469"
286,stim_0286.png,stim_0286.png,0.0437,0.038328,0.011698,14,0.15,6,Trend_Up,Small,11,0,9,5,"0.000000,0.076923,0.153846,0.230769,0.307692,0.384615,0.461538,0.538462,0.615385,0.692308,0.769231,0.846154,0.923077,1.000000","0.489233,0.446370,0.572796,0.466202,0.440571,0.665923,0.541661,0.324604,0.417552,0.563209,0.505747,0.444163,0.372080,0.749889"
287,stim_0287.png,stim_0287.png,0.0437,0.036435,0.013351,14,0.15,7,Trend_Up,Small,11,0,1,1,"0.000000,0.076923,0.153846,0.230769,0.307692,0.384615,0.461538,0.538462,0.615385,0.692308,0.769231,0.846154,0.923077,1.000000","0.361825,0.573064,0.432421,0.708637,0.525002,0.476237,0.408193,0.478319,0.384208,0.519417,0.659537,0.284490,0.630409,0.558240"
288,stim_0288.png,stim_0288.png,0.0437,0.0511,0.01788,16,0.15,0,Trend_Up,Big,11,0,4,4,"0.000000,0.066667,0.133333,0.200000,0.266667,0.333333,0.400000,0.466667,0.533333,0.600000,0.666667,0.733333,0.800000,0.866667,0.933333,1.000000","0.188241,0.537818,0.644307,0.498153,0.670507,0.482649,0.532964,0.578704,0.300326,0.552212,0.540274,0.521870,0.249303,0.509849,0.534436,0.658385"
289,stim_0289.png,stim_0289.png,0.0437,0.03998,0.024241,16,0.15,1,Trend_Up,Big,11,0,9,10,"0.000000,0.066667,0.133333,0.200000,0.266667,0.333333,0.400000,0.466667,0.533333,0.600000,0.666667,0.733333,0.800000,0.866667,0.933333,1.000000","0.417604,0.725221,0.424067,0.216182,0.520800,0.398712,0.804173,0.535011,0.472393,0.244464,0.650281,0.419207,0.634210,0.649407,0.432791,0.455477"
290,stim_0290.png,stim_0290.png,0.0437,0.047012,0.014077,16,0.15,2,Trend_Up,Big,11,0,1,0,"0.000000,0.066667,0.133333,0.200000,0.266667,0.333333,0.400000,0.466667,0.533333,0.600000,0.666667,0.733333,0.800000,0.866667,0.933333,1.000000","0.256848,0.450086,0.511451,0.450902,0.416079,0.501212,0.806072,0.622139,0.644766,0.523294,0.527144,0.386202,0.564048,0.471229,0.431791,0.436737"
291,stim_0291.png,stim_0291.png,0.0437,0.044472,0.020633,16,0.15,3,Trend_Up,Big,11,0,3,9,"0.000000,0.066667,0.133333,0.200000,0.266667,0.333333,0.400000,0.466667,0.533333,0.600000,0.666667,0.733333,0.800000,0.866667,0.933333,1.000000","0.392665,0.460671,0.798687,0.261660,0.388663,0.429306,0.598598,0.636066,0.666116,0.378242,0.550077,0.375169,0.566004,0.294176,0.615807,0.588093"
292,stim_0292.png,stim_0292.png,0.0437,0.032876,0.012564,16,0.15,4,Trend_Up,Big,11,0,0,0,"0.000000,0.066667,0.133333,0.200000,0.266667,0.333333,0.400000,0.466667,0.533333,0.600000,0.666667,0.733333,0.800000,0.866667,0.933333,1.000000","0.492027,0.339939,0.480030,0.408321,0.706422,0.581191,0.395104,0.425769,0.503516,0.687091,0.615126,0.606411,0.334061,0.380386,0.518991,0.525616"
293,stim_0293.png,stim_0293.png,0.0437,0.046238,0.018493,16,0.15,5,Trend_Up,Big,11,0,0,0,"0.000000,0.066667,0.133333,0.200000,0.266667,0.333333,0.400000,0.466667,0.533333,0.600000,0.666667,0.733333,0.800000,0.866667,0.933333,1.000000","0.422805,0.380347,0.431935,0.548425,0.463574,0.572615,0.679030,0.300885,0.676739,0.369769,0.645979,0.691254,0.517415,0.514078,0.213830,0.571319"
294,stim_0294.png,stim_0294.png,0.0437,0.042561,0.017498,16,0.15,6,Trend_Up,Big,11,0,5,5,"0.000000,0.066667,0.133333,0.200000,0.266667,0.333333,0.400000,0.466667,0.533333,0.600000,0.666667,0.733333,0.800000,0.866667,0.933333,1.000000","0.486615,0.511408,0.353741,0.383702,0.604631,0.706330,0.502353,0.435167,0.496061,0.301233,0.528944,0.685813,0.637652,0.220959,0.633883,0.511508"
295,stim_0295.png,stim_0295.png,0.0437,0.039572,0.018244,16,0.15,7,Trend_Up,Big,11,0,1,1,"0.000000,0.066667,0.133333,0.200000,0.266667,0.333333,0.400000,0.466667,0.533333,0.600000,0.666667,0.733333,0.800000,0.866667,0.933333,1.000000","0.321061,0.353406,0.468230,0.460733,0.671104,0.630090,0.421250,0.694724,0.552725,0.530593,0.633389,0.426584,0.604964,0.182082,0.586573,0.462491"
296,stim_0296.png,stim_0296.png,0.0437,0.060591,0.014218,18,0.15,0,Trend_Up,Big,11,0,1,1,"0.000000,0.058824,0.117647,0.176471,0.235294,0.294118,0.352941,0.411765,0.470588,0.529412,0.588235,0.647059,0.705882,0.764706,0.823529,0.882353,0.941176,1.000000","0.635728,0.629776,0.526782,0.449837,0.305966,0.563223,0.352875,0.412352,0.371177,0.379004,0.553884,0.535128,0.342627,0.446148,0.750224,0.545021,0.649506,0.550741"
297,stim_0297.png,stim_0297.png,0.0437,0.034775,0.023265,18,0.15,1,Trend_Up,Big,11,0,11,17,"0.000000,0.058824,0.117647,0.176471,0.235294,0.294118,0.352941,0.411765,0.470588,0.529412,0.588235,0.647059,0.705882,0.764706,0.823529,0.882353,0.941176,1.000000","0.438343,0.512178,0.610721,0.313886,0.577951,0.311110,0.516822,0.347166,0.528905,0.618332,0.555597,0.827564,0.561551,0.463561,0.320074,0.750171,0.219709,0.526361"
298,stim_0298.png,stim_0298.png,0.0437,0.035569,0.011059,18,0.15,2,Trend_Up,Big,11,0,0,0,"0.000000,0.058824,0.117647,0.176471,0.235294,0.294118,0.352941,0.411765,0.470588,0.529412,0.588235,0.647059,0.705882,0.764706,0.823529,0.882353,0.941176,1.000000","0.415615,0.452922,0.458055,0.707568,0.467440,0.394276,0.507483,0.597913,0.339972,0.402033,0.456350,0.670232,0.633731,0.507613,0.535098,0.632951,0.465686,0.355064"
299,stim_0299.png,stim_0299.png,0.0437,0.044729,0.026899,18,0.15,3,Trend_Up,Big,11,0,3,8,"0.000000,0.058824,0.117647,0.176471,0.235294,0.294118,0.352941,0.411765,0.470588,0.529412,0.588235,0.647059,0.705882,0.764706,0.823529,0.882353,0.941176,1.000000","0.547492,0.356880,0.503770,0.412395,0.344252,0.561692,0.387060,0.658742,0.358179,0.605686,0.534915,0.852073,0.831395,0.467729,0.332232,0.244884,0.376735,0.623887"
300,stim_0300.png,stim_0300.png,0.0437,0.044659,0.011722,18,0.15,4,Trend_Up,Big,11,0,10,7,"0.000000,0.058824,0.117647,0.176471,0.235294,0.294118,0.352941,0.411765,0.470588,0.529412,0.588235,0.647059,0.705882,0.764706,0.823529,0.882353,0.941176,1.000000","0.422338,0.379302,0.367177,0.472030,0.760754,0.448690,0.705417,0.370727,0.593563,0.550716,0.554053,0.354700,0.460860,0.457693,0.574306,0.513870,0.481523,0.532280"
301,stim_0301.png,stim_0301.png,0.0437,0.026407,0.030858,18,0.15,5,Trend_Up,Big,11,0,2,1,"0.000000,0.058824,0.117647,0.176471,0.235294,0.294118,0.352941,0.411765,0.470588,0.529412,0.588235,0.647059,0.705882,0.764706,0.823529,0.882353,0.941176,1.000000","0.437636,0.099589,0.498431,0.468208,0.504291,0.578424,0.734111,0.619459,0.765317,0.668793,0.273104,0.741691,0.308466,0.521638,0.378805,0.458779,0.633199,0.310061"
302,stim_0302.png,stim_0302.png,0.0437,0.036221,0.014401,18,0.15,6,Trend_Up,Big,11,0,4,6,"0.000000,0.058824,0.117647,0.176471,0.235294,0.294118,0.352941,0.411765,0.470588,0.529412,0.588235,0.647059,0.705882,0.764706,0.823529,0.882353,0.941176,1.000000","0.389086,0.643982,0.329094,0.505817,0.369420,0.475870,0.711219,0.472056,0.623829,0.618080,0.628769,0.384639,0.288842,0.501617,0.452348,0.460841,0.477064,0.667426"
303,stim_0303.png,stim_0303.png,0.0437,0.052587,0.023251,18,0.15,7,Trend_Up,Big,11,0,1,2,"0.000000,0.058824,0.117647,0.176471,0.235294,0.294118,0.352941,0.411765,0.470588,0.529412,0.588235,0.647059,0.705882,0.764706,0.823529,0.882353,0.941176,1.000000","0.530263,0.302507,0.325090,0.486862,0.659281,0.538054,0.538189,0.315270,0.669051,0.535727,0.424677,0.642228,0.636525,0.772574,0.389588,0.165136,0.448839,0.620138"
304,stim_0304.png,stim_0304.png,0.0437,0.052559,0.015757,20,0.15,0,Trend_Up,Big,11,0,2,8,"0.000000,0.052632,0.105263,0.157895,0.210526,0.263158,0.315789,0.368421,0.421053,0.473684,0.526316,0.578947,0.631579,0.684211,0.736842,0.789474,0.842105,0.894737,0.947368,1.000000","0.316597,0.493820,0.724188,0.291414,0.441227,0.529106,0.356011,0.736244,0.523599,0.413299,0.502041,0.467343,0.648434,0.529495,0.531299,0.567226,0.436607,0.506144,0.680344,0.305562"
305,stim_0305.png,stim_0305.png,0.0437,0.051504,0.02865,20,0.15,1,Trend_Up,Big,11,0,7,13,"0.000000,0.052632,0.105263,0.157895,0.210526,0.263158,0.315789,0.368421,0.421053,0.473684,0.526316,0.578947,0.631579,0.684211,0.736842,0.789474,0.842105,0.894737,0.947368,1.000000","0.708560,0.576662,0.587614,0.567102,0.222548,0.064300,0.619150,0.405160,0.631492,0.420577,0.465305,0.545989,0.300445,0.577288,0.289418,0.595865,0.691870,0.636255,0.689069,0.405329"
306,stim_0306.png,stim_0306.png,0.0437,0.056031,0.01313,20,0.15,2,Trend_Up,Big,11,0,1,1,"0.000000,0.052632,0.105263,0.157895,0.210526,0.263158,0.315789,0.368421,0.421053,0.473684,0.526316,0.578947,0.631579,0.684211,0.736842,0.789474,0.842105,0.894737,0.947368,1.000000","0.372813,0.525408,0.298019,0.628419,0.684898,0.414148,0.477034,0.422479,0.551840,0.559410,0.525490,0.379623,0.320160,0.700635,0.482390,0.578861,0.662952,0.433053,0.576372,0.405997"
307,stim_0307.png,stim_0307.png,0.0437,0.036736,0.015759,20,0.15,3,Trend_Up,Big,11,0,1,0,"0.000000,0.052632,0.105263,0.157895,0.210526,0.263158,0.315789,0.368421,0.421053,0.473684,0.526316,0.578947,0.631579,0.684211,0.736842,0.789474,0.842105,0.894737,0.947368,1.000000","0.493820,0.303025,0.555206,0.701707,0.571173,0.404832,0.374005,0.501781,0.458665,0.711535,0.362117,0.340766,0.662503,0.457395,0.517993,0.385862,0.714851,0.431223,0.424579,0.626962"
308,stim_0308.png,stim_0308.png,0.0437,0.046466,0.015091,20,0.15,4,Trend_Up,Big,11,0,1,6,"0.000000,0.052632,0.105263,0.157895,0.210526,0.263158,0.315789,0.368421,0.421053,0.473684,0.526316,0.578947,0.631579,0.684211,0.736842,0.789474,0.842105,0.894737,0.947368,1.000000","0.240276,0.524433,0.366599,0.357957,0.668121,0.631143,0.556127,0.760229,0.508900,0.419576,0.414572,0.540844,0.388515,0.535113,0.542158,0.688264,0.532889,0.486055,0.382457,0.455770"
309,stim_0309.png,stim_0309.png,0.0437,0.04719,0.022346,20,0.15,5,Trend_Up,Big,11,0,2,3,"0.000000,0.052632,0.105263,0.157895,0.210526,0.263158,0.315789,0.368421,0.421053,0.473684,0.526316,0.578947,0.631579,0.684211,0.736842,0.789474,0.842105,0.894737,0.947368,1.000000","0.454912,0.468107,0.689675,0.248916,0.302956,0.497155,0.566654,0.257679,0.669297,0.499642,0.679363,0.676763,0.577814,0.566900,0.297406,0.741900,0.584345,0.331462,0.405062,0.483993"
310,stim_0310.png,stim_0310.png,0.0437,0.03406,0.032101,20,0.15,6,Trend_Up,Big,11,0,2,3,"0.000000,0.052632,0.105263,0.157895,0.210526,0.263158,0.315789,0.368421,0.421053,0.473684,0.526316,0.578947,0.631579,0.684211,0.736842,0.789474,0.842105,0.894737,0.947368,1.000000","0.785491,0.415499,0.285540,0.397707,0.779591,0.372317,0.468534,0.372817,0.363020,0.776912,0.393429,0.390681,0.617625,0.675825,0.275892,0.423473,0.578475,0.224975,0.650372,0.751825"
311,stim_0311.png,stim_0311.png,0.0437,0.027392,0.032016,20,0.15,7,Trend_Up,Big,11,0,4,2,"0.000000,0.052632,0.105263,0.157895,0.210526,0.263158,0.315789,0.368421,0.421053,0.473684,0.526316,0.578947,0.631579,0.684211,0.736842,0.789474,0.842105,0.894737,0.947368,1.000000","0.512911,0.360435,0.544839,0.438440,0.565796,0.664507,0.292393,0.585679,0.481618,0.843425,0.379024,0.496907,0.360236,0.118516,0.578508,0.411541,0.630973,0.910210,0.308244,0.515798"
312,stim_0312.png,stim_0312.png,0.0437,0.032214,0.028737,22,0.15,0,Trend_Up,Big,11,0,0,0,"0.000000,0.047619,0.095238,0.142857,0.190476,0.238095,0.285714,0.333333,0.380952,0.428571,0.476190,0.523810,0.571429,0.619048,0.666667,0.714286,0.761905,0.809524,0.857143,0.904762,0.952381,1.000000","0.622624,0.478089,0.101008,0.475700,0.367057,0.643286,0.370221,0.907840,0.580423,0.560248,0.481178,0.537957,0.310371,0.562242,0.542873,0.672123,0.401657,0.276588,0.573339,0.514001,0.299590,0.721584"
313,stim_0313.png,stim_0313.png,0.0437,0.052807,0.022972,22,0.15,1,Trend_Up,Big,11,0,4,3,"0.000000,0.047619,0.095238,0.142857,0.190476,0.238095,0.285714,0.333333,0.380952,0.428571,0.476190,0.523810,0.571429,0.619048,0.666667,0.714286,0.761905,0.809524,0.857143,0.904762,0.952381,1.000000","0.478693,0.235780,0.428724,0.368169,0.547084,0.419601,0.695722,0.662374,0.601308,0.501022,0.692195,0.693601,0.415383,0.512983,0.411763,0.039844,0.563468,0.634306,0.594920,0.531181,0.464429,0.507451"
314,stim_0314.png,stim_0314.png,0.0437,0.029493,0.026356,22,0.15,2,Trend_Up,Big,11,0,0,0,"0.000000,0.047619,0.095238,0.142857,0.190476,0.238095,0.285714,0.333333,0.380952,0.428571,0.476190,0.523810,0.571429,0.619048,0.666667,0.714286,0.761905,0.809524,0.857143,0.904762,0.952381,1.000000","0.829803,0.588724,0.454856,0.381750,0.286246,0.298005,0.574536,0.418993,0.482687,0.608886,0.305688,0.445905,0.494441,0.590468,0.825199,0.515305,0.409616,0.170365,0.488233,0.656683,0.471302,0.702307"
315,stim_0315.png,stim_0315.png,0.0437,0.045042,0.019535,22,0.15,3,Trend_Up,Big,11,0,2,0,"0.000000,0.047619,0.095238,0.142857,0.190476,0.238095,0.285714,0.333333,0.380952,0.428571,0.476190,0.523810,0.571429,0.619048,0.666667,0.714286,0.761905,0.809524,0.857143,0.904762,0.952381,1.000000","0.515299,0.422339,0.615345,0.264935,0.285700,0.468212,0.507218,0.598075,0.574662,0.517032,0.343523,0.601226,0.745469,0.439833,0.471025,0.698785,0.702097,0.348867,0.637087,0.601532,0.338632,0.303109"
316,stim_0316.png,stim_0316.png,0.0437,0.038111,0.012841,22,0.15,4,Trend_Up,Big,11,0,8,18,"0.000000,0.047619,0.095238,0.142857,0.190476,0.238095,0.285714,0.333333,0.380952,0.428571,0.476190,0.523810,0.571429,0.619048,0.666667,0.714286,0.761905,0.809524,0.857143,0.904762,0.952381,1.000000","0.513458,0.446812,0.401013,0.611184,0.672192,0.497459,0.344564,0.509237,0.565729,0.239693,0.506566,0.534546,0.411814,0.430844,0.541556,0.486931,0.607267,0.484054,0.774307,0.600535,0.358589,0.461649"
317,stim_0317.png,stim_0317.png,0.0437,0.058483,0.016425,22,0.15,5,Trend_Up,Big,11,0,4,11,"0.000000,0.047619,0.095238,0.142857,0.190476,0.238095,0.285714,0.333333,0.380952,0.428571,0.476190,0.523810,0.571429,0.619048,0.666667,0.714286,0.761905,0.809524,0.857143,0.904762,0.952381,1.000000","0.428632,0.703741,0.410506,0.481329,0.468303,0.355451,0.464756,0.506099,0.485890,0.491023,0.507196,0.468069,0.572097,0.227941,0.784973,0.422925,0.418385,0.659132,0.770304,0.444133,0.388112,0.541000"
318,stim_0318.png,stim_0318.png,0.0437,0.041427,0.020047,22,0.15,6,Trend_Up,Big,11,0,2,14,"0.000000,0.047619,0.095238,0.142857,0.190476,0.238095,0.285714,0.333333,0.380952,0.428571,0.476190,0.523810,0.571429,0.619048,0.666667,0.714286,0.761905,0.809524,0.857143,0.904762,0.952381,1.000000","0.413614,0.602537,0.671370,0.315281,0.549643,0.238147,0.733204,0.252134,0.545136,0.647852,0.470829,0.497260,0.508458,0.335428,0.539832,0.454977,0.569088,0.378140,0.570068,0.802530,0.448996,0.455476"
319,stim_0319.png,stim_0319.png,0.0437,0.060509,0.019003,22,0.15,7,Trend_Up,Big,11,0,1,5,"0.000000,0.047619,0.095238,0.142857,0.190476,0.238095,0.285714,0.333333,0.380952,0.428571,0.476190,0.523810,0.571429,0.619048,0.666667,0.714286,0.761905,0.809524,0.857143,0.904762,0.952381,1.000000","0.355000,0.631092,0.626533,0.507631,0.425263,0.506040,0.473216,0.442306,0.404501,0.345552,0.632620,0.437447,0.274519,0.744864,0.699756,0.221874,0.396748,0.593686,0.534721,0.562180,0.729006,0.455444"
320,stim_0320.png,stim_0320.png,0.1317,0.130655,0.021103,8,0.15,0,Trend_Up,Small,11,0,1,2,"0.000000,0.142857,0.285714,0.428571,0.571429,0.714286,0.857143,1.000000","0.455504,0.641460,0.465678,0.344306,0.207122,0.608906,0.633992,0.643032"
321,stim_0321.png,stim_0321.png,0.1317,0.136789,0.029801,8,0.15,1,Trend_Up,Small,11,0,0,3,"0.000000,0.142857,0.285714,0.428571,0.571429,0.714286,0.857143,1.000000","0.469658,0.536409,0.369680,0.209716,0.777606,0.447667,0.757790,0.431475"
322,stim_0322.png,stim_0322.png,0.1317,0.140034,0.016261,8,0.15,2,Trend_Up,Small,11,0,0,0,"0.000000,0.142857,0.285714,0.428571,0.571429,0.714286,0.857143,1.000000","0.627754,0.443155,0.307398,0.513339,0.341407,0.427797,0.636427,0.702723"
323,stim_0323.png,stim_0323.png,0.1317,0.13806,0.018793,8,0.15,3,Trend_Up,Small,11,0,2,9,"0.000000,0.142857,0.285714,0.428571,0.571429,0.714286,0.857143,1.000000","0.570018,0.297294,0.477883,0.326267,0.527933,0.796770,0.525931,0.477904"
324,stim_0324.png,stim_0324.png,0.1317,0.128412,0.0192,8,0.15,4,Trend_Up,Small,11,0,1,5,"0.000000,0.142857,0.285714,0.428571,0.571429,0.714286,0.857143,1.000000","0.480089,0.437584,0.264872,0.460719,0.816322,0.537531,0.552134,0.450748"
325,stim_0325.png,stim_0325.png,0.1317,0.123084,0.030572,8,0.15,5,Trend_Up,Small,11,0,0,1,"0.000000,0.142857,0.285714,0.428571,0.571429,0.714286,0.857143,1.000000","0.206689,0.754740,0.606704,0.410466,0.495598,0.340100,0.443850,0.741853"
326,stim_0326.png,stim_0326.png,0.1317,0.148663,0.015157,8,0.15,6,Trend_Up,Small,11,0,1,1,"0.000000,0.142857,0.285714,0.428571,0.571429,0.714286,0.857143,1.000000","0.325202,0.518754,0.511860,0.594986,0.279902,0.628783,0.682567,0.457947"
327,stim_0327.png,stim_0327.png,0.1317,0.117598,0.020823,8,0.15,7,Trend_Up,Small,11,0,4,12,"0.000000,0.142857,0.285714,0.428571,0.571429,0.714286,0.857143,1.000000","0.313440,0.465245,0.767459,0.309930,0.502071,0.653125,0.419381,0.569348"
328,stim_0328.png,stim_0328.png,0.1317,0.121035,0.026575,10,0.15,0,Trend_Up,Small,11,0,2,6,"0.000000,0.111111,0.222222,0.333333,0.444444,0.555556,0.666667,0.777778,0.888889,1.000000","0.484489,0.481979,0.300569,0.850338,0.309026,0.375972,0.417956,0.602417,0.460550,0.716704"
329,stim_0329.png,stim_0329.png,0.1317,0.126824,0.012139,10,0.15,1,Trend_Up,Small,11,0,0,0,"0.000000,0.111111,0.222222,0.333333,0.444444,0.555556,0.666667,0.777778,0.888889,1.000000","0.454675,0.315950,0.432197,0.636718,0.597437,0.470207,0.542395,0.338323,0.700241,0.511857"
330,stim_0330.png,stim_0330.png,0.1317,0.129678,0.02051,10,0.15,2,Trend_Up,Small,11,0,0,1,"0.000000,0.111111,0.222222,0.333333,0.444444,0.555556,0.666667,0.777778,0.888889,1.000000","0.157459,0.518141,0.560917,0.600303,0.745087,0.413848,0.378866,0.588352,0.526671,0.510358"
331,stim_0331.png,stim_0331.png,0.1317,0.137561,0.014212,10,0.15,3,Trend_Up,Small,11,0,0,0,"0.000000,0.111111,0.222222,0.333333,0.444444,0.555556,0.666667,0.777778,0.888889,1.000000","0.482521,0.296299,0.523817,0.603595,0.514174,0.442834,0.582210,0.265701,0.617414,0.671435"
332,stim_0332.png,stim_0332.png,0.1317,0.144971,0.024056,10,0.15,4,Trend_Up,Small,11,0,5,21,"0.000000,0.111111,0.222222,0.333333,0.444444,0.555556,0.666667,0.777778,0.888889,1.000000","0.280486,0.383111,0.525917,0.586974,0.648937,0.303705,0.756870,0.475220,0.698022,0.340759"
333,stim_0333.png,stim_0333.png,0.1317,0.145824,0.016154,10,0.15,5,Trend_Up,Small,11,0,2,18,"0.000000,0.111111,0.222222,0.333333,0.444444,0.555556,0.666667,0.777778,0.888889,1.000000","0.403092,0.624220,0.293435,0.622040,0.413864,0.467585,0.351763,0.501661,0.757136,0.565203"
334,stim_0334.png,stim_0334.png,0.1317,0.128205,0.023309,10,0.15,6,Trend_Up,Small,11,0,0,2,"0.000000,0.111111,0.222222,0.333333,0.444444,0.555556,0.666667,0.777778,0.888889,1.000000","0.389283,0.373963,0.641319,0.229395,0.534950,0.623835,0.783832,0.414134,0.614084,0.395205"
335,stim_0335.png,stim_0335.png,0.1317,0.12324,0.012351,10,0.15,7,Trend_Up,Small,11,0,5,18,"0.000000,0.111111,0.222222,0.333333,0.444444,0.555556,0.666667,0.777778,0.888889,1.000000","0.492993,0.536638,0.450917,0.247168,0.550156,0.421793,0.705526,0.424799,0.596693,0.573317"
336,stim_0336.png,stim_0336.png,0.1317,0.124877,0.017113,12,0.15,0,Trend_Up,Small,11,0,2,9,"0.000000,0.090909,0.181818,0.272727,0.363636,0.454545,0.545455,0.636364,0.727273,0.818182,0.909091,1.000000","0.448550,0.580303,0.425280,0.181730,0.485222,0.493800,0.690820,0.468768,0.647608,0.523742,0.679321,0.374856"
337,stim_0337.png,stim_0337.png,0.1317,0.142791,0.014273,12,0.15,1,Trend_Up,Small,11,0,6,9,"0.000000,0.090909,0.181818,0.272727,0.363636,0.454545,0.545455,0.636364,0.727273,0.818182,0.909091,1.000000","0.397618,0.356952,0.455315,0.457789,0.490779,0.744773,0.356558,0.458730,0.723298,0.575311,0.597940,0.384937"
338,stim_0338.png,stim_0338.png,0.1317,0.14746,0.018334,12,0.15,2,Trend_Up,Small,11,0,1,0,"0.000000,0.090909,0.181818,0.272727,0.363636,0.454545,0.545455,0.636364,0.727273,0.818182,0.909091,1.000000","0.586271,0.246873,0.577823,0.376412,0.332929,0.386527,0.551266,0.813787,0.550519,0.530399,0.580102,0.467092"
339,stim_0339.png,stim_0339.png,0.1317,0.140296,0.032818,12,0.15,3,Trend_Up,Small,11,0,5,20,"0.000000,0.090909,0.181818,0.272727,0.363636,0.454545,0.545455,0.636364,0.727273,0.818182,0.909091,1.000000","0.465931,0.340529,0.292559,0.698341,0.267126,0.683318,0.466370,0.824845,0.276504,0.742778,0.509771,0.431928"
340,stim_0340.png,stim_0340.png,0.1317,0.12438,0.020521,12,0.15,4,Trend_Up,Small,11,0,1,0,"0.000000,0.090909,0.181818,0.272727,0.363636,0.454545,0.545455,0.636364,0.727273,0.818182,0.909091,1.000000","0.249037,0.338497,0.579491,0.772926,0.538371,0.632045,0.431561,0.356152,0.413779,0.418655,0.637924,0.631561"
341,stim_0341.png,stim_0341.png,0.1317,0.149224,0.022391,12,0.15,5,Trend_Up,Small,11,0,0,5,"0.000000,0.090909,0.181818,0.272727,0.363636,0.454545,0.545455,0.636364,0.727273,0.818182,0.909091,1.000000","0.173054,0.675937,0.577852,0.202503,0.628997,0.541353,0.576549,0.433785,0.482649,0.609154,0.641194,0.456973"
342,stim_0342.png,stim_0342.png,0.1317,0.142845,0.024944,12,0.15,6,Trend_Up,Small,11,0,2,3,"0.000000,0.090909,0.181818,0.272727,0.363636,0.454545,0.545455,0.636364,0.727273,0.818182,0.909091,1.000000","0.490301,0.262574,0.617295,0.549786,0.628675,0.245690,0.386074,0.285565,0.755596,0.706173,0.543387,0.528882"
343,stim_0343.png,stim_0343.png,0.1317,0.119886,0.019538,12,0.15,7,Trend_Up,Small,11,0,0,6,"0.000000,0.090909,0.181818,0.272727,0.363636,0.454545,0.545455,0.636364,0.727273,0.818182,0.909091,1.000000","0.402638,0.592814,0.246069,0.482571,0.492375,0.685677,0.406307,0.507536,0.649228,0.591508,0.256069,0.687209"
344,stim_0344.png,stim_0344.png,0.1317,0.118502,0.025984,14,0.15,0,Trend_Up,Small,11,0,1,10,"0.000000,0.076923,0.153846,0.230769,0.307692,0.384615,0.461538,0.538462,0.615385,0.692308,0.769231,0.846154,0.923077,1.000000","0.302758,0.358260,0.566867,0.573219,0.482411,0.588552,0.425704,0.581091,0.220758,0.558892,0.931397,0.592559,0.388264,0.429267"
345,stim_0345.png,stim_0345.png,0.1317,0.146028,0.018625,14,0.15,1,Trend_Up,Small,11,0,2,4,"0.000000,0.076923,0.153846,0.230769,0.307692,0.384615,0.461538,0.538462,0.615385,0.692308,0.769231,0.846154,0.923077,1.000000","0.524761,0.566814,0.270614,0.593119,0.285363,0.399322,0.457636,0.419563,0.716024,0.473510,0.432771,0.825341,0.506073,0.529090"
346,stim_0346.png,stim_0346.png,0.1317,0.140437,0.033191,14,0.15,2,Trend_Up,Small,11,0,2,3,"0.000000,0.076923,0.153846,0.230769,0.307692,0.384615,0.461538,0.538462,0.615385,0.692308,0.769231,0.846154,0.923077,1.000000","0.485526,0.489540,0.495989,0.446534,0.637342,0.651796,0.136024,0.532624,0.229088,0.494746,0.443669,0.356329,0.668359,0.932434"
347,stim_0347.png,stim_0347.png,0.1317,0.125407,0.018535,14,0.15,3,Trend_Up,Small,11,0,1,9,"0.000000,0.076923,0.153846,0.230769,0.307692,0.384615,0.461538,0.538462,0.615385,0.692308,0.769231,0.846154,0.923077,1.000000","0.248960,0.416292,0.631220,0.577966,0.442378,0.671636,0.264062,0.559370,0.407943,0.617795,0.410767,0.734210,0.579557,0.437845"
348,stim_0348.png,stim_0348.png,0.1317,0.142145,0.015521,14,0.15,4,Trend_Up,Small,11,0,6,34,"0.000000,0.076923,0.153846,0.230769,0.307692,0.384615,0.461538,0.538462,0.615385,0.692308,0.769231,0.846154,0.923077,1.000000","0.354247,0.432141,0.499767,0.551594,0.303374,0.496243,0.707534,0.586330,0.381976,0.523659,0.326922,0.660197,0.731497,0.444520"
349,stim_0349.png,stim_0349.png,0.1317,0.118122,0.014805,14,0.15,5,Trend_Up,Small,11,0,2,10,"0.000000,0.076923,0.153846,0.230769,0.307692,0.384615,0.461538,0.538462,0.615385,0.692308,0.769231,0.846154,0.923077,1.000000","0.377223,0.287068,0.442425,0.637488,0.697041,0.401556,0.472880,0.490834,0.633441,0.556665,0.540384,0.294686,0.497229,0.671080"
350,stim_0350.png,stim_0350.png,0.1317,0.145396,0.018395,14,0.15,6,Trend_Up,Small,11,0,2,1,"0.000000,0.076923,0.153846,0.230769,0.307692,0.384615,0.461538,0.538462,0.615385,0.692308,0.769231,0.846154,0.923077,1.000000","0.348119,0.174533,0.469848,0.522580,0.445549,0.726630,0.678751,0.624012,0.580145,0.375141,0.574159,0.437006,0.625417,0.418110"
351,stim_0351.png,stim_0351.png,0.1317,0.115137,0.017605,14,0.15,7,Trend_Up,Small,11,0,0,1,"0.000000,0.076923,0.153846,0.230769,0.307692,0.384615,0.461538,0.538462,0.615385,0.692308,0.769231,0.846154,0.923077,1.000000","0.457769,0.442649,0.717632,0.311920,0.524905,0.556282,0.228899,0.512558,0.439764,0.490326,0.575138,0.520196,0.431179,0.790782"
352,stim_0352.png,stim_0352.png,0.1317,0.137225,0.020329,16,0.15,0,Trend_Up,Big,11,0,0,7,"0.000000,0.066667,0.133333,0.200000,0.266667,0.333333,0.400000,0.466667,0.533333,0.600000,0.666667,0.733333,0.800000,0.866667,0.933333,1.000000","0.390380,0.397210,0.570399,0.284579,0.300616,0.518469,0.801977,0.385222,0.410684,0.666534,0.627131,0.652832,0.553593,0.455848,0.658315,0.326211"
353,stim_0353.png,stim_0353.png,0.1317,0.127351,0.022576,16,0.15,1,Trend_Up,Big,11,0,0,2,"0.000000,0.066667,0.133333,0.200000,0.266667,0.333333,0.400000,0.466667,0.533333,0.600000,0.666667,0.733333,0.800000,0.866667,0.933333,1.000000","0.763468,0.205360,0.514153,0.459545,0.514916,0.346634,0.290906,0.424036,0.555530,0.332500,0.609063,0.601548,0.724875,0.669375,0.598346,0.389746"
354,stim_0354.png,stim_0354.png,0.1317,0.116333,0.024847,16,0.15,2,Trend_Up,Big,11,0,1,8,"0.000000,0.066667,0.133333,0.200000,0.266667,0.333333,0.400000,0.466667,0.533333,0.600000,0.666667,0.733333,0.800000,0.866667,0.933333,1.000000","0.139730,0.578404,0.769616,0.253945,0.459257,0.607846,0.401870,0.619485,0.435912,0.708776,0.381680,0.599098,0.430625,0.553565,0.406347,0.653845"
355,stim_0355.png,stim_0355.png,0.1317,0.134916,0.021106,16,0.15,3,Trend_Up,Big,11,0,0,1,"0.000000,0.066667,0.133333,0.200000,0.266667,0.333333,0.400000,0.466667,0.533333,0.600000,0.666667,0.733333,0.800000,0.866667,0.933333,1.000000","0.435675,0.503443,0.198097,0.409930,0.470517,0.735576,0.697188,0.380592,0.578221,0.210398,0.607434,0.561082,0.538141,0.691308,0.424804,0.557594"
356,stim_0356.png,stim_0356.png,0.1317,0.143371,0.033677,16,0.15,4,Trend_Up,Big,11,0,2,6,"0.000000,0.066667,0.133333,0.200000,0.266667,0.333333,0.400000,0.466667,0.533333,0.600000,0.666667,0.733333,0.800000,0.866667,0.933333,1.000000","0.673729,0.305566,0.258833,0.823072,0.378824,0.631763,0.258054,0.235814,0.529938,0.504465,0.348855,0.424506,0.845106,0.579629,0.557770,0.644076"
357,stim_0357.png,stim_0357.png,0.1317,0.119241,0.011971,16,0.15,5,Trend_Up,Big,11,0,0,1,"0.000000,0.066667,0.133333,0.200000,0.266667,0.333333,0.400000,0.466667,0.533333,0.600000,0.666667,0.733333,0.800000,0.866667,0.933333,1.000000","0.469923,0.310240,0.557676,0.637027,0.301322,0.546149,0.440212,0.402209,0.524590,0.506427,0.600826,0.686575,0.356665,0.535869,0.452413,0.671878"
358,stim_0358.png,stim_0358.png,0.1317,0.135497,0.012432,16,0.15,6,Trend_Up,Big,11,0,3,7,"0.000000,0.066667,0.133333,0.200000,0.266667,0.333333,0.400000,0.466667,0.533333,0.600000,0.666667,0.733333,0.800000,0.866667,0.933333,1.000000","0.514633,0.408349,0.468662,0.339938,0.318137,0.630046,0.395609,0.562955,0.593812,0.613948,0.491274,0.641858,0.423765,0.315181,0.690566,0.591267"
359,stim_0359.png,stim_0359.png,0.1317,0.118137,0.011481,16,0.15,7,Trend_Up,Big,11,0,1,11,"0.000000,0.066667,0.133333,0.200000,0.266667,0.333333,0.400000,0.466667,0.533333,0.600000,0.666667,0.733333,0.800000,0.866667,0.933333,1.000000","0.514222,0.327124,0.362310,0.592351,0.281620,0.584353,0.705970,0.508532,0.477021,0.603810,0.387127,0.465432,0.441080,0.599117,0.566728,0.583201"
360,stim_0360.png,stim_0360.png,0.1317,0.1343,0.014937,18,0.15,0,Trend_Up,Big,11,0,1,10,"0.000000,0.058824,0.117647,0.176471,0.235294,0.294118,0.352941,0.411765,0.470588,0.529412,0.588235,0.647059,0.705882,0.764706,0.823529,0.882353,0.941176,1.000000","0.337543,0.537025,0.382901,0.425170,0.492111,0.183907,0.552436,0.804252,0.556464,0.531004,0.519652,0.463340,0.560208,0.594890,0.545764,0.536826,0.356926,0.619582"
361,stim_0361.png,stim_0361.png,0.1317,0.13571,0.0125,18,0.15,1,Trend_Up,Big,11,0,0,7,"0.000000,0.058824,0.117647,0.176471,0.235294,0.294118,0.352941,0.411765,0.470588,0.529412,0.588235,0.647059,0.705882,0.764706,0.823529,0.882353,0.941176,1.000000","0.592143,0.503191,0.302313,0.547878,0.429938,0.292166,0.518150,0.465736,0.367387,0.514266,0.610940,0.560038,0.556891,0.532622,0.479001,0.334766,0.778701,0.613873"
362,stim_0362.png,stim_0362.png,0.1317,0.149093,0.019332,18,0.15,2,Trend_Up,Big,11,0,0,8,"0.000000,0.058824,0.117647,0.176471,0.235294,0.294118,0.352941,0.411765,0.470588,0.529412,0.588235,0.647059,0.705882,0.764706,0.823529,0.882353,0.941176,1.000000","0.574401,0.259471,0.249073,0.492773,0.409695,0.584462,0.671398,0.707926,0.271051,0.435117,0.583703,0.409942,0.580293,0.562330,0.657525,0.320142,0.665734,0.564964"
363,stim_0363.png,stim_0363.png,0.1317,0.116997,0.014507,18,0.15,3,Trend_Up,Big,11,0,3,5,"0.000000,0.058824,0.117647,0.176471,0.235294,0.294118,0.352941,0.411765,0.470588,0.529412,0.588235,0.647059,0.705882,0.764706,0.823529,0.882353,0.941176,1.000000","0.650501,0.308165,0.278040,0.579229,0.369826,0.588593,0.410422,0.411713,0.473074,0.646367,0.636939,0.385323,0.491532,0.706353,0.453665,0.444047,0.662726,0.503486"
364,stim_0364.png,stim_0364.png,0.1317,0.117491,0.013484,18,0.15,4,Trend_Up,Big,11,0,1,1,"0.000000,0.058824,0.117647,0.176471,0.235294,0.294118,0.352941,0.411765,0.470588,0.529412,0.588235,0.647059,0.705882,0.764706,0.823529,0.882353,0.941176,1.000000","0.301916,0.401357,0.504914,0.699956,0.326791,0.604757,0.317741,0.574304,0.451530,0.533451,0.583035,0.479051,0.733445,0.407250,0.406885,0.531916,0.612930,0.528770"
365,stim_0365.png,stim_0365.png,0.1317,0.122796,0.025388,18,0.15,5,Trend_Up,Big,11,0,1,2,"0.000000,0.058824,0.117647,0.176471,0.235294,0.294118,0.352941,0.411765,0.470588,0.529412,0.588235,0.647059,0.705882,0.764706,0.823529,0.882353,0.941176,1.000000","0.434761,0.285522,0.504291,0.396152,0.364765,0.354696,0.412388,0.630335,0.446430,0.827193,0.678006,0.540154,0.619942,0.775077,0.579545,0.547060,0.437475,0.166210"
366,stim_0366.png,stim_0366.png,0.1317,0.140809,0.016989,18,0.15,6,Trend_Up,Big,11,0,2,2,"0.000000,0.058824,0.117647,0.176471,0.235294,0.294118,0.352941,0.411765,0.470588,0.529412,0.588235,0.647059,0.705882,0.764706,0.823529,0.882353,0.941176,1.000000","0.401331,0.502954,0.667687,0.405374,0.325288,0.435439,0.525154,0.341679,0.437204,0.476826,0.371421,0.500642,0.587157,0.882771,0.545510,0.710849,0.400688,0.482027"
367,stim_0367.png,stim_0367.png,0.1317,0.125396,0.025613,18,0.15,7,Trend_Up,Big,11,0,4,13,"0.000000,0.058824,0.117647,0.176471,0.235294,0.294118,0.352941,0.411765,0.470588,0.529412,0.588235,0.647059,0.705882,0.764706,0.823529,0.882353,0.941176,1.000000","0.291037,0.370692,0.602385,0.519623,0.291781,0.416727,0.515677,0.737148,0.310143,0.716073,0.694961,0.650875,0.235120,0.501445,0.499374,0.780326,0.369200,0.497412"
368,stim_0368.png,stim_0368.png,0.1317,0.11924,0.018964,20,0.15,0,Trend_Up,Big,11,0,1,0,"0.000000,0.052632,0.105263,0.157895,0.210526,0.263158,0.315789,0.368421,0.421053,0.473684,0.526316,0.578947,0.631579,0.684211,0.736842,0.789474,0.842105,0.894737,0.947368,1.000000","0.484304,0.412865,0.826051,0.410508,0.417904,0.516885,0.244003,0.520526,0.501205,0.299345,0.375896,0.461367,0.604612,0.464544,0.487652,0.471761,0.772153,0.417172,0.582601,0.728647"
369,stim_0369.png,stim_0369.png,0.1317,0.128201,0.015263,20,0.15,1,Trend_Up,Big,11,0,0,0,"0.000000,0.052632,0.105263,0.157895,0.210526,0.263158,0.315789,0.368421,0.421053,0.473684,0.526316,0.578947,0.631579,0.684211,0.736842,0.789474,0.842105,0.894737,0.947368,1.000000","0.466751,0.448223,0.259340,0.292096,0.560532,0.450986,0.463785,0.562371,0.428805,0.460475,0.581303,0.622345,0.706447,0.602576,0.787610,0.494774,0.622579,0.330487,0.456410,0.402105"
370,stim_0370.png,stim_0370.png,0.1317,0.132437,0.017433,20,0.15,2,Trend_Up,Big,11,0,0,6,"0.000000,0.052632,0.105263,0.157895,0.210526,0.263158,0.315789,0.368421,0.421053,0.473684,0.526316,0.578947,0.631579,0.684211,0.736842,0.789474,0.842105,0.894737,0.947368,1.000000","0.371822,0.438494,0.497262,0.299167,0.672436,0.490537,0.192621,0.656111,0.464521,0.356085,0.481108,0.671919,0.684110,0.491512,0.530632,0.780346,0.484402,0.484662,0.524781,0.427472"
371,stim_0371.png,stim_0371.png,0.1317,0.134387,0.021791,20,0.15,3,Trend_Up,Big,11,0,1,4,"0.000000,0.052632,0.105263,0.157895,0.210526,0.263158,0.315789,0.368421,0.421053,0.473684,0.526316,0.578947,0.631579,0.684211,0.736842,0.789474,0.842105,0.894737,0.947368,1.000000","0.277864,0.531195,0.574320,0.484609,0.574792,0.460109,0.380790,0.443494,0.578095,0.426271,0.413187,0.588831,0.466141,0.604727,0.051677,0.661879,0.749605,0.412228,0.681109,0.639075"
372,stim_0372.png,stim_0372.png,0.1317,0.125102,0.026057,20,0.15,4,Trend_Up,Big,11,0,0,3,"0.000000,0.052632,0.105263,0.157895,0.210526,0.263158,0.315789,0.368421,0.421053,0.473684,0.526316,0.578947,0.631579,0.684211,0.736842,0.789474,0.842105,0.894737,0.947368,1.000000","0.226801,0.284910,0.639825,0.342380,0.709302,0.657554,0.345057,0.679487,0.414173,0.241062,0.410485,0.686639,0.827757,0.401668,0.600693,0.450532,0.557820,0.538409,0.429671,0.555776"
373,stim_0373.png,stim_0373.png,0.1317,0.117288,0.024539,20,0.15,5,Trend_Up,Big,11,0,0,7,"0.000000,0.052632,0.105263,0.157895,0.210526,0.263158,0.315789,0.368421,0.421053,0.473684,0.526316,0.578947,0.631579,0.684211,0.736842,0.789474,0.842105,0.894737,0.947368,1.000000","0.513566,0.560600,0.253373,0.498943,0.792907,0.311540,0.725011,0.435697,0.463579,0.230524,0.410698,0.274659,0.341833,0.526974,0.662652,0.591319,0.587607,0.503489,0.546125,0.768905"
374,stim_0374.png,stim_0374.png,0.1317,0.146164,0.026984,20,0.15,6,Trend_Up,Big,11,0,0,0,"0.000000,0.052632,0.105263,0.157895,0.210526,0.263158,0.315789,0.368421,0.421053,0.473684,0.526316,0.578947,0.631579,0.684211,0.736842,0.789474,0.842105,0.894737,0.947368,1.000000","0.597323,0.391644,0.301272,0.473176,0.362372,0.645355,0.578069,0.315297,0.500220,0.509911,0.460450,0.509385,0.396569,0.358644,0.833640,0.588192,0.352662,0.352372,0.991905,0.481544"
375,stim_0375.png,stim_0375.png,0.1317,0.11911,0.028826,20,0.15,7,Trend_Up,Big,11,0,1,17,"0.000000,0.052632,0.105263,0.157895,0.210526,0.263158,0.315789,0.368421,0.421053,0.473684,0.526316,0.578947,0.631579,0.684211,0.736842,0.789474,0.842105,0.894737,0.947368,1.000000","0.274831,0.212944,0.585958,0.558325,0.511987,0.359564,0.703780,0.526293,0.476660,0.440854,0.357519,0.621336,0.415228,0.659149,0.788723,0.806338,0.461011,0.648501,0.152898,0.438101"
376,stim_0376.png,stim_0376.png,0.1317,0.136271,0.02889,22,0.15,0,Trend_Up,Big,11,0,3,13,"0.000000,0.047619,0.095238,0.142857,0.190476,0.238095,0.285714,0.333333,0.380952,0.428571,0.476190,0.523810,0.571429,0.619048,0.666667,0.714286,0.761905,0.809524,0.857143,0.904762,0.952381,1.000000","0.601506,0.252876,0.355557,0.414390,0.621801,0.518658,0.343098,0.426085,0.379448,0.470684,0.920524,0.431404,0.785830,0.192462,0.581986,0.523048,0.536427,0.465802,0.249354,0.529575,0.671553,0.727929"
377,stim_0377.png,stim_0377.png,0.1317,0.142252,0.032708,22,0.15,1,Trend_Up,Big,11,0,0,1,"0.000000,0.047619,0.095238,0.142857,0.190476,0.238095,0.285714,0.333333,0.380952,0.428571,0.476190,0.523810,0.571429,0.619048,0.666667,0.714286,0.761905,0.809524,0.857143,0.904762,0.952381,1.000000","0.205897,0.214470,0.325226,0.715320,0.572614,0.485123,0.312030,0.680435,0.481735,0.628162,0.728943,0.548582,0.572062,0.259636,0.563151,0.451698,0.382060,0.820224,0.815128,0.349688,0.611886,0.275927"
378,stim_0378.png,stim_0378.png,0.1317,0.12094,0.016195,22,0.15,2,Trend_Up,Big,11,0,1,6,"0.000000,0.047619,0.095238,0.142857,0.190476,0.238095,0.285714,0.333333,0.380952,0.428571,0.476190,0.523810,0.571429,0.619048,0.666667,0.714286,0.761905,0.809524,0.857143,0.904762,0.952381,1.000000","0.588832,0.449690,0.538982,0.407198,0.359810,0.422352,0.393754,0.377823,0.578048,0.345879,0.740127,0.475873,0.300024,0.654139,0.601114,0.379730,0.568925,0.589692,0.480931,0.724590,0.320431,0.702054"
379,stim_0379.png,stim_0379.png,0.1317,0.134215,0.021624,22,0.15,3,Trend_Up,Big,11,0,3,3,"0.000000,0.047619,0.095238,0.142857,0.190476,0.238095,0.285714,0.333333,0.380952,0.428571,0.476190,0.523810,0.571429,0.619048,0.666667,0.714286,0.761905,0.809524,0.857143,0.904762,0.952381,1.000000","0.449709,0.373007,0.579311,0.526594,0.565314,0.452430,0.607422,0.416706,0.386764,0.435086,0.383293,0.283663,0.522651,0.637597,0.616801,0.378340,0.326534,0.649156,0.483568,0.269124,0.744198,0.912732"
380,stim_0380.png,stim_0380.png,0.1317,0.126586,0.028158,22,0.15,4,Trend_Up,Big,11,0,2,13,"0.000000,0.047619,0.095238,0.142857,0.190476,0.238095,0.285714,0.333333,0.380952,0.428571,0.476190,0.523810,0.571429,0.619048,0.666667,0.714286,0.761905,0.809524,0.857143,0.904762,0.952381,1.000000","0.135963,0.442460,0.169862,0.596002,0.448969,0.493687,0.764986,0.645251,0.441031,0.658385,0.553453,0.561293,0.513950,0.375296,0.687860,0.522629,0.574214,0.568744,0.222829,0.737338,0.259839,0.625957"
381,stim_0381.png,stim_0381.png,0.1317,0.139205,0.015344,22,0.15,5,Trend_Up,Big,11,0,0,3,"0.000000,0.047619,0.095238,0.142857,0.190476,0.238095,0.285714,0.333333,0.380952,0.428571,0.476190,0.523810,0.571429,0.619048,0.666667,0.714286,0.761905,0.809524,0.857143,0.904762,0.952381,1.000000","0.622701,0.654794,0.453535,0.290352,0.288295,0.486523,0.381762,0.321800,0.482685,0.538196,0.575038,0.704086,0.329106,0.370208,0.394838,0.497679,0.609250,0.506919,0.676020,0.663310,0.495394,0.657508"
382,stim_0382.png,stim_0382.png,0.1317,0.132353,0.017485,22,0.15,6,Trend_Up,Big,11,0,0,12,"0.000000,0.047619,0.095238,0.142857,0.190476,0.238095,0.285714,0.333333,0.380952,0.428571,0.476190,0.523810,0.571429,0.619048,0.666667,0.714286,0.761905,0.809524,0.857143,0.904762,0.952381,1.000000","0.423953,0.253780,0.524487,0.504882,0.456960,0.453167,0.673619,0.559025,0.148063,0.480576,0.497505,0.552238,0.527750,0.381579,0.748281,0.572746,0.626689,0.769235,0.417473,0.438406,0.434620,0.554967"
383,stim_0383.png,stim_0383.png,0.1317,0.120147,0.011232,22,0.15,7,Trend_Up,Big,11,0,3,20,"0.000000,0.047619,0.095238,0.142857,0.190476,0.238095,0.285714,0.333333,0.380952,0.428571,0.476190,0.523810,0.571429,0.619048,0.666667,0.714286,0.761905,0.809524,0.857143,0.904762,0.952381,1.000000","0.453790,0.314306,0.488653,0.442413,0.601850,0.431610,0.259291,0.439346,0.466673,0.465133,0.703944,0.651663,0.532659,0.592024,0.583773,0.656201,0.288494,0.518612,0.558233,0.492460,0.554202,0.504672"
384,stim_0384.png,stim_0384.png,0.2217,0.206206,0.017636,8,0.15,0,Trend_Up,Small,11,0,0,5,"0.000000,0.142857,0.285714,0.428571,0.571429,0.714286,0.857143,1.000000","0.610505,0.245916,0.442775,0.338493,0.664180,0.458966,0.535409,0.703755"
385,stim_0385.png,stim_0385.png,0.2217,0.238832,0.018521,8,0.15,1,Trend_Up,Small,11,0,1,18,"0.000000,0.142857,0.285714,0.428571,0.571429,0.714286,0.857143,1.000000","0.484632,0.224668,0.650759,0.338386,0.416015,0.626806,0.717581,0.541153"
386,stim_0386.png,stim_0386.png,0.2217,0.223713,0.011929,8,0.15,2,Trend_Up,Small,11,0,1,36,"0.000000,0.142857,0.285714,0.428571,0.571429,0.714286,0.857143,1.000000","0.397598,0.421477,0.364197,0.647171,0.330237,0.704307,0.536675,0.598338"
387,stim_0387.png,stim_0387.png,0.2217,0.215935,0.016369,8,0.15,3,Trend_Up,Small,11,0,1,10,"0.000000,0.142857,0.285714,0.428571,0.571429,0.714286,0.857143,1.000000","0.471005,0.454170,0.510040,0.356329,0.330360,0.642856,0.430028,0.805212"
388,stim_0388.png,stim_0388.png,0.2217,0.230978,0.024843,8,0.15,4,Trend_Up,Small,11,0,0,1,"0.000000,0.142857,0.285714,0.428571,0.571429,0.714286,0.857143,1.000000","0.530436,0.111613,0.619354,0.532761,0.390143,0.686924,0.459313,0.669457"
389,stim_0389.png,stim_0389.png,0.2217,0.21166,0.01043,8,0.15,5,Trend_Up,Small,11,0,1,21,"0.000000,0.142857,0.285714,0.428571,0.571429,0.714286,0.857143,1.000000","0.295783,0.497543,0.608546,0.473670,0.466591,0.425891,0.485338,0.746638"
390,stim_0390.png,stim_0390.png,0.2217,0.204863,0.022148,8,0.15,6,Trend_Up,Small,11,0,1,2,"0.000000,0.142857,0.285714,0.428571,0.571429,0.714286,0.857143,1.000000","0.573609,0.550159,0.254139,0.273937,0.532780,0.475146,0.539534,0.800696"
391,stim_0391.png,stim_0391.png,0.2217,0.228598,0.021542,8,0.15,7,Trend_Up,Small,11,0,2,7,"0.000000,0.142857,0.285714,0.428571,0.571429,0.714286,0.857143,1.000000","0.558194,0.275608,0.291191,0.512759,0.440471,0.766373,0.706254,0.449151"
392,stim_0392.png,stim_0392.png,0.2217,0.230213,0.017577,10,0.15,0,Trend_Up,Small,11,0,1,3,"0.000000,0.111111,0.222222,0.333333,0.444444,0.555556,0.666667,0.777778,0.888889,1.000000","0.481328,0.537173,0.283471,0.376260,0.296318,0.720411,0.573735,0.391274,0.651535,0.688496"
393,stim_0393.png,stim_0393.png,0.2217,0.213452,0.012857,10,0.15,1,Trend_Up,Small,11,0,0,0,"0.000000,0.111111,0.222222,0.333333,0.444444,0.555556,0.666667,0.777778,0.888889,1.000000","0.306686,0.594808,0.598852,0.281515,0.380152,0.478240,0.525856,0.520344,0.711694,0.601854"
394,stim_0394.png,stim_0394.png,0.2217,0.226755,0.015728,10,0.15,2,Trend_Up,Small,11,0,1,5,"0.000000,0.111111,0.222222,0.333333,0.444444,0.555556,0.666667,0.777778,0.888889,1.000000","0.321378,0.262970,0.396289,0.550130,0.577425,0.785972,0.580926,0.488674,0.599322,0.436916"
395,stim_0395.png,stim_0395.png,0.2217,0.230813,0.026659,10,0.15,3,Trend_Up,Small,11,0,0,5,"0.000000,0.111111,0.222222,0.333333,0.444444,0.555556,0.666667,0.777778,0.888889,1.000000","0.365391,0.635629,0.162047,0.535989,0.364755,0.416961,0.761708,0.562220,0.759218,0.436083"
396,stim_0396.png,stim_0396.png,0.2217,0.236459,0.017136,10,0.15,4,Trend_Up,Small,11,0,2,6,"0.000000,0.111111,0.222222,0.333333,0.444444,0.555556,0.666667,0.777778,0.888889,1.000000","0.256480,0.487848,0.390030,0.656833,0.344211,0.601783,0.500640,0.726586,0.366861,0.668728"
397,stim_0397.png,stim_0397.png,0.2217,0.221326,0.033677,10,0.15,5,Trend_Up,Small,11,0,2,13,"0.000000,0.111111,0.222222,0.333333,0.444444,0.555556,0.666667,0.777778,0.888889,1.000000","0.305155,0.403713,0.452267,0.253240,0.846765,0.356955,0.861160,0.554720,0.455210,0.510816"
398,stim_0398.png,stim_0398.png,0.2217,0.223791,0.027293,10,0.15,6,Trend_Up,Small,11,0,0,0,"0.000000,0.111111,0.222222,0.333333,0.444444,0.555556,0.666667,0.777778,0.888889,1.000000","0.145391,0.592232,0.423715,0.771897,0.308683,0.431461,0.503549,0.661240,0.702438,0.459394"
399,stim_0399.png,stim_0399.png,0.2217,0.210083,0.028423,10,0.15,7,Trend_Up,Small,11,0,0,0,"0.000000,0.111111,0.222222,0.333333,0.444444,0.555556,0.666667,0.777778,0.888889,1.000000","0.489707,0.595719,0.126893,0.348109,0.559211,0.642965,0.614458,0.263526,0.685880,0.673532"
400,stim_0400.png,stim_0400.png,0.2217,0.211144,0.024179,12,0.15,0,Trend_Up,Small,11,0,0,15,"0.000000,0.090909,0.181818,0.272727,0.363636,0.454545,0.545455,0.636364,0.727273,0.818182,0.909091,1.000000","0.462243,0.324106,0.661898,0.170501,0.386760,0.766123,0.310575,0.548369,0.531057,0.642503,0.679711,0.516153"
401,stim_0401.png,stim_0401.png,0.2217,0.213332,0.032535,12,0.15,1,Trend_Up,Small,11,0,0,25,"0.000000,0.090909,0.181818,0.272727,0.363636,0.454545,0.545455,0.636364,0.727273,0.818182,0.909091,1.000000","0.212587,0.358415,0.319309,0.477407,0.904221,0.589073,0.364479,0.709556,0.455654,0.489238,0.741001,0.379060"
402,stim_0402.png,stim_0402.png,0.2217,0.224807,0.030984,12,0.15,2,Trend_Up,Small,11,0,1,17,"0.000000,0.090909,0.181818,0.272727,0.363636,0.454545,0.545455,0.636364,0.727273,0.818182,0.909091,1.000000","0.527800,0.308404,0.586302,0.329801,0.558779,0.591735,0.254087,0.134836,0.605823,0.688888,0.805676,0.607870"
403,stim_0403.png,stim_0403.png,0.2217,0.204564,0.021594,12,0.15,3,Trend_Up,Small,11,0,1,11,"0.000000,0.090909,0.181818,0.272727,0.363636,0.454545,0.545455,0.636364,0.727273,0.818182,0.909091,1.000000","0.525013,0.309734,0.629030,0.326561,0.355156,0.505882,0.564531,0.357241,0.593247,0.653839,0.334001,0.845763"
404,stim_0404.png,stim_0404.png,0.2217,0.230629,0.026096,12,0.15,4,Trend_Up,Small,11,0,1,4,"0.000000,0.090909,0.181818,0.272727,0.363636,0.454545,0.545455,0.636364,0.727273,0.818182,0.909091,1.000000","0.169692,0.626760,0.351753,0.531405,0.366052,0.601323,0.530006,0.650675,0.471763,0.360452,0.891372,0.448747"
405,stim_0405.png,stim_0405.png,0.2217,0.219405,0.019012,12,0.15,5,Trend_Up,Small,11,0,0,8,"0.000000,0.090909,0.181818,0.272727,0.363636,0.454545,0.545455,0.636364,0.727273,0.818182,0.909091,1.000000","0.648478,0.425441,0.233795,0.406022,0.198484,0.636903,0.471420,0.520370,0.694686,0.559310,0.555668,0.649424"
406,stim_0406.png,stim_0406.png,0.2217,0.230152,0.032899,12,0.15,6,Trend_Up,Small,11,0,0,1,"0.000000,0.090909,0.181818,0.272727,0.363636,0.454545,0.545455,0.636364,0.727273,0.818182,0.909091,1.000000","0.352021,0.385270,0.535901,0.404764,0.147970,0.592211,0.461784,0.732447,0.897218,0.517416,0.667614,0.305384"
407,stim_0407.png,stim_0407.png,0.2217,0.207974,0.014242,12,0.15,7,Trend_Up,Small,11,0,0,1,"0.000000,0.090909,0.181818,0.272727,0.363636,0.454545,0.545455,0.636364,0.727273,0.818182,0.909091,1.000000","0.285273,0.459744,0.377958,0.625857,0.405559,0.634389,0.354716,0.682527,0.354970,0.662993,0.612584,0.543429"
408,stim_0408.png,stim_0408.png,0.2217,0.211367,0.022927,14,0.15,0,Trend_Up,Small,11,0,0,3,"0.000000,0.076923,0.153846,0.230769,0.307692,0.384615,0.461538,0.538462,0.615385,0.692308,0.769231,0.846154,0.923077,1.000000","0.307320,0.427973,0.579844,0.602028,0.015153,0.625192,0.485420,0.505107,0.599248,0.541164,0.663440,0.443086,0.667793,0.537230"
409,stim_0409.png,stim_0409.png,0.2217,0.231551,0.022603,14,0.15,1,Trend_Up,Small,11,0,0,6,"0.000000,0.076923,0.153846,0.230769,0.307692,0.384615,0.461538,0.538462,0.615385,0.692308,0.769231,0.846154,0.923077,1.000000","0.396247,0.393668,0.452276,0.576401,0.642437,0.408823,0.327717,0.561429,0.426019,0.232165,0.412213,0.535758,0.751578,0.883269"
410,stim_0410.png,stim_0410.png,0.2217,0.234106,0.013367,14,0.15,2,Trend_Up,Small,11,0,2,28,"0.000000,0.076923,0.153846,0.230769,0.307692,0.384615,0.461538,0.538462,0.615385,0.692308,0.769231,0.846154,0.923077,1.000000","0.395873,0.238239,0.522133,0.506013,0.668436,0.365596,0.413954,0.430802,0.527658,0.386360,0.647354,0.643980,0.757407,0.496196"
411,stim_0411.png,stim_0411.png,0.2217,0.211395,0.015692,14,0.15,3,Trend_Up,Small,11,0,0,3,"0.000000,0.076923,0.153846,0.230769,0.307692,0.384615,0.461538,0.538462,0.615385,0.692308,0.769231,0.846154,0.923077,1.000000","0.196506,0.437965,0.451869,0.391321,0.694681,0.427812,0.496971,0.623418,0.730251,0.458278,0.427558,0.389611,0.666459,0.607299"
412,stim_0412.png,stim_0412.png,0.2217,0.224093,0.015245,14,0.15,4,Trend_Up,Small,11,0,0,2,"0.000000,0.076923,0.153846,0.230769,0.307692,0.384615,0.461538,0.538462,0.615385,0.692308,0.769231,0.846154,0.923077,1.000000","0.544326,0.398554,0.406187,0.515941,0.289570,0.531145,0.401539,0.537840,0.221008,0.556811,0.739873,0.509636,0.627733,0.719837"
413,stim_0413.png,stim_0413.png,0.2217,0.216771,0.02736,14,0.15,5,Trend_Up,Small,11,0,1,3,"0.000000,0.076923,0.153846,0.230769,0.307692,0.384615,0.461538,0.538462,0.615385,0.692308,0.769231,0.846154,0.923077,1.000000","0.281463,0.294557,0.167994,0.722085,0.503488,0.477188,0.584227,0.716275,0.829392,0.463925,0.368715,0.488663,0.621751,0.480278"
414,stim_0414.png,stim_0414.png,0.2217,0.225573,0.021138,14,0.15,6,Trend_Up,Small,11,0,0,2,"0.000000,0.076923,0.153846,0.230769,0.307692,0.384615,0.461538,0.538462,0.615385,0.692308,0.769231,0.846154,0.923077,1.000000","0.167464,0.402783,0.483594,0.416764,0.431520,0.763130,0.295143,0.672250,0.551396,0.730669,0.475974,0.659140,0.540804,0.409370"
415,stim_0415.png,stim_0415.png,0.2217,0.237065,0.012142,14,0.15,7,Trend_Up,Small,11,0,0,0,"0.000000,0.076923,0.153846,0.230769,0.307692,0.384615,0.461538,0.538462,0.615385,0.692308,0.769231,0.846154,0.923077,1.000000","0.376736,0.460689,0.520858,0.440805,0.382736,0.511172,0.443479,0.513666,0.478225,0.274458,0.447498,0.720752,0.794736,0.634189"
416,stim_0416.png,stim_0416.png,0.2217,0.217155,0.010631,16,0.15,0,Trend_Up,Big,11,0,0,3,"0.000000,0.066667,0.133333,0.200000,0.266667,0.333333,0.400000,0.466667,0.533333,0.600000,0.666667,0.733333,0.800000,0.866667,0.933333,1.000000","0.431190,0.215303,0.372520,0.395569,0.687440,0.460118,0.501232,0.496346,0.633464,0.514231,0.497469,0.399546,0.659397,0.655385,0.467126,0.613663"
417,stim_0417.png,stim_0417.png,0.2217,0.224378,0.020378,16,0.15,1,Trend_Up,Big,11,0,0,4,"0.000000,0.066667,0.133333,0.200000,0.266667,0.333333,0.400000,0.466667,0.533333,0.600000,0.666667,0.733333,0.800000,0.866667,0.933333,1.000000","0.477704,0.382907,0.133903,0.442428,0.713307,0.553613,0.382468,0.402115,0.670409,0.637206,0.460496,0.331866,0.406238,0.658859,0.613842,0.732638"
418,stim_0418.png,stim_0418.png,0.2217,0.229776,0.024579,16,0.15,2,Trend_Up,Big,11,0,2,6,"0.000000,0.066667,0.133333,0.200000,0.266667,0.333333,0.400000,0.466667,0.533333,0.600000,0.666667,0.733333,0.800000,0.866667,0.933333,1.000000","0.560687,0.492571,0.160123,0.354700,0.334012,0.327335,0.288535,0.833779,0.629076,0.734880,0.469828,0.597796,0.650830,0.429995,0.567292,0.568561"
419,stim_0419.png,stim_0419.png,0.2217,0.223564,0.022793,16,0.15,3,Trend_Up,Big,11,0,0,1,"0.000000,0.066667,0.133333,0.200000,0.266667,0.333333,0.400000,0.466667,0.533333,0.600000,0.666667,0.733333,0.800000,0.866667,0.933333,1.000000","0.240396,0.333870,0.345831,0.612251,0.310633,0.382348,0.668358,0.551927,0.482210,0.763944,0.625835,0.554725,0.850366,0.428470,0.423258,0.425576"
420,stim_0420.png,stim_0420.png,0.2217,0.239787,0.029968,16,0.15,4,Trend_Up,Big,11,0,0,1,"0.000000,0.066667,0.133333,0.200000,0.266667,0.333333,0.400000,0.466667,0.533333,0.600000,0.666667,0.733333,0.800000,0.866667,0.933333,1.000000","0.432183,0.067618,0.531175,0.464434,0.413084,0.572518,0.482709,0.345431,0.468728,0.904460,0.727082,0.487092,0.635780,0.230411,0.620218,0.617076"
421,stim_0421.png,stim_0421.png,0.2217,0.226828,0.017179,16,0.15,5,Trend_Up,Big,11,0,1,38,"0.000000,0.066667,0.133333,0.200000,0.266667,0.333333,0.400000,0.466667,0.533333,0.600000,0.666667,0.733333,0.800000,0.866667,0.933333,1.000000","0.542272,0.235146,0.580224,0.147280,0.510681,0.389253,0.554735,0.422182,0.582161,0.506107,0.625878,0.782554,0.457656,0.456324,0.585082,0.622464"
422,stim_0422.png,stim_0422.png,0.2217,0.237542,0.019093,16,0.15,6,Trend_Up,Big,11,0,0,0,"0.000000,0.066667,0.133333,0.200000,0.266667,0.333333,0.400000,0.466667,0.533333,0.600000,0.666667,0.733333,0.800000,0.866667,0.933333,1.000000","0.529683,0.271574,0.476226,0.532744,0.417331,0.481351,0.421704,0.476185,0.273828,0.387393,0.415812,0.861096,0.589135,0.460161,0.823302,0.582477"
423,stim_0423.png,stim_0423.png,0.2217,0.232911,0.018195,16,0.15,7,Trend_Up,Big,11,0,0,0,"0.000000,0.066667,0.133333,0.200000,0.266667,0.333333,0.400000,0.466667,0.533333,0.600000,0.666667,0.733333,0.800000,0.866667,0.933333,1.000000","0.357770,0.357248,0.587202,0.495765,0.386391,0.275076,0.394809,0.308860,0.551888,0.802070,0.679909,0.481796,0.682003,0.487461,0.721350,0.430403"
424,stim_0424.png,stim_0424.png,0.2217,0.215877,0.022422,18,0.15,0,Trend_Up,Big,11,0,0,4,"0.000000,0.058824,0.117647,0.176471,0.235294,0.294118,0.352941,0.411765,0.470588,0.529412,0.588235,0.647059,0.705882,0.764706,0.823529,0.882353,0.941176,1.000000","0.384675,0.379776,0.356962,0.719289,0.333194,0.432024,0.356898,0.772492,0.335514,0.524093,0.393180,0.683878,0.249510,0.560330,0.459827,0.737416,0.729451,0.591491"
425,stim_0425.png,stim_0425.png,0.2217,0.229015,0.014666,18,0.15,1,Trend_Up,Big,11,0,0,3,"0.000000,0.058824,0.117647,0.176471,0.235294,0.294118,0.352941,0.411765,0.470588,0.529412,0.588235,0.647059,0.705882,0.764706,0.823529,0.882353,0.941176,1.000000","0.329983,0.518642,0.546337,0.354214,0.565283,0.392914,0.110225,0.421771,0.402283,0.603276,0.592322,0.691405,0.595647,0.636321,0.539879,0.458591,0.615420,0.625486"
426,stim_0426.png,stim_0426.png,0.2217,0.238353,0.026653,18,0.15,2,Trend_Up,Big,11,0,0,6,"0.000000,0.058824,0.117647,0.176471,0.235294,0.294118,0.352941,0.411765,0.470588,0.529412,0.588235,0.647059,0.705882,0.764706,0.823529,0.882353,0.941176,1.000000","0.589851,0.318688,0.443403,0.544653,0.392871,0.160813,0.252687,0.478471,0.587549,0.401872,0.457670,0.837847,0.474258,0.628050,0.882764,0.539109,0.359247,0.650197"
427,stim_0427.png,stim_0427.png,0.2217,0.237314,0.022776,18,0.15,3,Trend_Up,Big,11,0,0,1,"0.000000,0.058824,0.117647,0.176471,0.235294,0.294118,0.352941,0.411765,0.470588,0.529412,0.588235,0.647059,0.705882,0.764706,0.823529,0.882353,0.941176,1.000000","0.206879,0.492102,0.366338,0.269096,0.314428,0.697352,0.366433,0.724370,0.434642,0.599068,0.718790,0.666833,0.301466,0.613394,0.554520,0.719199,0.553599,0.401492"
428,stim_0428.png,stim_0428.png,0.2217,0.216376,0.027729,18,0.15,4,Trend_Up,Big,11,0,0,0,"0.000000,0.058824,0.117647,0.176471,0.235294,0.294118,0.352941,0.411765,0.470588,0.529412,0.588235,0.647059,0.705882,0.764706,0.823529,0.882353,0.941176,1.000000","0.622373,0.534187,0.492002,0.525559,0.183525,0.520503,0.433646,0.191228,0.405513,0.428004,0.314063,0.605654,0.398136,0.751765,0.459274,0.483293,0.905676,0.745598"
429,stim_0429.png,stim_0429.png,0.2217,0.231369,0.01918,18,0.15,5,Trend_Up,Big,11,0,0,7,"0.000000,0.058824,0.117647,0.176471,0.235294,0.294118,0.352941,0.411765,0.470588,0.529412,0.588235,0.647059,0.705882,0.764706,0.823529,0.882353,0.941176,1.000000","0.405055,0.534238,0.275759,0.515960,0.414192,0.148429,0.551413,0.357806,0.688867,0.378326,0.677792,0.683341,0.532842,0.584046,0.413969,0.607408,0.775080,0.455479"
430,stim_0430.png,stim_0430.png,0.2217,0.227596,0.013519,18,0.15,6,Trend_Up,Big,11,0,0,2,"0.000000,0.058824,0.117647,0.176471,0.235294,0.294118,0.352941,0.411765,0.470588,0.529412,0.588235,0.647059,0.705882,0.764706,0.823529,0.882353,0.941176,1.000000","0.187004,0.481060,0.607348,0.338150,0.595095,0.312673,0.394313,0.532100,0.526121,0.571261,0.452837,0.550409,0.468540,0.701494,0.590767,0.519435,0.409081,0.762312"
431,stim_0431.png,stim_0431.png,0.2217,0.207847,0.023912,18,0.15,7,Trend_Up,Big,11,0,0,3,"0.000000,0.058824,0.117647,0.176471,0.235294,0.294118,0.352941,0.411765,0.470588,0.529412,0.588235,0.647059,0.705882,0.764706,0.823529,0.882353,0.941176,1.000000","0.262605,0.270114,0.601639,0.583472,0.440288,0.391115,0.449401,0.436500,0.503043,0.280993,0.484332,0.813949,0.941266,0.491223,0.589256,0.433616,0.515943,0.511243"
432,stim_0432.png,stim_0432.png,0.2217,0.220271,0.034469,20,0.15,0,Trend_Up,Big,11,0,0,4,"0.000000,0.052632,0.105263,0.157895,0.210526,0.263158,0.315789,0.368421,0.421053,0.473684,0.526316,0.578947,0.631579,0.684211,0.736842,0.789474,0.842105,0.894737,0.947368,1.000000","0.125907,0.525257,0.337420,0.779801,0.377780,0.622675,0.622877,0.256471,0.188476,0.534934,0.681287,0.563576,0.242286,0.482880,0.535703,0.867297,0.342418,0.568022,0.704456,0.640476"
433,stim_0433.png,stim_0433.png,0.2217,0.22935,0.012679,20,0.15,1,Trend_Up,Big,11,0,0,0,"0.000000,0.052632,0.105263,0.157895,0.210526,0.263158,0.315789,0.368421,0.421053,0.473684,0.526316,0.578947,0.631579,0.684211,0.736842,0.789474,0.842105,0.894737,0.947368,1.000000","0.383491,0.136803,0.473286,0.445987,0.554034,0.619640,0.573489,0.487521,0.346169,0.385645,0.565292,0.506456,0.533180,0.597268,0.443084,0.614528,0.487896,0.477583,0.539390,0.829257"
434,stim_0434.png,stim_0434.png,0.2217,0.225583,0.013391,20,0.15,2,Trend_Up,Big,11,0,0,21,"0.000000,0.052632,0.105263,0.157895,0.210526,0.263158,0.315789,0.368421,0.421053,0.473684,0.526316,0.578947,0.631579,0.684211,0.736842,0.789474,0.842105,0.894737,0.947368,1.000000","0.326431,0.372414,0.348003,0.566483,0.469971,0.518991,0.553969,0.216075,0.549013,0.553653,0.337711,0.487295,0.748177,0.448169,0.538897,0.555343,0.653384,0.700834,0.391897,0.663292"
435,stim_0435.png,stim_0435.png,0.2217,0.228539,0.020621,20,0.15,3,Trend_Up,Big,11,0,0,0,"0.000000,0.052632,0.105263,0.157895,0.210526,0.263158,0.315789,0.368421,0.421053,0.473684,0.526316,0.578947,0.631579,0.684211,0.736842,0.789474,0.842105,0.894737,0.947368,1.000000","0.348256,0.355544,0.490778,0.175006,0.315986,0.587142,0.584094,0.705151,0.542859,0.441178,0.548842,0.429564,0.400523,0.580231,0.381121,0.623136,0.738043,0.705976,0.757767,0.288804"
436,stim_0436.png,stim_0436.png,0.2217,0.23562,0.012136,20,0.15,4,Trend_Up,Big,11,0,0,3,"0.000000,0.052632,0.105263,0.157895,0.210526,0.263158,0.315789,0.368421,0.421053,0.473684,0.526316,0.578947,0.631579,0.684211,0.736842,0.789474,0.842105,0.894737,0.947368,1.000000","0.331859,0.236474,0.327439,0.587684,0.480272,0.676528,0.451154,0.394550,0.494744,0.498755,0.501634,0.461474,0.638220,0.500152,0.357001,0.718025,0.471393,0.636472,0.498060,0.738109"
437,stim_0437.png,stim_0437.png,0.2217,0.224745,0.016732,20,0.15,5,Trend_Up,Big,11,0,0,3,"0.000000,0.052632,0.105263,0.157895,0.210526,0.263158,0.315789,0.368421,0.421053,0.473684,0.526316,0.578947,0.631579,0.684211,0.736842,0.789474,0.842105,0.894737,0.947368,1.000000","0.393873,0.595627,0.517931,0.315310,0.299599,0.569526,0.416792,0.298589,0.407651,0.188072,0.700812,0.521612,0.604124,0.561773,0.651209,0.549403,0.609707,0.731742,0.419683,0.646965"
438,stim_0438.png,stim_0438.png,0.2217,0.221651,0.021725,20,0.15,6,Trend_Up,Big,11,0,0,8,"0.000000,0.052632,0.105263,0.157895,0.210526,0.263158,0.315789,0.368421,0.421053,0.473684,0.526316,0.578947,0.631579,0.684211,0.736842,0.789474,0.842105,0.894737,0.947368,1.000000","0.360386,0.479014,0.156724,0.626809,0.389507,0.539899,0.214026,0.466216,0.476537,0.843413,0.673152,0.484255,0.436267,0.372475,0.627862,0.434019,0.678409,0.478394,0.536683,0.725952"
439,stim_0439.png,stim_0439.png,0.2217,0.208909,0.020345,20,0.15,7,Trend_Up,Big,11,0,0,2,"0.000000,0.052632,0.105263,0.157895,0.210526,0.263158,0.315789,0.368421,0.421053,0.473684,0.526316,0.578947,0.631579,0.684211,0.736842,0.789474,0.842105,0.894737,0.947368,1.000000","0.655030,0.300289,0.338903,0.443409,0.222810,0.660668,0.343517,0.331666,0.690944,0.513067,0.538418,0.284754,0.619640,0.454835,0.468381,0.752619,0.700350,0.556194,0.457151,0.667354"
440,stim_0440.png,stim_0440.png,0.2217,0.209535,0.019361,22,0.15,0,Trend_Up,Big,11,0,0,5,"0.000000,0.047619,0.095238,0.142857,0.190476,0.238095,0.285714,0.333333,0.380952,0.428571,0.476190,0.523810,0.571429,0.619048,0.666667,0.714286,0.761905,0.809524,0.857143,0.904762,0.952381,1.000000","0.457157,0.359168,0.497537,0.305701,0.352725,0.244669,0.827053,0.370478,0.558587,0.307972,0.394237,0.659739,0.465348,0.521261,0.656787,0.563208,0.804663,0.437164,0.632388,0.554563,0.417104,0.612493"
441,stim_0441.png,stim_0441.png,0.2217,0.220781,0.020463,22,0.15,1,Trend_Up,Big,11,0,1,6,"0.000000,0.047619,0.095238,0.142857,0.190476,0.238095,0.285714,0.333333,0.380952,0.428571,0.476190,0.523810,0.571429,0.619048,0.666667,0.714286,0.761905,0.809524,0.857143,0.904762,0.952381,1.000000","0.454995,0.375265,0.582912,0.295798,0.450007,0.595135,0.201601,0.407012,0.373204,0.526189,0.521016,0.344486,0.524972,0.448949,0.905996,0.420658,0.591607,0.711502,0.444192,0.757493,0.660265,0.406747"
442,stim_0442.png,stim_0442.png,0.2217,0.233096,0.018736,22,0.15,2,Trend_Up,Big,11,0,0,9,"0.000000,0.047619,0.095238,0.142857,0.190476,0.238095,0.285714,0.333333,0.380952,0.428571,0.476190,0.523810,0.571429,0.619048,0.666667,0.714286,0.761905,0.809524,0.857143,0.904762,0.952381,1.000000","0.200722,0.460312,0.273002,0.262385,0.607187,0.358937,0.778249,0.516275,0.674595,0.568663,0.502169,0.338046,0.682719,0.361121,0.476349,0.404474,0.437896,0.566102,0.616175,0.582146,0.613554,0.718923"
443,stim_0443.png,stim_0443.png,0.2217,0.237834,0.01789,22,0.15,3,Trend_Up,Big,11,0,0,1,"0.000000,0.047619,0.095238,0.142857,0.190476,0.238095,0.285714,0.333333,0.380952,0.428571,0.476190,0.523810,0.571429,0.619048,0.666667,0.714286,0.761905,0.809524,0.857143,0.904762,0.952381,1.000000","0.244739,0.525805,0.345818,0.498649,0.239935,0.377081,0.644314,0.574313,0.478445,0.489381,0.547898,0.553328,0.527571,0.144064,0.676889,0.528321,0.527598,0.817838,0.441315,0.597663,0.562322,0.656715"
444,stim_0444.png,stim_0444.png,0.2217,0.22628,0.012387,22,0.15,4,Trend_Up,Big,11,0,0,1,"0.000000,0.047619,0.095238,0.142857,0.190476,0.238095,0.285714,0.333333,0.380952,0.428571,0.476190,0.523810,0.571429,0.619048,0.666667,0.714286,0.761905,0.809524,0.857143,0.904762,0.952381,1.000000","0.422156,0.555941,0.432135,0.164907,0.354116,0.592184,0.446824,0.449538,0.434370,0.520888,0.562084,0.513336,0.617570,0.294409,0.484386,0.615463,0.595997,0.534669,0.386635,0.572471,0.670625,0.779297"
445,stim_0445.png,stim_0445.png,0.2217,0.233286,0.020367,22,0.15,5,Trend_Up,Big,11,0,0,4,"0.000000,0.047619,0.095238,0.142857,0.190476,0.238095,0.285714,0.333333,0.380952,0.428571,0.476190,0.523810,0.571429,0.619048,0.666667,0.714286,0.761905,0.809524,0.857143,0.904762,0.952381,1.000000","0.222737,0.292810,0.613570,0.496591,0.562934,0.396092,0.461360,0.436334,0.386156,0.449608,0.565438,0.558920,0.310649,0.286064,0.817341,0.600801,0.500595,0.813032,0.541992,0.618303,0.343961,0.724711"
446,stim_0446.png,stim_0446.png,0.2217,0.238232,0.030469,22,0.15,6,Trend_Up,Big,11,0,0,6,"0.000000,0.047619,0.095238,0.142857,0.190476,0.238095,0.285714,0.333333,0.380952,0.428571,0.476190,0.523810,0.571429,0.619048,0.666667,0.714286,0.761905,0.809524,0.857143,0.904762,0.952381,1.000000","0.274719,0.503012,0.373395,0.159463,0.262474,0.466278,0.315574,0.783947,0.723694,0.609606,0.537307,0.710400,0.562515,0.229153,0.726917,0.489403,0.311950,0.661255,0.350505,0.801051,0.512252,0.635129"
447,stim_0447.png,stim_0447.png,0.2217,0.227145,0.032746,22,0.15,7,Trend_Up,Big,11,0,1,12,"0.000000,0.047619,0.095238,0.142857,0.190476,0.238095,0.285714,0.333333,0.380952,0.428571,0.476190,0.523810,0.571429,0.619048,0.666667,0.714286,0.761905,0.809524,0.857143,0.904762,0.952381,1.000000","0.217478,0.604971,0.452387,0.521654,0.451254,0.630483,0.209813,0.372864,0.420916,0.458460,0.565165,0.376968,0.024720,0.581259,0.691251,0.670166,0.916212,0.550201,0.526476,0.680314,0.729990,0.346999"
448,stim_0448.png,stim_0448.png,0.3153,0.304531,0.023989,8,0.15,0,Trend_Up,Small,11,0,0,2,"0.000000,0.142857,0.285714,0.428571,0.571429,0.714286,0.857143,1.000000","0.353910,0.211637,0.451513,0.841323,0.429480,0.509483,0.495359,0.707295"
449,stim_0449.png,stim_0449.png,0.3153,0.305005,0.021434,8,0.15,1,Trend_Up,Small,11,0,1,29,"0.000000,0.142857,0.285714,0.428571,0.571429,0.714286,0.857143,1.000000","0.380116,0.446764,0.417410,0.506181,0.448194,0.516348,0.339522,0.945465"
450,stim_0450.png,stim_0450.png,0.3153,0.301881,0.011449,8,0.15,2,Trend_Up,Small,11,0,0,3,"0.000000,0.142857,0.285714,0.428571,0.571429,0.714286,0.857143,1.000000","0.275811,0.339496,0.589361,0.483652,0.519715,0.494494,0.791510,0.505960"
451,stim_0451.png,stim_0451.png,0.3153,0.304977,0.014367,8,0.15,3,Trend_Up,Small,11,0,0,2,"0.000000,0.142857,0.285714,0.428571,0.571429,0.714286,0.857143,1.000000","0.194659,0.401901,0.520121,0.587447,0.706176,0.424813,0.477580,0.687305"
452,stim_0452.png,stim_0452.png,0.3153,0.331337,0.022074,8,0.15,4,Trend_Up,Small,11,0,0,30,"0.000000,0.142857,0.285714,0.428571,0.571429,0.714286,0.857143,1.000000","0.136948,0.558141,0.334974,0.635317,0.530816,0.742196,0.411524,0.650085"
453,stim_0453.png,stim_0453.png,0.3153,0.302571,0.010896,8,0.15,5,Trend_Up,Small,11,0,1,23,"0.000000,0.142857,0.285714,0.428571,0.571429,0.714286,0.857143,1.000000","0.446791,0.220005,0.376245,0.538754,0.548211,0.696779,0.662577,0.510639"
454,stim_0454.png,stim_0454.png,0.3153,0.332882,0.018995,8,0.15,6,Trend_Up,Small,11,0,2,46,"0.000000,0.142857,0.285714,0.428571,0.571429,0.714286,0.857143,1.000000","0.112842,0.362949,0.579514,0.666484,0.646895,0.449119,0.632689,0.549508"
455,stim_0455.png,stim_0455.png,0.3153,0.334079,0.013687,8,0.15,7,Trend_Up,Small,11,0,1,2,"0.000000,0.142857,0.285714,0.428571,0.571429,0.714286,0.857143,1.000000","0.482538,0.300841,0.387258,0.333532,0.435669,0.763457,0.708375,0.588331"
456,stim_0456.png,stim_0456.png,0.3153,0.314279,0.023536,10,0.15,0,Trend_Up,Small,11,0,0,1,"0.000000,0.111111,0.222222,0.333333,0.444444,0.555556,0.666667,0.777778,0.888889,1.000000","0.244374,0.364108,0.288076,0.814547,0.406024,0.506021,0.519372,0.596743,0.797256,0.463479"
457,stim_0457.png,stim_0457.png,0.3153,0.320419,0.016971,10,0.15,1,Trend_Up,Small,11,0,0,0,"0.000000,0.111111,0.222222,0.333333,0.444444,0.555556,0.666667,0.777778,0.888889,1.000000","0.205595,0.335109,0.462021,0.611044,0.631440,0.593590,0.404164,0.341592,0.703945,0.711499"
458,stim_0458.png,stim_0458.png,0.3153,0.302314,0.015145,10,0.15,2,Trend_Up,Small,11,0,0,31,"0.000000,0.111111,0.222222,0.333333,0.444444,0.555556,0.666667,0.777778,0.888889,1.000000","0.369558,0.423092,0.361575,0.400895,0.601112,0.510757,0.388279,0.480274,0.907666,0.556793"
459,stim_0459.png,stim_0459.png,0.3153,0.310887,0.01704,10,0.15,3,Trend_Up,Small,11,0,1,21,"0.000000,0.111111,0.222222,0.333333,0.444444,0.555556,0.666667,0.777778,0.888889,1.000000","0.247404,0.529563,0.557974,0.170997,0.609713,0.389443,0.570259,0.625351,0.687439,0.611855"
460,stim_0460.png,stim_0460.png,0.3153,0.318932,0.023059,10,0.15,4,Trend_Up,Small,11,0,0,2,"0.000000,0.111111,0.222222,0.333333,0.444444,0.555556,0.666667,0.777778,0.888889,1.000000","0.089994,0.456003,0.407833,0.761887,0.356929,0.513435,0.633480,0.644873,0.663765,0.471801"
461,stim_0461.png,stim_0461.png,0.3153,0.323079,0.012099,10,0.15,5,Trend_Up,Small,11,0,0,11,"0.000000,0.111111,0.222222,0.333333,0.444444,0.555556,0.666667,0.777778,0.888889,1.000000","0.283927,0.534275,0.312801,0.553398,0.364662,0.422900,0.672165,0.592367,0.482768,0.780737"
462,stim_0462.png,stim_0462.png,0.3153,0.332179,0.016338,10,0.15,6,Trend_Up,Small,11,0,0,17,"0.000000,0.111111,0.222222,0.333333,0.444444,0.555556,0.666667,0.777778,0.888889,1.000000","0.164999,0.447060,0.308994,0.564326,0.506496,0.585850,0.822663,0.475616,0.549540,0.574456"
463,stim_0463.png,stim_0463.png,0.3153,0.333397,0.034611,10,0.15,7,Trend_Up,Small,11,0,0,0,"0.000000,0.111111,0.222222,0.333333,0.444444,0.555556,0.666667,0.777778,0.888889,1.000000","0.463381,0.034998,0.355960,0.646900,0.446598,0.889994,0.443250,0.473833,0.549953,0.695135"
464,stim_0464.png,stim_0464.png,0.3153,0.330953,0.012108,12,0.15,0,Trend_Up,Small,11,0,0,4,"0.000000,0.090909,0.181818,0.272727,0.363636,0.454545,0.545455,0.636364,0.727273,0.818182,0.909091,1.000000","0.202938,0.392209,0.536384,0.517071,0.435911,0.297377,0.647749,0.393441,0.679164,0.589503,0.714533,0.593720"
465,stim_0465.png,stim_0465.png,0.3153,0.319609,0.018692,12,0.15,1,Trend_Up,Small,11,0,0,6,"0.000000,0.090909,0.181818,0.272727,0.363636,0.454545,0.545455,0.636364,0.727273,0.818182,0.909091,1.000000","0.403109,0.259734,0.579114,0.284573,0.378949,0.291119,0.611413,0.837702,0.583275,0.549872,0.668149,0.552992"
466,stim_0466.png,stim_0466.png,0.3153,0.313953,0.015596,12,0.15,2,Trend_Up,Small,11,0,0,2,"0.000000,0.090909,0.181818,0.272727,0.363636,0.454545,0.545455,0.636364,0.727273,0.818182,0.909091,1.000000","0.353282,0.644976,0.437136,0.273000,0.438020,0.320872,0.379969,0.469001,0.510379,0.698322,0.769528,0.705516"
467,stim_0467.png,stim_0467.png,0.3153,0.313895,0.026938,12,0.15,3,Trend_Up,Small,11,0,0,6,"0.000000,0.090909,0.181818,0.272727,0.363636,0.454545,0.545455,0.636364,0.727273,0.818182,0.909091,1.000000","0.508840,0.278091,0.613675,0.062004,0.506136,0.322089,0.690361,0.554563,0.561448,0.605022,0.482193,0.815580"
468,stim_0468.png,stim_0468.png,0.3153,0.307825,0.013232,12,0.15,4,Trend_Up,Small,11,0,0,0,"0.000000,0.090909,0.181818,0.272727,0.363636,0.454545,0.545455,0.636364,0.727273,0.818182,0.909091,1.000000","0.359201,0.411763,0.261186,0.480027,0.580569,0.457687,0.606605,0.492609,0.535761,0.393625,0.530452,0.890516"
469,stim_0469.png,stim_0469.png,0.3153,0.29867,0.014305,12,0.15,5,Trend_Up,Small,11,0,0,24,"0.000000,0.090909,0.181818,0.272727,0.363636,0.454545,0.545455,0.636364,0.727273,0.818182,0.909091,1.000000","0.229170,0.371408,0.354663,0.574827,0.420114,0.359322,0.673357,0.718591,0.712770,0.580682,0.454196,0.550899"
470,stim_0470.png,stim_0470.png,0.3153,0.311607,0.021457,12,0.15,6,Trend_Up,Small,11,0,0,0,"0.000000,0.090909,0.181818,0.272727,0.363636,0.454545,0.545455,0.636364,0.727273,0.818182,0.909091,1.000000","0.550278,0.253571,0.161009,0.461429,0.386806,0.522153,0.799185,0.372673,0.714706,0.592131,0.564285,0.621775"
471,stim_0471.png,stim_0471.png,0.3153,0.298416,0.023327,12,0.15,7,Trend_Up,Small,11,0,0,5,"0.000000,0.090909,0.181818,0.272727,0.363636,0.454545,0.545455,0.636364,0.727273,0.818182,0.909091,1.000000","0.174012,0.337980,0.283205,0.600657,0.413531,0.712341,0.613519,0.769976,0.575418,0.372941,0.684165,0.462255"
472,stim_0472.png,stim_0472.png,0.3153,0.332101,0.022986,14,0.15,0,Trend_Up,Small,11,0,0,13,"0.000000,0.076923,0.153846,0.230769,0.307692,0.384615,0.461538,0.538462,0.615385,0.692308,0.769231,0.846154,0.923077,1.000000","0.048650,0.548760,0.442707,0.583420,0.428579,0.572532,0.255820,0.658147,0.375277,0.383829,0.684443,0.714532,0.695490,0.607813"
473,stim_0473.png,stim_0473.png,0.3153,0.323957,0.019025,14,0.15,1,Trend_Up,Small,11,0,0,7,"0.000000,0.076923,0.153846,0.230769,0.307692,0.384615,0.461538,0.538462,0.615385,0.692308,0.769231,0.846154,0.923077,1.000000","0.276162,0.655299,0.104336,0.408174,0.525437,0.572388,0.540554,0.466245,0.409548,0.369407,0.552512,0.705379,0.664577,0.749982"
474,stim_0474.png,stim_0474.png,0.3153,0.331876,0.014238,14,0.15,2,Trend_Up,Small,11,0,0,37,"0.000000,0.076923,0.153846,0.230769,0.307692,0.384615,0.461538,0.538462,0.615385,0.692308,0.769231,0.846154,0.923077,1.000000","0.426248,0.366459,0.562360,0.356073,0.252777,0.416059,0.419097,0.357746,0.608583,0.665940,0.700591,0.391821,0.731040,0.745205"
475,stim_0475.png,stim_0475.png,0.3153,0.324586,0.020257,14,0.15,3,Trend_Up,Small,11,0,0,50,"0.000000,0.076923,0.153846,0.230769,0.307692,0.384615,0.461538,0.538462,0.615385,0.692308,0.769231,0.846154,0.923077,1.000000","0.287147,0.304760,0.400819,0.506670,0.266216,0.633235,0.405501,0.371695,0.785862,0.722650,0.655158,0.434224,0.769671,0.456391"
476,stim_0476.png,stim_0476.png,0.3153,0.318196,0.021782,14,0.15,4,Trend_Up,Small,11,0,0,2,"0.000000,0.076923,0.153846,0.230769,0.307692,0.384615,0.461538,0.538462,0.615385,0.692308,0.769231,0.846154,0.923077,1.000000","0.108927,0.355023,0.642347,0.434054,0.562699,0.435566,0.340886,0.457126,0.776234,0.346875,0.655735,0.579532,0.776169,0.528826"
477,stim_0477.png,stim_0477.png,0.3153,0.307118,0.015449,14,0.15,5,Trend_Up,Small,11,0,0,1,"0.000000,0.076923,0.153846,0.230769,0.307692,0.384615,0.461538,0.538462,0.615385,0.692308,0.769231,0.846154,0.923077,1.000000","0.487729,0.420738,0.204443,0.402299,0.556058,0.223526,0.591165,0.559133,0.421419,0.548737,0.523426,0.782429,0.741363,0.537534"
478,stim_0478.png,stim_0478.png,0.3153,0.303585,0.016776,14,0.15,6,Trend_Up,Small,11,0,0,16,"0.000000,0.076923,0.153846,0.230769,0.307692,0.384615,0.461538,0.538462,0.615385,0.692308,0.769231,0.846154,0.923077,1.000000","0.502240,0.252950,0.440904,0.390389,0.603283,0.520452,0.154767,0.505349,0.374134,0.584516,0.601067,0.764606,0.619136,0.686207"
479,stim_0479.png,stim_0479.png,0.3153,0.321479,0.02928,14,0.15,7,Trend_Up,Small,11,0,0,3,"0.000000,0.076923,0.153846,0.230769,0.307692,0.384615,0.461538,0.538462,0.615385,0.692308,0.769231,0.846154,0.923077,1.000000","0.402741,0.310395,0.652373,0.189551,0.290290,0.554543,0.366775,0.644650,0.277844,0.667962,0.602366,0.859825,0.770034,0.410651"
480,stim_0480.png,stim_0480.png,0.3153,0.298159,0.012,16,0.15,0,Trend_Up,Big,11,0,0,13,"0.000000,0.066667,0.133333,0.200000,0.266667,0.333333,0.400000,0.466667,0.533333,0.600000,0.666667,0.733333,0.800000,0.866667,0.933333,1.000000","0.151234,0.367650,0.607333,0.408180,0.453803,0.314853,0.543421,0.472685,0.518184,0.702225,0.603482,0.425289,0.571130,0.719161,0.509093,0.632277"
481,stim_0481.png,stim_0481.png,0.3153,0.327067,0.015515,16,0.15,1,Trend_Up,Big,11,0,0,6,"0.000000,0.066667,0.133333,0.200000,0.266667,0.333333,0.400000,0.466667,0.533333,0.600000,0.666667,0.733333,0.800000,0.866667,0.933333,1.000000","0.424785,0.418553,0.298678,0.440665,0.390857,0.471183,0.469801,0.408496,0.339675,0.601422,0.670925,0.576324,0.586284,0.312750,0.646194,0.943407"
482,stim_0482.png,stim_0482.png,0.3153,0.296521,0.012166,16,0.15,2,Trend_Up,Big,11,0,0,2,"0.000000,0.066667,0.133333,0.200000,0.266667,0.333333,0.400000,0.466667,0.533333,0.600000,0.666667,0.733333,0.800000,0.866667,0.933333,1.000000","0.388001,0.306615,0.406697,0.171313,0.555603,0.547133,0.470424,0.547771,0.453831,0.542412,0.641111,0.574472,0.749154,0.372501,0.697266,0.575697"
483,stim_0483.png,stim_0483.png,0.3153,0.324889,0.020647,16,0.15,3,Trend_Up,Big,11,0,1,4,"0.000000,0.066667,0.133333,0.200000,0.266667,0.333333,0.400000,0.466667,0.533333,0.600000,0.666667,0.733333,0.800000,0.866667,0.933333,1.000000","0.311047,0.112529,0.681453,0.289647,0.423339,0.558755,0.388279,0.679165,0.702841,0.445022,0.473509,0.405716,0.472648,0.618009,0.653603,0.784440"
484,stim_0484.png,stim_0484.png,0.3153,0.298174,0.017529,16,0.15,4,Trend_Up,Big,11,0,0,2,"0.000000,0.066667,0.133333,0.200000,0.266667,0.333333,0.400000,0.466667,0.533333,0.600000,0.666667,0.733333,0.800000,0.866667,0.933333,1.000000","0.259933,0.203851,0.595452,0.412398,0.621126,0.411098,0.445047,0.583944,0.535747,0.427885,0.352576,0.482500,0.795365,0.484170,0.813642,0.575267"
485,stim_0485.png,stim_0485.png,0.3153,0.32995,0.028212,16,0.15,5,Trend_Up,Big,11,0,0,31,"0.000000,0.066667,0.133333,0.200000,0.266667,0.333333,0.400000,0.466667,0.533333,0.600000,0.666667,0.733333,0.800000,0.866667,0.933333,1.000000","0.500931,0.436778,0.568377,0.395290,0.185351,0.378990,0.505898,0.480606,0.119197,0.490300,0.518559,0.455997,0.792465,0.505994,0.950871,0.714396"
486,stim_0486.png,stim_0486.png,0.3153,0.316074,0.029313,16,0.15,6,Trend_Up,Big,11,0,2,9,"0.000000,0.066667,0.133333,0.200000,0.266667,0.333333,0.400000,0.466667,0.533333,0.600000,0.666667,0.733333,0.800000,0.866667,0.933333,1.000000","0.500530,0.150770,0.631098,0.457457,0.408112,0.328270,0.254386,0.544828,0.347683,0.651939,0.653140,0.689803,0.294048,0.697903,0.454872,0.935162"
487,stim_0487.png,stim_0487.png,0.3153,0.302197,0.012733,16,0.15,7,Trend_Up,Big,11,0,0,25,"0.000000,0.066667,0.133333,0.200000,0.266667,0.333333,0.400000,0.466667,0.533333,0.600000,0.666667,0.733333,0.800000,0.866667,0.933333,1.000000","0.362991,0.429139,0.280983,0.519344,0.480745,0.283544,0.430463,0.315246,0.678022,0.659981,0.422144,0.673319,0.734833,0.469415,0.639360,0.620471"
488,stim_0488.png,stim_0488.png,0.3153,0.296403,0.029211,18,0.15,0,Trend_Up,Big,11,0,0,1,"0.000000,0.058824,0.117647,0.176471,0.235294,0.294118,0.352941,0.411765,0.470588,0.529412,0.588235,0.647059,0.705882,0.764706,0.823529,0.882353,0.941176,1.000000","0.162040,0.659268,0.391605,0.347803,0.537528,0.179713,0.560529,0.528568,0.315940,0.558042,0.561131,0.614890,0.484374,0.364475,0.881109,0.528146,0.905853,0.418984"
489,stim_0489.png,stim_0489.png,0.3153,0.302072,0.021766,18,0.15,1,Trend_Up,Big,11,0,0,6,"0.000000,0.058824,0.117647,0.176471,0.235294,0.294118,0.352941,0.411765,0.470588,0.529412,0.588235,0.647059,0.705882,0.764706,0.823529,0.882353,0.941176,1.000000","0.511907,0.294311,0.336019,0.561269,0.116621,0.496504,0.698336,0.448239,0.340631,0.477522,0.293601,0.585106,0.535863,0.756240,0.711867,0.437721,0.776288,0.621956"
490,stim_0490.png,stim_0490.png,0.3153,0.318421,0.016996,18,0.15,2,Trend_Up,Big,11,0,0,0,"0.000000,0.058824,0.117647,0.176471,0.235294,0.294118,0.352941,0.411765,0.470588,0.529412,0.588235,0.647059,0.705882,0.764706,0.823529,0.882353,0.941176,1.000000","0.424064,0.352817,0.529363,0.468570,0.069393,0.333255,0.367473,0.565375,0.497801,0.524059,0.783984,0.509863,0.599335,0.509883,0.521916,0.546714,0.558169,0.837966"
491,stim_0491.png,stim_0491.png,0.3153,0.319465,0.025198,18,0.15,3,Trend_Up,Big,11,0,0,0,"0.000000,0.058824,0.117647,0.176471,0.235294,0.294118,0.352941,0.411765,0.470588,0.529412,0.588235,0.647059,0.705882,0.764706,0.823529,0.882353,0.941176,1.000000","0.290988,0.375790,0.149584,0.374565,0.531678,0.331916,0.329171,0.704635,0.727509,0.423895,0.893819,0.571605,0.661841,0.389015,0.441644,0.525269,0.520244,0.756831"
492,stim_0492.png,stim_0492.png,0.3153,0.298869,0.027043,18,0.15,4,Trend_Up,Big,11,0,0,9,"0.000000,0.058824,0.117647,0.176471,0.235294,0.294118,0.352941,0.411765,0.470588,0.529412,0.588235,0.647059,0.705882,0.764706,0.823529,0.882353,0.941176,1.000000","0.282844,0.531656,0.238974,0.334029,0.587955,0.361262,0.424960,0.733025,0.310366,0.642193,0.341367,0.280632,0.912939,0.521634,0.739801,0.454784,0.638614,0.662964"
493,stim_0493.png,stim_0493.png,0.3153,0.322479,0.012936,18,0.15,5,Trend_Up,Big,11,0,0,24,"0.000000,0.058824,0.117647,0.176471,0.235294,0.294118,0.352941,0.411765,0.470588,0.529412,0.588235,0.647059,0.705882,0.764706,0.823529,0.882353,0.941176,1.000000","0.515270,0.433545,0.514642,0.374291,0.243925,0.237190,0.434842,0.376285,0.258710,0.541769,0.665753,0.589205,0.542450,0.695556,0.559987,0.668462,0.720536,0.627584"
494,stim_0494.png,stim_0494.png,0.3153,0.330904,0.022801,18,0.15,6,Trend_Up,Big,11,0,0,1,"0.000000,0.058824,0.117647,0.176471,0.235294,0.294118,0.352941,0.411765,0.470588,0.529412,0.588235,0.647059,0.705882,0.764706,0.823529,0.882353,0.941176,1.000000","0.453579,0.603938,0.403930,0.189581,0.347686,0.418924,0.279303,0.483253,0.558622,0.384020,0.237830,0.649028,0.603866,0.770956,0.776968,0.372850,0.691896,0.773767"
495,stim_0495.png,stim_0495.png,0.3153,0.318655,0.02062,18,0.15,7,Trend_Up,Big,11,0,0,4,"0.000000,0.058824,0.117647,0.176471,0.235294,0.294118,0.352941,0.411765,0.470588,0.529412,0.588235,0.647059,0.705882,0.764706,0.823529,0.882353,0.941176,1.000000","0.369019,0.241677,0.426324,0.461015,0.263279,0.450311,0.738694,0.423143,0.306265,0.467358,0.805151,0.501071,0.641462,0.548030,0.360116,0.510528,0.607104,0.879452"
496,stim_0496.png,stim_0496.png,0.3153,0.311877,0.011445,20,0.15,0,Trend_Up,Big,11,0,1,3,"0.000000,0.052632,0.105263,0.157895,0.210526,0.263158,0.315789,0.368421,0.421053,0.473684,0.526316,0.578947,0.631579,0.684211,0.736842,0.789474,0.842105,0.894737,0.947368,1.000000","0.566459,0.342274,0.342917,0.350347,0.390805,0.380495,0.479972,0.285851,0.478671,0.370897,0.491605,0.596598,0.712491,0.497022,0.521660,0.766633,0.409104,0.582879,0.657594,0.775726"
497,stim_0497.png,stim_0497.png,0.3153,0.302927,0.015514,20,0.15,1,Trend_Up,Big,11,0,0,6,"0.000000,0.052632,0.105263,0.157895,0.210526,0.263158,0.315789,0.368421,0.421053,0.473684,0.526316,0.578947,0.631579,0.684211,0.736842,0.789474,0.842105,0.894737,0.947368,1.000000","0.307211,0.491897,0.214195,0.515874,0.613437,0.406015,0.533403,0.346019,0.590772,0.364297,0.336069,0.439467,0.419619,0.553616,0.690811,0.521582,0.561638,0.489104,0.694520,0.910454"
498,stim_0498.png,stim_0498.png,0.3153,0.326461,0.015234,20,0.15,2,Trend_Up,Big,11,0,0,1,"0.000000,0.052632,0.105263,0.157895,0.210526,0.263158,0.315789,0.368421,0.421053,0.473684,0.526316,0.578947,0.631579,0.684211,0.736842,0.789474,0.842105,0.894737,0.947368,1.000000","0.266890,0.292855,0.522090,0.242945,0.400486,0.431335,0.546261,0.422263,0.466236,0.700541,0.301902,0.769966,0.633387,0.482690,0.473822,0.604368,0.530387,0.472850,0.590272,0.848455"
499,stim_0499.png,stim_0499.png,0.3153,0.305053,0.011955,20,0.15,3,Trend_Up,Big,11,0,0,8,"0.000000,0.052632,0.105263,0.157895,0.210526,0.263158,0.315789,0.368421,0.421053,0.473684,0.526316,0.578947,0.631579,0.684211,0.736842,0.789474,0.842105,0.894737,0.947368,1.000000","0.362880,0.158246,0.285103,0.474715,0.410424,0.399434,0.361213,0.583265,0.776726,0.570749,0.471306,0.619368,0.543621,0.512214,0.568972,0.452532,0.610588,0.700727,0.479447,0.658472"
500,stim_0500.png,stim_0500.png,0.3153,0.321876,0.016921,20,0.15,4,Trend_Up,Big,11,0,0,19,"0.000000,0.052632,0.105263,0.157895,0.210526,0.263158,0.315789,0.368421,0.421053,0.473684,0.526316,0.578947,0.631579,0.684211,0.736842,0.789474,0.842105,0.894737,0.947368,1.000000","0.224231,0.502294,0.255560,0.280959,0.381793,0.461666,0.446206,0.581562,0.572939,0.543494,0.601444,0.445221,0.454606,0.808294,0.335796,0.819835,0.440793,0.480041,0.638313,0.724952"
501,stim_0501.png,stim_0501.png,0.3153,0.316,0.017988,20,0.15,5,Trend_Up,Big,11,0,0,6,"0.000000,0.052632,0.105263,0.157895,0.210526,0.263158,0.315789,0.368421,0.421053,0.473684,0.526316,0.578947,0.631579,0.684211,0.736842,0.789474,0.842105,0.894737,0.947368,1.000000","0.377867,0.598705,0.202824,0.298455,0.355610,0.552409,0.407780,0.381845,0.526277,0.577675,0.468958,0.466672,0.198013,0.722636,0.598517,0.602103,0.796846,0.498116,0.779932,0.588763"
502,stim_0502.png,stim_0502.png,0.3153,0.318715,0.023786,20,0.15,6,Trend_Up,Big,11,0,0,7,"0.000000,0.052632,0.105263,0.157895,0.210526,0.263158,0.315789,0.368421,0.421053,0.473684,0.526316,0.578947,0.631579,0.684211,0.736842,0.789474,0.842105,0.894737,0.947368,1.000000","0.296596,0.437374,0.461109,0.465977,0.273558,0.348991,0.650701,0.066576,0.525305,0.724020,0.745792,0.225486,0.430546,0.544557,0.569016,0.626102,0.550063,0.680280,0.619216,0.758734"
503,stim_0503.png,stim_0503.png,0.3153,0.31877,0.015595,20,0.15,7,Trend_Up,Big,11,0,0,7,"0.000000,0.052632,0.105263,0.157895,0.210526,0.263158,0.315789,0.368421,0.421053,0.473684,0.526316,0.578947,0.631579,0.684211,0.736842,0.789474,0.842105,0.894737,0.947368,1.000000","0.433447,0.407243,0.456827,0.303865,0.201106,0.460976,0.502581,0.623482,0.454668,0.569501,0.253826,0.574178,0.564293,0.524602,0.319692,0.580482,0.514693,0.672298,0.682757,0.899481"
504,stim_0504.png,stim_0504.png,0.3153,0.326298,0.012509,22,0.15,0,Trend_Up,Big,11,0,0,2,"0.000000,0.047619,0.095238,0.142857,0.190476,0.238095,0.285714,0.333333,0.380952,0.428571,0.476190,0.523810,0.571429,0.619048,0.666667,0.714286,0.761905,0.809524,0.857143,0.904762,0.952381,1.000000","0.371201,0.413550,0.293444,0.481190,0.395934,0.309157,0.441610,0.550859,0.583095,0.421488,0.326708,0.521654,0.356244,0.574338,0.495131,0.556765,0.581334,0.667426,0.478126,0.692751,0.972375,0.515622"
505,stim_0505.png,stim_0505.png,0.3153,0.328703,0.020467,22,0.15,1,Trend_Up,Big,11,0,0,3,"0.000000,0.047619,0.095238,0.142857,0.190476,0.238095,0.285714,0.333333,0.380952,0.428571,0.476190,0.523810,0.571429,0.619048,0.666667,0.714286,0.761905,0.809524,0.857143,0.904762,0.952381,1.000000","0.338500,0.323070,0.229726,0.685388,0.371854,0.335466,0.418516,0.333643,0.551096,0.526413,0.634639,0.282376,0.523412,0.277954,0.715237,0.593183,0.650998,0.852292,0.410633,0.635743,0.776634,0.533225"
506,stim_0506.png,stim_0506.png,0.3153,0.328315,0.015888,22,0.15,2,Trend_Up,Big,11,0,0,1,"0.000000,0.047619,0.095238,0.142857,0.190476,0.238095,0.285714,0.333333,0.380952,0.428571,0.476190,0.523810,0.571429,0.619048,0.666667,0.714286,0.761905,0.809524,0.857143,0.904762,0.952381,1.000000","0.137963,0.271697,0.491529,0.565874,0.502562,0.360069,0.549566,0.405405,0.374059,0.685262,0.476100,0.595537,0.350502,0.461035,0.464472,0.429874,0.510415,0.484541,0.567456,0.892996,0.645935,0.777150"
507,stim_0507.png,stim_0507.png,0.3153,0.332218,0.031265,22,0.15,3,Trend_Up,Big,11,0,0,1,"0.000000,0.047619,0.095238,0.142857,0.190476,0.238095,0.285714,0.333333,0.380952,0.428571,0.476190,0.523810,0.571429,0.619048,0.666667,0.714286,0.761905,0.809524,0.857143,0.904762,0.952381,1.000000","0.508071,0.287385,0.314017,0.539234,0.584840,0.367971,0.137044,0.437661,0.629636,0.474743,0.529319,0.424361,0.437077,0.435691,0.529631,0.593255,0.184976,0.646220,0.442491,0.518111,0.881089,1.097176"
508,stim_0508.png,stim_0508.png,0.3153,0.313099,0.029536,22,0.15,4,Trend_Up,Big,11,0,0,3,"0.000000,0.047619,0.095238,0.142857,0.190476,0.238095,0.285714,0.333333,0.380952,0.428571,0.476190,0.523810,0.571429,0.619048,0.666667,0.714286,0.761905,0.809524,0.857143,0.904762,0.952381,1.000000","0.569361,0.408187,0.237590,0.509457,0.427326,0.493125,0.348793,0.352476,0.439091,0.537775,0.450807,0.276461,0.495867,0.358397,0.266641,0.929145,0.199180,0.748745,0.792860,0.763932,0.618168,0.776615"
509,stim_0509.png,stim_0509.png,0.3153,0.325534,0.017591,22,0.15,5,Trend_Up,Big,11,0,0,5,"0.000000,0.047619,0.095238,0.142857,0.190476,0.238095,0.285714,0.333333,0.380952,0.428571,0.476190,0.523810,0.571429,0.619048,0.666667,0.714286,0.761905,0.809524,0.857143,0.904762,0.952381,1.000000","0.351187,0.464712,0.345050,0.312156,0.392968,0.503882,0.416338,0.548560,0.491742,0.494440,0.459470,0.383307,0.439849,0.445362,0.424777,0.420539,0.418209,0.908903,0.782413,0.790458,0.375712,0.829964"
510,stim_0510.png,stim_0510.png,0.3153,0.300015,0.014674,22,0.15,6,Trend_Up,Big,11,0,0,8,"0.000000,0.047619,0.095238,0.142857,0.190476,0.238095,0.285714,0.333333,0.380952,0.428571,0.476190,0.523810,0.571429,0.619048,0.666667,0.714286,0.761905,0.809524,0.857143,0.904762,0.952381,1.000000","0.409014,0.360350,0.573906,0.419256,0.318232,0.358546,0.390913,0.378444,0.222506,0.506669,0.586675,0.607757,0.319939,0.760502,0.578845,0.575974,0.558180,0.385546,0.673110,0.728258,0.509924,0.777454"
511,stim_0511.png,stim_0511.png,0.3153,0.304743,0.014222,22,0.15,7,Trend_Up,Big,11,0,0,1,"0.000000,0.047619,0.095238,0.142857,0.190476,0.238095,0.285714,0.333333,0.380952,0.428571,0.476190,0.523810,0.571429,0.619048,0.666667,0.714286,0.761905,0.809524,0.857143,0.904762,0.952381,1.000000","0.238018,0.401908,0.159273,0.501223,0.493722,0.340824,0.494274,0.551550,0.738676,0.520553,0.499708,0.370257,0.583697,0.219884,0.553256,0.616485,0.559783,0.633936,0.619448,0.558126,0.640897,0.704503"
