index,filename,path,slope,n,sigma,version,trend_category,size_category,dot_size_px,x_values,y_values
0,stim_0000.png,stim_0000.png,-0.375,8,0.15,0,Trend_Down,Small,10,"0.000000,0.142857,0.285714,0.428571,0.571429,0.714286,0.857143,1.000000","0.663053,0.346623,1.002913,0.523531,0.444409,0.240819,0.393399,0.385254"
1,stim_0001.png,stim_0001.png,-0.375,8,0.15,1,Trend_Down,Small,10,"0.000000,0.142857,0.285714,0.428571,0.571429,0.714286,0.857143,1.000000","0.975166,0.615762,0.539549,0.406730,0.119998,0.486458,0.358290,0.498046"
2,stim_0002.png,stim_0002.png,-0.375,8,0.15,2,Trend_Down,Small,10,"0.000000,0.142857,0.285714,0.428571,0.571429,0.714286,0.857143,1.000000","0.627065,0.754969,0.560350,0.373490,0.343750,0.461439,0.425401,0.453537"
3,stim_0003.png,stim_0003.png,-0.375,8,0.15,3,Trend_Down,Small,10,"0.000000,0.142857,0.285714,0.428571,0.571429,0.714286,0.857143,1.000000","0.704577,0.540399,0.618737,0.680576,0.415622,0.282202,0.360928,0.396959"
4,stim_0004.png,stim_0004.png,-0.375,8,0.15,4,Trend_Down,Small,10,"0.000000,0.142857,0.285714,0.428571,0.571429,0.714286,0.857143,1.000000","0.724188,0.736643,0.616165,0.369245,0.454813,0.341269,0.317097,0.440579"
5,stim_0005.png,stim_0005.png,-0.375,8,0.15,5,Trend_Down,Small,10,"0.000000,0.142857,0.285714,0.428571,0.571429,0.714286,0.857143,1.000000","0.936285,0.291410,0.675206,0.494993,0.621628,0.425293,0.234955,0.320229"
6,stim_0006.png,stim_0006.png,-0.375,8,0.15,6,Trend_Down,Small,10,"0.000000,0.142857,0.285714,0.428571,0.571429,0.714286,0.857143,1.000000","0.626405,0.397427,0.696383,0.554578,0.556537,0.518186,0.362314,0.288170"
7,stim_0007.png,stim_0007.png,-0.375,8,0.15,7,Trend_Down,Small,10,"0.000000,0.142857,0.285714,0.428571,0.571429,0.714286,0.857143,1.000000","0.620496,0.582475,0.747424,0.513607,0.350653,0.644052,0.236665,0.304628"
8,stim_0008.png,stim_0008.png,-0.375,10,0.15,0,Trend_Down,Small,10,"0.000000,0.111111,0.222222,0.333333,0.444444,0.555556,0.666667,0.777778,0.888889,1.000000","0.456850,0.733235,0.867197,0.430085,0.530796,0.449297,0.562260,0.485056,0.246200,0.239023"
9,stim_0009.png,stim_0009.png,-0.375,10,0.15,1,Trend_Down,Small,10,"0.000000,0.111111,0.222222,0.333333,0.444444,0.555556,0.666667,0.777778,0.888889,1.000000","0.730362,0.662079,0.859556,0.404785,0.418905,0.615267,0.241520,0.286827,0.451859,0.328838"
10,stim_0010.png,stim_0010.png,-0.375,10,0.15,2,Trend_Down,Small,10,"0.000000,0.111111,0.222222,0.333333,0.444444,0.555556,0.666667,0.777778,0.888889,1.000000","0.554799,0.623853,0.487659,0.294032,0.369522,0.510287,0.745519,0.698663,0.396123,0.319542"
11,stim_0011.png,stim_0011.png,-0.375,10,0.15,3,Trend_Down,Small,10,"0.000000,0.111111,0.222222,0.333333,0.444444,0.555556,0.666667,0.777778,0.888889,1.000000","0.630726,1.010314,0.477200,0.384718,0.331648,0.539188,0.469903,0.597367,0.297333,0.261604"
12,stim_0012.png,stim_0012.png,-0.375,10,0.15,4,Trend_Down,Small,10,"0.000000,0.111111,0.222222,0.333333,0.444444,0.555556,0.666667,0.777778,0.888889,1.000000","0.536581,0.441373,0.675481,0.591103,0.496005,0.738327,0.215942,0.359042,0.447069,0.499076"
13,stim_0013.png,stim_0013.png,-0.375,10,0.15,5,Trend_Down,Small,10,"0.000000,0.111111,0.222222,0.333333,0.444444,0.555556,0.666667,0.777778,0.888889,1.000000","0.606411,0.815503,0.402617,0.452271,0.248761,0.637667,0.397884,0.392809,0.530964,0.515113"
14,stim_0014.png,stim_0014.png,-0.375,10,0.15,6,Trend_Down,Small,10,"0.000000,0.111111,0.222222,0.333333,0.444444,0.555556,0.666667,0.777778,0.888889,1.000000","0.642939,0.555321,0.545358,0.748767,0.852069,0.300115,0.482336,0.712037,0.076909,0.084149"
15,stim_0015.png,stim_0015.png,-0.375,10,0.15,7,Trend_Down,Small,10,"0.000000,0.111111,0.222222,0.333333,0.444444,0.555556,0.666667,0.777778,0.888889,1.000000","0.573794,0.911525,0.385733,0.464031,0.517832,0.746277,0.241746,0.316208,0.370485,0.472369"
16,stim_0016.png,stim_0016.png,-0.375,12,0.15,0,Trend_Down,Small,10,"0.000000,0.090909,0.181818,0.272727,0.363636,0.454545,0.545455,0.636364,0.727273,0.818182,0.909091,1.000000","0.616236,0.783112,0.746039,0.515118,0.515449,0.388295,0.490014,0.596659,0.275464,0.572197,0.325452,0.175966"
17,stim_0017.png,stim_0017.png,-0.375,12,0.15,1,Trend_Down,Small,10,"0.000000,0.090909,0.181818,0.272727,0.363636,0.454545,0.545455,0.636364,0.727273,0.818182,0.909091,1.000000","0.411108,0.699239,0.538785,0.333372,0.488613,0.734730,0.593689,0.485046,0.327102,0.321009,0.333372,0.733935"
18,stim_0018.png,stim_0018.png,-0.375,12,0.15,2,Trend_Down,Small,10,"0.000000,0.090909,0.181818,0.272727,0.363636,0.454545,0.545455,0.636364,0.727273,0.818182,0.909091,1.000000","0.492862,0.586540,0.444038,0.562606,0.850873,0.660286,0.441387,0.343306,0.343815,0.446481,0.313856,0.513949"
19,stim_0019.png,stim_0019.png,-0.375,12,0.15,3,Trend_Down,Small,10,"0.000000,0.090909,0.181818,0.272727,0.363636,0.454545,0.545455,0.636364,0.727273,0.818182,0.909091,1.000000","0.716723,0.684087,0.662909,0.591004,0.446377,0.350615,0.560752,0.412425,0.334466,0.530586,0.451457,0.258599"
20,stim_0020.png,stim_0020.png,-0.375,12,0.15,4,Trend_Down,Small,10,"0.000000,0.090909,0.181818,0.272727,0.363636,0.454545,0.545455,0.636364,0.727273,0.818182,0.909091,1.000000","0.818977,0.677523,0.564025,0.729092,0.832332,0.594375,0.624144,0.308415,0.110734,0.242128,0.265808,0.232447"
21,stim_0021.png,stim_0021.png,-0.375,12,0.15,5,Trend_Down,Small,10,"0.000000,0.090909,0.181818,0.272727,0.363636,0.454545,0.545455,0.636364,0.727273,0.818182,0.909091,1.000000","0.545063,0.531847,0.655656,0.393558,0.462598,0.509652,0.570930,0.458700,0.540130,0.532808,0.222580,0.576479"
22,stim_0022.png,stim_0022.png,-0.375,12,0.15,6,Trend_Down,Small,10,"0.000000,0.090909,0.181818,0.272727,0.363636,0.454545,0.545455,0.636364,0.727273,0.818182,0.909091,1.000000","0.714695,0.615353,0.675162,0.340642,0.468555,0.561768,0.816964,0.694779,0.277662,0.415186,0.123205,0.296031"
23,stim_0023.png,stim_0023.png,-0.375,12,0.15,7,Trend_Down,Small,10,"0.000000,0.090909,0.181818,0.272727,0.363636,0.454545,0.545455,0.636364,0.727273,0.818182,0.909091,1.000000","0.813958,0.646028,0.773394,0.375976,0.615142,0.367928,0.609141,0.667439,0.422217,0.167949,0.337383,0.203445"
24,stim_0024.png,stim_0024.png,-0.375,14,0.15,0,Trend_Down,Small,10,"0.000000,0.076923,0.153846,0.230769,0.307692,0.384615,0.461538,0.538462,0.615385,0.692308,0.769231,0.846154,0.923077,1.000000","0.623497,0.686065,0.601790,0.519949,0.636186,0.546706,0.591618,0.541065,0.426420,0.391441,0.283018,0.295264,0.533348,0.323632"
25,stim_0025.png,stim_0025.png,-0.375,14,0.15,1,Trend_Down,Small,10,"0.000000,0.076923,0.153846,0.230769,0.307692,0.384615,0.461538,0.538462,0.615385,0.692308,0.769231,0.846154,0.923077,1.000000","0.607573,0.686979,0.526964,0.378010,0.787576,0.613553,0.497833,0.488895,0.468279,0.509145,0.465232,0.259348,0.198169,0.512443"
26,stim_0026.png,stim_0026.png,-0.375,14,0.15,2,Trend_Down,Small,10,"0.000000,0.076923,0.153846,0.230769,0.307692,0.384615,0.461538,0.538462,0.615385,0.692308,0.769231,0.846154,0.923077,1.000000","0.366607,0.550805,0.709732,0.577708,0.687862,0.393721,0.580146,0.464962,0.302636,0.503358,0.576899,0.662052,0.218989,0.404524"
27,stim_0027.png,stim_0027.png,-0.375,14,0.15,3,Trend_Down,Small,10,"0.000000,0.076923,0.153846,0.230769,0.307692,0.384615,0.461538,0.538462,0.615385,0.692308,0.769231,0.846154,0.923077,1.000000","0.773661,0.597786,0.916231,0.633494,0.779413,0.229948,0.464284,0.412995,0.425760,0.258972,0.293920,0.166967,0.575335,0.471235"
28,stim_0028.png,stim_0028.png,-0.375,14,0.15,4,Trend_Down,Small,10,"0.000000,0.076923,0.153846,0.230769,0.307692,0.384615,0.461538,0.538462,0.615385,0.692308,0.769231,0.846154,0.923077,1.000000","0.603502,0.654746,0.608613,0.494500,0.691563,0.426773,0.619598,0.603980,0.440394,0.504960,0.516945,0.297501,0.213651,0.323273"
29,stim_0029.png,stim_0029.png,-0.375,14,0.15,5,Trend_Down,Small,10,"0.000000,0.076923,0.153846,0.230769,0.307692,0.384615,0.461538,0.538462,0.615385,0.692308,0.769231,0.846154,0.923077,1.000000","0.806226,0.621430,0.705755,0.560046,0.768829,0.329057,0.329079,0.457814,0.591802,0.530713,0.289986,0.397264,0.437275,0.174724"
30,stim_0030.png,stim_0030.png,-0.375,14,0.15,6,Trend_Down,Small,10,"0.000000,0.076923,0.153846,0.230769,0.307692,0.384615,0.461538,0.538462,0.615385,0.692308,0.769231,0.846154,0.923077,1.000000","0.856448,0.734967,0.654101,0.436314,0.608201,0.486488,0.423031,0.668207,0.669217,0.311350,0.214070,0.475612,0.439517,0.022479"
31,stim_0031.png,stim_0031.png,-0.375,14,0.15,7,Trend_Down,Small,10,"0.000000,0.076923,0.153846,0.230769,0.307692,0.384615,0.461538,0.538462,0.615385,0.692308,0.769231,0.846154,0.923077,1.000000","0.667202,0.630277,0.826664,0.777087,0.611092,0.542178,0.230552,0.280635,0.528271,0.218869,0.416005,0.466430,0.566346,0.238393"
32,stim_0032.png,stim_0032.png,-0.375,16,0.15,0,Trend_Down,Big,10,"0.000000,0.066667,0.133333,0.200000,0.266667,0.333333,0.400000,0.466667,0.533333,0.600000,0.666667,0.733333,0.800000,0.866667,0.933333,1.000000","0.351057,0.675582,0.624977,0.620339,0.680652,0.637677,0.621179,0.390317,0.588815,0.534276,0.237100,0.222674,0.570929,0.430116,0.431499,0.382810"
33,stim_0033.png,stim_0033.png,-0.375,16,0.15,1,Trend_Down,Big,10,"0.000000,0.066667,0.133333,0.200000,0.266667,0.333333,0.400000,0.466667,0.533333,0.600000,0.666667,0.733333,0.800000,0.866667,0.933333,1.000000","0.523254,0.744839,0.631868,0.704737,0.641358,0.385858,0.583450,0.410931,0.541778,0.766831,0.427359,0.366860,0.255538,0.310172,0.332672,0.372495"
34,stim_0034.png,stim_0034.png,-0.375,16,0.15,2,Trend_Down,Big,10,"0.000000,0.066667,0.133333,0.200000,0.266667,0.333333,0.400000,0.466667,0.533333,0.600000,0.666667,0.733333,0.800000,0.866667,0.933333,1.000000","0.591887,0.644351,0.726463,0.410438,0.619325,0.714795,0.507223,0.429357,0.199295,0.563555,0.589204,0.431095,0.358427,0.266830,0.744411,0.203344"
35,stim_0035.png,stim_0035.png,-0.375,16,0.15,3,Trend_Down,Big,10,"0.000000,0.066667,0.133333,0.200000,0.266667,0.333333,0.400000,0.466667,0.533333,0.600000,0.666667,0.733333,0.800000,0.866667,0.933333,1.000000","0.928954,0.667662,0.537974,0.793507,0.264701,0.622665,0.298309,0.674716,0.245281,0.308783,0.604439,0.206204,0.656032,0.392590,0.426285,0.371898"
36,stim_0036.png,stim_0036.png,-0.375,16,0.15,4,Trend_Down,Big,10,"0.000000,0.066667,0.133333,0.200000,0.266667,0.333333,0.400000,0.466667,0.533333,0.600000,0.666667,0.733333,0.800000,0.866667,0.933333,1.000000","0.848494,0.511632,0.374278,0.758097,0.851640,0.573666,0.596145,0.649017,0.267558,0.457118,0.444986,0.421541,0.404128,0.392419,0.202694,0.246586"
37,stim_0037.png,stim_0037.png,-0.375,16,0.15,5,Trend_Down,Big,10,"0.000000,0.066667,0.133333,0.200000,0.266667,0.333333,0.400000,0.466667,0.533333,0.600000,0.666667,0.733333,0.800000,0.866667,0.933333,1.000000","0.523298,0.720421,0.675106,0.592888,0.542501,0.349003,0.485351,0.497244,0.678215,0.325947,0.457194,0.378738,0.425045,0.503816,0.449300,0.395934"
38,stim_0038.png,stim_0038.png,-0.375,16,0.15,6,Trend_Down,Big,10,"0.000000,0.066667,0.133333,0.200000,0.266667,0.333333,0.400000,0.466667,0.533333,0.600000,0.666667,0.733333,0.800000,0.866667,0.933333,1.000000","0.705612,0.686036,0.543337,0.580626,0.572817,0.342675,0.577084,0.683853,0.537368,0.673613,0.654616,0.285743,0.428926,0.454920,0.112718,0.160057"
39,stim_0039.png,stim_0039.png,-0.375,16,0.15,7,Trend_Down,Big,10,"0.000000,0.066667,0.133333,0.200000,0.266667,0.333333,0.400000,0.466667,0.533333,0.600000,0.666667,0.733333,0.800000,0.866667,0.933333,1.000000","0.786393,0.830209,0.471162,0.496732,0.525513,0.833580,0.545373,0.567459,0.271197,0.054034,0.472770,0.539156,0.332147,0.535265,0.499723,0.239287"
40,stim_0040.png,stim_0040.png,-0.375,18,0.15,0,Trend_Down,Big,10,"0.000000,0.058824,0.117647,0.176471,0.235294,0.294118,0.352941,0.411765,0.470588,0.529412,0.588235,0.647059,0.705882,0.764706,0.823529,0.882353,0.941176,1.000000","1.031297,0.650564,0.919834,0.478024,0.551535,0.335425,0.662521,0.272628,0.793658,0.516624,0.545373,0.235047,0.173395,0.451865,0.558550,-0.076891,0.518605,0.381946"
41,stim_0041.png,stim_0041.png,-0.375,18,0.15,1,Trend_Down,Big,10,"0.000000,0.058824,0.117647,0.176471,0.235294,0.294118,0.352941,0.411765,0.470588,0.529412,0.588235,0.647059,0.705882,0.764706,0.823529,0.882353,0.941176,1.000000","0.806681,0.763510,0.795696,0.546869,0.454213,0.541486,0.698853,0.478796,0.524102,0.503315,0.241464,0.282754,0.406627,0.591483,0.444988,0.304095,0.232418,0.382650"
42,stim_0042.png,stim_0042.png,-0.375,18,0.15,2,Trend_Down,Big,10,"0.000000,0.058824,0.117647,0.176471,0.235294,0.294118,0.352941,0.411765,0.470588,0.529412,0.588235,0.647059,0.705882,0.764706,0.823529,0.882353,0.941176,1.000000","0.583472,0.610013,0.596030,0.670897,0.587889,0.627266,0.643814,0.465940,0.407862,0.460989,0.360765,0.525165,0.602934,0.276430,0.488068,0.479442,0.112716,0.500308"
43,stim_0043.png,stim_0043.png,-0.375,18,0.15,3,Trend_Down,Big,10,"0.000000,0.058824,0.117647,0.176471,0.235294,0.294118,0.352941,0.411765,0.470588,0.529412,0.588235,0.647059,0.705882,0.764706,0.823529,0.882353,0.941176,1.000000","0.538757,0.679710,0.631745,0.364624,0.766654,0.573012,0.743111,0.510805,0.136875,0.735420,0.780928,0.448388,0.422594,0.369533,0.176394,0.444213,0.176294,0.500944"
44,stim_0044.png,stim_0044.png,-0.375,18,0.15,4,Trend_Down,Big,10,"0.000000,0.058824,0.117647,0.176471,0.235294,0.294118,0.352941,0.411765,0.470588,0.529412,0.588235,0.647059,0.705882,0.764706,0.823529,0.882353,0.941176,1.000000","0.630072,1.022909,0.260489,0.769119,0.716238,0.256359,0.472658,0.674790,0.752651,0.468168,0.383604,0.414312,0.227953,0.228414,0.520495,0.341158,0.405859,0.454753"
45,stim_0045.png,stim_0045.png,-0.375,18,0.15,5,Trend_Down,Big,10,"0.000000,0.058824,0.117647,0.176471,0.235294,0.294118,0.352941,0.411765,0.470588,0.529412,0.588235,0.647059,0.705882,0.764706,0.823529,0.882353,0.941176,1.000000","0.637550,1.060928,0.577324,0.591692,0.366824,0.543771,0.540069,0.421100,0.467749,0.592384,0.373431,0.548560,0.279026,0.508712,0.452817,0.289519,0.394813,0.353731"
46,stim_0046.png,stim_0046.png,-0.375,18,0.15,6,Trend_Down,Big,10,"0.000000,0.058824,0.117647,0.176471,0.235294,0.294118,0.352941,0.411765,0.470588,0.529412,0.588235,0.647059,0.705882,0.764706,0.823529,0.882353,0.941176,1.000000","0.725742,0.706315,0.495289,0.457240,0.689227,0.727349,0.491751,0.789793,0.514751,0.133834,0.532190,0.446195,0.295541,0.553274,0.505446,0.510747,0.228381,0.196935"
47,stim_0047.png,stim_0047.png,-0.375,18,0.15,7,Trend_Down,Big,10,"0.000000,0.058824,0.117647,0.176471,0.235294,0.294118,0.352941,0.411765,0.470588,0.529412,0.588235,0.647059,0.705882,0.764706,0.823529,0.882353,0.941176,1.000000","0.559177,0.569074,0.557772,0.630234,0.854212,0.678512,0.490299,0.730196,0.399783,0.415630,0.620766,0.643315,0.449203,0.397768,0.135255,0.458395,0.157131,0.253276"
48,stim_0048.png,stim_0048.png,-0.375,20,0.15,0,Trend_Down,Big,10,"0.000000,0.052632,0.105263,0.157895,0.210526,0.263158,0.315789,0.368421,0.421053,0.473684,0.526316,0.578947,0.631579,0.684211,0.736842,0.789474,0.842105,0.894737,0.947368,1.000000","0.705527,0.375330,0.865247,0.813240,0.417558,0.761028,0.614126,0.646385,0.478267,0.606549,0.365166,0.491907,0.234981,0.289239,0.292023,0.735571,0.303834,0.425897,0.286564,0.291561"
49,stim_0049.png,stim_0049.png,-0.375,20,0.15,1,Trend_Down,Big,10,"0.000000,0.052632,0.105263,0.157895,0.210526,0.263158,0.315789,0.368421,0.421053,0.473684,0.526316,0.578947,0.631579,0.684211,0.736842,0.789474,0.842105,0.894737,0.947368,1.000000","0.717599,0.708615,0.540009,0.856763,0.515627,0.610734,0.636606,0.706269,0.680212,0.553557,0.264077,0.425410,0.586610,0.099456,0.690180,0.554144,0.182760,0.268390,0.309171,0.093811"
50,stim_0050.png,stim_0050.png,-0.375,20,0.15,2,Trend_Down,Big,10,"0.000000,0.052632,0.105263,0.157895,0.210526,0.263158,0.315789,0.368421,0.421053,0.473684,0.526316,0.578947,0.631579,0.684211,0.736842,0.789474,0.842105,0.894737,0.947368,1.000000","0.815786,0.584582,0.403000,0.523511,0.734335,0.891771,0.815787,0.574023,0.558541,0.624420,0.372324,0.299228,0.478791,0.386016,0.404845,0.402112,-0.001209,0.297963,0.587936,0.246239"
51,stim_0051.png,stim_0051.png,-0.375,20,0.15,3,Trend_Down,Big,10,"0.000000,0.052632,0.105263,0.157895,0.210526,0.263158,0.315789,0.368421,0.421053,0.473684,0.526316,0.578947,0.631579,0.684211,0.736842,0.789474,0.842105,0.894737,0.947368,1.000000","0.762421,0.701085,0.660200,0.627226,0.621869,0.299996,0.646182,0.453177,0.360740,0.551184,0.599332,0.459461,0.517339,0.246544,0.503923,0.381079,0.385074,0.299797,0.365016,0.558356"
52,stim_0052.png,stim_0052.png,-0.375,20,0.15,4,Trend_Down,Big,10,"0.000000,0.052632,0.105263,0.157895,0.210526,0.263158,0.315789,0.368421,0.421053,0.473684,0.526316,0.578947,0.631579,0.684211,0.736842,0.789474,0.842105,0.894737,0.947368,1.000000","0.548990,0.459720,0.537759,0.695606,0.876500,0.572912,0.747307,0.505170,0.524124,0.562749,0.570021,0.512188,0.304468,0.156128,0.364447,0.448358,0.369688,0.432597,0.422509,0.388758"
53,stim_0053.png,stim_0053.png,-0.375,20,0.15,5,Trend_Down,Big,10,"0.000000,0.052632,0.105263,0.157895,0.210526,0.263158,0.315789,0.368421,0.421053,0.473684,0.526316,0.578947,0.631579,0.684211,0.736842,0.789474,0.842105,0.894737,0.947368,1.000000","0.695634,0.489892,0.343341,0.529810,0.374276,0.415308,0.374981,0.519479,0.753542,0.628188,0.460477,0.582173,0.472668,0.652902,0.420978,0.532102,0.658482,0.528417,0.293772,0.273576"
54,stim_0054.png,stim_0054.png,-0.375,20,0.15,6,Trend_Down,Big,10,"0.000000,0.052632,0.105263,0.157895,0.210526,0.263158,0.315789,0.368421,0.421053,0.473684,0.526316,0.578947,0.631579,0.684211,0.736842,0.789474,0.842105,0.894737,0.947368,1.000000","0.725030,0.805277,0.740590,0.526231,0.564810,0.588205,0.694474,0.497390,0.700034,0.468842,0.643307,0.405476,0.495615,0.458257,0.464836,0.186434,0.210513,0.283462,0.166047,0.375172"
55,stim_0055.png,stim_0055.png,-0.375,20,0.15,7,Trend_Down,Big,10,"0.000000,0.052632,0.105263,0.157895,0.210526,0.263158,0.315789,0.368421,0.421053,0.473684,0.526316,0.578947,0.631579,0.684211,0.736842,0.789474,0.842105,0.894737,0.947368,1.000000","0.457888,0.670690,0.875113,0.610227,0.773166,0.403598,0.727797,0.505675,0.552203,0.290487,0.786541,0.214141,0.480309,0.451208,0.342808,0.397475,0.445645,0.547629,0.317748,0.149651"
56,stim_0056.png,stim_0056.png,-0.375,22,0.15,0,Trend_Down,Big,10,"0.000000,0.047619,0.095238,0.142857,0.190476,0.238095,0.285714,0.333333,0.380952,0.428571,0.476190,0.523810,0.571429,0.619048,0.666667,0.714286,0.761905,0.809524,0.857143,0.904762,0.952381,1.000000","0.619700,0.538529,0.435784,0.786989,0.637745,0.587015,0.508968,0.560370,0.365346,0.851288,0.719548,0.387862,0.528424,0.381028,0.303856,0.359730,0.439708,0.267212,0.226139,0.528011,0.515088,0.451658"
57,stim_0057.png,stim_0057.png,-0.375,22,0.15,1,Trend_Down,Big,10,"0.000000,0.047619,0.095238,0.142857,0.190476,0.238095,0.285714,0.333333,0.380952,0.428571,0.476190,0.523810,0.571429,0.619048,0.666667,0.714286,0.761905,0.809524,0.857143,0.904762,0.952381,1.000000","0.495919,0.453553,0.725322,0.613003,0.752436,0.808907,0.623818,0.442993,0.399370,0.463312,0.659971,0.387567,0.488889,0.526693,0.470921,0.164833,0.229150,0.507871,0.574639,0.366062,0.434246,0.410523"
58,stim_0058.png,stim_0058.png,-0.375,22,0.15,2,Trend_Down,Big,10,"0.000000,0.047619,0.095238,0.142857,0.190476,0.238095,0.285714,0.333333,0.380952,0.428571,0.476190,0.523810,0.571429,0.619048,0.666667,0.714286,0.761905,0.809524,0.857143,0.904762,0.952381,1.000000","0.503710,0.924698,0.616768,0.734651,0.562827,0.591404,0.673252,0.608951,0.426990,0.545929,0.551120,0.434621,0.554107,0.540844,0.402377,0.146287,0.395280,0.402559,0.364404,0.330643,0.456972,0.231604"
59,stim_0059.png,stim_0059.png,-0.375,22,0.15,3,Trend_Down,Big,10,"0.000000,0.047619,0.095238,0.142857,0.190476,0.238095,0.285714,0.333333,0.380952,0.428571,0.476190,0.523810,0.571429,0.619048,0.666667,0.714286,0.761905,0.809524,0.857143,0.904762,0.952381,1.000000","0.906737,0.745053,0.487957,0.473921,0.756667,0.542476,0.757159,0.548703,0.518139,0.456988,0.572399,0.214289,0.551755,0.698385,0.229667,0.624331,0.036699,0.385531,0.276359,0.397572,0.318973,0.500240"
60,stim_0060.png,stim_0060.png,-0.375,22,0.15,4,Trend_Down,Big,10,"0.000000,0.047619,0.095238,0.142857,0.190476,0.238095,0.285714,0.333333,0.380952,0.428571,0.476190,0.523810,0.571429,0.619048,0.666667,0.714286,0.761905,0.809524,0.857143,0.904762,0.952381,1.000000","0.374618,0.601320,0.992064,0.745179,0.605302,0.501203,0.451308,0.452727,0.692228,0.609404,0.540702,0.560949,0.298663,0.512086,0.496078,0.448879,0.366636,0.501695,0.097523,0.528023,0.256174,0.367239"
61,stim_0061.png,stim_0061.png,-0.375,22,0.15,5,Trend_Down,Big,10,"0.000000,0.047619,0.095238,0.142857,0.190476,0.238095,0.285714,0.333333,0.380952,0.428571,0.476190,0.523810,0.571429,0.619048,0.666667,0.714286,0.761905,0.809524,0.857143,0.904762,0.952381,1.000000","0.866081,0.700662,0.272122,0.589693,0.562604,0.598657,0.628725,0.379427,0.540272,0.539839,0.290587,0.716426,0.754923,0.246824,0.422745,0.680978,0.260258,0.567797,0.293293,0.441586,0.291937,0.354564"
62,stim_0062.png,stim_0062.png,-0.375,22,0.15,6,Trend_Down,Big,10,"0.000000,0.047619,0.095238,0.142857,0.190476,0.238095,0.285714,0.333333,0.380952,0.428571,0.476190,0.523810,0.571429,0.619048,0.666667,0.714286,0.761905,0.809524,0.857143,0.904762,0.952381,1.000000","0.621999,0.667176,0.602355,0.434263,0.533302,0.702613,0.650433,0.527266,0.622366,0.536921,0.718411,0.613164,0.471018,0.415411,0.157151,0.616760,0.295050,0.364146,0.455897,0.366015,0.079729,0.548552"
63,stim_0063.png,stim_0063.png,-0.375,22,0.15,7,Trend_Down,Big,10,"0.000000,0.047619,0.095238,0.142857,0.190476,0.238095,0.285714,0.333333,0.380952,0.428571,0.476190,0.523810,0.571429,0.619048,0.666667,0.714286,0.761905,0.809524,0.857143,0.904762,0.952381,1.000000","0.415819,0.703042,0.671574,0.624696,0.462106,0.588273,0.847460,0.583427,0.478520,0.600045,0.396499,0.730499,0.547827,0.673891,0.312622,0.254060,0.199052,0.302338,0.315189,0.698800,0.271039,0.323221"
64,stim_0064.png,stim_0064.png,-0.3,8,0.15,0,Trend_Down,Small,10,"0.000000,0.142857,0.285714,0.428571,0.571429,0.714286,0.857143,1.000000","0.515651,0.911735,0.610484,0.572046,0.079498,0.479995,0.400611,0.429979"
65,stim_0065.png,stim_0065.png,-0.3,8,0.15,1,Trend_Down,Small,10,"0.000000,0.142857,0.285714,0.428571,0.571429,0.714286,0.857143,1.000000","0.585830,0.483794,0.679503,0.456719,0.457402,0.614964,0.465474,0.256313"
66,stim_0066.png,stim_0066.png,-0.3,8,0.15,2,Trend_Down,Small,10,"0.000000,0.142857,0.285714,0.428571,0.571429,0.714286,0.857143,1.000000","0.787937,0.365186,0.493811,0.602343,0.616981,0.442405,0.310016,0.381320"
67,stim_0067.png,stim_0067.png,-0.3,8,0.15,3,Trend_Down,Small,10,"0.000000,0.142857,0.285714,0.428571,0.571429,0.714286,0.857143,1.000000","0.712170,0.958503,0.394048,0.565409,0.571940,0.256758,0.221756,0.319416"
68,stim_0068.png,stim_0068.png,-0.3,8,0.15,4,Trend_Down,Small,10,"0.000000,0.142857,0.285714,0.428571,0.571429,0.714286,0.857143,1.000000","0.663335,0.623947,0.657485,0.474526,0.683086,0.471176,0.244566,0.181879"
69,stim_0069.png,stim_0069.png,-0.3,8,0.15,5,Trend_Down,Small,10,"0.000000,0.142857,0.285714,0.428571,0.571429,0.714286,0.857143,1.000000","0.801002,0.453781,0.367252,0.807733,0.432285,0.312387,0.428484,0.397076"
70,stim_0070.png,stim_0070.png,-0.3,8,0.15,6,Trend_Down,Small,10,"0.000000,0.142857,0.285714,0.428571,0.571429,0.714286,0.857143,1.000000","0.511374,0.521902,0.693503,0.774387,0.482153,0.375546,0.389466,0.251670"
71,stim_0071.png,stim_0071.png,-0.3,8,0.15,7,Trend_Down,Small,10,"0.000000,0.142857,0.285714,0.428571,0.571429,0.714286,0.857143,1.000000","0.726088,0.471727,0.980675,0.482654,0.481488,0.262296,0.346621,0.248451"
72,stim_0072.png,stim_0072.png,-0.3,10,0.15,0,Trend_Down,Small,10,"0.000000,0.111111,0.222222,0.333333,0.444444,0.555556,0.666667,0.777778,0.888889,1.000000","0.685665,0.533675,0.469000,0.427918,0.576514,0.418248,0.390948,0.694442,0.354306,0.449282"
73,stim_0073.png,stim_0073.png,-0.3,10,0.15,1,Trend_Down,Small,10,"0.000000,0.111111,0.222222,0.333333,0.444444,0.555556,0.666667,0.777778,0.888889,1.000000","0.555333,0.683099,0.568077,0.523148,0.437378,0.365810,0.432008,0.570891,0.591520,0.272735"
74,stim_0074.png,stim_0074.png,-0.3,10,0.15,2,Trend_Down,Small,10,"0.000000,0.111111,0.222222,0.333333,0.444444,0.555556,0.666667,0.777778,0.888889,1.000000","0.601270,0.780499,0.372994,0.618955,0.261729,0.502387,0.397647,0.590660,0.440015,0.433845"
75,stim_0075.png,stim_0075.png,-0.3,10,0.15,3,Trend_Down,Small,10,"0.000000,0.111111,0.222222,0.333333,0.444444,0.555556,0.666667,0.777778,0.888889,1.000000","0.448342,0.850989,0.558381,0.607856,0.455789,0.643933,0.459944,0.249695,0.295519,0.429552"
76,stim_0076.png,stim_0076.png,-0.3,10,0.15,4,Trend_Down,Small,10,"0.000000,0.111111,0.222222,0.333333,0.444444,0.555556,0.666667,0.777778,0.888889,1.000000","0.718000,0.566467,0.793479,0.551989,0.562338,0.305758,0.574526,0.275795,0.419927,0.231720"
77,stim_0077.png,stim_0077.png,-0.3,10,0.15,5,Trend_Down,Small,10,"0.000000,0.111111,0.222222,0.333333,0.444444,0.555556,0.666667,0.777778,0.888889,1.000000","0.801147,0.747508,0.590278,0.289233,0.616623,0.454907,0.487439,0.395184,0.455114,0.162566"
78,stim_0078.png,stim_0078.png,-0.3,10,0.15,6,Trend_Down,Small,10,"0.000000,0.111111,0.222222,0.333333,0.444444,0.555556,0.666667,0.777778,0.888889,1.000000","0.535000,0.641143,0.522478,0.407691,0.559163,0.522237,0.422736,0.571030,0.507337,0.311185"
79,stim_0079.png,stim_0079.png,-0.3,10,0.15,7,Trend_Down,Small,10,"0.000000,0.111111,0.222222,0.333333,0.444444,0.555556,0.666667,0.777778,0.888889,1.000000","0.845846,0.730498,0.404109,0.803405,0.529167,0.314709,0.253491,0.524214,0.278757,0.315803"
80,stim_0080.png,stim_0080.png,-0.3,12,0.15,0,Trend_Down,Small,10,"0.000000,0.090909,0.181818,0.272727,0.363636,0.454545,0.545455,0.636364,0.727273,0.818182,0.909091,1.000000","0.539988,0.735739,0.496749,0.339380,0.491657,0.712043,0.556886,0.453094,0.595902,0.444392,0.174167,0.460004"
81,stim_0081.png,stim_0081.png,-0.3,12,0.15,1,Trend_Down,Small,10,"0.000000,0.090909,0.181818,0.272727,0.363636,0.454545,0.545455,0.636364,0.727273,0.818182,0.909091,1.000000","0.677478,0.411307,0.783195,0.603901,0.453796,0.470873,0.636052,0.351484,0.344696,0.394971,0.425323,0.446925"
82,stim_0082.png,stim_0082.png,-0.3,12,0.15,2,Trend_Down,Small,10,"0.000000,0.090909,0.181818,0.272727,0.363636,0.454545,0.545455,0.636364,0.727273,0.818182,0.909091,1.000000","0.601727,0.430987,0.509710,0.766169,0.632821,0.461569,0.472651,0.227301,0.662201,0.572267,0.176789,0.485808"
83,stim_0083.png,stim_0083.png,-0.3,12,0.15,3,Trend_Down,Small,10,"0.000000,0.090909,0.181818,0.272727,0.363636,0.454545,0.545455,0.636364,0.727273,0.818182,0.909091,1.000000","0.669556,0.645886,0.620322,0.648495,0.440424,0.514295,0.439618,0.571124,0.485413,0.270009,0.440340,0.254519"
84,stim_0084.png,stim_0084.png,-0.3,12,0.15,4,Trend_Down,Small,10,"0.000000,0.090909,0.181818,0.272727,0.363636,0.454545,0.545455,0.636364,0.727273,0.818182,0.909091,1.000000","0.823554,0.614770,0.718711,0.632762,0.480543,0.729715,0.277804,0.296744,0.386931,0.428624,0.480749,0.129095"
85,stim_0085.png,stim_0085.png,-0.3,12,0.15,5,Trend_Down,Small,10,"0.000000,0.090909,0.181818,0.272727,0.363636,0.454545,0.545455,0.636364,0.727273,0.818182,0.909091,1.000000","0.677179,0.957134,0.638142,0.453103,0.685584,0.640937,0.512314,0.262286,0.208617,0.209257,0.277671,0.477777"
86,stim_0086.png,stim_0086.png,-0.3,12,0.15,6,Trend_Down,Small,10,"0.000000,0.090909,0.181818,0.272727,0.363636,0.454545,0.545455,0.636364,0.727273,0.818182,0.909091,1.000000","0.523358,0.825470,0.722985,0.644870,0.449863,0.395156,0.526855,0.537892,0.238337,0.512343,0.408033,0.214838"
87,stim_0087.png,stim_0087.png,-0.3,12,0.15,7,Trend_Down,Small,10,"0.000000,0.090909,0.181818,0.272727,0.363636,0.454545,0.545455,0.636364,0.727273,0.818182,0.909091,1.000000","0.834677,0.376810,0.749338,0.587406,0.437679,0.359358,0.456271,0.539624,0.194899,0.424718,0.475678,0.563543"
88,stim_0088.png,stim_0088.png,-0.3,14,0.15,0,Trend_Down,Small,10,"0.000000,0.076923,0.153846,0.230769,0.307692,0.384615,0.461538,0.538462,0.615385,0.692308,0.769231,0.846154,0.923077,1.000000","0.710198,0.468920,0.497721,0.653607,0.543063,0.605535,0.452422,0.359827,0.278571,0.460052,0.528925,0.346066,0.644789,0.450305"
89,stim_0089.png,stim_0089.png,-0.3,14,0.15,1,Trend_Down,Small,10,"0.000000,0.076923,0.153846,0.230769,0.307692,0.384615,0.461538,0.538462,0.615385,0.692308,0.769231,0.846154,0.923077,1.000000","0.939312,0.658575,0.509839,0.415730,0.504710,0.323253,0.515539,0.510643,0.626906,0.507641,0.278444,0.454696,0.255594,0.499118"
90,stim_0090.png,stim_0090.png,-0.3,14,0.15,2,Trend_Down,Small,10,"0.000000,0.076923,0.153846,0.230769,0.307692,0.384615,0.461538,0.538462,0.615385,0.692308,0.769231,0.846154,0.923077,1.000000","0.787562,0.433907,0.536956,0.536378,0.569312,0.411062,0.615750,0.602718,0.215454,0.456749,0.423824,0.507723,0.575442,0.327164"
91,stim_0091.png,stim_0091.png,-0.3,14,0.15,3,Trend_Down,Small,10,"0.000000,0.076923,0.153846,0.230769,0.307692,0.384615,0.461538,0.538462,0.615385,0.692308,0.769231,0.846154,0.923077,1.000000","0.619599,0.889901,0.626846,0.716251,0.659583,0.461624,0.360063,0.309940,0.503614,0.427495,0.434820,0.395158,0.292523,0.302584"
92,stim_0092.png,stim_0092.png,-0.3,14,0.15,4,Trend_Down,Small,10,"0.000000,0.076923,0.153846,0.230769,0.307692,0.384615,0.461538,0.538462,0.615385,0.692308,0.769231,0.846154,0.923077,1.000000","0.722510,0.683934,0.409811,0.523651,0.971297,0.623090,0.445437,0.171502,0.481412,0.565999,0.251009,0.687685,0.134381,0.328282"
93,stim_0093.png,stim_0093.png,-0.3,14,0.15,5,Trend_Down,Small,10,"0.000000,0.076923,0.153846,0.230769,0.307692,0.384615,0.461538,0.538462,0.615385,0.692308,0.769231,0.846154,0.923077,1.000000","0.462149,0.802602,0.728445,0.668343,0.372880,0.622600,0.574201,0.583635,0.332545,0.568361,0.060942,0.469866,0.387477,0.365955"
94,stim_0094.png,stim_0094.png,-0.3,14,0.15,6,Trend_Down,Small,10,"0.000000,0.076923,0.153846,0.230769,0.307692,0.384615,0.461538,0.538462,0.615385,0.692308,0.769231,0.846154,0.923077,1.000000","0.642602,0.719892,0.632612,0.526272,0.408431,0.812949,0.690324,0.484984,0.302745,0.422562,0.252452,0.255338,0.331041,0.517796"
95,stim_0095.png,stim_0095.png,-0.3,14,0.15,7,Trend_Down,Small,10,"0.000000,0.076923,0.153846,0.230769,0.307692,0.384615,0.461538,0.538462,0.615385,0.692308,0.769231,0.846154,0.923077,1.000000","0.602885,0.537660,0.646688,0.745354,0.390416,0.665947,0.382341,0.419536,0.550503,0.224601,0.484648,0.647998,0.311260,0.390163"
96,stim_0096.png,stim_0096.png,-0.3,16,0.15,0,Trend_Down,Big,10,"0.000000,0.066667,0.133333,0.200000,0.266667,0.333333,0.400000,0.466667,0.533333,0.600000,0.666667,0.733333,0.800000,0.866667,0.933333,1.000000","0.679611,0.518781,0.885794,0.461672,0.457626,0.752881,0.609254,0.591948,0.309318,0.672908,0.367477,0.559283,0.448630,0.485248,0.098174,0.101395"
97,stim_0097.png,stim_0097.png,-0.3,16,0.15,1,Trend_Down,Big,10,"0.000000,0.066667,0.133333,0.200000,0.266667,0.333333,0.400000,0.466667,0.533333,0.600000,0.666667,0.733333,0.800000,0.866667,0.933333,1.000000","0.514106,0.827998,0.744424,0.860917,0.401158,0.440439,0.435203,0.592339,0.408161,0.262365,0.421395,0.533501,0.375071,0.449217,0.451321,0.282386"
98,stim_0098.png,stim_0098.png,-0.3,16,0.15,2,Trend_Down,Big,10,"0.000000,0.066667,0.133333,0.200000,0.266667,0.333333,0.400000,0.466667,0.533333,0.600000,0.666667,0.733333,0.800000,0.866667,0.933333,1.000000","0.679105,0.889001,0.673314,0.633980,0.417449,0.377473,0.574654,0.407641,0.264320,0.354708,0.748114,0.384858,0.256411,0.611931,0.179421,0.547620"
99,stim_0099.png,stim_0099.png,-0.3,16,0.15,3,Trend_Down,Big,10,"0.000000,0.066667,0.133333,0.200000,0.266667,0.333333,0.400000,0.466667,0.533333,0.600000,0.666667,0.733333,0.800000,0.866667,0.933333,1.000000","0.690099,0.663284,0.603456,0.439211,0.531825,0.631974,0.675058,0.504662,0.466918,0.519210,0.696606,0.266584,0.340845,0.234923,0.316627,0.418718"
100,stim_0100.png,stim_0100.png,-0.3,16,0.15,4,Trend_Down,Big,10,"0.000000,0.066667,0.133333,0.200000,0.266667,0.333333,0.400000,0.466667,0.533333,0.600000,0.666667,0.733333,0.800000,0.866667,0.933333,1.000000","0.624100,0.381203,0.822912,0.524392,0.622321,0.538065,0.517729,0.538109,0.533635,0.336113,0.595858,0.419245,0.574327,0.421270,0.225924,0.324797"
101,stim_0101.png,stim_0101.png,-0.3,16,0.15,5,Trend_Down,Big,10,"0.000000,0.066667,0.133333,0.200000,0.266667,0.333333,0.400000,0.466667,0.533333,0.600000,0.666667,0.733333,0.800000,0.866667,0.933333,1.000000","0.831045,0.502512,0.599316,0.530324,0.836912,0.287823,0.559490,0.607999,0.428286,0.213247,0.398646,0.401799,0.368054,0.495932,0.227007,0.711607"
102,stim_0102.png,stim_0102.png,-0.3,16,0.15,6,Trend_Down,Big,10,"0.000000,0.066667,0.133333,0.200000,0.266667,0.333333,0.400000,0.466667,0.533333,0.600000,0.666667,0.733333,0.800000,0.866667,0.933333,1.000000","0.765849,0.642518,0.630614,0.725562,0.342537,0.525312,0.476537,0.539513,0.298143,0.787720,0.382445,0.402204,0.412132,0.215922,0.470646,0.382346"
103,stim_0103.png,stim_0103.png,-0.3,16,0.15,7,Trend_Down,Big,10,"0.000000,0.066667,0.133333,0.200000,0.266667,0.333333,0.400000,0.466667,0.533333,0.600000,0.666667,0.733333,0.800000,0.866667,0.933333,1.000000","0.418376,0.568621,0.738221,0.449897,0.488421,0.692436,0.547466,0.520815,0.631749,0.425552,0.462088,0.294094,0.534567,0.279966,0.687230,0.260502"
104,stim_0104.png,stim_0104.png,-0.3,18,0.15,0,Trend_Down,Big,10,"0.000000,0.058824,0.117647,0.176471,0.235294,0.294118,0.352941,0.411765,0.470588,0.529412,0.588235,0.647059,0.705882,0.764706,0.823529,0.882353,0.941176,1.000000","0.600554,0.595282,0.895162,0.657702,0.406947,0.586003,0.534955,0.514423,0.499573,0.602818,0.293845,0.720058,0.402088,0.021063,0.408402,0.257752,0.615939,0.387434"
105,stim_0105.png,stim_0105.png,-0.3,18,0.15,1,Trend_Down,Big,10,"0.000000,0.058824,0.117647,0.176471,0.235294,0.294118,0.352941,0.411765,0.470588,0.529412,0.588235,0.647059,0.705882,0.764706,0.823529,0.882353,0.941176,1.000000","0.849917,0.477990,0.535143,0.595118,0.410489,0.643213,0.614726,0.364761,0.566601,0.477858,0.448032,0.581957,0.569317,0.510852,0.358765,0.299766,0.269232,0.426264"
106,stim_0106.png,stim_0106.png,-0.3,18,0.15,2,Trend_Down,Big,10,"0.000000,0.058824,0.117647,0.176471,0.235294,0.294118,0.352941,0.411765,0.470588,0.529412,0.588235,0.647059,0.705882,0.764706,0.823529,0.882353,0.941176,1.000000","0.705031,0.589245,0.804722,0.506527,0.598097,0.590865,0.604234,0.606914,0.449399,0.369281,0.685790,0.433464,0.325248,0.366009,0.372292,0.279260,0.437457,0.276166"
107,stim_0107.png,stim_0107.png,-0.3,18,0.15,3,Trend_Down,Big,10,"0.000000,0.058824,0.117647,0.176471,0.235294,0.294118,0.352941,0.411765,0.470588,0.529412,0.588235,0.647059,0.705882,0.764706,0.823529,0.882353,0.941176,1.000000","0.677935,0.564228,0.570638,0.483804,0.543667,0.717958,0.321678,0.523474,0.775255,0.520909,0.695923,0.434989,0.260065,0.484928,0.506766,0.311200,0.385506,0.221077"
108,stim_0108.png,stim_0108.png,-0.3,18,0.15,4,Trend_Down,Big,10,"0.000000,0.058824,0.117647,0.176471,0.235294,0.294118,0.352941,0.411765,0.470588,0.529412,0.588235,0.647059,0.705882,0.764706,0.823529,0.882353,0.941176,1.000000","0.633298,0.520445,0.477703,0.756484,0.716245,0.567140,0.775944,0.558928,0.546702,0.440320,0.341013,0.637878,0.311076,0.358210,0.442793,0.096226,0.299590,0.520003"
109,stim_0109.png,stim_0109.png,-0.3,18,0.15,5,Trend_Down,Big,10,"0.000000,0.058824,0.117647,0.176471,0.235294,0.294118,0.352941,0.411765,0.470588,0.529412,0.588235,0.647059,0.705882,0.764706,0.823529,0.882353,0.941176,1.000000","0.586009,0.505497,0.695228,0.711289,0.302183,0.431817,0.500550,0.450725,0.740215,0.621328,0.614005,0.341706,0.624330,0.422591,0.373044,0.373179,0.551907,0.154397"
110,stim_0110.png,stim_0110.png,-0.3,18,0.15,6,Trend_Down,Big,10,"0.000000,0.058824,0.117647,0.176471,0.235294,0.294118,0.352941,0.411765,0.470588,0.529412,0.588235,0.647059,0.705882,0.764706,0.823529,0.882353,0.941176,1.000000","0.627440,0.897800,0.747172,0.926305,0.489097,0.116579,0.506249,0.497635,0.593023,0.568550,0.202550,0.467523,0.561830,0.456939,0.253945,0.419604,0.399299,0.268460"
111,stim_0111.png,stim_0111.png,-0.3,18,0.15,7,Trend_Down,Big,10,"0.000000,0.058824,0.117647,0.176471,0.235294,0.294118,0.352941,0.411765,0.470588,0.529412,0.588235,0.647059,0.705882,0.764706,0.823529,0.882353,0.941176,1.000000","0.493317,0.751660,0.596646,0.701042,0.411619,0.463036,0.736157,0.391062,0.674732,0.560132,0.343152,0.256724,0.396605,0.589791,0.255402,0.459533,0.352378,0.567010"
112,stim_0112.png,stim_0112.png,-0.3,20,0.15,0,Trend_Down,Big,10,"0.000000,0.052632,0.105263,0.157895,0.210526,0.263158,0.315789,0.368421,0.421053,0.473684,0.526316,0.578947,0.631579,0.684211,0.736842,0.789474,0.842105,0.894737,0.947368,1.000000","0.535934,0.520458,0.555786,0.547998,0.623819,0.656524,0.634185,0.241576,0.821595,0.463352,0.761990,0.462410,0.560789,0.206129,0.725591,0.373011,0.480053,0.411193,0.179159,0.238445"
113,stim_0113.png,stim_0113.png,-0.3,20,0.15,1,Trend_Down,Big,10,"0.000000,0.052632,0.105263,0.157895,0.210526,0.263158,0.315789,0.368421,0.421053,0.473684,0.526316,0.578947,0.631579,0.684211,0.736842,0.789474,0.842105,0.894737,0.947368,1.000000","0.642828,0.693390,0.590413,0.496899,0.657820,0.165619,0.610615,0.584508,0.755402,0.627509,0.410207,0.643032,0.463033,0.544339,0.368177,0.471773,0.430277,0.289936,0.123538,0.430684"
114,stim_0114.png,stim_0114.png,-0.3,20,0.15,2,Trend_Down,Big,10,"0.000000,0.052632,0.105263,0.157895,0.210526,0.263158,0.315789,0.368421,0.421053,0.473684,0.526316,0.578947,0.631579,0.684211,0.736842,0.789474,0.842105,0.894737,0.947368,1.000000","0.608652,0.435924,0.425095,0.895401,0.476294,0.603426,0.663857,0.987663,0.638611,0.509131,0.440034,0.743092,0.470320,0.366093,0.198271,0.153116,0.487786,0.463461,0.194121,0.239650"
115,stim_0115.png,stim_0115.png,-0.3,20,0.15,3,Trend_Down,Big,10,"0.000000,0.052632,0.105263,0.157895,0.210526,0.263158,0.315789,0.368421,0.421053,0.473684,0.526316,0.578947,0.631579,0.684211,0.736842,0.789474,0.842105,0.894737,0.947368,1.000000","0.509994,0.712534,0.492714,0.952269,0.324734,0.973848,0.583517,0.356996,0.429552,0.699242,0.621591,0.484188,0.401832,0.163460,0.528730,0.507636,0.372203,0.170232,0.350290,0.364438"
116,stim_0116.png,stim_0116.png,-0.3,20,0.15,4,Trend_Down,Big,10,"0.000000,0.052632,0.105263,0.157895,0.210526,0.263158,0.315789,0.368421,0.421053,0.473684,0.526316,0.578947,0.631579,0.684211,0.736842,0.789474,0.842105,0.894737,0.947368,1.000000","0.707108,0.441100,0.576605,0.437527,0.656557,0.685075,0.571853,0.430181,0.489200,0.264644,0.563941,0.502372,0.643491,0.457803,0.451103,0.740833,0.209243,0.284254,0.271140,0.615971"
117,stim_0117.png,stim_0117.png,-0.3,20,0.15,5,Trend_Down,Big,10,"0.000000,0.052632,0.105263,0.157895,0.210526,0.263158,0.315789,0.368421,0.421053,0.473684,0.526316,0.578947,0.631579,0.684211,0.736842,0.789474,0.842105,0.894737,0.947368,1.000000","0.774935,0.708476,0.462932,0.451763,0.426004,0.299229,0.744081,0.607398,0.627184,0.566929,0.448119,0.743767,0.449590,0.174276,0.423897,0.357166,0.467950,0.392371,0.363234,0.510700"
118,stim_0118.png,stim_0118.png,-0.3,20,0.15,6,Trend_Down,Big,10,"0.000000,0.052632,0.105263,0.157895,0.210526,0.263158,0.315789,0.368421,0.421053,0.473684,0.526316,0.578947,0.631579,0.684211,0.736842,0.789474,0.842105,0.894737,0.947368,1.000000","0.760841,0.438354,0.568243,0.804294,0.596939,0.581074,0.515337,0.621615,0.442776,0.592542,0.847750,0.750626,0.388178,0.481168,0.529796,0.331528,0.300475,0.189418,0.154513,0.104534"
119,stim_0119.png,stim_0119.png,-0.3,20,0.15,7,Trend_Down,Big,10,"0.000000,0.052632,0.105263,0.157895,0.210526,0.263158,0.315789,0.368421,0.421053,0.473684,0.526316,0.578947,0.631579,0.684211,0.736842,0.789474,0.842105,0.894737,0.947368,1.000000","0.436790,0.573378,0.624166,0.685625,0.686555,0.534709,0.575025,0.538019,0.602591,0.706874,0.542628,0.343446,0.428328,0.342734,0.606670,0.227211,0.464016,0.414425,0.332864,0.333947"
120,stim_0120.png,stim_0120.png,-0.3,22,0.15,0,Trend_Down,Big,10,"0.000000,0.047619,0.095238,0.142857,0.190476,0.238095,0.285714,0.333333,0.380952,0.428571,0.476190,0.523810,0.571429,0.619048,0.666667,0.714286,0.761905,0.809524,0.857143,0.904762,0.952381,1.000000","0.295828,0.783290,0.576352,0.334165,0.760047,0.677131,0.625603,0.394800,0.713236,0.659089,0.678172,0.440360,0.510458,0.414940,0.330698,0.515435,0.218275,0.547565,0.276306,0.369684,0.383269,0.495299"
121,stim_0121.png,stim_0121.png,-0.3,22,0.15,1,Trend_Down,Big,10,"0.000000,0.047619,0.095238,0.142857,0.190476,0.238095,0.285714,0.333333,0.380952,0.428571,0.476190,0.523810,0.571429,0.619048,0.666667,0.714286,0.761905,0.809524,0.857143,0.904762,0.952381,1.000000","0.754996,0.518212,0.794783,0.533598,0.391351,0.420906,0.541417,0.314309,0.183845,0.487602,0.592392,0.495930,0.559995,0.157988,0.577856,0.512261,0.723426,0.460693,0.630359,0.301922,0.523214,0.522945"
122,stim_0122.png,stim_0122.png,-0.3,22,0.15,2,Trend_Down,Big,10,"0.000000,0.047619,0.095238,0.142857,0.190476,0.238095,0.285714,0.333333,0.380952,0.428571,0.476190,0.523810,0.571429,0.619048,0.666667,0.714286,0.761905,0.809524,0.857143,0.904762,0.952381,1.000000","0.380083,0.382121,0.812931,0.764793,0.416353,0.839620,0.666514,0.726115,0.632273,0.649234,0.352923,0.359000,0.643608,0.526951,0.346092,0.651637,0.191232,0.444586,0.574202,0.092740,0.413895,0.133099"
123,stim_0123.png,stim_0123.png,-0.3,22,0.15,3,Trend_Down,Big,10,"0.000000,0.047619,0.095238,0.142857,0.190476,0.238095,0.285714,0.333333,0.380952,0.428571,0.476190,0.523810,0.571429,0.619048,0.666667,0.714286,0.761905,0.809524,0.857143,0.904762,0.952381,1.000000","0.647506,0.517087,0.789111,0.700671,0.527991,0.525134,0.410375,0.568110,0.401813,0.307298,0.700842,0.532034,0.643384,0.712615,0.432013,0.398355,0.544715,0.341540,0.433286,0.365951,0.326960,0.173210"
124,stim_0124.png,stim_0124.png,-0.3,22,0.15,4,Trend_Down,Big,10,"0.000000,0.047619,0.095238,0.142857,0.190476,0.238095,0.285714,0.333333,0.380952,0.428571,0.476190,0.523810,0.571429,0.619048,0.666667,0.714286,0.761905,0.809524,0.857143,0.904762,0.952381,1.000000","0.821358,0.832007,0.714027,0.417841,0.562685,0.352230,0.620618,0.421578,0.500817,0.856643,0.373272,0.195402,0.286045,0.729739,0.221795,0.375724,0.288023,0.514409,0.654267,0.434362,0.516558,0.310599"
125,stim_0125.png,stim_0125.png,-0.3,22,0.15,5,Trend_Down,Big,10,"0.000000,0.047619,0.095238,0.142857,0.190476,0.238095,0.285714,0.333333,0.380952,0.428571,0.476190,0.523810,0.571429,0.619048,0.666667,0.714286,0.761905,0.809524,0.857143,0.904762,0.952381,1.000000","0.782848,0.563767,0.803860,0.609393,0.365150,0.690700,0.344172,0.600741,0.555619,0.579608,0.465711,0.591093,0.378240,0.314523,0.453103,0.533569,0.532719,0.306523,0.473341,0.413447,0.405251,0.236622"
126,stim_0126.png,stim_0126.png,-0.3,22,0.15,6,Trend_Down,Big,10,"0.000000,0.047619,0.095238,0.142857,0.190476,0.238095,0.285714,0.333333,0.380952,0.428571,0.476190,0.523810,0.571429,0.619048,0.666667,0.714286,0.761905,0.809524,0.857143,0.904762,0.952381,1.000000","0.874684,0.721485,0.524465,0.709233,0.497774,0.490305,0.506456,0.599141,0.359730,0.321071,0.494094,0.663337,0.425520,0.336057,0.423239,0.305230,0.812442,0.314158,0.540605,0.322074,0.351993,0.406909"
127,stim_0127.png,stim_0127.png,-0.3,22,0.15,7,Trend_Down,Big,10,"0.000000,0.047619,0.095238,0.142857,0.190476,0.238095,0.285714,0.333333,0.380952,0.428571,0.476190,0.523810,0.571429,0.619048,0.666667,0.714286,0.761905,0.809524,0.857143,0.904762,0.952381,1.000000","0.840191,0.725127,0.720417,0.567086,0.573078,0.696792,0.413907,0.347126,0.464771,0.569923,0.612405,0.370320,0.399001,0.569611,0.493929,0.409824,0.328974,0.414508,0.182401,0.366799,0.579059,0.354753"
128,stim_0128.png,stim_0128.png,-0.225,8,0.15,0,Trend_Down,Small,10,"0.000000,0.142857,0.285714,0.428571,0.571429,0.714286,0.857143,1.000000","0.401276,0.691658,0.286327,0.658395,0.406288,0.475348,0.592544,0.488165"
129,stim_0129.png,stim_0129.png,-0.225,8,0.15,1,Trend_Down,Small,10,"0.000000,0.142857,0.285714,0.428571,0.571429,0.714286,0.857143,1.000000","0.619764,0.468589,0.511278,0.769027,0.230190,0.522170,0.559945,0.319036"
130,stim_0130.png,stim_0130.png,-0.225,8,0.15,2,Trend_Down,Small,10,"0.000000,0.142857,0.285714,0.428571,0.571429,0.714286,0.857143,1.000000","0.489467,0.567040,0.414903,0.577148,0.351048,0.408338,0.712833,0.479222"
131,stim_0131.png,stim_0131.png,-0.225,8,0.15,3,Trend_Down,Small,10,"0.000000,0.142857,0.285714,0.428571,0.571429,0.714286,0.857143,1.000000","0.464120,0.557220,0.446794,0.447654,0.635825,0.419889,0.510219,0.518279"
132,stim_0132.png,stim_0132.png,-0.225,8,0.15,4,Trend_Down,Small,10,"0.000000,0.142857,0.285714,0.428571,0.571429,0.714286,0.857143,1.000000","0.659513,0.817542,0.430976,0.548941,0.254599,0.657190,0.460856,0.170384"
133,stim_0133.png,stim_0133.png,-0.225,8,0.15,5,Trend_Down,Small,10,"0.000000,0.142857,0.285714,0.428571,0.571429,0.714286,0.857143,1.000000","0.617753,0.694563,0.522527,0.656699,0.322828,0.636253,0.330736,0.218641"
134,stim_0134.png,stim_0134.png,-0.225,8,0.15,6,Trend_Down,Small,10,"0.000000,0.142857,0.285714,0.428571,0.571429,0.714286,0.857143,1.000000","0.939384,0.750389,0.449104,0.370478,0.430093,0.268079,0.414402,0.378069"
135,stim_0135.png,stim_0135.png,-0.225,8,0.15,7,Trend_Down,Small,10,"0.000000,0.142857,0.285714,0.428571,0.571429,0.714286,0.857143,1.000000","0.414226,0.566447,0.511497,0.588233,0.491506,0.623670,0.343029,0.461391"
136,stim_0136.png,stim_0136.png,-0.225,10,0.15,0,Trend_Down,Small,10,"0.000000,0.111111,0.222222,0.333333,0.444444,0.555556,0.666667,0.777778,0.888889,1.000000","0.601163,0.767114,0.424622,0.659680,0.319254,0.313847,0.356147,0.801459,0.281178,0.475535"
137,stim_0137.png,stim_0137.png,-0.225,10,0.15,1,Trend_Down,Small,10,"0.000000,0.111111,0.222222,0.333333,0.444444,0.555556,0.666667,0.777778,0.888889,1.000000","0.593853,0.797063,0.683078,0.540129,0.513197,0.394412,0.563565,0.504585,0.291698,0.118421"
138,stim_0138.png,stim_0138.png,-0.225,10,0.15,2,Trend_Down,Small,10,"0.000000,0.111111,0.222222,0.333333,0.444444,0.555556,0.666667,0.777778,0.888889,1.000000","0.809094,0.576248,0.421755,0.345358,0.429826,0.541452,0.465902,0.569968,0.429691,0.410707"
139,stim_0139.png,stim_0139.png,-0.225,10,0.15,3,Trend_Down,Small,10,"0.000000,0.111111,0.222222,0.333333,0.444444,0.555556,0.666667,0.777778,0.888889,1.000000","0.660484,0.679200,0.473141,0.652774,0.485964,0.336576,0.693074,0.585532,0.154420,0.278836"
140,stim_0140.png,stim_0140.png,-0.225,10,0.15,4,Trend_Down,Small,10,"0.000000,0.111111,0.222222,0.333333,0.444444,0.555556,0.666667,0.777778,0.888889,1.000000","0.755882,0.801522,0.390437,0.608091,0.523025,0.508464,0.653812,0.350420,0.331008,0.077340"
141,stim_0141.png,stim_0141.png,-0.225,10,0.15,5,Trend_Down,Small,10,"0.000000,0.111111,0.222222,0.333333,0.444444,0.555556,0.666667,0.777778,0.888889,1.000000","0.614176,0.405607,0.434932,0.585569,0.610135,0.710540,0.635749,0.516607,0.281351,0.205335"
142,stim_0142.png,stim_0142.png,-0.225,10,0.15,6,Trend_Down,Small,10,"0.000000,0.111111,0.222222,0.333333,0.444444,0.555556,0.666667,0.777778,0.888889,1.000000","0.790272,0.669946,0.291057,0.513435,0.599247,0.273486,0.552670,0.326876,0.557655,0.425355"
143,stim_0143.png,stim_0143.png,-0.225,10,0.15,7,Trend_Down,Small,10,"0.000000,0.111111,0.222222,0.333333,0.444444,0.555556,0.666667,0.777778,0.888889,1.000000","0.653884,0.425580,0.545974,0.736139,0.378582,0.568571,0.301573,0.428712,0.547021,0.413963"
144,stim_0144.png,stim_0144.png,-0.225,12,0.15,0,Trend_Down,Small,10,"0.000000,0.090909,0.181818,0.272727,0.363636,0.454545,0.545455,0.636364,0.727273,0.818182,0.909091,1.000000","0.652838,0.584105,0.501496,0.128090,0.368556,0.626293,0.439209,0.507877,0.525791,0.454290,0.423238,0.788216"
145,stim_0145.png,stim_0145.png,-0.225,12,0.15,1,Trend_Down,Small,10,"0.000000,0.090909,0.181818,0.272727,0.363636,0.454545,0.545455,0.636364,0.727273,0.818182,0.909091,1.000000","0.642075,0.759581,0.663801,0.555231,0.550152,0.389161,0.544480,0.528672,0.249436,0.524763,0.408114,0.184534"
146,stim_0146.png,stim_0146.png,-0.225,12,0.15,2,Trend_Down,Small,10,"0.000000,0.090909,0.181818,0.272727,0.363636,0.454545,0.545455,0.636364,0.727273,0.818182,0.909091,1.000000","0.684413,0.637430,0.642818,0.469071,0.261667,0.595527,0.647156,0.467822,0.372585,0.488365,0.259634,0.473514"
147,stim_0147.png,stim_0147.png,-0.225,12,0.15,3,Trend_Down,Small,10,"0.000000,0.090909,0.181818,0.272727,0.363636,0.454545,0.545455,0.636364,0.727273,0.818182,0.909091,1.000000","0.604426,0.440990,0.543208,0.466635,0.683039,0.482207,0.646671,0.666175,0.131918,0.408869,0.538668,0.387195"
148,stim_0148.png,stim_0148.png,-0.225,12,0.15,4,Trend_Down,Small,10,"0.000000,0.090909,0.181818,0.272727,0.363636,0.454545,0.545455,0.636364,0.727273,0.818182,0.909091,1.000000","0.494331,0.681620,0.547143,0.551338,0.523757,0.576183,0.315765,0.418424,0.461604,0.541749,0.520090,0.367997"
149,stim_0149.png,stim_0149.png,-0.225,12,0.15,5,Trend_Down,Small,10,"0.000000,0.090909,0.181818,0.272727,0.363636,0.454545,0.545455,0.636364,0.727273,0.818182,0.909091,1.000000","0.879964,0.639432,0.972177,0.750430,0.637592,0.496076,0.054590,0.369407,0.457555,0.193769,0.235199,0.313810"
150,stim_0150.png,stim_0150.png,-0.225,12,0.15,6,Trend_Down,Small,10,"0.000000,0.090909,0.181818,0.272727,0.363636,0.454545,0.545455,0.636364,0.727273,0.818182,0.909091,1.000000","0.459610,0.803240,0.644720,0.480303,0.555290,0.505436,0.438548,0.559606,0.469469,0.428090,0.380634,0.275052"
151,stim_0151.png,stim_0151.png,-0.225,12,0.15,7,Trend_Down,Small,10,"0.000000,0.090909,0.181818,0.272727,0.363636,0.454545,0.545455,0.636364,0.727273,0.818182,0.909091,1.000000","0.508653,0.735832,0.699642,0.482263,0.595088,0.390217,0.547437,0.757347,0.469862,0.284349,0.168857,0.360452"
152,stim_0152.png,stim_0152.png,-0.225,14,0.15,0,Trend_Down,Small,10,"0.000000,0.076923,0.153846,0.230769,0.307692,0.384615,0.461538,0.538462,0.615385,0.692308,0.769231,0.846154,0.923077,1.000000","0.536934,0.708017,0.629980,0.688692,0.638874,0.336486,0.242454,0.562089,0.796820,0.345958,0.550042,0.240584,0.454262,0.268807"
153,stim_0153.png,stim_0153.png,-0.225,14,0.15,1,Trend_Down,Small,10,"0.000000,0.076923,0.153846,0.230769,0.307692,0.384615,0.461538,0.538462,0.615385,0.692308,0.769231,0.846154,0.923077,1.000000","0.850667,0.619542,0.448517,0.403619,0.447075,0.785431,0.703817,0.602450,0.141110,0.467116,0.126927,0.502191,0.447805,0.453735"
154,stim_0154.png,stim_0154.png,-0.225,14,0.15,2,Trend_Down,Small,10,"0.000000,0.076923,0.153846,0.230769,0.307692,0.384615,0.461538,0.538462,0.615385,0.692308,0.769231,0.846154,0.923077,1.000000","0.481851,0.627866,0.389013,0.834447,0.508094,0.700111,0.362160,0.305760,0.442739,0.669593,0.346194,0.416091,0.599457,0.316624"
155,stim_0155.png,stim_0155.png,-0.225,14,0.15,3,Trend_Down,Small,10,"0.000000,0.076923,0.153846,0.230769,0.307692,0.384615,0.461538,0.538462,0.615385,0.692308,0.769231,0.846154,0.923077,1.000000","0.841054,0.514030,0.710088,0.610861,0.680133,0.385091,0.345082,0.576187,0.496983,0.374473,0.393080,0.508900,0.126236,0.437801"
156,stim_0156.png,stim_0156.png,-0.225,14,0.15,4,Trend_Down,Small,10,"0.000000,0.076923,0.153846,0.230769,0.307692,0.384615,0.461538,0.538462,0.615385,0.692308,0.769231,0.846154,0.923077,1.000000","0.520217,0.928353,0.485370,0.571618,0.589958,0.681928,0.387171,0.533474,0.384725,0.605425,0.391644,0.252543,0.372763,0.294811"
157,stim_0157.png,stim_0157.png,-0.225,14,0.15,5,Trend_Down,Small,10,"0.000000,0.076923,0.153846,0.230769,0.307692,0.384615,0.461538,0.538462,0.615385,0.692308,0.769231,0.846154,0.923077,1.000000","0.562860,0.558015,0.554170,0.526130,0.644783,0.670468,0.678320,0.371803,0.454205,0.545131,0.608214,0.165888,0.298705,0.361307"
158,stim_0158.png,stim_0158.png,-0.225,14,0.15,6,Trend_Down,Small,10,"0.000000,0.076923,0.153846,0.230769,0.307692,0.384615,0.461538,0.538462,0.615385,0.692308,0.769231,0.846154,0.923077,1.000000","0.642424,0.302442,0.694080,0.620524,0.429194,0.374855,0.616369,0.861338,0.473947,0.456054,0.414693,0.403365,0.192216,0.518498"
159,stim_0159.png,stim_0159.png,-0.225,14,0.15,7,Trend_Down,Small,10,"0.000000,0.076923,0.153846,0.230769,0.307692,0.384615,0.461538,0.538462,0.615385,0.692308,0.769231,0.846154,0.923077,1.000000","0.634765,0.657651,0.810406,0.469499,0.493886,0.435363,0.454045,0.531539,0.613333,0.494645,0.515253,0.351153,0.232958,0.305506"
160,stim_0160.png,stim_0160.png,-0.225,16,0.15,0,Trend_Down,Big,10,"0.000000,0.066667,0.133333,0.200000,0.266667,0.333333,0.400000,0.466667,0.533333,0.600000,0.666667,0.733333,0.800000,0.866667,0.933333,1.000000","0.591617,0.827735,0.712764,0.526267,0.633723,0.333615,0.546853,0.482758,0.316842,0.555855,0.406340,0.438792,0.595308,0.350880,0.386550,0.294102"
161,stim_0161.png,stim_0161.png,-0.225,16,0.15,1,Trend_Down,Big,10,"0.000000,0.066667,0.133333,0.200000,0.266667,0.333333,0.400000,0.466667,0.533333,0.600000,0.666667,0.733333,0.800000,0.866667,0.933333,1.000000","0.827865,0.554836,0.632158,0.428959,0.520775,0.565019,0.291995,0.506678,0.538592,0.406323,0.320164,0.529699,0.471350,0.620169,0.313915,0.471503"
162,stim_0162.png,stim_0162.png,-0.225,16,0.15,2,Trend_Down,Big,10,"0.000000,0.066667,0.133333,0.200000,0.266667,0.333333,0.400000,0.466667,0.533333,0.600000,0.666667,0.733333,0.800000,0.866667,0.933333,1.000000","0.671370,0.601286,0.444950,0.524027,0.560070,0.348206,0.668343,0.337095,0.363655,0.499105,0.272431,0.641781,0.342175,0.638313,0.639278,0.447915"
163,stim_0163.png,stim_0163.png,-0.225,16,0.15,3,Trend_Down,Big,10,"0.000000,0.066667,0.133333,0.200000,0.266667,0.333333,0.400000,0.466667,0.533333,0.600000,0.666667,0.733333,0.800000,0.866667,0.933333,1.000000","0.686070,0.525832,0.588391,0.484464,0.424530,0.627693,0.648341,0.457476,0.265254,0.858121,0.623839,0.512576,0.341076,0.383070,0.209065,0.364201"
164,stim_0164.png,stim_0164.png,-0.225,16,0.15,4,Trend_Down,Big,10,"0.000000,0.066667,0.133333,0.200000,0.266667,0.333333,0.400000,0.466667,0.533333,0.600000,0.666667,0.733333,0.800000,0.866667,0.933333,1.000000","0.453050,0.496748,0.475748,0.838598,0.433003,0.601213,0.496429,0.415035,0.625508,0.516736,0.469580,0.212198,0.455198,0.569876,0.572165,0.368914"
165,stim_0165.png,stim_0165.png,-0.225,16,0.15,5,Trend_Down,Big,10,"0.000000,0.066667,0.133333,0.200000,0.266667,0.333333,0.400000,0.466667,0.533333,0.600000,0.666667,0.733333,0.800000,0.866667,0.933333,1.000000","0.603200,0.321474,0.583601,0.145563,0.922870,0.527219,0.474172,0.571179,0.725304,0.613555,0.673818,0.324512,0.388265,0.319406,0.443039,0.362822"
166,stim_0166.png,stim_0166.png,-0.225,16,0.15,6,Trend_Down,Big,10,"0.000000,0.066667,0.133333,0.200000,0.266667,0.333333,0.400000,0.466667,0.533333,0.600000,0.666667,0.733333,0.800000,0.866667,0.933333,1.000000","0.239920,0.549894,0.780418,0.382421,0.704070,0.471016,0.493562,0.389368,0.564497,0.779019,0.425457,0.533565,0.328932,0.555195,0.502947,0.299719"
167,stim_0167.png,stim_0167.png,-0.225,16,0.15,7,Trend_Down,Big,10,"0.000000,0.066667,0.133333,0.200000,0.266667,0.333333,0.400000,0.466667,0.533333,0.600000,0.666667,0.733333,0.800000,0.866667,0.933333,1.000000","0.706553,0.568990,0.550659,0.573739,0.706493,0.687981,0.480131,0.405256,0.504234,0.467901,0.482432,0.330257,0.388451,0.383864,0.317731,0.445327"
168,stim_0168.png,stim_0168.png,-0.225,18,0.15,0,Trend_Down,Big,10,"0.000000,0.058824,0.117647,0.176471,0.235294,0.294118,0.352941,0.411765,0.470588,0.529412,0.588235,0.647059,0.705882,0.764706,0.823529,0.882353,0.941176,1.000000","0.630135,0.540108,0.461728,0.407552,0.646208,0.547541,0.601472,0.429483,0.360620,0.541114,0.509144,0.429704,0.554098,0.535499,0.372732,0.557402,0.398546,0.476912"
169,stim_0169.png,stim_0169.png,-0.225,18,0.15,1,Trend_Down,Big,10,"0.000000,0.058824,0.117647,0.176471,0.235294,0.294118,0.352941,0.411765,0.470588,0.529412,0.588235,0.647059,0.705882,0.764706,0.823529,0.882353,0.941176,1.000000","0.573277,0.855872,0.622962,0.465858,0.722938,0.517761,0.529482,0.513753,0.357278,0.593283,0.375057,0.378602,0.607605,0.592490,0.444702,0.323340,0.179277,0.346465"
170,stim_0170.png,stim_0170.png,-0.225,18,0.15,2,Trend_Down,Big,10,"0.000000,0.058824,0.117647,0.176471,0.235294,0.294118,0.352941,0.411765,0.470588,0.529412,0.588235,0.647059,0.705882,0.764706,0.823529,0.882353,0.941176,1.000000","0.773060,0.477076,0.518449,0.817121,0.487118,0.718378,0.314882,0.499312,0.412536,0.191134,0.424515,0.554231,0.475615,0.334926,0.481482,0.413895,0.526036,0.580234"
171,stim_0171.png,stim_0171.png,-0.225,18,0.15,3,Trend_Down,Big,10,"0.000000,0.058824,0.117647,0.176471,0.235294,0.294118,0.352941,0.411765,0.470588,0.529412,0.588235,0.647059,0.705882,0.764706,0.823529,0.882353,0.941176,1.000000","0.548729,0.840816,0.642643,0.511347,0.505255,0.530622,0.339163,0.451318,0.387425,0.405715,0.439378,0.483631,0.593277,0.296063,0.520588,0.713911,0.226705,0.563414"
172,stim_0172.png,stim_0172.png,-0.225,18,0.15,4,Trend_Down,Big,10,"0.000000,0.058824,0.117647,0.176471,0.235294,0.294118,0.352941,0.411765,0.470588,0.529412,0.588235,0.647059,0.705882,0.764706,0.823529,0.882353,0.941176,1.000000","0.574985,0.623296,0.517890,0.572310,0.816462,0.836605,0.555188,0.602505,0.277607,0.402010,0.204089,0.416928,0.458233,0.562967,0.327863,0.447201,0.220880,0.582982"
173,stim_0173.png,stim_0173.png,-0.225,18,0.15,5,Trend_Down,Big,10,"0.000000,0.058824,0.117647,0.176471,0.235294,0.294118,0.352941,0.411765,0.470588,0.529412,0.588235,0.647059,0.705882,0.764706,0.823529,0.882353,0.941176,1.000000","0.698202,0.606277,0.611704,0.573688,0.564348,0.567951,0.432344,0.903288,0.630440,0.492718,0.416283,0.180061,0.491474,0.633208,0.437792,0.284105,0.071925,0.404193"
174,stim_0174.png,stim_0174.png,-0.225,18,0.15,6,Trend_Down,Big,10,"0.000000,0.058824,0.117647,0.176471,0.235294,0.294118,0.352941,0.411765,0.470588,0.529412,0.588235,0.647059,0.705882,0.764706,0.823529,0.882353,0.941176,1.000000","0.573056,0.655729,0.709977,0.738623,0.693168,0.413578,0.611512,0.500808,0.494396,0.499104,0.503998,0.638390,0.436710,0.135335,0.189863,0.239315,0.504646,0.461793"
175,stim_0175.png,stim_0175.png,-0.225,18,0.15,7,Trend_Down,Big,10,"0.000000,0.058824,0.117647,0.176471,0.235294,0.294118,0.352941,0.411765,0.470588,0.529412,0.588235,0.647059,0.705882,0.764706,0.823529,0.882353,0.941176,1.000000","0.622518,0.650118,0.417797,0.622899,0.649109,0.752364,0.341954,0.627988,0.442999,0.316936,0.677458,0.478872,0.338235,0.312768,0.543556,0.310547,0.659129,0.234754"
176,stim_0176.png,stim_0176.png,-0.225,20,0.15,0,Trend_Down,Big,10,"0.000000,0.052632,0.105263,0.157895,0.210526,0.263158,0.315789,0.368421,0.421053,0.473684,0.526316,0.578947,0.631579,0.684211,0.736842,0.789474,0.842105,0.894737,0.947368,1.000000","0.362792,0.473390,0.598799,0.450572,0.736565,0.486399,0.368012,0.619088,0.601375,0.704660,0.532794,0.517754,0.528123,0.569150,0.427844,0.274223,0.523419,0.194168,0.456462,0.574411"
177,stim_0177.png,stim_0177.png,-0.225,20,0.15,1,Trend_Down,Big,10,"0.000000,0.052632,0.105263,0.157895,0.210526,0.263158,0.315789,0.368421,0.421053,0.473684,0.526316,0.578947,0.631579,0.684211,0.736842,0.789474,0.842105,0.894737,0.947368,1.000000","0.392373,0.446591,0.688642,0.752629,0.485613,0.695849,0.618338,0.376600,0.376428,0.517265,0.391449,0.539878,0.271740,0.614691,0.378367,0.700280,0.505396,0.515153,0.371284,0.361434"
178,stim_0178.png,stim_0178.png,-0.225,20,0.15,2,Trend_Down,Big,10,"0.000000,0.052632,0.105263,0.157895,0.210526,0.263158,0.315789,0.368421,0.421053,0.473684,0.526316,0.578947,0.631579,0.684211,0.736842,0.789474,0.842105,0.894737,0.947368,1.000000","0.513051,0.654214,0.397743,0.507752,0.760771,0.785802,0.538119,0.666363,0.539705,0.641535,0.643017,0.342838,0.434920,0.421772,0.289191,0.454199,0.409367,0.454916,0.295529,0.249196"
179,stim_0179.png,stim_0179.png,-0.225,20,0.15,3,Trend_Down,Big,10,"0.000000,0.052632,0.105263,0.157895,0.210526,0.263158,0.315789,0.368421,0.421053,0.473684,0.526316,0.578947,0.631579,0.684211,0.736842,0.789474,0.842105,0.894737,0.947368,1.000000","0.360082,0.729796,0.537923,0.509719,0.531448,0.500207,0.568126,0.704560,0.407732,0.464077,0.522283,0.600047,0.728321,0.592580,0.313860,0.270797,0.342101,0.333834,0.354175,0.628333"
180,stim_0180.png,stim_0180.png,-0.225,20,0.15,4,Trend_Down,Big,10,"0.000000,0.052632,0.105263,0.157895,0.210526,0.263158,0.315789,0.368421,0.421053,0.473684,0.526316,0.578947,0.631579,0.684211,0.736842,0.789474,0.842105,0.894737,0.947368,1.000000","0.822887,0.743391,0.497860,0.589556,0.641671,0.743466,0.802391,0.404137,0.595151,0.305282,0.220394,0.417145,0.233326,0.514256,0.560625,0.471424,0.202949,0.364601,0.342403,0.527087"
181,stim_0181.png,stim_0181.png,-0.225,20,0.15,5,Trend_Down,Big,10,"0.000000,0.052632,0.105263,0.157895,0.210526,0.263158,0.315789,0.368421,0.421053,0.473684,0.526316,0.578947,0.631579,0.684211,0.736842,0.789474,0.842105,0.894737,0.947368,1.000000","0.659007,0.607751,0.543392,0.566017,0.914164,0.499843,0.618010,0.510548,0.402665,0.651597,0.465645,0.213857,0.550181,0.538634,0.399935,0.384065,0.192656,0.333783,0.620969,0.327283"
182,stim_0182.png,stim_0182.png,-0.225,20,0.15,6,Trend_Down,Big,10,"0.000000,0.052632,0.105263,0.157895,0.210526,0.263158,0.315789,0.368421,0.421053,0.473684,0.526316,0.578947,0.631579,0.684211,0.736842,0.789474,0.842105,0.894737,0.947368,1.000000","0.593795,0.595033,0.753312,0.387120,0.396795,0.429495,0.485132,0.482616,0.333418,0.506540,0.784083,0.517237,0.323113,0.474727,0.366443,0.197300,0.695944,0.584212,0.491307,0.602379"
183,stim_0183.png,stim_0183.png,-0.225,20,0.15,7,Trend_Down,Big,10,"0.000000,0.052632,0.105263,0.157895,0.210526,0.263158,0.315789,0.368421,0.421053,0.473684,0.526316,0.578947,0.631579,0.684211,0.736842,0.789474,0.842105,0.894737,0.947368,1.000000","0.623507,0.453258,0.939847,0.460981,0.317284,0.704948,0.453705,0.568428,0.608345,0.446554,0.511163,0.480563,0.301996,0.566407,0.555742,0.298569,0.347792,0.489438,0.248176,0.623298"
184,stim_0184.png,stim_0184.png,-0.225,22,0.15,0,Trend_Down,Big,10,"0.000000,0.047619,0.095238,0.142857,0.190476,0.238095,0.285714,0.333333,0.380952,0.428571,0.476190,0.523810,0.571429,0.619048,0.666667,0.714286,0.761905,0.809524,0.857143,0.904762,0.952381,1.000000","0.508012,0.693710,0.463850,0.545625,0.631528,0.355782,0.360426,0.357032,0.583102,0.464679,0.695639,0.613263,0.503630,0.584889,0.449325,0.665147,0.410442,0.592260,0.452901,0.377541,0.235132,0.456084"
185,stim_0185.png,stim_0185.png,-0.225,22,0.15,1,Trend_Down,Big,10,"0.000000,0.047619,0.095238,0.142857,0.190476,0.238095,0.285714,0.333333,0.380952,0.428571,0.476190,0.523810,0.571429,0.619048,0.666667,0.714286,0.761905,0.809524,0.857143,0.904762,0.952381,1.000000","0.783372,0.361537,0.554447,0.850644,0.446188,0.531578,0.488905,0.711337,0.615363,0.667612,0.717159,0.353740,0.410957,0.212501,0.430100,0.342892,0.404816,0.429506,0.117666,0.485364,0.549019,0.535297"
186,stim_0186.png,stim_0186.png,-0.225,22,0.15,2,Trend_Down,Big,10,"0.000000,0.047619,0.095238,0.142857,0.190476,0.238095,0.285714,0.333333,0.380952,0.428571,0.476190,0.523810,0.571429,0.619048,0.666667,0.714286,0.761905,0.809524,0.857143,0.904762,0.952381,1.000000","0.657986,0.572427,0.664413,0.600405,0.732287,0.509037,0.435465,0.408139,0.503653,0.410482,0.235974,0.551238,0.369389,0.464054,0.486839,0.404327,0.618499,0.330272,0.709421,0.547558,0.394735,0.393401"
187,stim_0187.png,stim_0187.png,-0.225,22,0.15,3,Trend_Down,Big,10,"0.000000,0.047619,0.095238,0.142857,0.190476,0.238095,0.285714,0.333333,0.380952,0.428571,0.476190,0.523810,0.571429,0.619048,0.666667,0.714286,0.761905,0.809524,0.857143,0.904762,0.952381,1.000000","0.748481,0.541193,0.641250,0.457865,0.734026,0.577489,0.345833,0.516778,0.503758,0.437060,0.710747,0.747857,0.447377,0.352936,0.428468,0.317745,0.582502,0.446886,0.316830,0.272835,0.382830,0.489255"
188,stim_0188.png,stim_0188.png,-0.225,22,0.15,4,Trend_Down,Big,10,"0.000000,0.047619,0.095238,0.142857,0.190476,0.238095,0.285714,0.333333,0.380952,0.428571,0.476190,0.523810,0.571429,0.619048,0.666667,0.714286,0.761905,0.809524,0.857143,0.904762,0.952381,1.000000","0.603966,0.878024,0.528989,0.395085,0.457035,0.519772,0.530048,0.459539,0.542243,0.922608,0.550878,0.437774,0.614748,0.524184,0.659723,0.352907,0.321388,0.394211,0.125168,0.373819,0.466359,0.341532"
189,stim_0189.png,stim_0189.png,-0.225,22,0.15,5,Trend_Down,Big,10,"0.000000,0.047619,0.095238,0.142857,0.190476,0.238095,0.285714,0.333333,0.380952,0.428571,0.476190,0.523810,0.571429,0.619048,0.666667,0.714286,0.761905,0.809524,0.857143,0.904762,0.952381,1.000000","0.362770,0.718442,0.719832,0.718055,0.719174,0.704990,0.519324,0.677996,0.535727,0.319312,0.518465,0.497216,0.619112,0.664609,0.326006,0.405312,0.068584,0.584726,0.361728,0.322593,0.399883,0.236144"
190,stim_0190.png,stim_0190.png,-0.225,22,0.15,6,Trend_Down,Big,10,"0.000000,0.047619,0.095238,0.142857,0.190476,0.238095,0.285714,0.333333,0.380952,0.428571,0.476190,0.523810,0.571429,0.619048,0.666667,0.714286,0.761905,0.809524,0.857143,0.904762,0.952381,1.000000","0.733286,0.481394,0.377496,0.582490,0.679248,0.591766,0.742627,0.735333,0.419733,0.552420,0.439342,0.508625,0.148199,0.455169,0.128137,0.587178,0.580868,0.378130,0.639948,0.422903,0.361374,0.454334"
191,stim_0191.png,stim_0191.png,-0.225,22,0.15,7,Trend_Down,Big,10,"0.000000,0.047619,0.095238,0.142857,0.190476,0.238095,0.285714,0.333333,0.380952,0.428571,0.476190,0.523810,0.571429,0.619048,0.666667,0.714286,0.761905,0.809524,0.857143,0.904762,0.952381,1.000000","0.569581,0.942058,0.767193,0.803064,0.492968,0.594249,0.503672,0.492012,0.303894,0.414938,0.533913,0.630492,0.295933,0.443210,0.496574,0.500959,0.326071,0.415142,0.344692,0.632639,0.185456,0.311292"
192,stim_0192.png,stim_0192.png,-0.075,8,0.15,0,Trend_Down,Small,10,"0.000000,0.142857,0.285714,0.428571,0.571429,0.714286,0.857143,1.000000","0.504516,0.795138,0.386857,0.530061,0.303411,0.586411,0.553612,0.339994"
193,stim_0193.png,stim_0193.png,-0.075,8,0.15,1,Trend_Down,Small,10,"0.000000,0.142857,0.285714,0.428571,0.571429,0.714286,0.857143,1.000000","0.554835,0.488646,0.425048,0.675353,0.480079,0.432142,0.601985,0.341912"
194,stim_0194.png,stim_0194.png,-0.075,8,0.15,2,Trend_Down,Small,10,"0.000000,0.142857,0.285714,0.428571,0.571429,0.714286,0.857143,1.000000","0.621664,0.573014,0.438033,0.600323,0.506078,0.730939,0.411753,0.118196"
195,stim_0195.png,stim_0195.png,-0.075,8,0.15,3,Trend_Down,Small,10,"0.000000,0.142857,0.285714,0.428571,0.571429,0.714286,0.857143,1.000000","0.655861,0.211306,0.430265,0.658547,0.368483,0.530030,0.555195,0.590313"
196,stim_0196.png,stim_0196.png,-0.075,8,0.15,4,Trend_Down,Small,10,"0.000000,0.142857,0.285714,0.428571,0.571429,0.714286,0.857143,1.000000","0.513167,0.551109,0.428079,0.561558,0.546995,0.684287,0.318148,0.396657"
197,stim_0197.png,stim_0197.png,-0.075,8,0.15,5,Trend_Down,Small,10,"0.000000,0.142857,0.285714,0.428571,0.571429,0.714286,0.857143,1.000000","0.677047,0.428364,0.503489,0.273991,0.558073,0.471374,0.625411,0.462252"
198,stim_0198.png,stim_0198.png,-0.075,8,0.15,6,Trend_Down,Small,10,"0.000000,0.142857,0.285714,0.428571,0.571429,0.714286,0.857143,1.000000","0.425416,0.515453,0.426072,0.544571,0.530356,0.669883,0.422751,0.465497"
199,stim_0199.png,stim_0199.png,-0.075,8,0.15,7,Trend_Down,Small,10,"0.000000,0.142857,0.285714,0.428571,0.571429,0.714286,0.857143,1.000000","0.372596,0.424150,0.447312,0.239168,0.729137,0.412276,0.628314,0.747046"
200,stim_0200.png,stim_0200.png,-0.075,10,0.15,0,Trend_Down,Small,10,"0.000000,0.111111,0.222222,0.333333,0.444444,0.555556,0.666667,0.777778,0.888889,1.000000","0.448567,0.387858,0.429635,0.784627,0.579387,0.792251,0.563855,0.290460,0.446774,0.276585"
201,stim_0201.png,stim_0201.png,-0.075,10,0.15,1,Trend_Down,Small,10,"0.000000,0.111111,0.222222,0.333333,0.444444,0.555556,0.666667,0.777778,0.888889,1.000000","0.535111,0.399955,0.281088,0.579163,0.691261,0.411292,0.641236,0.807953,0.160265,0.492676"
202,stim_0202.png,stim_0202.png,-0.075,10,0.15,2,Trend_Down,Small,10,"0.000000,0.111111,0.222222,0.333333,0.444444,0.555556,0.666667,0.777778,0.888889,1.000000","0.397020,0.593143,0.491313,0.639161,0.516234,0.529667,0.417890,0.647561,0.244651,0.523361"
203,stim_0203.png,stim_0203.png,-0.075,10,0.15,3,Trend_Down,Small,10,"0.000000,0.111111,0.222222,0.333333,0.444444,0.555556,0.666667,0.777778,0.888889,1.000000","0.764024,0.334015,0.615467,0.589052,0.746119,0.342028,0.303241,0.541266,0.432802,0.331986"
204,stim_0204.png,stim_0204.png,-0.075,10,0.15,4,Trend_Down,Small,10,"0.000000,0.111111,0.222222,0.333333,0.444444,0.555556,0.666667,0.777778,0.888889,1.000000","0.332398,0.766400,0.321526,0.687186,0.499410,0.351601,0.322503,0.596895,0.369989,0.752093"
205,stim_0205.png,stim_0205.png,-0.075,10,0.15,5,Trend_Down,Small,10,"0.000000,0.111111,0.222222,0.333333,0.444444,0.555556,0.666667,0.777778,0.888889,1.000000","0.622516,0.525965,0.477091,0.390837,0.674601,0.394574,0.729960,0.220877,0.618342,0.345239"
206,stim_0206.png,stim_0206.png,-0.075,10,0.15,6,Trend_Down,Small,10,"0.000000,0.111111,0.222222,0.333333,0.444444,0.555556,0.666667,0.777778,0.888889,1.000000","0.461735,0.328575,0.523728,0.500942,0.639877,0.706576,0.619725,0.407671,0.348580,0.462591"
207,stim_0207.png,stim_0207.png,-0.075,10,0.15,7,Trend_Down,Small,10,"0.000000,0.111111,0.222222,0.333333,0.444444,0.555556,0.666667,0.777778,0.888889,1.000000","0.473761,0.478596,0.664278,0.349134,0.568910,0.465748,0.363786,0.560772,0.624909,0.450107"
208,stim_0208.png,stim_0208.png,-0.075,12,0.15,0,Trend_Down,Small,10,"0.000000,0.090909,0.181818,0.272727,0.363636,0.454545,0.545455,0.636364,0.727273,0.818182,0.909091,1.000000","0.427185,0.389616,0.618802,0.074760,0.373359,0.527792,0.685348,0.655474,0.448301,0.602440,0.803582,0.393341"
209,stim_0209.png,stim_0209.png,-0.075,12,0.15,1,Trend_Down,Small,10,"0.000000,0.090909,0.181818,0.272727,0.363636,0.454545,0.545455,0.636364,0.727273,0.818182,0.909091,1.000000","0.402725,0.680529,0.552930,0.475793,0.462434,0.298134,0.609527,0.840024,0.658178,0.627654,0.227415,0.164657"
210,stim_0210.png,stim_0210.png,-0.075,12,0.15,2,Trend_Down,Small,10,"0.000000,0.090909,0.181818,0.272727,0.363636,0.454545,0.545455,0.636364,0.727273,0.818182,0.909091,1.000000","0.512904,0.645768,0.566193,0.380525,0.831276,0.354695,0.717299,0.292269,0.310252,0.593553,0.404121,0.391145"
211,stim_0211.png,stim_0211.png,-0.075,12,0.15,3,Trend_Down,Small,10,"0.000000,0.090909,0.181818,0.272727,0.363636,0.454545,0.545455,0.636364,0.727273,0.818182,0.909091,1.000000","0.488950,0.527073,0.786459,0.484507,0.468264,0.457098,0.534260,0.599537,0.450483,0.390430,0.268766,0.544174"
212,stim_0212.png,stim_0212.png,-0.075,12,0.15,4,Trend_Down,Small,10,"0.000000,0.090909,0.181818,0.272727,0.363636,0.454545,0.545455,0.636364,0.727273,0.818182,0.909091,1.000000","0.708078,0.552815,0.728351,0.445341,0.365693,0.514063,0.359644,0.507532,0.440011,0.704352,0.389618,0.284502"
213,stim_0213.png,stim_0213.png,-0.075,12,0.15,5,Trend_Down,Small,10,"0.000000,0.090909,0.181818,0.272727,0.363636,0.454545,0.545455,0.636364,0.727273,0.818182,0.909091,1.000000","0.571754,0.573912,0.666881,0.505560,0.455533,0.412961,0.481669,0.226079,0.572434,0.477729,0.546023,0.509465"
214,stim_0214.png,stim_0214.png,-0.075,12,0.15,6,Trend_Down,Small,10,"0.000000,0.090909,0.181818,0.272727,0.363636,0.454545,0.545455,0.636364,0.727273,0.818182,0.909091,1.000000","0.629226,0.545861,0.390634,0.195757,0.534050,0.608114,0.407927,0.589639,0.424859,0.705228,0.313379,0.655326"
215,stim_0215.png,stim_0215.png,-0.075,12,0.15,7,Trend_Down,Small,10,"0.000000,0.090909,0.181818,0.272727,0.363636,0.454545,0.545455,0.636364,0.727273,0.818182,0.909091,1.000000","0.493438,0.568228,0.363309,0.436993,0.679506,0.616253,0.819993,0.203396,0.631177,0.388083,0.457632,0.341994"
216,stim_0216.png,stim_0216.png,-0.075,14,0.15,0,Trend_Down,Small,10,"0.000000,0.076923,0.153846,0.230769,0.307692,0.384615,0.461538,0.538462,0.615385,0.692308,0.769231,0.846154,0.923077,1.000000","0.731356,0.580545,0.503062,0.648685,0.599465,0.503923,0.624827,0.416787,0.292998,0.277471,0.373166,0.589131,0.385276,0.473308"
217,stim_0217.png,stim_0217.png,-0.075,14,0.15,1,Trend_Down,Small,10,"0.000000,0.076923,0.153846,0.230769,0.307692,0.384615,0.461538,0.538462,0.615385,0.692308,0.769231,0.846154,0.923077,1.000000","0.340236,0.385078,0.714307,0.676975,0.461290,0.217491,0.428268,0.343518,0.583115,0.804907,0.364303,0.624300,0.500152,0.556062"
218,stim_0218.png,stim_0218.png,-0.075,14,0.15,2,Trend_Down,Small,10,"0.000000,0.076923,0.153846,0.230769,0.307692,0.384615,0.461538,0.538462,0.615385,0.692308,0.769231,0.846154,0.923077,1.000000","0.551254,0.650103,0.224965,0.310634,0.670973,0.376382,0.494871,0.652981,0.741348,0.303110,0.504188,0.436656,0.720930,0.361606"
219,stim_0219.png,stim_0219.png,-0.075,14,0.15,3,Trend_Down,Small,10,"0.000000,0.076923,0.153846,0.230769,0.307692,0.384615,0.461538,0.538462,0.615385,0.692308,0.769231,0.846154,0.923077,1.000000","0.504637,0.439168,0.334217,0.447301,0.424713,0.581432,0.408526,0.688936,0.673912,0.826663,0.549959,0.147929,0.408568,0.564039"
220,stim_0220.png,stim_0220.png,-0.075,14,0.15,4,Trend_Down,Small,10,"0.000000,0.076923,0.153846,0.230769,0.307692,0.384615,0.461538,0.538462,0.615385,0.692308,0.769231,0.846154,0.923077,1.000000","0.599396,0.534879,0.581789,0.497290,0.482496,0.539824,0.480559,0.518993,0.489210,0.400742,0.354450,0.298380,0.482468,0.739524"
221,stim_0221.png,stim_0221.png,-0.075,14,0.15,5,Trend_Down,Small,10,"0.000000,0.076923,0.153846,0.230769,0.307692,0.384615,0.461538,0.538462,0.615385,0.692308,0.769231,0.846154,0.923077,1.000000","0.573491,0.597389,0.670776,0.719743,0.403343,0.349616,0.401909,0.500041,0.412566,0.580548,0.232543,0.473444,0.476264,0.608326"
222,stim_0222.png,stim_0222.png,-0.075,14,0.15,6,Trend_Down,Small,10,"0.000000,0.076923,0.153846,0.230769,0.307692,0.384615,0.461538,0.538462,0.615385,0.692308,0.769231,0.846154,0.923077,1.000000","0.626890,0.569734,0.653483,0.413208,0.690901,0.618953,0.273979,0.489922,0.371305,0.321512,0.577290,0.570665,0.456308,0.365850"
223,stim_0223.png,stim_0223.png,-0.075,14,0.15,7,Trend_Down,Small,10,"0.000000,0.076923,0.153846,0.230769,0.307692,0.384615,0.461538,0.538462,0.615385,0.692308,0.769231,0.846154,0.923077,1.000000","0.559201,0.632089,0.541733,0.613526,0.556383,0.547818,0.426215,0.496040,0.523120,0.399618,0.550276,0.668679,0.295789,0.189513"
224,stim_0224.png,stim_0224.png,-0.075,16,0.15,0,Trend_Down,Big,10,"0.000000,0.066667,0.133333,0.200000,0.266667,0.333333,0.400000,0.466667,0.533333,0.600000,0.666667,0.733333,0.800000,0.866667,0.933333,1.000000","0.527456,0.610391,0.365281,0.391441,0.519097,0.723617,0.492358,0.524366,0.566231,0.396008,0.671660,0.511985,0.555706,0.353829,0.355751,0.434824"
225,stim_0225.png,stim_0225.png,-0.075,16,0.15,1,Trend_Down,Big,10,"0.000000,0.066667,0.133333,0.200000,0.266667,0.333333,0.400000,0.466667,0.533333,0.600000,0.666667,0.733333,0.800000,0.866667,0.933333,1.000000","0.425718,0.376766,0.316510,0.609070,0.390637,0.460751,0.579188,0.672828,0.707697,0.754020,0.718579,0.259452,0.456754,0.587604,0.411954,0.272471"
226,stim_0226.png,stim_0226.png,-0.075,16,0.15,2,Trend_Down,Big,10,"0.000000,0.066667,0.133333,0.200000,0.266667,0.333333,0.400000,0.466667,0.533333,0.600000,0.666667,0.733333,0.800000,0.866667,0.933333,1.000000","0.444262,0.479854,0.433495,0.678968,0.481130,0.506529,0.663387,0.608508,0.527932,0.549190,0.391614,0.328217,0.417692,0.520063,0.551057,0.418102"
227,stim_0227.png,stim_0227.png,-0.075,16,0.15,3,Trend_Down,Big,10,"0.000000,0.066667,0.133333,0.200000,0.266667,0.333333,0.400000,0.466667,0.533333,0.600000,0.666667,0.733333,0.800000,0.866667,0.933333,1.000000","0.277840,0.513727,0.648359,0.267791,0.534622,0.263911,0.644980,0.600602,0.433182,0.580296,0.473073,0.369701,0.376827,0.678742,0.611791,0.724558"
228,stim_0228.png,stim_0228.png,-0.075,16,0.15,4,Trend_Down,Big,10,"0.000000,0.066667,0.133333,0.200000,0.266667,0.333333,0.400000,0.466667,0.533333,0.600000,0.666667,0.733333,0.800000,0.866667,0.933333,1.000000","0.655255,0.414026,0.289008,0.380853,0.567667,0.587326,0.574647,0.598235,0.498568,0.535717,0.350093,0.418758,0.393949,0.706765,0.717761,0.311373"
229,stim_0229.png,stim_0229.png,-0.075,16,0.15,5,Trend_Down,Big,10,"0.000000,0.066667,0.133333,0.200000,0.266667,0.333333,0.400000,0.466667,0.533333,0.600000,0.666667,0.733333,0.800000,0.866667,0.933333,1.000000","0.541708,0.382338,0.448882,0.439413,0.679868,0.595260,0.916661,0.684568,0.319001,0.133221,0.288363,0.542744,0.605083,0.628158,0.498579,0.296153"
230,stim_0230.png,stim_0230.png,-0.075,16,0.15,6,Trend_Down,Big,10,"0.000000,0.066667,0.133333,0.200000,0.266667,0.333333,0.400000,0.466667,0.533333,0.600000,0.666667,0.733333,0.800000,0.866667,0.933333,1.000000","0.568118,0.629488,0.613865,0.575690,0.612843,0.699565,0.252901,0.481611,0.423208,0.462375,0.315870,0.274571,0.475890,0.542699,0.419862,0.651444"
231,stim_0231.png,stim_0231.png,-0.075,16,0.15,7,Trend_Down,Big,10,"0.000000,0.066667,0.133333,0.200000,0.266667,0.333333,0.400000,0.466667,0.533333,0.600000,0.666667,0.733333,0.800000,0.866667,0.933333,1.000000","0.821911,0.414775,0.554633,0.477665,0.389170,0.565757,0.652303,0.509073,0.589765,0.358233,0.440831,0.425242,0.433081,0.335028,0.529260,0.503274"
232,stim_0232.png,stim_0232.png,-0.075,18,0.15,0,Trend_Down,Big,10,"0.000000,0.058824,0.117647,0.176471,0.235294,0.294118,0.352941,0.411765,0.470588,0.529412,0.588235,0.647059,0.705882,0.764706,0.823529,0.882353,0.941176,1.000000","0.525275,0.763186,0.436617,0.612680,0.549058,0.449784,0.600801,0.589099,0.683381,0.381337,0.423053,0.569819,0.145142,0.484732,0.624733,0.273577,0.553140,0.334587"
233,stim_0233.png,stim_0233.png,-0.075,18,0.15,1,Trend_Down,Big,10,"0.000000,0.058824,0.117647,0.176471,0.235294,0.294118,0.352941,0.411765,0.470588,0.529412,0.588235,0.647059,0.705882,0.764706,0.823529,0.882353,0.941176,1.000000","0.494601,0.292526,0.595101,0.450634,0.461093,0.401238,0.531067,0.667336,0.386984,0.565315,0.648302,0.605568,0.183873,0.736910,0.756041,0.513274,0.479351,0.230786"
234,stim_0234.png,stim_0234.png,-0.075,18,0.15,2,Trend_Down,Big,10,"0.000000,0.058824,0.117647,0.176471,0.235294,0.294118,0.352941,0.411765,0.470588,0.529412,0.588235,0.647059,0.705882,0.764706,0.823529,0.882353,0.941176,1.000000","0.624426,0.606048,0.628246,0.565388,0.750281,0.375151,0.679153,0.379499,0.470044,0.232795,0.718677,0.398646,0.520603,0.421755,0.495049,0.364583,0.446676,0.322981"
235,stim_0235.png,stim_0235.png,-0.075,18,0.15,3,Trend_Down,Big,10,"0.000000,0.058824,0.117647,0.176471,0.235294,0.294118,0.352941,0.411765,0.470588,0.529412,0.588235,0.647059,0.705882,0.764706,0.823529,0.882353,0.941176,1.000000","0.616495,0.482940,0.428248,0.711403,0.576837,0.718048,0.209373,0.422923,0.566316,0.485144,0.281423,0.338849,0.595228,0.525859,0.537002,0.580833,0.466440,0.456640"
236,stim_0236.png,stim_0236.png,-0.075,18,0.15,4,Trend_Down,Big,10,"0.000000,0.058824,0.117647,0.176471,0.235294,0.294118,0.352941,0.411765,0.470588,0.529412,0.588235,0.647059,0.705882,0.764706,0.823529,0.882353,0.941176,1.000000","0.421755,0.617342,0.366312,0.652189,0.367449,0.489004,0.498809,0.614179,0.282386,0.617358,0.499223,0.458076,0.650725,0.565667,0.674013,0.266201,0.569483,0.389828"
237,stim_0237.png,stim_0237.png,-0.075,18,0.15,5,Trend_Down,Big,10,"0.000000,0.058824,0.117647,0.176471,0.235294,0.294118,0.352941,0.411765,0.470588,0.529412,0.588235,0.647059,0.705882,0.764706,0.823529,0.882353,0.941176,1.000000","0.319740,0.621693,0.570362,0.480539,0.502329,0.972083,0.477396,0.494660,0.483157,0.261122,0.546794,0.432451,0.598635,0.397674,0.394746,0.504542,0.402270,0.539808"
238,stim_0238.png,stim_0238.png,-0.075,18,0.15,6,Trend_Down,Big,10,"0.000000,0.058824,0.117647,0.176471,0.235294,0.294118,0.352941,0.411765,0.470588,0.529412,0.588235,0.647059,0.705882,0.764706,0.823529,0.882353,0.941176,1.000000","0.542924,0.930384,0.443384,0.487924,0.415458,0.408342,0.429296,0.646184,0.617022,0.712670,0.516125,0.521775,0.300347,0.338934,0.425924,0.319682,0.419858,0.523767"
239,stim_0239.png,stim_0239.png,-0.075,18,0.15,7,Trend_Down,Big,10,"0.000000,0.058824,0.117647,0.176471,0.235294,0.294118,0.352941,0.411765,0.470588,0.529412,0.588235,0.647059,0.705882,0.764706,0.823529,0.882353,0.941176,1.000000","0.335736,0.420881,0.591478,0.397427,0.496550,0.534554,0.597695,0.800861,0.456964,0.451057,0.620606,0.562246,0.383828,0.571647,0.647557,0.441142,0.284285,0.405485"
240,stim_0240.png,stim_0240.png,-0.075,20,0.15,0,Trend_Down,Big,10,"0.000000,0.052632,0.105263,0.157895,0.210526,0.263158,0.315789,0.368421,0.421053,0.473684,0.526316,0.578947,0.631579,0.684211,0.736842,0.789474,0.842105,0.894737,0.947368,1.000000","0.287118,0.626130,0.779871,0.434844,0.628603,0.383688,0.172531,0.566187,0.507267,0.585460,0.420819,0.367277,0.404147,0.497528,0.829012,0.317401,0.520154,0.446794,0.662985,0.562185"
241,stim_0241.png,stim_0241.png,-0.075,20,0.15,1,Trend_Down,Big,10,"0.000000,0.052632,0.105263,0.157895,0.210526,0.263158,0.315789,0.368421,0.421053,0.473684,0.526316,0.578947,0.631579,0.684211,0.736842,0.789474,0.842105,0.894737,0.947368,1.000000","0.548849,0.988195,0.498698,0.571357,0.447431,0.499024,0.346005,0.333070,0.631291,0.309643,0.533126,0.585868,0.345340,0.525399,0.261074,0.630363,0.595605,0.395988,0.459928,0.493745"
242,stim_0242.png,stim_0242.png,-0.075,20,0.15,2,Trend_Down,Big,10,"0.000000,0.052632,0.105263,0.157895,0.210526,0.263158,0.315789,0.368421,0.421053,0.473684,0.526316,0.578947,0.631579,0.684211,0.736842,0.789474,0.842105,0.894737,0.947368,1.000000","0.628373,0.585186,0.704690,0.497432,0.545924,0.576821,0.384013,0.618640,0.185523,0.285701,0.604559,0.506439,0.669226,0.516910,0.551272,0.569700,0.499792,0.459969,0.222983,0.386848"
243,stim_0243.png,stim_0243.png,-0.075,20,0.15,3,Trend_Down,Big,10,"0.000000,0.052632,0.105263,0.157895,0.210526,0.263158,0.315789,0.368421,0.421053,0.473684,0.526316,0.578947,0.631579,0.684211,0.736842,0.789474,0.842105,0.894737,0.947368,1.000000","0.250913,0.410901,0.624851,0.754928,0.543657,0.167178,0.494684,0.661194,0.580121,0.637477,0.507678,0.464207,0.678885,0.286187,0.540939,0.543948,0.455755,0.388047,0.667795,0.340656"
244,stim_0244.png,stim_0244.png,-0.075,20,0.15,4,Trend_Down,Big,10,"0.000000,0.052632,0.105263,0.157895,0.210526,0.263158,0.315789,0.368421,0.421053,0.473684,0.526316,0.578947,0.631579,0.684211,0.736842,0.789474,0.842105,0.894737,0.947368,1.000000","0.508183,0.506597,0.570793,0.538210,0.522135,0.591762,0.444134,0.514116,0.620943,0.435307,0.703760,0.430838,0.469624,0.379470,0.416476,0.525341,0.409634,0.334839,0.637278,0.440561"
245,stim_0245.png,stim_0245.png,-0.075,20,0.15,5,Trend_Down,Big,10,"0.000000,0.052632,0.105263,0.157895,0.210526,0.263158,0.315789,0.368421,0.421053,0.473684,0.526316,0.578947,0.631579,0.684211,0.736842,0.789474,0.842105,0.894737,0.947368,1.000000","0.602047,0.498142,0.588591,0.460217,0.577030,0.590490,0.381891,0.339300,0.608696,0.470641,0.579928,0.311033,0.427415,0.781034,0.453042,0.497093,0.358867,0.474501,0.498235,0.501806"
246,stim_0246.png,stim_0246.png,-0.075,20,0.15,6,Trend_Down,Big,10,"0.000000,0.052632,0.105263,0.157895,0.210526,0.263158,0.315789,0.368421,0.421053,0.473684,0.526316,0.578947,0.631579,0.684211,0.736842,0.789474,0.842105,0.894737,0.947368,1.000000","0.677359,0.513601,0.456554,0.541465,0.288389,0.591160,0.444142,0.438672,0.749626,0.376758,0.433338,0.634643,0.609514,0.481168,0.337240,0.591086,0.385187,0.292214,0.663628,0.494258"
247,stim_0247.png,stim_0247.png,-0.075,20,0.15,7,Trend_Down,Big,10,"0.000000,0.052632,0.105263,0.157895,0.210526,0.263158,0.315789,0.368421,0.421053,0.473684,0.526316,0.578947,0.631579,0.684211,0.736842,0.789474,0.842105,0.894737,0.947368,1.000000","0.373265,0.567767,0.292780,0.625487,0.437474,0.695538,0.601634,0.665147,0.552584,0.318723,0.553385,0.436691,0.495610,0.491260,0.596539,0.253337,0.441793,0.622133,0.631016,0.347839"
248,stim_0248.png,stim_0248.png,-0.075,22,0.15,0,Trend_Down,Big,10,"0.000000,0.047619,0.095238,0.142857,0.190476,0.238095,0.285714,0.333333,0.380952,0.428571,0.476190,0.523810,0.571429,0.619048,0.666667,0.714286,0.761905,0.809524,0.857143,0.904762,0.952381,1.000000","0.653239,0.660903,0.465945,0.638601,0.327775,0.456592,0.371924,0.734021,0.563296,0.386839,0.690707,0.193746,0.719782,0.448626,0.544493,0.566277,0.562040,0.361234,0.351154,0.411607,0.302953,0.588245"
249,stim_0249.png,stim_0249.png,-0.075,22,0.15,1,Trend_Down,Big,10,"0.000000,0.047619,0.095238,0.142857,0.190476,0.238095,0.285714,0.333333,0.380952,0.428571,0.476190,0.523810,0.571429,0.619048,0.666667,0.714286,0.761905,0.809524,0.857143,0.904762,0.952381,1.000000","0.551506,0.887812,0.399278,0.356802,0.531355,0.591481,0.422590,0.429140,0.550928,0.290602,0.528856,0.404314,0.215966,0.514845,0.557320,0.414831,0.621158,0.636509,0.834570,0.472597,0.302089,0.485452"
250,stim_0250.png,stim_0250.png,-0.075,22,0.15,2,Trend_Down,Big,10,"0.000000,0.047619,0.095238,0.142857,0.190476,0.238095,0.285714,0.333333,0.380952,0.428571,0.476190,0.523810,0.571429,0.619048,0.666667,0.714286,0.761905,0.809524,0.857143,0.904762,0.952381,1.000000","0.887309,0.618477,0.420588,0.194263,0.344923,0.412612,0.841401,0.548686,0.320937,0.546862,0.461140,0.355472,0.546562,0.691987,0.525585,0.254081,0.541040,0.662798,0.501684,0.211503,0.564106,0.547985"
251,stim_0251.png,stim_0251.png,-0.075,22,0.15,3,Trend_Down,Big,10,"0.000000,0.047619,0.095238,0.142857,0.190476,0.238095,0.285714,0.333333,0.380952,0.428571,0.476190,0.523810,0.571429,0.619048,0.666667,0.714286,0.761905,0.809524,0.857143,0.904762,0.952381,1.000000","0.604288,0.369313,0.456371,0.435317,0.441511,0.417496,0.550266,0.650825,0.648367,0.344281,0.520103,0.488071,0.541491,0.459458,0.741419,0.526460,0.581767,0.323794,0.771963,0.369302,0.491178,0.266959"
252,stim_0252.png,stim_0252.png,-0.075,22,0.15,4,Trend_Down,Big,10,"0.000000,0.047619,0.095238,0.142857,0.190476,0.238095,0.285714,0.333333,0.380952,0.428571,0.476190,0.523810,0.571429,0.619048,0.666667,0.714286,0.761905,0.809524,0.857143,0.904762,0.952381,1.000000","0.501235,0.269252,0.684035,0.475879,0.781809,0.518419,0.255409,0.560366,0.574918,0.435238,0.621254,0.476869,0.528385,0.258805,0.549891,0.502343,0.298307,0.460790,0.477126,0.532143,0.534346,0.703180"
253,stim_0253.png,stim_0253.png,-0.075,22,0.15,5,Trend_Down,Big,10,"0.000000,0.047619,0.095238,0.142857,0.190476,0.238095,0.285714,0.333333,0.380952,0.428571,0.476190,0.523810,0.571429,0.619048,0.666667,0.714286,0.761905,0.809524,0.857143,0.904762,0.952381,1.000000","0.567528,0.490013,0.601697,0.557448,0.530016,0.318885,0.237960,0.567787,0.372922,0.539003,0.658774,0.505689,0.615298,0.545504,0.413944,0.803609,0.247337,0.595919,0.233507,0.376819,0.605037,0.615302"
254,stim_0254.png,stim_0254.png,-0.075,22,0.15,6,Trend_Down,Big,10,"0.000000,0.047619,0.095238,0.142857,0.190476,0.238095,0.285714,0.333333,0.380952,0.428571,0.476190,0.523810,0.571429,0.619048,0.666667,0.714286,0.761905,0.809524,0.857143,0.904762,0.952381,1.000000","0.568213,0.481179,0.469968,0.499652,0.704790,0.554462,0.573914,0.572193,0.360943,0.332310,0.196088,0.419740,0.558196,0.338239,0.317034,0.698351,0.376851,0.616793,0.668527,0.621028,0.554962,0.516567"
255,stim_0255.png,stim_0255.png,-0.075,22,0.15,7,Trend_Down,Big,10,"0.000000,0.047619,0.095238,0.142857,0.190476,0.238095,0.285714,0.333333,0.380952,0.428571,0.476190,0.523810,0.571429,0.619048,0.666667,0.714286,0.761905,0.809524,0.857143,0.904762,0.952381,1.000000","0.740868,0.670604,0.631397,0.314922,0.380798,0.470742,0.837377,0.610222,0.457393,0.541722,0.479772,0.504420,0.610938,0.505095,0.357115,0.333814,0.466922,0.401727,0.472220,0.318356,0.385645,0.507931"
256,stim_0256.png,stim_0256.png,0.075,8,0.15,0,Trend_Up,Small,10,"0.000000,0.142857,0.285714,0.428571,0.571429,0.714286,0.857143,1.000000","0.723888,0.540663,0.433877,0.640141,0.400878,0.382573,0.480597,0.397384"
257,stim_0257.png,stim_0257.png,0.075,8,0.15,1,Trend_Up,Small,10,"0.000000,0.142857,0.285714,0.428571,0.571429,0.714286,0.857143,1.000000","0.519279,0.488970,0.559299,0.358682,0.471893,0.351850,0.549382,0.700645"
258,stim_0258.png,stim_0258.png,0.075,8,0.15,2,Trend_Up,Small,10,"0.000000,0.142857,0.285714,0.428571,0.571429,0.714286,0.857143,1.000000","0.540007,0.558301,0.317356,0.508967,0.639995,0.777914,0.245100,0.412360"
259,stim_0259.png,stim_0259.png,0.075,8,0.15,3,Trend_Up,Small,10,"0.000000,0.142857,0.285714,0.428571,0.571429,0.714286,0.857143,1.000000","0.448460,0.573556,0.659805,0.577012,0.177375,0.540784,0.370185,0.652823"
260,stim_0260.png,stim_0260.png,0.075,8,0.15,4,Trend_Up,Small,10,"0.000000,0.142857,0.285714,0.428571,0.571429,0.714286,0.857143,1.000000","0.311331,0.492616,0.412524,0.740714,0.627415,0.463566,0.532657,0.419177"
261,stim_0261.png,stim_0261.png,0.075,8,0.15,5,Trend_Up,Small,10,"0.000000,0.142857,0.285714,0.428571,0.571429,0.714286,0.857143,1.000000","0.530009,0.341896,0.654675,0.437788,0.557807,0.317034,0.618155,0.542635"
262,stim_0262.png,stim_0262.png,0.075,8,0.15,6,Trend_Up,Small,10,"0.000000,0.142857,0.285714,0.428571,0.571429,0.714286,0.857143,1.000000","0.888599,0.179611,0.329199,0.473363,0.487524,0.693175,0.614279,0.334251"
263,stim_0263.png,stim_0263.png,0.075,8,0.15,7,Trend_Up,Small,10,"0.000000,0.142857,0.285714,0.428571,0.571429,0.714286,0.857143,1.000000","0.323693,0.470641,0.461797,0.680339,0.412289,0.579740,0.568385,0.503117"
264,stim_0264.png,stim_0264.png,0.075,10,0.15,0,Trend_Up,Small,10,"0.000000,0.111111,0.222222,0.333333,0.444444,0.555556,0.666667,0.777778,0.888889,1.000000","0.474138,0.267156,0.780421,0.504723,0.479231,0.542776,0.488064,0.430909,0.512575,0.520008"
265,stim_0265.png,stim_0265.png,0.075,10,0.15,1,Trend_Up,Small,10,"0.000000,0.111111,0.222222,0.333333,0.444444,0.555556,0.666667,0.777778,0.888889,1.000000","0.500728,0.347076,0.367210,0.542716,0.396333,0.557453,0.400036,0.469543,0.730625,0.688279"
266,stim_0266.png,stim_0266.png,0.075,10,0.15,2,Trend_Up,Small,10,"0.000000,0.111111,0.222222,0.333333,0.444444,0.555556,0.666667,0.777778,0.888889,1.000000","0.420933,0.302199,0.513700,0.444966,0.354083,0.568346,0.619612,0.425830,0.696466,0.653866"
267,stim_0267.png,stim_0267.png,0.075,10,0.15,3,Trend_Up,Small,10,"0.000000,0.111111,0.222222,0.333333,0.444444,0.555556,0.666667,0.777778,0.888889,1.000000","0.628032,0.518590,0.711843,0.253946,0.522096,0.387209,0.592683,0.395594,0.358314,0.631693"
268,stim_0268.png,stim_0268.png,0.075,10,0.15,4,Trend_Up,Small,10,"0.000000,0.111111,0.222222,0.333333,0.444444,0.555556,0.666667,0.777778,0.888889,1.000000","0.550111,0.444517,0.544641,0.446066,0.437457,0.594311,0.415124,0.362580,0.559282,0.645911"
269,stim_0269.png,stim_0269.png,0.075,10,0.15,5,Trend_Up,Small,10,"0.000000,0.111111,0.222222,0.333333,0.444444,0.555556,0.666667,0.777778,0.888889,1.000000","0.464660,0.481404,0.460608,0.494920,0.475386,0.621810,0.560932,0.677857,0.539893,0.222529"
270,stim_0270.png,stim_0270.png,0.075,10,0.15,6,Trend_Up,Small,10,"0.000000,0.111111,0.222222,0.333333,0.444444,0.555556,0.666667,0.777778,0.888889,1.000000","0.508144,0.338785,0.653171,0.387312,0.713167,0.460679,0.231698,0.539493,0.556258,0.611292"
271,stim_0271.png,stim_0271.png,0.075,10,0.15,7,Trend_Up,Small,10,"0.000000,0.111111,0.222222,0.333333,0.444444,0.555556,0.666667,0.777778,0.888889,1.000000","0.474486,0.426808,0.613133,0.456876,0.600056,0.554511,0.319856,0.393897,0.765624,0.394753"
272,stim_0272.png,stim_0272.png,0.075,12,0.15,0,Trend_Up,Small,10,"0.000000,0.090909,0.181818,0.272727,0.363636,0.454545,0.545455,0.636364,0.727273,0.818182,0.909091,1.000000","0.563382,0.545607,0.242624,0.382611,0.719046,0.340422,0.462022,0.503197,0.467437,0.652085,0.662498,0.459069"
273,stim_0273.png,stim_0273.png,0.075,12,0.15,1,Trend_Up,Small,10,"0.000000,0.090909,0.181818,0.272727,0.363636,0.454545,0.545455,0.636364,0.727273,0.818182,0.909091,1.000000","0.529634,0.549430,0.655144,0.134590,0.362510,0.426172,0.524768,0.811050,0.532311,0.356125,0.525984,0.592281"
274,stim_0274.png,stim_0274.png,0.075,12,0.15,2,Trend_Up,Small,10,"0.000000,0.090909,0.181818,0.272727,0.363636,0.454545,0.545455,0.636364,0.727273,0.818182,0.909091,1.000000","0.626110,0.648990,0.292865,0.660105,0.339712,0.503891,0.461478,0.494005,0.487010,0.316101,0.752090,0.417643"
275,stim_0275.png,stim_0275.png,0.075,12,0.15,3,Trend_Up,Small,10,"0.000000,0.090909,0.181818,0.272727,0.363636,0.454545,0.545455,0.636364,0.727273,0.818182,0.909091,1.000000","0.364036,0.600365,0.631263,0.511042,0.377379,0.518174,0.692724,0.173904,0.677777,0.543741,0.414561,0.495035"
276,stim_0276.png,stim_0276.png,0.075,12,0.15,4,Trend_Up,Small,10,"0.000000,0.090909,0.181818,0.272727,0.363636,0.454545,0.545455,0.636364,0.727273,0.818182,0.909091,1.000000","0.337618,0.425309,0.446727,0.372313,0.786726,0.531801,0.489912,0.556495,0.576664,0.597275,0.626603,0.252557"
277,stim_0277.png,stim_0277.png,0.075,12,0.15,5,Trend_Up,Small,10,"0.000000,0.090909,0.181818,0.272727,0.363636,0.454545,0.545455,0.636364,0.727273,0.818182,0.909091,1.000000","0.500687,0.585578,0.413890,0.637874,0.466118,0.636015,0.389127,0.482737,0.377751,0.413668,0.393680,0.702872"
278,stim_0278.png,stim_0278.png,0.075,12,0.15,6,Trend_Up,Small,10,"0.000000,0.090909,0.181818,0.272727,0.363636,0.454545,0.545455,0.636364,0.727273,0.818182,0.909091,1.000000","0.673378,0.251831,0.310668,0.490650,0.661123,0.834716,0.243227,0.444388,0.584489,0.450979,0.404279,0.650273"
279,stim_0279.png,stim_0279.png,0.075,12,0.15,7,Trend_Up,Small,10,"0.000000,0.090909,0.181818,0.272727,0.363636,0.454545,0.545455,0.636364,0.727273,0.818182,0.909091,1.000000","0.351702,0.658220,0.354167,0.624289,0.479304,0.132837,0.728114,0.493082,0.514803,0.590148,0.586114,0.487220"
280,stim_0280.png,stim_0280.png,0.075,14,0.15,0,Trend_Up,Small,10,"0.000000,0.076923,0.153846,0.230769,0.307692,0.384615,0.461538,0.538462,0.615385,0.692308,0.769231,0.846154,0.923077,1.000000","0.406662,0.645268,0.718780,0.173534,0.449742,0.493141,0.457362,0.413500,0.459387,0.567805,0.338253,0.629741,0.562930,0.683895"
281,stim_0281.png,stim_0281.png,0.075,14,0.15,1,Trend_Up,Small,10,"0.000000,0.076923,0.153846,0.230769,0.307692,0.384615,0.461538,0.538462,0.615385,0.692308,0.769231,0.846154,0.923077,1.000000","0.685109,0.475994,0.316748,0.469445,0.614072,0.561632,0.397487,0.602297,0.574880,0.393921,0.547425,0.345666,0.411764,0.603559"
282,stim_0282.png,stim_0282.png,0.075,14,0.15,2,Trend_Up,Small,10,"0.000000,0.076923,0.153846,0.230769,0.307692,0.384615,0.461538,0.538462,0.615385,0.692308,0.769231,0.846154,0.923077,1.000000","0.375068,0.711535,0.433695,0.516368,0.512049,0.719799,0.596134,0.511335,0.607284,0.422492,0.396418,0.563574,0.400159,0.234090"
283,stim_0283.png,stim_0283.png,0.075,14,0.15,3,Trend_Up,Small,10,"0.000000,0.076923,0.153846,0.230769,0.307692,0.384615,0.461538,0.538462,0.615385,0.692308,0.769231,0.846154,0.923077,1.000000","0.373973,0.236550,0.367759,0.595960,0.577437,0.321262,0.235416,0.604002,0.614495,0.523620,0.524647,0.480367,0.987816,0.556697"
284,stim_0284.png,stim_0284.png,0.075,14,0.15,4,Trend_Up,Small,10,"0.000000,0.076923,0.153846,0.230769,0.307692,0.384615,0.461538,0.538462,0.615385,0.692308,0.769231,0.846154,0.923077,1.000000","0.311909,0.352329,0.508118,0.485362,0.483951,0.284168,0.539798,0.430873,0.663206,0.632274,0.260426,0.896725,0.664871,0.485989"
285,stim_0285.png,stim_0285.png,0.075,14,0.15,5,Trend_Up,Small,10,"0.000000,0.076923,0.153846,0.230769,0.307692,0.384615,0.461538,0.538462,0.615385,0.692308,0.769231,0.846154,0.923077,1.000000","0.301936,0.530899,0.563845,0.703946,0.367649,0.589868,0.364860,0.412812,0.439064,0.570801,0.685420,0.455290,0.439274,0.574335"
286,stim_0286.png,stim_0286.png,0.075,14,0.15,6,Trend_Up,Small,10,"0.000000,0.076923,0.153846,0.230769,0.307692,0.384615,0.461538,0.538462,0.615385,0.692308,0.769231,0.846154,0.923077,1.000000","0.822928,0.416629,0.403078,0.550495,0.312949,0.161081,0.671966,0.508804,0.458567,0.453418,0.566958,0.324918,0.783813,0.564395"
287,stim_0287.png,stim_0287.png,0.075,14,0.15,7,Trend_Up,Small,10,"0.000000,0.076923,0.153846,0.230769,0.307692,0.384615,0.461538,0.538462,0.615385,0.692308,0.769231,0.846154,0.923077,1.000000","0.165384,0.575859,0.458997,0.242439,0.424157,0.615448,0.486870,0.449770,0.692593,0.411324,0.765824,0.404269,0.629728,0.677338"
288,stim_0288.png,stim_0288.png,0.075,16,0.15,0,Trend_Up,Big,10,"0.000000,0.066667,0.133333,0.200000,0.266667,0.333333,0.400000,0.466667,0.533333,0.600000,0.666667,0.733333,0.800000,0.866667,0.933333,1.000000","0.313061,0.344759,0.562094,0.790718,0.543218,0.378453,0.384314,0.335056,0.567478,0.458944,0.576671,0.522703,0.421809,0.410865,0.975974,0.413884"
289,stim_0289.png,stim_0289.png,0.075,16,0.15,1,Trend_Up,Big,10,"0.000000,0.066667,0.133333,0.200000,0.266667,0.333333,0.400000,0.466667,0.533333,0.600000,0.666667,0.733333,0.800000,0.866667,0.933333,1.000000","0.372323,0.509351,0.457135,0.317572,0.561866,0.714264,0.340709,0.552858,0.523096,0.394488,0.603919,0.558037,0.664225,0.616191,0.259697,0.554269"
290,stim_0290.png,stim_0290.png,0.075,16,0.15,2,Trend_Up,Big,10,"0.000000,0.066667,0.133333,0.200000,0.266667,0.333333,0.400000,0.466667,0.533333,0.600000,0.666667,0.733333,0.800000,0.866667,0.933333,1.000000","0.509113,0.483661,0.410900,0.571651,0.323864,0.575073,0.186892,0.713796,0.612890,0.169315,0.471809,0.523429,0.626835,0.828677,0.476706,0.515387"
291,stim_0291.png,stim_0291.png,0.075,16,0.15,3,Trend_Up,Big,10,"0.000000,0.066667,0.133333,0.200000,0.266667,0.333333,0.400000,0.466667,0.533333,0.600000,0.666667,0.733333,0.800000,0.866667,0.933333,1.000000","0.408532,0.629476,0.346854,0.478226,0.302256,0.705651,0.315557,0.430790,0.485549,0.593574,0.490713,0.576651,0.526521,0.680673,0.587141,0.441837"
292,stim_0292.png,stim_0292.png,0.075,16,0.15,4,Trend_Up,Big,10,"0.000000,0.066667,0.133333,0.200000,0.266667,0.333333,0.400000,0.466667,0.533333,0.600000,0.666667,0.733333,0.800000,0.866667,0.933333,1.000000","0.499636,0.452054,0.276678,0.579843,0.802662,0.396848,0.370933,0.609151,0.657136,0.034930,0.640643,0.630483,0.534114,0.495156,0.462333,0.557400"
293,stim_0293.png,stim_0293.png,0.075,16,0.15,5,Trend_Up,Big,10,"0.000000,0.066667,0.133333,0.200000,0.266667,0.333333,0.400000,0.466667,0.533333,0.600000,0.666667,0.733333,0.800000,0.866667,0.933333,1.000000","0.280891,0.531741,0.251597,0.572508,0.533014,0.493154,0.416022,0.610165,0.532567,0.648317,0.453273,0.494880,0.477803,0.585427,0.503447,0.615194"
294,stim_0294.png,stim_0294.png,0.075,16,0.15,6,Trend_Up,Big,10,"0.000000,0.066667,0.133333,0.200000,0.266667,0.333333,0.400000,0.466667,0.533333,0.600000,0.666667,0.733333,0.800000,0.866667,0.933333,1.000000","0.478049,0.721734,0.627109,0.348217,0.563626,0.436627,0.476679,0.409341,0.453086,0.568944,0.553050,0.709313,0.615495,0.307199,0.218497,0.513033"
295,stim_0295.png,stim_0295.png,0.075,16,0.15,7,Trend_Up,Big,10,"0.000000,0.066667,0.133333,0.200000,0.266667,0.333333,0.400000,0.466667,0.533333,0.600000,0.666667,0.733333,0.800000,0.866667,0.933333,1.000000","0.648154,0.212652,0.534700,0.407360,0.266583,0.648615,0.698518,0.532436,0.331001,0.634294,0.513852,0.532898,0.488306,0.597091,0.331777,0.621763"
296,stim_0296.png,stim_0296.png,0.075,18,0.15,0,Trend_Up,Big,10,"0.000000,0.058824,0.117647,0.176471,0.235294,0.294118,0.352941,0.411765,0.470588,0.529412,0.588235,0.647059,0.705882,0.764706,0.823529,0.882353,0.941176,1.000000","0.524463,0.744089,0.321779,0.526086,0.370372,0.548805,0.480103,0.650998,0.347537,0.561347,0.454758,0.418479,0.528789,0.484199,0.211461,0.561510,0.623678,0.641548"
297,stim_0297.png,stim_0297.png,0.075,18,0.15,1,Trend_Up,Big,10,"0.000000,0.058824,0.117647,0.176471,0.235294,0.294118,0.352941,0.411765,0.470588,0.529412,0.588235,0.647059,0.705882,0.764706,0.823529,0.882353,0.941176,1.000000","0.785503,0.110017,0.462403,0.501228,0.519374,0.313497,0.361198,0.805887,0.497146,0.345587,0.548004,0.560167,0.482311,0.343008,0.741104,0.505945,0.575021,0.542598"
298,stim_0298.png,stim_0298.png,0.075,18,0.15,2,Trend_Up,Big,10,"0.000000,0.058824,0.117647,0.176471,0.235294,0.294118,0.352941,0.411765,0.470588,0.529412,0.588235,0.647059,0.705882,0.764706,0.823529,0.882353,0.941176,1.000000","0.562535,0.560459,0.479856,0.505627,0.587352,0.582188,0.325303,0.461046,0.537356,0.597319,0.297223,0.625474,0.174756,0.552181,0.571097,0.707176,0.353592,0.519459"
299,stim_0299.png,stim_0299.png,0.075,18,0.15,3,Trend_Up,Big,10,"0.000000,0.058824,0.117647,0.176471,0.235294,0.294118,0.352941,0.411765,0.470588,0.529412,0.588235,0.647059,0.705882,0.764706,0.823529,0.882353,0.941176,1.000000","0.628895,0.305085,0.577089,0.663007,0.426388,0.284538,0.576097,0.583757,0.629009,0.329715,0.328422,0.486144,0.640928,0.523230,0.707976,0.411417,0.263013,0.635293"
300,stim_0300.png,stim_0300.png,0.075,18,0.15,4,Trend_Up,Big,10,"0.000000,0.058824,0.117647,0.176471,0.235294,0.294118,0.352941,0.411765,0.470588,0.529412,0.588235,0.647059,0.705882,0.764706,0.823529,0.882353,0.941176,1.000000","0.534587,0.546894,0.588746,0.436778,0.518939,0.455536,0.387094,0.597981,0.356368,0.546433,0.301549,0.513866,0.582887,0.463421,0.488530,0.566548,0.341560,0.772282"
301,stim_0301.png,stim_0301.png,0.075,18,0.15,5,Trend_Up,Big,10,"0.000000,0.058824,0.117647,0.176471,0.235294,0.294118,0.352941,0.411765,0.470588,0.529412,0.588235,0.647059,0.705882,0.764706,0.823529,0.882353,0.941176,1.000000","0.625499,0.586072,0.893108,0.602836,0.502429,0.467208,0.260654,0.438873,0.500424,0.306902,0.390067,0.542241,0.444742,0.429898,0.459570,0.568874,0.553468,0.427134"
302,stim_0302.png,stim_0302.png,0.075,18,0.15,6,Trend_Up,Big,10,"0.000000,0.058824,0.117647,0.176471,0.235294,0.294118,0.352941,0.411765,0.470588,0.529412,0.588235,0.647059,0.705882,0.764706,0.823529,0.882353,0.941176,1.000000","0.126385,0.451267,0.588971,0.643362,0.577182,0.189023,0.639948,0.312553,0.400904,0.403012,0.418002,0.323057,0.703358,0.583427,0.674906,0.517476,0.755624,0.691542"
303,stim_0303.png,stim_0303.png,0.075,18,0.15,7,Trend_Up,Big,10,"0.000000,0.058824,0.117647,0.176471,0.235294,0.294118,0.352941,0.411765,0.470588,0.529412,0.588235,0.647059,0.705882,0.764706,0.823529,0.882353,0.941176,1.000000","0.465762,0.717044,0.553524,0.410912,0.278845,0.434156,0.430863,0.753322,0.414414,0.568698,0.623150,0.466898,0.592208,0.619936,0.381066,0.425498,0.615414,0.248290"
304,stim_0304.png,stim_0304.png,0.075,20,0.15,0,Trend_Up,Big,10,"0.000000,0.052632,0.105263,0.157895,0.210526,0.263158,0.315789,0.368421,0.421053,0.473684,0.526316,0.578947,0.631579,0.684211,0.736842,0.789474,0.842105,0.894737,0.947368,1.000000","0.452683,0.571858,0.286082,0.190942,0.477972,0.282302,0.582647,0.589832,0.664440,0.765006,0.555420,0.576949,0.518563,0.368122,0.571476,0.681092,0.508747,0.447692,0.587658,0.320519"
305,stim_0305.png,stim_0305.png,0.075,20,0.15,1,Trend_Up,Big,10,"0.000000,0.052632,0.105263,0.157895,0.210526,0.263158,0.315789,0.368421,0.421053,0.473684,0.526316,0.578947,0.631579,0.684211,0.736842,0.789474,0.842105,0.894737,0.947368,1.000000","0.416728,0.780269,0.430357,0.410149,0.399623,0.627453,0.541226,0.361827,0.583770,0.648434,0.542593,0.570774,0.453694,0.404006,0.567231,0.726019,0.415106,0.315888,0.580542,0.224310"
306,stim_0306.png,stim_0306.png,0.075,20,0.15,2,Trend_Up,Big,10,"0.000000,0.052632,0.105263,0.157895,0.210526,0.263158,0.315789,0.368421,0.421053,0.473684,0.526316,0.578947,0.631579,0.684211,0.736842,0.789474,0.842105,0.894737,0.947368,1.000000","0.458579,0.536218,0.556103,0.635917,0.385270,0.343547,0.452649,0.784709,0.549706,0.368837,0.408605,0.531140,0.487079,0.377729,0.377447,0.355910,0.634904,0.583266,0.551329,0.621056"
307,stim_0307.png,stim_0307.png,0.075,20,0.15,3,Trend_Up,Big,10,"0.000000,0.052632,0.105263,0.157895,0.210526,0.263158,0.315789,0.368421,0.421053,0.473684,0.526316,0.578947,0.631579,0.684211,0.736842,0.789474,0.842105,0.894737,0.947368,1.000000","0.346541,0.489715,0.425311,0.254612,0.761568,0.402036,0.528047,0.252090,0.639888,0.368673,0.646824,0.488275,0.482398,0.818375,0.335473,0.640846,0.559533,0.416253,0.448037,0.695504"
308,stim_0308.png,stim_0308.png,0.075,20,0.15,4,Trend_Up,Big,10,"0.000000,0.052632,0.105263,0.157895,0.210526,0.263158,0.315789,0.368421,0.421053,0.473684,0.526316,0.578947,0.631579,0.684211,0.736842,0.789474,0.842105,0.894737,0.947368,1.000000","0.756504,0.323923,0.712364,0.300998,0.228916,0.471988,0.481686,0.511805,0.482826,0.554237,0.109962,0.394468,0.396237,0.606604,0.856400,0.395752,0.653412,0.605639,0.370487,0.785792"
309,stim_0309.png,stim_0309.png,0.075,20,0.15,5,Trend_Up,Big,10,"0.000000,0.052632,0.105263,0.157895,0.210526,0.263158,0.315789,0.368421,0.421053,0.473684,0.526316,0.578947,0.631579,0.684211,0.736842,0.789474,0.842105,0.894737,0.947368,1.000000","0.543903,0.247500,0.429823,0.447461,0.600107,0.213792,0.394690,0.420792,0.541253,0.601900,0.546202,0.645293,0.740477,0.486173,0.513553,0.471740,0.616434,0.579147,0.664702,0.295058"
310,stim_0310.png,stim_0310.png,0.075,20,0.15,6,Trend_Up,Big,10,"0.000000,0.052632,0.105263,0.157895,0.210526,0.263158,0.315789,0.368421,0.421053,0.473684,0.526316,0.578947,0.631579,0.684211,0.736842,0.789474,0.842105,0.894737,0.947368,1.000000","0.356625,0.461731,0.664527,0.413912,0.629443,0.476470,0.571614,0.581740,0.413718,0.503519,0.234674,0.455822,0.420453,0.575832,0.624468,0.278017,0.556192,0.558384,0.609486,0.613372"
311,stim_0311.png,stim_0311.png,0.075,20,0.15,7,Trend_Up,Big,10,"0.000000,0.052632,0.105263,0.157895,0.210526,0.263158,0.315789,0.368421,0.421053,0.473684,0.526316,0.578947,0.631579,0.684211,0.736842,0.789474,0.842105,0.894737,0.947368,1.000000","0.486044,0.568343,0.413053,0.549830,0.314535,0.421859,0.485570,0.475384,0.509953,0.331214,0.496315,0.483044,0.476306,0.580340,0.489646,0.793148,0.082435,0.626291,0.636392,0.780299"
312,stim_0312.png,stim_0312.png,0.075,22,0.15,0,Trend_Up,Big,10,"0.000000,0.047619,0.095238,0.142857,0.190476,0.238095,0.285714,0.333333,0.380952,0.428571,0.476190,0.523810,0.571429,0.619048,0.666667,0.714286,0.761905,0.809524,0.857143,0.904762,0.952381,1.000000","0.560362,0.451442,0.340731,0.537061,0.453795,0.586605,0.402216,0.588339,0.544276,0.379647,0.630333,0.365907,0.375176,0.632956,0.591250,0.522669,0.665811,0.367248,0.444547,0.622185,0.549926,0.387518"
313,stim_0313.png,stim_0313.png,0.075,22,0.15,1,Trend_Up,Big,10,"0.000000,0.047619,0.095238,0.142857,0.190476,0.238095,0.285714,0.333333,0.380952,0.428571,0.476190,0.523810,0.571429,0.619048,0.666667,0.714286,0.761905,0.809524,0.857143,0.904762,0.952381,1.000000","0.398953,0.477244,0.548732,0.389637,0.519349,0.451872,0.123569,0.676798,0.208852,0.473588,0.783764,0.490091,0.267140,0.380730,0.476891,0.546294,0.243539,0.713660,0.489946,0.859249,0.632710,0.847393"
314,stim_0314.png,stim_0314.png,0.075,22,0.15,2,Trend_Up,Big,10,"0.000000,0.047619,0.095238,0.142857,0.190476,0.238095,0.285714,0.333333,0.380952,0.428571,0.476190,0.523810,0.571429,0.619048,0.666667,0.714286,0.761905,0.809524,0.857143,0.904762,0.952381,1.000000","0.710205,0.338992,0.407617,0.489771,0.544679,0.586084,0.662192,0.389888,0.291197,0.713521,0.211525,0.455574,0.552625,0.877665,0.735295,0.298165,0.526534,0.353601,0.336877,0.658336,0.467723,0.391935"
315,stim_0315.png,stim_0315.png,0.075,22,0.15,3,Trend_Up,Big,10,"0.000000,0.047619,0.095238,0.142857,0.190476,0.238095,0.285714,0.333333,0.380952,0.428571,0.476190,0.523810,0.571429,0.619048,0.666667,0.714286,0.761905,0.809524,0.857143,0.904762,0.952381,1.000000","0.577678,0.325934,0.644963,0.687412,0.407474,0.624366,0.651888,0.611754,0.427378,0.376324,0.525625,0.482479,0.528149,0.476060,0.324736,0.267432,0.599631,0.437665,0.701330,0.312101,0.687557,0.322063"
316,stim_0316.png,stim_0316.png,0.075,22,0.15,4,Trend_Up,Big,10,"0.000000,0.047619,0.095238,0.142857,0.190476,0.238095,0.285714,0.333333,0.380952,0.428571,0.476190,0.523810,0.571429,0.619048,0.666667,0.714286,0.761905,0.809524,0.857143,0.904762,0.952381,1.000000","0.359216,0.517355,0.205836,0.350339,0.589532,0.388710,0.888323,0.446899,0.370844,0.402588,0.886363,0.514478,0.628440,0.474815,0.697558,0.255102,0.193916,0.511844,0.452032,0.758828,0.433373,0.673610"
317,stim_0317.png,stim_0317.png,0.075,22,0.15,5,Trend_Up,Big,10,"0.000000,0.047619,0.095238,0.142857,0.190476,0.238095,0.285714,0.333333,0.380952,0.428571,0.476190,0.523810,0.571429,0.619048,0.666667,0.714286,0.761905,0.809524,0.857143,0.904762,0.952381,1.000000","0.630056,0.559324,0.429712,0.279068,0.057229,0.373813,0.682862,0.668972,0.480807,0.401050,0.410682,0.726226,0.605034,0.348566,0.283350,0.439957,0.669463,0.446411,0.687200,0.534654,0.704189,0.581375"
318,stim_0318.png,stim_0318.png,0.075,22,0.15,6,Trend_Up,Big,10,"0.000000,0.047619,0.095238,0.142857,0.190476,0.238095,0.285714,0.333333,0.380952,0.428571,0.476190,0.523810,0.571429,0.619048,0.666667,0.714286,0.761905,0.809524,0.857143,0.904762,0.952381,1.000000","0.529153,0.541721,0.567616,0.194825,0.396292,0.347680,0.630985,0.651936,0.765136,0.484112,0.348477,0.402851,0.602053,0.585191,0.467451,0.586283,0.545406,0.844815,0.447369,0.317808,0.342667,0.400176"
319,stim_0319.png,stim_0319.png,0.075,22,0.15,7,Trend_Up,Big,10,"0.000000,0.047619,0.095238,0.142857,0.190476,0.238095,0.285714,0.333333,0.380952,0.428571,0.476190,0.523810,0.571429,0.619048,0.666667,0.714286,0.761905,0.809524,0.857143,0.904762,0.952381,1.000000","0.432631,0.451807,0.387119,0.557861,0.641188,0.573161,0.346907,0.550093,0.397006,0.470665,0.861993,0.615016,0.550901,0.502583,0.491066,0.440114,0.264722,0.606020,0.014876,0.644170,0.612274,0.587826"
320,stim_0320.png,stim_0320.png,0.225,8,0.15,0,Trend_Up,Small,10,"0.000000,0.142857,0.285714,0.428571,0.571429,0.714286,0.857143,1.000000","0.409696,0.502935,0.389665,0.613286,0.380861,0.724997,0.560389,0.418171"
321,stim_0321.png,stim_0321.png,0.225,8,0.15,1,Trend_Up,Small,10,"0.000000,0.142857,0.285714,0.428571,0.571429,0.714286,0.857143,1.000000","0.434407,0.475703,0.574755,0.393404,0.529993,0.409254,0.646966,0.535518"
322,stim_0322.png,stim_0322.png,0.225,8,0.15,2,Trend_Up,Small,10,"0.000000,0.142857,0.285714,0.428571,0.571429,0.714286,0.857143,1.000000","0.386651,0.236921,0.330895,0.484231,0.536741,0.804526,0.712732,0.507302"
323,stim_0323.png,stim_0323.png,0.225,8,0.15,3,Trend_Up,Small,10,"0.000000,0.142857,0.285714,0.428571,0.571429,0.714286,0.857143,1.000000","0.338585,0.578811,0.479586,0.341158,0.565330,0.513963,0.735684,0.446884"
324,stim_0324.png,stim_0324.png,0.225,8,0.15,4,Trend_Up,Small,10,"0.000000,0.142857,0.285714,0.428571,0.571429,0.714286,0.857143,1.000000","0.195741,0.475612,0.502397,0.351709,0.657724,0.438020,0.545732,0.833065"
325,stim_0325.png,stim_0325.png,0.225,8,0.15,5,Trend_Up,Small,10,"0.000000,0.142857,0.285714,0.428571,0.571429,0.714286,0.857143,1.000000","0.484301,0.438493,0.280756,0.367702,0.451683,0.649446,0.838662,0.488957"
326,stim_0326.png,stim_0326.png,0.225,8,0.15,6,Trend_Up,Small,10,"0.000000,0.142857,0.285714,0.428571,0.571429,0.714286,0.857143,1.000000","0.243431,0.455138,0.613245,0.514741,0.448941,0.473667,0.529432,0.721406"
327,stim_0327.png,stim_0327.png,0.225,8,0.15,7,Trend_Up,Small,10,"0.000000,0.142857,0.285714,0.428571,0.571429,0.714286,0.857143,1.000000","0.377333,0.909759,-0.024117,0.316927,0.542246,0.758032,0.473872,0.645948"
328,stim_0328.png,stim_0328.png,0.225,10,0.15,0,Trend_Up,Small,10,"0.000000,0.111111,0.222222,0.333333,0.444444,0.555556,0.666667,0.777778,0.888889,1.000000","0.376871,0.483762,0.364695,0.326076,0.368594,0.392812,0.708263,0.590690,0.633274,0.754963"
329,stim_0329.png,stim_0329.png,0.225,10,0.15,1,Trend_Up,Small,10,"0.000000,0.111111,0.222222,0.333333,0.444444,0.555556,0.666667,0.777778,0.888889,1.000000","0.290101,0.448875,0.384445,0.408345,0.536558,0.332177,0.551644,0.543758,0.784304,0.719794"
330,stim_0330.png,stim_0330.png,0.225,10,0.15,2,Trend_Up,Small,10,"0.000000,0.111111,0.222222,0.333333,0.444444,0.555556,0.666667,0.777778,0.888889,1.000000","0.276029,0.316152,0.622080,0.635200,0.345731,0.521548,0.786138,0.416427,0.441202,0.639491"
331,stim_0331.png,stim_0331.png,0.225,10,0.15,3,Trend_Up,Small,10,"0.000000,0.111111,0.222222,0.333333,0.444444,0.555556,0.666667,0.777778,0.888889,1.000000","0.292107,0.506419,0.484892,0.566519,0.462470,0.419361,0.584071,0.708726,0.574522,0.400913"
332,stim_0332.png,stim_0332.png,0.225,10,0.15,4,Trend_Up,Small,10,"0.000000,0.111111,0.222222,0.333333,0.444444,0.555556,0.666667,0.777778,0.888889,1.000000","0.413429,0.483411,0.190711,0.368301,0.259857,0.391745,0.750464,0.539681,0.707054,0.895348"
333,stim_0333.png,stim_0333.png,0.225,10,0.15,5,Trend_Up,Small,10,"0.000000,0.111111,0.222222,0.333333,0.444444,0.555556,0.666667,0.777778,0.888889,1.000000","0.451922,0.370739,0.385689,0.437033,0.625351,0.279515,0.560786,0.573918,0.706864,0.608182"
334,stim_0334.png,stim_0334.png,0.225,10,0.15,6,Trend_Up,Small,10,"0.000000,0.111111,0.222222,0.333333,0.444444,0.555556,0.666667,0.777778,0.888889,1.000000","0.453500,0.532113,0.134821,0.574062,0.554605,0.561739,0.482183,0.467466,0.909234,0.330277"
335,stim_0335.png,stim_0335.png,0.225,10,0.15,7,Trend_Up,Small,10,"0.000000,0.111111,0.222222,0.333333,0.444444,0.555556,0.666667,0.777778,0.888889,1.000000","0.464866,0.332151,0.444765,0.444701,0.456596,0.708731,0.429212,0.515094,0.572525,0.631359"
336,stim_0336.png,stim_0336.png,0.225,12,0.15,0,Trend_Up,Small,10,"0.000000,0.090909,0.181818,0.272727,0.363636,0.454545,0.545455,0.636364,0.727273,0.818182,0.909091,1.000000","0.648513,0.420896,0.492164,0.309192,0.343204,0.447833,0.716239,0.456615,0.409577,0.641298,0.527981,0.586488"
337,stim_0337.png,stim_0337.png,0.225,12,0.15,1,Trend_Up,Small,10,"0.000000,0.090909,0.181818,0.272727,0.363636,0.454545,0.545455,0.636364,0.727273,0.818182,0.909091,1.000000","0.550571,0.562041,0.320157,0.556966,0.519900,0.302390,0.512734,0.374164,0.501493,0.764001,0.511561,0.524021"
338,stim_0338.png,stim_0338.png,0.225,12,0.15,2,Trend_Up,Small,10,"0.000000,0.090909,0.181818,0.272727,0.363636,0.454545,0.545455,0.636364,0.727273,0.818182,0.909091,1.000000","0.275648,0.271592,0.465006,0.398000,0.580514,0.590564,0.509727,0.440716,0.516086,0.671725,0.472557,0.807864"
339,stim_0339.png,stim_0339.png,0.225,12,0.15,3,Trend_Up,Small,10,"0.000000,0.090909,0.181818,0.272727,0.363636,0.454545,0.545455,0.636364,0.727273,0.818182,0.909091,1.000000","0.355954,0.076762,0.424147,0.377406,0.442360,0.716239,0.674162,0.344144,0.756261,0.643413,0.541163,0.647988"
340,stim_0340.png,stim_0340.png,0.225,12,0.15,4,Trend_Up,Small,10,"0.000000,0.090909,0.181818,0.272727,0.363636,0.454545,0.545455,0.636364,0.727273,0.818182,0.909091,1.000000","0.204677,0.566931,0.405653,0.507463,0.271317,0.463665,0.487500,0.609776,0.699943,0.428731,0.657692,0.696652"
341,stim_0341.png,stim_0341.png,0.225,12,0.15,5,Trend_Up,Small,10,"0.000000,0.090909,0.181818,0.272727,0.363636,0.454545,0.545455,0.636364,0.727273,0.818182,0.909091,1.000000","0.361563,0.406364,0.516989,0.481265,0.558736,0.380788,0.213193,0.818882,0.732513,0.528635,0.429160,0.571912"
342,stim_0342.png,stim_0342.png,0.225,12,0.15,6,Trend_Up,Small,10,"0.000000,0.090909,0.181818,0.272727,0.363636,0.454545,0.545455,0.636364,0.727273,0.818182,0.909091,1.000000","0.222737,0.471678,0.421822,0.393245,0.307917,0.297878,0.537363,0.493646,0.440097,0.693116,0.890515,0.829987"
343,stim_0343.png,stim_0343.png,0.225,12,0.15,7,Trend_Up,Small,10,"0.000000,0.090909,0.181818,0.272727,0.363636,0.454545,0.545455,0.636364,0.727273,0.818182,0.909091,1.000000","0.262378,0.296876,0.511651,0.314557,0.591651,0.641576,0.574821,0.425982,0.686866,0.639611,0.629550,0.424481"
344,stim_0344.png,stim_0344.png,0.225,14,0.15,0,Trend_Up,Small,10,"0.000000,0.076923,0.153846,0.230769,0.307692,0.384615,0.461538,0.538462,0.615385,0.692308,0.769231,0.846154,0.923077,1.000000","0.159838,0.511806,0.574738,0.356158,0.208936,0.378569,0.792880,0.683113,0.530964,0.608785,0.388412,0.509759,0.515757,0.780287"
345,stim_0345.png,stim_0345.png,0.225,14,0.15,1,Trend_Up,Small,10,"0.000000,0.076923,0.153846,0.230769,0.307692,0.384615,0.461538,0.538462,0.615385,0.692308,0.769231,0.846154,0.923077,1.000000","0.408578,0.706481,0.393596,0.398373,0.272517,0.723916,0.460344,0.319990,0.522569,0.604256,0.625243,0.481671,0.648377,0.434087"
346,stim_0346.png,stim_0346.png,0.225,14,0.15,2,Trend_Up,Small,10,"0.000000,0.076923,0.153846,0.230769,0.307692,0.384615,0.461538,0.538462,0.615385,0.692308,0.769231,0.846154,0.923077,1.000000","0.580937,0.857451,0.215901,0.153772,0.600768,0.477103,0.211685,0.809107,0.539521,0.813200,0.297068,0.475605,0.276344,0.691538"
347,stim_0347.png,stim_0347.png,0.225,14,0.15,3,Trend_Up,Small,10,"0.000000,0.076923,0.153846,0.230769,0.307692,0.384615,0.461538,0.538462,0.615385,0.692308,0.769231,0.846154,0.923077,1.000000","0.700838,0.480044,0.138604,0.460062,0.273972,0.451112,0.645769,0.501913,0.722737,0.733702,0.473430,0.452416,0.617798,0.347603"
348,stim_0348.png,stim_0348.png,0.225,14,0.15,4,Trend_Up,Small,10,"0.000000,0.076923,0.153846,0.230769,0.307692,0.384615,0.461538,0.538462,0.615385,0.692308,0.769231,0.846154,0.923077,1.000000","0.518548,0.374456,0.719477,0.407354,0.501065,0.374519,0.242526,0.507444,0.367654,0.598091,0.416837,0.440457,0.711394,0.820176"
349,stim_0349.png,stim_0349.png,0.225,14,0.15,5,Trend_Up,Small,10,"0.000000,0.076923,0.153846,0.230769,0.307692,0.384615,0.461538,0.538462,0.615385,0.692308,0.769231,0.846154,0.923077,1.000000","0.326237,0.415569,0.628218,0.307669,0.424305,0.213647,0.427781,0.357140,0.660032,0.724142,0.510222,0.486394,0.808202,0.710441"
350,stim_0350.png,stim_0350.png,0.225,14,0.15,6,Trend_Up,Small,10,"0.000000,0.076923,0.153846,0.230769,0.307692,0.384615,0.461538,0.538462,0.615385,0.692308,0.769231,0.846154,0.923077,1.000000","0.560821,0.474796,0.429965,0.423407,0.275196,0.473480,0.458625,0.487145,0.418338,0.615778,0.552690,0.680749,0.613617,0.535392"
351,stim_0351.png,stim_0351.png,0.225,14,0.15,7,Trend_Up,Small,10,"0.000000,0.076923,0.153846,0.230769,0.307692,0.384615,0.461538,0.538462,0.615385,0.692308,0.769231,0.846154,0.923077,1.000000","0.285411,0.259721,0.485842,0.419562,0.434226,0.332407,0.446218,0.624166,0.539566,0.568693,0.679863,0.569178,0.624475,0.730672"
352,stim_0352.png,stim_0352.png,0.225,16,0.15,0,Trend_Up,Big,10,"0.000000,0.066667,0.133333,0.200000,0.266667,0.333333,0.400000,0.466667,0.533333,0.600000,0.666667,0.733333,0.800000,0.866667,0.933333,1.000000","-0.035609,0.572137,0.467304,0.422872,0.345211,0.544032,0.648310,0.588239,0.480204,0.344544,0.472617,0.665889,0.637753,0.631567,0.696672,0.518256"
353,stim_0353.png,stim_0353.png,0.225,16,0.15,1,Trend_Up,Big,10,"0.000000,0.066667,0.133333,0.200000,0.266667,0.333333,0.400000,0.466667,0.533333,0.600000,0.666667,0.733333,0.800000,0.866667,0.933333,1.000000","0.203763,0.658324,0.305721,0.539695,0.468638,0.376399,0.301290,0.419566,0.435395,0.752651,0.672557,0.504624,0.616338,0.707175,0.645430,0.392433"
354,stim_0354.png,stim_0354.png,0.225,16,0.15,2,Trend_Up,Big,10,"0.000000,0.066667,0.133333,0.200000,0.266667,0.333333,0.400000,0.466667,0.533333,0.600000,0.666667,0.733333,0.800000,0.866667,0.933333,1.000000","0.582715,0.293604,0.357825,0.510509,0.423090,0.397527,0.491837,0.637056,0.513676,0.963338,0.506425,0.648715,0.329260,0.568501,0.353096,0.422823"
355,stim_0355.png,stim_0355.png,0.225,16,0.15,3,Trend_Up,Big,10,"0.000000,0.066667,0.133333,0.200000,0.266667,0.333333,0.400000,0.466667,0.533333,0.600000,0.666667,0.733333,0.800000,0.866667,0.933333,1.000000","0.540031,0.555893,0.501609,0.279940,0.256205,0.613391,0.543486,0.357820,0.422966,0.490616,0.439968,0.633393,0.617935,0.664699,0.562939,0.519109"
356,stim_0356.png,stim_0356.png,0.225,16,0.15,4,Trend_Up,Big,10,"0.000000,0.066667,0.133333,0.200000,0.266667,0.333333,0.400000,0.466667,0.533333,0.600000,0.666667,0.733333,0.800000,0.866667,0.933333,1.000000","0.327777,0.319305,0.554279,0.439172,0.507875,0.397871,0.455524,0.555138,0.446992,0.666004,0.604444,0.494270,0.577122,0.598941,0.517216,0.538071"
357,stim_0357.png,stim_0357.png,0.225,16,0.15,5,Trend_Up,Big,10,"0.000000,0.066667,0.133333,0.200000,0.266667,0.333333,0.400000,0.466667,0.533333,0.600000,0.666667,0.733333,0.800000,0.866667,0.933333,1.000000","0.352941,0.448435,0.457817,0.276041,0.387835,0.382269,0.465250,0.556171,0.688333,0.726684,0.528948,0.541036,0.498180,0.643449,0.726957,0.319655"
358,stim_0358.png,stim_0358.png,0.225,16,0.15,6,Trend_Up,Big,10,"0.000000,0.066667,0.133333,0.200000,0.266667,0.333333,0.400000,0.466667,0.533333,0.600000,0.666667,0.733333,0.800000,0.866667,0.933333,1.000000","0.320855,0.651142,0.544173,0.481814,0.262453,0.711937,0.293946,0.168578,0.515405,0.311365,0.308789,0.736909,0.506812,0.545301,0.662861,0.977661"
359,stim_0359.png,stim_0359.png,0.225,16,0.15,7,Trend_Up,Big,10,"0.000000,0.066667,0.133333,0.200000,0.266667,0.333333,0.400000,0.466667,0.533333,0.600000,0.666667,0.733333,0.800000,0.866667,0.933333,1.000000","0.193409,0.328696,0.226553,0.316940,0.553670,0.622506,0.678191,0.637945,0.462659,0.484002,0.821887,0.504482,0.346926,0.714861,0.660899,0.446374"
360,stim_0360.png,stim_0360.png,0.225,18,0.15,0,Trend_Up,Big,10,"0.000000,0.058824,0.117647,0.176471,0.235294,0.294118,0.352941,0.411765,0.470588,0.529412,0.588235,0.647059,0.705882,0.764706,0.823529,0.882353,0.941176,1.000000","0.424006,0.601452,0.270782,0.233848,0.441171,0.315166,0.325629,0.318650,0.582447,0.434845,0.704530,0.465970,0.490869,0.784801,0.426650,0.708443,0.797040,0.673702"
361,stim_0361.png,stim_0361.png,0.225,18,0.15,1,Trend_Up,Big,10,"0.000000,0.058824,0.117647,0.176471,0.235294,0.294118,0.352941,0.411765,0.470588,0.529412,0.588235,0.647059,0.705882,0.764706,0.823529,0.882353,0.941176,1.000000","0.424734,0.360143,0.416187,0.103139,0.506818,0.308566,0.518481,0.469133,0.658755,0.711744,0.435423,0.919554,0.441857,0.519514,0.624468,0.540738,0.366344,0.674402"
362,stim_0362.png,stim_0362.png,0.225,18,0.15,2,Trend_Up,Big,10,"0.000000,0.058824,0.117647,0.176471,0.235294,0.294118,0.352941,0.411765,0.470588,0.529412,0.588235,0.647059,0.705882,0.764706,0.823529,0.882353,0.941176,1.000000","0.528566,0.356379,0.469437,0.435055,0.301662,0.664040,0.452695,0.357173,-0.039232,0.546891,0.457958,0.574439,0.472053,0.616126,0.580298,0.741849,0.841404,0.643207"
363,stim_0363.png,stim_0363.png,0.225,18,0.15,3,Trend_Up,Big,10,"0.000000,0.058824,0.117647,0.176471,0.235294,0.294118,0.352941,0.411765,0.470588,0.529412,0.588235,0.647059,0.705882,0.764706,0.823529,0.882353,0.941176,1.000000","0.141536,0.348366,0.447439,0.588137,0.478816,0.474405,0.405200,0.510585,0.552385,0.653045,0.424953,0.449475,0.501744,0.747590,0.332077,0.618521,0.703225,0.622502"
364,stim_0364.png,stim_0364.png,0.225,18,0.15,4,Trend_Up,Big,10,"0.000000,0.058824,0.117647,0.176471,0.235294,0.294118,0.352941,0.411765,0.470588,0.529412,0.588235,0.647059,0.705882,0.764706,0.823529,0.882353,0.941176,1.000000","0.357021,0.314800,0.454557,0.627988,0.520757,0.155874,0.420965,0.376295,0.571186,0.439693,0.681211,0.679777,0.536589,0.517318,0.535500,0.668845,0.353586,0.788039"
365,stim_0365.png,stim_0365.png,0.225,18,0.15,5,Trend_Up,Big,10,"0.000000,0.058824,0.117647,0.176471,0.235294,0.294118,0.352941,0.411765,0.470588,0.529412,0.588235,0.647059,0.705882,0.764706,0.823529,0.882353,0.941176,1.000000","0.334955,0.507015,0.234113,0.714357,0.498233,0.446660,0.473597,0.516245,0.499490,0.494966,0.564590,0.562296,0.449039,0.383105,0.665766,0.697204,0.426107,0.532261"
366,stim_0366.png,stim_0366.png,0.225,18,0.15,6,Trend_Up,Big,10,"0.000000,0.058824,0.117647,0.176471,0.235294,0.294118,0.352941,0.411765,0.470588,0.529412,0.588235,0.647059,0.705882,0.764706,0.823529,0.882353,0.941176,1.000000","0.275754,0.235856,0.512387,0.440483,0.748275,0.262901,0.667103,0.595434,0.674252,0.456821,0.665109,0.283378,0.412193,0.608567,0.580705,0.695596,0.394460,0.490727"
367,stim_0367.png,stim_0367.png,0.225,18,0.15,7,Trend_Up,Big,10,"0.000000,0.058824,0.117647,0.176471,0.235294,0.294118,0.352941,0.411765,0.470588,0.529412,0.588235,0.647059,0.705882,0.764706,0.823529,0.882353,0.941176,1.000000","0.412554,0.445412,0.250783,0.353343,0.478754,0.590573,0.398233,0.461824,0.114000,0.721008,0.616857,0.563849,0.709971,0.702526,0.460870,0.525087,0.660348,0.534008"
368,stim_0368.png,stim_0368.png,0.225,20,0.15,0,Trend_Up,Big,10,"0.000000,0.052632,0.105263,0.157895,0.210526,0.263158,0.315789,0.368421,0.421053,0.473684,0.526316,0.578947,0.631579,0.684211,0.736842,0.789474,0.842105,0.894737,0.947368,1.000000","0.547515,0.415669,0.483388,0.348664,0.319556,0.507735,0.650334,0.510405,0.489230,0.534581,0.606169,0.380232,0.507531,0.557948,0.466517,0.505922,0.543219,0.354851,0.671093,0.599442"
369,stim_0369.png,stim_0369.png,0.225,20,0.15,1,Trend_Up,Big,10,"0.000000,0.052632,0.105263,0.157895,0.210526,0.263158,0.315789,0.368421,0.421053,0.473684,0.526316,0.578947,0.631579,0.684211,0.736842,0.789474,0.842105,0.894737,0.947368,1.000000","0.573499,0.450733,0.342833,0.169642,0.642440,0.283960,0.489843,0.531081,0.377700,0.396621,0.336871,0.515687,0.745159,0.692162,0.503589,0.650762,0.504390,0.608026,0.574831,0.610171"
370,stim_0370.png,stim_0370.png,0.225,20,0.15,2,Trend_Up,Big,10,"0.000000,0.052632,0.105263,0.157895,0.210526,0.263158,0.315789,0.368421,0.421053,0.473684,0.526316,0.578947,0.631579,0.684211,0.736842,0.789474,0.842105,0.894737,0.947368,1.000000","0.303695,0.417313,0.437110,0.504782,0.495054,0.432938,0.558259,0.488716,0.403193,0.258553,0.351529,0.590237,0.494756,0.487720,0.610523,0.803041,0.695903,0.755778,0.338541,0.572357"
371,stim_0371.png,stim_0371.png,0.225,20,0.15,3,Trend_Up,Big,10,"0.000000,0.052632,0.105263,0.157895,0.210526,0.263158,0.315789,0.368421,0.421053,0.473684,0.526316,0.578947,0.631579,0.684211,0.736842,0.789474,0.842105,0.894737,0.947368,1.000000","0.478550,-0.012747,0.305939,0.605488,0.372237,0.595955,0.431055,0.313396,0.671539,0.295539,0.592729,0.491280,0.512722,0.705197,0.415160,0.436432,0.740328,0.643499,0.811713,0.593989"
372,stim_0372.png,stim_0372.png,0.225,20,0.15,4,Trend_Up,Big,10,"0.000000,0.052632,0.105263,0.157895,0.210526,0.263158,0.315789,0.368421,0.421053,0.473684,0.526316,0.578947,0.631579,0.684211,0.736842,0.789474,0.842105,0.894737,0.947368,1.000000","0.601048,0.303276,0.376468,0.362404,0.502861,0.667079,0.255851,0.644901,0.414445,0.539841,0.526600,0.511455,0.570033,0.433232,0.517025,0.477674,0.505431,0.573461,0.571112,0.645803"
373,stim_0373.png,stim_0373.png,0.225,20,0.15,5,Trend_Up,Big,10,"0.000000,0.052632,0.105263,0.157895,0.210526,0.263158,0.315789,0.368421,0.421053,0.473684,0.526316,0.578947,0.631579,0.684211,0.736842,0.789474,0.842105,0.894737,0.947368,1.000000","0.235502,0.208110,0.584164,0.298040,0.265595,0.249959,0.426436,0.673456,0.357478,0.770426,0.683067,0.565460,0.446577,0.462273,0.605033,0.598456,0.678207,0.513299,0.640603,0.737859"
374,stim_0374.png,stim_0374.png,0.225,20,0.15,6,Trend_Up,Big,10,"0.000000,0.052632,0.105263,0.157895,0.210526,0.263158,0.315789,0.368421,0.421053,0.473684,0.526316,0.578947,0.631579,0.684211,0.736842,0.789474,0.842105,0.894737,0.947368,1.000000","0.265775,0.503739,0.522343,0.325108,0.459079,0.460957,0.485235,0.587068,0.469669,0.375450,0.459457,0.583421,0.515286,0.261142,0.541190,0.685703,0.505639,0.635764,0.803279,0.554694"
375,stim_0375.png,stim_0375.png,0.225,20,0.15,7,Trend_Up,Big,10,"0.000000,0.052632,0.105263,0.157895,0.210526,0.263158,0.315789,0.368421,0.421053,0.473684,0.526316,0.578947,0.631579,0.684211,0.736842,0.789474,0.842105,0.894737,0.947368,1.000000","0.388071,0.302817,0.456284,0.216986,0.229276,0.573099,0.605620,0.660417,0.443878,0.767358,0.307610,0.266593,0.545343,0.229369,0.823156,0.452068,0.798112,0.546653,0.715508,0.671782"
376,stim_0376.png,stim_0376.png,0.225,22,0.15,0,Trend_Up,Big,10,"0.000000,0.047619,0.095238,0.142857,0.190476,0.238095,0.285714,0.333333,0.380952,0.428571,0.476190,0.523810,0.571429,0.619048,0.666667,0.714286,0.761905,0.809524,0.857143,0.904762,0.952381,1.000000","0.169212,0.272330,0.540786,0.241303,0.601575,0.524845,0.426918,0.699866,0.522445,0.447434,0.677246,0.441749,0.724923,0.342884,0.472519,0.588211,0.523581,0.485237,0.405122,0.687722,0.551692,0.652401"
377,stim_0377.png,stim_0377.png,0.225,22,0.15,1,Trend_Up,Big,10,"0.000000,0.047619,0.095238,0.142857,0.190476,0.238095,0.285714,0.333333,0.380952,0.428571,0.476190,0.523810,0.571429,0.619048,0.666667,0.714286,0.761905,0.809524,0.857143,0.904762,0.952381,1.000000","0.677503,0.342591,0.446525,0.414461,0.386785,0.527825,0.225436,0.463978,0.423005,0.489966,0.580441,0.380091,0.653938,0.595418,0.337234,0.452051,0.626388,0.297331,0.712214,0.696586,0.521138,0.749097"
378,stim_0378.png,stim_0378.png,0.225,22,0.15,2,Trend_Up,Big,10,"0.000000,0.047619,0.095238,0.142857,0.190476,0.238095,0.285714,0.333333,0.380952,0.428571,0.476190,0.523810,0.571429,0.619048,0.666667,0.714286,0.761905,0.809524,0.857143,0.904762,0.952381,1.000000","0.187663,0.447632,0.543786,0.226421,0.326390,0.491030,0.405341,0.324294,0.437360,0.882906,0.673045,0.688543,0.499713,0.410493,0.637740,0.682085,0.669812,0.082937,0.630690,0.641508,0.560211,0.550399"
379,stim_0379.png,stim_0379.png,0.225,22,0.15,3,Trend_Up,Big,10,"0.000000,0.047619,0.095238,0.142857,0.190476,0.238095,0.285714,0.333333,0.380952,0.428571,0.476190,0.523810,0.571429,0.619048,0.666667,0.714286,0.761905,0.809524,0.857143,0.904762,0.952381,1.000000","0.486995,0.110012,0.492532,0.434695,0.752831,0.609760,0.473238,0.735782,0.228234,0.375265,0.254645,0.486549,0.445606,0.620281,0.851686,0.492830,0.610612,0.321826,0.435422,0.527135,0.688540,0.565523"
380,stim_0380.png,stim_0380.png,0.225,22,0.15,4,Trend_Up,Big,10,"0.000000,0.047619,0.095238,0.142857,0.190476,0.238095,0.285714,0.333333,0.380952,0.428571,0.476190,0.523810,0.571429,0.619048,0.666667,0.714286,0.761905,0.809524,0.857143,0.904762,0.952381,1.000000","0.499262,0.483990,0.491608,0.603949,0.505062,0.046973,0.530926,0.713842,0.257554,0.485621,0.635876,0.395837,0.779922,0.342449,0.711366,0.481898,0.304089,0.446912,0.687839,0.737580,0.278064,0.579380"
381,stim_0381.png,stim_0381.png,0.225,22,0.15,5,Trend_Up,Big,10,"0.000000,0.047619,0.095238,0.142857,0.190476,0.238095,0.285714,0.333333,0.380952,0.428571,0.476190,0.523810,0.571429,0.619048,0.666667,0.714286,0.761905,0.809524,0.857143,0.904762,0.952381,1.000000","0.647084,0.314883,0.397385,0.328332,0.535508,0.573732,0.388241,0.741680,0.365148,0.477536,0.411541,0.629157,0.533009,0.341616,0.553138,0.418093,0.770697,0.266992,0.435925,0.774914,0.410682,0.684708"
382,stim_0382.png,stim_0382.png,0.225,22,0.15,6,Trend_Up,Big,10,"0.000000,0.047619,0.095238,0.142857,0.190476,0.238095,0.285714,0.333333,0.380952,0.428571,0.476190,0.523810,0.571429,0.619048,0.666667,0.714286,0.761905,0.809524,0.857143,0.904762,0.952381,1.000000","0.298730,0.370327,0.547190,0.315613,0.335813,0.457195,0.417804,0.495954,0.438208,0.704897,0.433413,0.566902,0.283072,0.425529,0.341385,0.546657,0.646184,0.567139,0.612902,0.610641,0.790180,0.794265"
383,stim_0383.png,stim_0383.png,0.225,22,0.15,7,Trend_Up,Big,10,"0.000000,0.047619,0.095238,0.142857,0.190476,0.238095,0.285714,0.333333,0.380952,0.428571,0.476190,0.523810,0.571429,0.619048,0.666667,0.714286,0.761905,0.809524,0.857143,0.904762,0.952381,1.000000","0.546176,0.319229,0.586998,0.525474,0.332668,0.576796,0.535496,0.520197,0.358258,0.476150,0.612185,0.217947,0.521364,0.349450,0.474645,0.581083,0.712327,0.428585,0.627443,0.480270,0.589297,0.627962"
384,stim_0384.png,stim_0384.png,0.3,8,0.15,0,Trend_Up,Small,10,"0.000000,0.142857,0.285714,0.428571,0.571429,0.714286,0.857143,1.000000","0.198663,0.418223,0.637508,0.515684,0.616219,0.457362,0.540575,0.615767"
385,stim_0385.png,stim_0385.png,0.3,8,0.15,1,Trend_Up,Small,10,"0.000000,0.142857,0.285714,0.428571,0.571429,0.714286,0.857143,1.000000","0.144774,0.757073,0.194842,0.705627,0.520752,0.560417,0.698531,0.417984"
386,stim_0386.png,stim_0386.png,0.3,8,0.15,2,Trend_Up,Small,10,"0.000000,0.142857,0.285714,0.428571,0.571429,0.714286,0.857143,1.000000","0.268134,0.550569,0.439745,0.520300,0.249342,0.682761,0.704248,0.584901"
387,stim_0387.png,stim_0387.png,0.3,8,0.15,3,Trend_Up,Small,10,"0.000000,0.142857,0.285714,0.428571,0.571429,0.714286,0.857143,1.000000","0.300218,0.186870,0.786888,0.218722,0.462093,0.356100,0.884317,0.804792"
388,stim_0388.png,stim_0388.png,0.3,8,0.15,4,Trend_Up,Small,10,"0.000000,0.142857,0.285714,0.428571,0.571429,0.714286,0.857143,1.000000","0.266198,0.251131,0.586811,0.494204,0.455421,0.463961,0.734528,0.747745"
389,stim_0389.png,stim_0389.png,0.3,8,0.15,5,Trend_Up,Small,10,"0.000000,0.142857,0.285714,0.428571,0.571429,0.714286,0.857143,1.000000","0.489748,0.304625,0.365624,0.324952,0.755906,0.689552,0.640043,0.429550"
390,stim_0390.png,stim_0390.png,0.3,8,0.15,6,Trend_Up,Small,10,"0.000000,0.142857,0.285714,0.428571,0.571429,0.714286,0.857143,1.000000","0.253163,0.352314,0.227525,0.504290,0.529775,0.672545,0.743118,0.717270"
391,stim_0391.png,stim_0391.png,0.3,8,0.15,7,Trend_Up,Small,10,"0.000000,0.142857,0.285714,0.428571,0.571429,0.714286,0.857143,1.000000","0.438894,0.388724,0.442196,0.564141,0.448381,0.549651,0.528795,0.639217"
392,stim_0392.png,stim_0392.png,0.3,10,0.15,0,Trend_Up,Small,10,"0.000000,0.111111,0.222222,0.333333,0.444444,0.555556,0.666667,0.777778,0.888889,1.000000","0.309631,0.228374,0.380091,0.441133,0.476130,0.578537,0.609814,0.598151,0.850846,0.527294"
393,stim_0393.png,stim_0393.png,0.3,10,0.15,1,Trend_Up,Small,10,"0.000000,0.111111,0.222222,0.333333,0.444444,0.555556,0.666667,0.777778,0.888889,1.000000","0.199563,0.339139,0.454015,0.424115,0.521797,0.634277,0.662018,0.564691,0.552316,0.648067"
394,stim_0394.png,stim_0394.png,0.3,10,0.15,2,Trend_Up,Small,10,"0.000000,0.111111,0.222222,0.333333,0.444444,0.555556,0.666667,0.777778,0.888889,1.000000","0.441014,0.365433,0.331631,0.817891,0.444932,0.450970,0.593224,0.314978,0.519987,0.719941"
395,stim_0395.png,stim_0395.png,0.3,10,0.15,3,Trend_Up,Small,10,"0.000000,0.111111,0.222222,0.333333,0.444444,0.555556,0.666667,0.777778,0.888889,1.000000","0.377229,0.439947,0.310356,0.372021,0.457130,0.478665,0.715922,0.372132,0.751730,0.724869"
396,stim_0396.png,stim_0396.png,0.3,10,0.15,4,Trend_Up,Small,10,"0.000000,0.111111,0.222222,0.333333,0.444444,0.555556,0.666667,0.777778,0.888889,1.000000","0.279300,0.295306,0.541411,0.454888,0.667995,0.605171,0.453962,0.364333,0.576509,0.761125"
397,stim_0397.png,stim_0397.png,0.3,10,0.15,5,Trend_Up,Small,10,"0.000000,0.111111,0.222222,0.333333,0.444444,0.555556,0.666667,0.777778,0.888889,1.000000","0.381040,0.352501,0.547732,0.540454,0.365534,0.626048,0.459227,0.487517,0.533095,0.706852"
398,stim_0398.png,stim_0398.png,0.3,10,0.15,6,Trend_Up,Small,10,"0.000000,0.111111,0.222222,0.333333,0.444444,0.555556,0.666667,0.777778,0.888889,1.000000","0.402363,0.323504,0.453176,0.363400,0.439616,0.679192,0.541175,0.625659,0.578786,0.593129"
399,stim_0399.png,stim_0399.png,0.3,10,0.15,7,Trend_Up,Small,10,"0.000000,0.111111,0.222222,0.333333,0.444444,0.555556,0.666667,0.777778,0.888889,1.000000","0.624388,0.385588,0.378807,0.482652,0.335183,0.573786,0.381334,0.683734,0.707261,0.447268"
400,stim_0400.png,stim_0400.png,0.3,12,0.15,0,Trend_Up,Small,10,"0.000000,0.090909,0.181818,0.272727,0.363636,0.454545,0.545455,0.636364,0.727273,0.818182,0.909091,1.000000","0.338787,0.355518,0.159886,0.256779,0.769854,0.773250,0.557695,0.293824,0.693474,0.550746,0.400310,0.849878"
401,stim_0401.png,stim_0401.png,0.3,12,0.15,1,Trend_Up,Small,10,"0.000000,0.090909,0.181818,0.272727,0.363636,0.454545,0.545455,0.636364,0.727273,0.818182,0.909091,1.000000","0.447244,0.190776,0.310180,0.499104,0.427953,0.513547,0.366102,0.476077,0.630277,0.642598,0.785562,0.710579"
402,stim_0402.png,stim_0402.png,0.3,12,0.15,2,Trend_Up,Small,10,"0.000000,0.090909,0.181818,0.272727,0.363636,0.454545,0.545455,0.636364,0.727273,0.818182,0.909091,1.000000","0.336256,0.318983,0.329039,0.460756,0.568004,0.678420,0.568086,0.428380,0.481849,0.400433,0.755664,0.674128"
403,stim_0403.png,stim_0403.png,0.3,12,0.15,3,Trend_Up,Small,10,"0.000000,0.090909,0.181818,0.272727,0.363636,0.454545,0.545455,0.636364,0.727273,0.818182,0.909091,1.000000","0.284004,0.689149,0.264254,0.462266,0.428219,0.557152,0.477162,0.656369,0.442010,0.344333,0.783068,0.612013"
404,stim_0404.png,stim_0404.png,0.3,12,0.15,4,Trend_Up,Small,10,"0.000000,0.090909,0.181818,0.272727,0.363636,0.454545,0.545455,0.636364,0.727273,0.818182,0.909091,1.000000","0.249019,0.324830,0.316057,0.530880,0.286144,0.428583,0.434756,0.504279,0.521750,0.898037,0.908466,0.597199"
405,stim_0405.png,stim_0405.png,0.3,12,0.15,5,Trend_Up,Small,10,"0.000000,0.090909,0.181818,0.272727,0.363636,0.454545,0.545455,0.636364,0.727273,0.818182,0.909091,1.000000","0.487523,0.237201,0.292667,0.481257,0.504191,0.221055,0.604456,0.559849,0.602283,0.611493,0.582280,0.815744"
406,stim_0406.png,stim_0406.png,0.3,12,0.15,6,Trend_Up,Small,10,"0.000000,0.090909,0.181818,0.272727,0.363636,0.454545,0.545455,0.636364,0.727273,0.818182,0.909091,1.000000","0.412048,0.652521,0.440814,0.416572,0.284782,0.609853,0.618395,0.386530,0.425432,0.680570,0.621040,0.451443"
407,stim_0407.png,stim_0407.png,0.3,12,0.15,7,Trend_Up,Small,10,"0.000000,0.090909,0.181818,0.272727,0.363636,0.454545,0.545455,0.636364,0.727273,0.818182,0.909091,1.000000","0.594499,0.261377,0.321720,0.685655,0.451647,0.629913,0.346741,0.401627,0.598700,0.542672,0.722163,0.443287"
408,stim_0408.png,stim_0408.png,0.3,14,0.15,0,Trend_Up,Small,10,"0.000000,0.076923,0.153846,0.230769,0.307692,0.384615,0.461538,0.538462,0.615385,0.692308,0.769231,0.846154,0.923077,1.000000","0.306705,0.280303,0.606615,0.610530,0.172261,0.466136,0.612577,0.416801,0.576382,0.499122,0.594467,0.496200,0.678034,0.683868"
409,stim_0409.png,stim_0409.png,0.3,14,0.15,1,Trend_Up,Small,10,"0.000000,0.076923,0.153846,0.230769,0.307692,0.384615,0.461538,0.538462,0.615385,0.692308,0.769231,0.846154,0.923077,1.000000","0.525297,0.270686,0.189590,0.601121,0.440421,0.505672,0.386277,0.475345,0.414888,0.354696,0.653233,0.848245,0.632178,0.702351"
410,stim_0410.png,stim_0410.png,0.3,14,0.15,2,Trend_Up,Small,10,"0.000000,0.076923,0.153846,0.230769,0.307692,0.384615,0.461538,0.538462,0.615385,0.692308,0.769231,0.846154,0.923077,1.000000","0.413192,0.451388,0.438561,0.571554,0.474027,0.404205,0.516732,0.224995,0.399396,0.485357,0.507767,0.605412,0.866087,0.641327"
411,stim_0411.png,stim_0411.png,0.3,14,0.15,3,Trend_Up,Small,10,"0.000000,0.076923,0.153846,0.230769,0.307692,0.384615,0.461538,0.538462,0.615385,0.692308,0.769231,0.846154,0.923077,1.000000","0.294806,0.501365,0.278829,0.267857,0.890821,0.440110,0.201462,0.504894,0.577892,0.715654,0.530112,0.504562,0.644850,0.646787"
412,stim_0412.png,stim_0412.png,0.3,14,0.15,4,Trend_Up,Small,10,"0.000000,0.076923,0.153846,0.230769,0.307692,0.384615,0.461538,0.538462,0.615385,0.692308,0.769231,0.846154,0.923077,1.000000","0.402782,0.255291,0.310716,0.444069,0.382075,0.534008,0.807533,0.721434,0.718096,0.501138,0.397189,0.422453,0.337237,0.765980"
413,stim_0413.png,stim_0413.png,0.3,14,0.15,5,Trend_Up,Small,10,"0.000000,0.076923,0.153846,0.230769,0.307692,0.384615,0.461538,0.538462,0.615385,0.692308,0.769231,0.846154,0.923077,1.000000","0.300500,0.623179,0.307265,0.553281,0.386944,0.658003,0.381827,0.639688,0.183898,0.341920,0.782504,0.414659,0.611380,0.814953"
414,stim_0414.png,stim_0414.png,0.3,14,0.15,6,Trend_Up,Small,10,"0.000000,0.076923,0.153846,0.230769,0.307692,0.384615,0.461538,0.538462,0.615385,0.692308,0.769231,0.846154,0.923077,1.000000","0.473631,0.321488,0.365388,0.384459,0.259962,0.571120,0.601758,0.417308,0.463952,0.584907,0.865099,0.404117,0.682290,0.604520"
415,stim_0415.png,stim_0415.png,0.3,14,0.15,7,Trend_Up,Small,10,"0.000000,0.076923,0.153846,0.230769,0.307692,0.384615,0.461538,0.538462,0.615385,0.692308,0.769231,0.846154,0.923077,1.000000","0.428504,0.257233,0.288909,0.482667,0.283775,0.492806,0.579612,0.355767,0.611350,0.828393,0.314421,0.824798,0.633977,0.617788"
416,stim_0416.png,stim_0416.png,0.3,16,0.15,0,Trend_Up,Big,10,"0.000000,0.066667,0.133333,0.200000,0.266667,0.333333,0.400000,0.466667,0.533333,0.600000,0.666667,0.733333,0.800000,0.866667,0.933333,1.000000","0.044965,0.519774,0.252381,0.529203,0.289138,0.480281,0.550878,0.277899,0.751948,0.489319,0.750892,0.662203,0.805168,0.524650,0.375789,0.695511"
417,stim_0417.png,stim_0417.png,0.3,16,0.15,1,Trend_Up,Big,10,"0.000000,0.066667,0.133333,0.200000,0.266667,0.333333,0.400000,0.466667,0.533333,0.600000,0.666667,0.733333,0.800000,0.866667,0.933333,1.000000","0.384067,0.385727,0.581850,0.426338,0.642727,0.421066,0.376597,0.631062,0.753253,0.297689,0.446425,0.322755,0.691117,0.467679,0.699948,0.471700"
418,stim_0418.png,stim_0418.png,0.3,16,0.15,2,Trend_Up,Big,10,"0.000000,0.066667,0.133333,0.200000,0.266667,0.333333,0.400000,0.466667,0.533333,0.600000,0.666667,0.733333,0.800000,0.866667,0.933333,1.000000","0.348861,0.310326,0.572469,0.348134,0.399160,0.593620,0.536840,0.317608,0.472686,0.534704,0.319037,0.596911,0.490724,0.792301,0.582129,0.784490"
419,stim_0419.png,stim_0419.png,0.3,16,0.15,3,Trend_Up,Big,10,"0.000000,0.066667,0.133333,0.200000,0.266667,0.333333,0.400000,0.466667,0.533333,0.600000,0.666667,0.733333,0.800000,0.866667,0.933333,1.000000","0.251807,0.497309,0.375672,0.405210,0.562587,0.501960,0.404555,0.591991,0.574166,0.547134,0.423771,0.471274,0.504882,0.740615,0.453806,0.693261"
420,stim_0420.png,stim_0420.png,0.3,16,0.15,4,Trend_Up,Big,10,"0.000000,0.066667,0.133333,0.200000,0.266667,0.333333,0.400000,0.466667,0.533333,0.600000,0.666667,0.733333,0.800000,0.866667,0.933333,1.000000","0.180317,0.303811,0.185424,0.708410,0.512848,0.623343,0.249123,0.218032,0.591938,0.666518,0.578672,0.403297,0.838216,0.642214,0.645853,0.651984"
421,stim_0421.png,stim_0421.png,0.3,16,0.15,5,Trend_Up,Big,10,"0.000000,0.066667,0.133333,0.200000,0.266667,0.333333,0.400000,0.466667,0.533333,0.600000,0.666667,0.733333,0.800000,0.866667,0.933333,1.000000","0.249078,0.330815,0.228251,0.329568,0.333915,0.489797,0.402673,0.604314,0.549580,0.599748,0.702574,0.586499,0.767467,0.407523,0.749482,0.668717"
422,stim_0422.png,stim_0422.png,0.3,16,0.15,6,Trend_Up,Big,10,"0.000000,0.066667,0.133333,0.200000,0.266667,0.333333,0.400000,0.466667,0.533333,0.600000,0.666667,0.733333,0.800000,0.866667,0.933333,1.000000","0.393756,0.465111,0.564984,0.385592,0.403671,0.378181,0.762617,0.462280,0.370409,0.635500,0.373651,0.366609,0.548955,0.505269,0.658715,0.724701"
423,stim_0423.png,stim_0423.png,0.3,16,0.15,7,Trend_Up,Big,10,"0.000000,0.066667,0.133333,0.200000,0.266667,0.333333,0.400000,0.466667,0.533333,0.600000,0.666667,0.733333,0.800000,0.866667,0.933333,1.000000","0.412356,0.432792,0.531177,0.302808,0.393706,0.480329,0.503775,0.462014,0.364612,0.486521,0.732038,0.573765,0.476077,0.807781,0.552828,0.487422"
424,stim_0424.png,stim_0424.png,0.3,18,0.15,0,Trend_Up,Big,10,"0.000000,0.058824,0.117647,0.176471,0.235294,0.294118,0.352941,0.411765,0.470588,0.529412,0.588235,0.647059,0.705882,0.764706,0.823529,0.882353,0.941176,1.000000","0.396014,0.549631,0.349845,0.256677,0.488244,0.448969,0.645749,0.573496,0.166482,0.697466,0.710780,0.530548,0.395139,0.532868,0.411439,0.535901,0.573777,0.736977"
425,stim_0425.png,stim_0425.png,0.3,18,0.15,1,Trend_Up,Big,10,"0.000000,0.058824,0.117647,0.176471,0.235294,0.294118,0.352941,0.411765,0.470588,0.529412,0.588235,0.647059,0.705882,0.764706,0.823529,0.882353,0.941176,1.000000","0.305187,0.162863,0.471966,0.588800,0.453786,0.365721,0.291620,0.407636,0.558345,0.595791,0.363632,0.656338,0.475264,0.372883,1.021559,0.650646,0.590062,0.667899"
426,stim_0426.png,stim_0426.png,0.3,18,0.15,2,Trend_Up,Big,10,"0.000000,0.058824,0.117647,0.176471,0.235294,0.294118,0.352941,0.411765,0.470588,0.529412,0.588235,0.647059,0.705882,0.764706,0.823529,0.882353,0.941176,1.000000","0.543775,0.391414,0.268346,0.184468,0.499504,0.492651,0.399643,0.770789,0.268252,0.659828,0.555919,0.692526,0.457704,0.519968,0.435953,0.584797,0.509331,0.765131"
427,stim_0427.png,stim_0427.png,0.3,18,0.15,3,Trend_Up,Big,10,"0.000000,0.058824,0.117647,0.176471,0.235294,0.294118,0.352941,0.411765,0.470588,0.529412,0.588235,0.647059,0.705882,0.764706,0.823529,0.882353,0.941176,1.000000","0.279538,0.200706,0.351660,0.573063,0.389497,0.245703,0.434667,0.580499,0.475281,0.423488,0.589003,0.446874,0.627834,0.688668,0.502024,0.760142,0.520284,0.911067"
428,stim_0428.png,stim_0428.png,0.3,18,0.15,4,Trend_Up,Big,10,"0.000000,0.058824,0.117647,0.176471,0.235294,0.294118,0.352941,0.411765,0.470588,0.529412,0.588235,0.647059,0.705882,0.764706,0.823529,0.882353,0.941176,1.000000","0.485106,0.465300,0.497978,0.416362,0.354046,0.139808,0.544928,0.471900,0.545335,0.483563,0.618880,0.479161,0.517217,0.549638,0.512299,0.579818,0.805942,0.532719"
429,stim_0429.png,stim_0429.png,0.3,18,0.15,5,Trend_Up,Big,10,"0.000000,0.058824,0.117647,0.176471,0.235294,0.294118,0.352941,0.411765,0.470588,0.529412,0.588235,0.647059,0.705882,0.764706,0.823529,0.882353,0.941176,1.000000","0.559730,0.329847,0.196547,0.430887,0.338777,0.335811,0.550159,0.428349,0.643721,0.326501,0.342710,0.680428,0.463182,0.805486,0.829704,0.430453,0.637345,0.670364"
430,stim_0430.png,stim_0430.png,0.3,18,0.15,6,Trend_Up,Big,10,"0.000000,0.058824,0.117647,0.176471,0.235294,0.294118,0.352941,0.411765,0.470588,0.529412,0.588235,0.647059,0.705882,0.764706,0.823529,0.882353,0.941176,1.000000","0.466341,0.056776,0.367547,0.330078,0.369163,0.138660,0.361705,0.411059,0.509727,0.449555,0.983611,0.633793,0.722891,0.655341,0.448309,0.724162,0.630660,0.740623"
431,stim_0431.png,stim_0431.png,0.3,18,0.15,7,Trend_Up,Big,10,"0.000000,0.058824,0.117647,0.176471,0.235294,0.294118,0.352941,0.411765,0.470588,0.529412,0.588235,0.647059,0.705882,0.764706,0.823529,0.882353,0.941176,1.000000","0.521136,0.192576,0.335870,0.358511,0.258281,0.380213,0.617989,0.281927,0.090700,0.539219,0.863476,0.685273,0.277973,0.738879,0.638648,0.536161,0.690312,0.992856"
432,stim_0432.png,stim_0432.png,0.3,20,0.15,0,Trend_Up,Big,10,"0.000000,0.052632,0.105263,0.157895,0.210526,0.263158,0.315789,0.368421,0.421053,0.473684,0.526316,0.578947,0.631579,0.684211,0.736842,0.789474,0.842105,0.894737,0.947368,1.000000","0.331203,0.355407,0.458044,0.595959,0.441443,0.546667,0.387495,0.460817,0.333879,0.545743,0.679546,0.535141,0.683612,0.226788,0.416398,0.552203,0.670825,0.711968,0.411165,0.655697"
433,stim_0433.png,stim_0433.png,0.3,20,0.15,1,Trend_Up,Big,10,"0.000000,0.052632,0.105263,0.157895,0.210526,0.263158,0.315789,0.368421,0.421053,0.473684,0.526316,0.578947,0.631579,0.684211,0.736842,0.789474,0.842105,0.894737,0.947368,1.000000","0.080760,0.256052,0.494393,0.602103,0.492017,0.301076,0.189607,0.573413,0.520894,0.493482,0.575892,0.579871,0.623572,0.461827,0.613192,0.659347,0.736906,0.425367,0.856711,0.463518"
434,stim_0434.png,stim_0434.png,0.3,20,0.15,2,Trend_Up,Big,10,"0.000000,0.052632,0.105263,0.157895,0.210526,0.263158,0.315789,0.368421,0.421053,0.473684,0.526316,0.578947,0.631579,0.684211,0.736842,0.789474,0.842105,0.894737,0.947368,1.000000","-0.051104,0.275438,0.388942,0.344837,0.595745,0.342954,0.576508,0.737817,0.167724,0.512611,0.705437,0.833949,0.338908,0.593230,0.680994,0.696078,0.331077,0.578651,0.509154,0.841050"
435,stim_0435.png,stim_0435.png,0.3,20,0.15,3,Trend_Up,Big,10,"0.000000,0.052632,0.105263,0.157895,0.210526,0.263158,0.315789,0.368421,0.421053,0.473684,0.526316,0.578947,0.631579,0.684211,0.736842,0.789474,0.842105,0.894737,0.947368,1.000000","0.112246,0.212634,0.647125,0.373101,0.291021,0.311713,0.471519,0.520999,0.312474,0.651387,0.485865,0.646175,0.472787,0.483295,0.813688,0.830122,0.528491,0.486401,0.750915,0.598041"
436,stim_0436.png,stim_0436.png,0.3,20,0.15,4,Trend_Up,Big,10,"0.000000,0.052632,0.105263,0.157895,0.210526,0.263158,0.315789,0.368421,0.421053,0.473684,0.526316,0.578947,0.631579,0.684211,0.736842,0.789474,0.842105,0.894737,0.947368,1.000000","0.498588,0.364491,0.380757,0.459210,0.604598,0.604421,0.189944,0.499021,0.385355,0.167191,0.469735,0.557733,0.507691,0.637895,0.786862,0.377749,0.868762,0.507882,0.685372,0.446742"
437,stim_0437.png,stim_0437.png,0.3,20,0.15,5,Trend_Up,Big,10,"0.000000,0.052632,0.105263,0.157895,0.210526,0.263158,0.315789,0.368421,0.421053,0.473684,0.526316,0.578947,0.631579,0.684211,0.736842,0.789474,0.842105,0.894737,0.947368,1.000000","0.192444,0.412116,0.330238,0.342072,0.442072,0.251528,0.537843,0.497548,0.761899,0.581520,0.290841,0.567951,0.713384,0.786958,0.599187,0.191561,0.772444,0.557731,0.676043,0.494621"
438,stim_0438.png,stim_0438.png,0.3,20,0.15,6,Trend_Up,Big,10,"0.000000,0.052632,0.105263,0.157895,0.210526,0.263158,0.315789,0.368421,0.421053,0.473684,0.526316,0.578947,0.631579,0.684211,0.736842,0.789474,0.842105,0.894737,0.947368,1.000000","0.172332,0.400999,0.412435,0.538037,0.306055,0.306821,0.311620,0.427956,0.624698,0.589484,0.648585,0.690718,0.693876,0.394142,0.608257,0.541672,0.407132,0.626480,0.448975,0.849726"
439,stim_0439.png,stim_0439.png,0.3,20,0.15,7,Trend_Up,Big,10,"0.000000,0.052632,0.105263,0.157895,0.210526,0.263158,0.315789,0.368421,0.421053,0.473684,0.526316,0.578947,0.631579,0.684211,0.736842,0.789474,0.842105,0.894737,0.947368,1.000000","0.477887,0.449685,0.441534,0.311134,0.453056,0.411742,0.321423,0.430626,0.363383,0.653105,0.483092,0.525822,0.693328,0.414514,0.494726,0.423320,0.477913,0.448819,0.700018,1.024874"
440,stim_0440.png,stim_0440.png,0.3,22,0.15,0,Trend_Up,Big,10,"0.000000,0.047619,0.095238,0.142857,0.190476,0.238095,0.285714,0.333333,0.380952,0.428571,0.476190,0.523810,0.571429,0.619048,0.666667,0.714286,0.761905,0.809524,0.857143,0.904762,0.952381,1.000000","0.318840,0.612963,0.550367,0.454365,0.410237,0.380753,0.421456,0.593756,0.443632,0.334761,0.325951,0.419982,0.618980,0.686178,0.602558,0.805534,0.397377,0.609580,0.428650,0.369981,0.703352,0.510744"
441,stim_0441.png,stim_0441.png,0.3,22,0.15,1,Trend_Up,Big,10,"0.000000,0.047619,0.095238,0.142857,0.190476,0.238095,0.285714,0.333333,0.380952,0.428571,0.476190,0.523810,0.571429,0.619048,0.666667,0.714286,0.761905,0.809524,0.857143,0.904762,0.952381,1.000000","0.568871,0.326194,0.236422,0.316083,0.337305,0.375747,0.419795,0.606294,0.585336,0.590828,0.467398,0.257913,0.269000,0.691298,0.525449,0.613565,0.824987,0.283466,0.592739,0.741485,0.663618,0.706207"
442,stim_0442.png,stim_0442.png,0.3,22,0.15,2,Trend_Up,Big,10,"0.000000,0.047619,0.095238,0.142857,0.190476,0.238095,0.285714,0.333333,0.380952,0.428571,0.476190,0.523810,0.571429,0.619048,0.666667,0.714286,0.761905,0.809524,0.857143,0.904762,0.952381,1.000000","0.575938,0.585122,0.482411,0.266106,0.343564,0.545342,0.450268,0.478739,0.495561,0.337781,0.027172,0.583061,0.357261,0.750417,0.306748,0.614363,0.371095,0.745255,0.808112,0.541467,0.610060,0.724157"
443,stim_0443.png,stim_0443.png,0.3,22,0.15,3,Trend_Up,Big,10,"0.000000,0.047619,0.095238,0.142857,0.190476,0.238095,0.285714,0.333333,0.380952,0.428571,0.476190,0.523810,0.571429,0.619048,0.666667,0.714286,0.761905,0.809524,0.857143,0.904762,0.952381,1.000000","0.340243,0.357987,0.771656,0.597657,0.239808,0.245510,0.533928,0.273142,0.610192,0.536437,0.363718,0.470065,0.510428,0.522624,0.383100,0.528852,0.712963,0.501153,0.455439,0.679093,0.612077,0.753929"
444,stim_0444.png,stim_0444.png,0.3,22,0.15,4,Trend_Up,Big,10,"0.000000,0.047619,0.095238,0.142857,0.190476,0.238095,0.285714,0.333333,0.380952,0.428571,0.476190,0.523810,0.571429,0.619048,0.666667,0.714286,0.761905,0.809524,0.857143,0.904762,0.952381,1.000000","0.608796,0.613228,0.115989,0.370599,0.351530,0.302123,0.740493,0.668495,0.620639,0.443458,0.512936,0.542219,0.269436,0.586575,0.472400,0.780009,0.510069,0.474169,0.684375,0.574758,0.399962,0.357743"
445,stim_0445.png,stim_0445.png,0.3,22,0.15,5,Trend_Up,Big,10,"0.000000,0.047619,0.095238,0.142857,0.190476,0.238095,0.285714,0.333333,0.380952,0.428571,0.476190,0.523810,0.571429,0.619048,0.666667,0.714286,0.761905,0.809524,0.857143,0.904762,0.952381,1.000000","0.213693,0.480629,0.290758,0.382211,0.350640,0.508283,0.558367,0.438025,0.309014,0.383054,0.461283,0.349328,0.474087,0.541792,0.571069,0.627034,0.614253,0.665853,0.797550,0.825723,0.425466,0.731888"
446,stim_0446.png,stim_0446.png,0.3,22,0.15,6,Trend_Up,Big,10,"0.000000,0.047619,0.095238,0.142857,0.190476,0.238095,0.285714,0.333333,0.380952,0.428571,0.476190,0.523810,0.571429,0.619048,0.666667,0.714286,0.761905,0.809524,0.857143,0.904762,0.952381,1.000000","0.190251,0.599417,0.120280,0.786286,0.340864,0.434140,0.457725,0.377097,0.667993,0.414921,0.501675,0.407898,0.822904,0.560379,0.452728,0.788114,0.500432,0.416692,0.875895,0.350822,0.644110,0.289379"
447,stim_0447.png,stim_0447.png,0.3,22,0.15,7,Trend_Up,Big,10,"0.000000,0.047619,0.095238,0.142857,0.190476,0.238095,0.285714,0.333333,0.380952,0.428571,0.476190,0.523810,0.571429,0.619048,0.666667,0.714286,0.761905,0.809524,0.857143,0.904762,0.952381,1.000000","0.220964,0.498011,0.142278,0.519927,0.494662,0.254693,0.277243,0.531969,0.503650,0.634244,0.417839,0.634816,0.618500,0.686341,0.682156,0.723307,0.469940,0.471240,0.423420,0.251656,0.763778,0.779367"
448,stim_0448.png,stim_0448.png,0.375,8,0.15,0,Trend_Up,Small,10,"0.000000,0.142857,0.285714,0.428571,0.571429,0.714286,0.857143,1.000000","0.402313,0.181553,0.447858,0.683558,0.404141,0.623482,0.636267,0.620827"
449,stim_0449.png,stim_0449.png,0.375,8,0.15,1,Trend_Up,Small,10,"0.000000,0.142857,0.285714,0.428571,0.571429,0.714286,0.857143,1.000000","0.209032,0.317539,0.280117,0.403895,0.651642,0.828439,0.353847,0.955490"
450,stim_0450.png,stim_0450.png,0.375,8,0.15,2,Trend_Up,Small,10,"0.000000,0.142857,0.285714,0.428571,0.571429,0.714286,0.857143,1.000000","0.095833,0.703358,0.475677,0.484439,0.195977,0.555303,0.830609,0.658804"
451,stim_0451.png,stim_0451.png,0.375,8,0.15,3,Trend_Up,Small,10,"0.000000,0.142857,0.285714,0.428571,0.571429,0.714286,0.857143,1.000000","0.232531,0.428615,0.285521,0.610313,0.705959,0.592658,0.497039,0.647364"
452,stim_0452.png,stim_0452.png,0.375,8,0.15,4,Trend_Up,Small,10,"0.000000,0.142857,0.285714,0.428571,0.571429,0.714286,0.857143,1.000000","0.230009,0.495872,0.425089,0.489450,0.696955,0.552985,0.485218,0.624422"
453,stim_0453.png,stim_0453.png,0.375,8,0.15,5,Trend_Up,Small,10,"0.000000,0.142857,0.285714,0.428571,0.571429,0.714286,0.857143,1.000000","0.400236,0.197909,0.416907,0.615797,0.567101,0.517349,0.551919,0.732783"
454,stim_0454.png,stim_0454.png,0.375,8,0.15,6,Trend_Up,Small,10,"0.000000,0.142857,0.285714,0.428571,0.571429,0.714286,0.857143,1.000000","0.297373,0.529751,0.454750,0.572291,0.459232,0.361599,0.660611,0.664393"
455,stim_0455.png,stim_0455.png,0.375,8,0.15,7,Trend_Up,Small,10,"0.000000,0.142857,0.285714,0.428571,0.571429,0.714286,0.857143,1.000000","0.497294,0.447184,0.267839,0.365600,0.336327,0.571456,0.651282,0.863017"
456,stim_0456.png,stim_0456.png,0.375,10,0.15,0,Trend_Up,Small,10,"0.000000,0.111111,0.222222,0.333333,0.444444,0.555556,0.666667,0.777778,0.888889,1.000000","0.217731,0.301593,0.384382,0.469423,0.601181,0.657460,0.658976,0.607822,0.506959,0.594473"
457,stim_0457.png,stim_0457.png,0.375,10,0.15,1,Trend_Up,Small,10,"0.000000,0.111111,0.222222,0.333333,0.444444,0.555556,0.666667,0.777778,0.888889,1.000000","0.410821,0.378673,0.071880,0.490023,0.529628,0.419229,0.724282,0.667109,0.575836,0.732519"
458,stim_0458.png,stim_0458.png,0.375,10,0.15,2,Trend_Up,Small,10,"0.000000,0.111111,0.222222,0.333333,0.444444,0.555556,0.666667,0.777778,0.888889,1.000000","0.437262,0.451431,0.475449,0.244203,0.720291,0.550257,0.487956,0.467431,0.547676,0.618044"
459,stim_0459.png,stim_0459.png,0.375,10,0.15,3,Trend_Up,Small,10,"0.000000,0.111111,0.222222,0.333333,0.444444,0.555556,0.666667,0.777778,0.888889,1.000000","0.270385,0.371945,0.332703,0.440831,0.675432,0.401564,0.716208,0.598637,0.605016,0.587279"
460,stim_0460.png,stim_0460.png,0.375,10,0.15,4,Trend_Up,Small,10,"0.000000,0.111111,0.222222,0.333333,0.444444,0.555556,0.666667,0.777778,0.888889,1.000000","0.382057,0.239153,0.176354,0.601509,0.682567,0.376485,0.475507,0.668886,0.789748,0.607733"
461,stim_0461.png,stim_0461.png,0.375,10,0.15,5,Trend_Up,Small,10,"0.000000,0.111111,0.222222,0.333333,0.444444,0.555556,0.666667,0.777778,0.888889,1.000000","0.107609,0.284314,0.160032,0.500878,0.406740,0.629149,0.586015,0.697744,0.851459,0.776061"
462,stim_0462.png,stim_0462.png,0.375,10,0.15,6,Trend_Up,Small,10,"0.000000,0.111111,0.222222,0.333333,0.444444,0.555556,0.666667,0.777778,0.888889,1.000000","0.287025,0.282749,0.505830,0.364697,0.433611,0.721809,0.447670,0.464282,0.865861,0.626466"
463,stim_0463.png,stim_0463.png,0.375,10,0.15,7,Trend_Up,Small,10,"0.000000,0.111111,0.222222,0.333333,0.444444,0.555556,0.666667,0.777778,0.888889,1.000000","0.393795,0.609167,0.393881,0.584366,-0.026164,0.608063,0.692938,0.514268,0.384895,0.844791"
464,stim_0464.png,stim_0464.png,0.375,12,0.15,0,Trend_Up,Small,10,"0.000000,0.090909,0.181818,0.272727,0.363636,0.454545,0.545455,0.636364,0.727273,0.818182,0.909091,1.000000","0.308086,0.397171,0.324852,0.734110,0.393754,0.290319,0.414048,0.542537,0.511498,0.753000,0.659368,0.671255"
465,stim_0465.png,stim_0465.png,0.375,12,0.15,1,Trend_Up,Small,10,"0.000000,0.090909,0.181818,0.272727,0.363636,0.454545,0.545455,0.636364,0.727273,0.818182,0.909091,1.000000","0.385708,0.508734,0.024408,0.575393,0.338471,0.743775,0.601093,0.485061,0.776057,0.329144,0.558586,0.673572"
466,stim_0466.png,stim_0466.png,0.375,12,0.15,2,Trend_Up,Small,10,"0.000000,0.090909,0.181818,0.272727,0.363636,0.454545,0.545455,0.636364,0.727273,0.818182,0.909091,1.000000","0.232774,0.181611,0.351398,0.355161,0.474699,0.950681,0.406562,0.444864,0.519682,0.587480,0.827374,0.667714"
467,stim_0467.png,stim_0467.png,0.375,12,0.15,3,Trend_Up,Small,10,"0.000000,0.090909,0.181818,0.272727,0.363636,0.454545,0.545455,0.636364,0.727273,0.818182,0.909091,1.000000","0.461071,0.492018,0.201197,0.499873,0.306159,0.511731,0.441022,0.680510,0.249295,0.790587,0.636976,0.729562"
468,stim_0468.png,stim_0468.png,0.375,12,0.15,4,Trend_Up,Small,10,"0.000000,0.090909,0.181818,0.272727,0.363636,0.454545,0.545455,0.636364,0.727273,0.818182,0.909091,1.000000","0.492803,0.387580,0.183669,0.623174,0.307437,0.488817,0.517063,0.682650,0.383640,0.602558,0.766682,0.563927"
469,stim_0469.png,stim_0469.png,0.375,12,0.15,5,Trend_Up,Small,10,"0.000000,0.090909,0.181818,0.272727,0.363636,0.454545,0.545455,0.636364,0.727273,0.818182,0.909091,1.000000","0.234249,0.595845,0.257743,0.334817,0.614450,0.305019,0.752750,0.406096,0.752082,0.506933,0.588615,0.651400"
470,stim_0470.png,stim_0470.png,0.375,12,0.15,6,Trend_Up,Small,10,"0.000000,0.090909,0.181818,0.272727,0.363636,0.454545,0.545455,0.636364,0.727273,0.818182,0.909091,1.000000","0.308005,0.246098,0.354922,0.510907,0.564423,0.786914,0.432794,0.430874,0.523339,0.611487,0.683614,0.546624"
471,stim_0471.png,stim_0471.png,0.375,12,0.15,7,Trend_Up,Small,10,"0.000000,0.090909,0.181818,0.272727,0.363636,0.454545,0.545455,0.636364,0.727273,0.818182,0.909091,1.000000","0.341178,0.300407,0.433571,0.225299,0.519516,0.741700,0.206281,0.293320,0.464588,0.720353,0.922976,0.830811"
472,stim_0472.png,stim_0472.png,0.375,14,0.15,0,Trend_Up,Small,10,"0.000000,0.076923,0.153846,0.230769,0.307692,0.384615,0.461538,0.538462,0.615385,0.692308,0.769231,0.846154,0.923077,1.000000","0.363291,0.144052,0.375406,0.262769,0.454864,0.438686,0.540523,0.537644,0.587157,0.877457,0.558104,0.645392,0.845616,0.369038"
473,stim_0473.png,stim_0473.png,0.375,14,0.15,1,Trend_Up,Small,10,"0.000000,0.076923,0.153846,0.230769,0.307692,0.384615,0.461538,0.538462,0.615385,0.692308,0.769231,0.846154,0.923077,1.000000","0.285890,0.604537,0.339936,0.116776,0.294635,0.514050,0.438554,0.763652,0.245579,0.803390,0.265613,0.881968,0.696244,0.749176"
474,stim_0474.png,stim_0474.png,0.375,14,0.15,2,Trend_Up,Small,10,"0.000000,0.076923,0.153846,0.230769,0.307692,0.384615,0.461538,0.538462,0.615385,0.692308,0.769231,0.846154,0.923077,1.000000","0.311718,0.701335,0.104035,0.309578,0.514509,0.385656,0.389453,0.406958,0.464144,0.705761,0.510973,0.391619,0.840467,0.963794"
475,stim_0475.png,stim_0475.png,0.375,14,0.15,3,Trend_Up,Small,10,"0.000000,0.076923,0.153846,0.230769,0.307692,0.384615,0.461538,0.538462,0.615385,0.692308,0.769231,0.846154,0.923077,1.000000","0.073987,0.150683,0.509240,0.186037,0.631154,0.544948,0.614689,0.303476,0.717107,0.658663,0.868221,0.616169,0.830034,0.295590"
476,stim_0476.png,stim_0476.png,0.375,14,0.15,4,Trend_Up,Small,10,"0.000000,0.076923,0.153846,0.230769,0.307692,0.384615,0.461538,0.538462,0.615385,0.692308,0.769231,0.846154,0.923077,1.000000","0.632283,0.281348,0.557797,0.037783,0.416392,0.426188,0.502405,0.534980,0.575357,0.623442,0.657476,0.322526,0.696347,0.735676"
477,stim_0477.png,stim_0477.png,0.375,14,0.15,5,Trend_Up,Small,10,"0.000000,0.076923,0.153846,0.230769,0.307692,0.384615,0.461538,0.538462,0.615385,0.692308,0.769231,0.846154,0.923077,1.000000","0.486748,0.635633,0.310602,0.078612,0.451971,0.283758,0.523741,0.323129,0.517223,0.794454,0.502080,0.630841,0.828291,0.632917"
478,stim_0478.png,stim_0478.png,0.375,14,0.15,6,Trend_Up,Small,10,"0.000000,0.076923,0.153846,0.230769,0.307692,0.384615,0.461538,0.538462,0.615385,0.692308,0.769231,0.846154,0.923077,1.000000","0.434635,0.520710,0.328084,0.331192,0.422767,0.457615,0.365789,0.652303,0.688772,0.356421,0.619402,0.588174,0.501853,0.732283"
479,stim_0479.png,stim_0479.png,0.375,14,0.15,7,Trend_Up,Small,10,"0.000000,0.076923,0.153846,0.230769,0.307692,0.384615,0.461538,0.538462,0.615385,0.692308,0.769231,0.846154,0.923077,1.000000","0.354983,0.173027,0.308805,0.319792,0.372967,0.268222,0.379024,0.617765,0.521768,0.398939,0.503169,0.946379,0.884910,0.950249"
480,stim_0480.png,stim_0480.png,0.375,16,0.15,0,Trend_Up,Big,10,"0.000000,0.066667,0.133333,0.200000,0.266667,0.333333,0.400000,0.466667,0.533333,0.600000,0.666667,0.733333,0.800000,0.866667,0.933333,1.000000","0.250766,0.257084,0.233005,0.569265,0.735555,0.351473,0.274896,0.267855,0.411144,0.532508,0.532016,0.662793,0.617947,0.410119,0.887539,1.006035"
481,stim_0481.png,stim_0481.png,0.375,16,0.15,1,Trend_Up,Big,10,"0.000000,0.066667,0.133333,0.200000,0.266667,0.333333,0.400000,0.466667,0.533333,0.600000,0.666667,0.733333,0.800000,0.866667,0.933333,1.000000","0.637276,0.454209,0.124588,0.379549,0.335175,0.751270,0.557899,0.141815,0.744650,0.432137,0.565976,0.338938,0.600984,0.553229,0.818109,0.564195"
482,stim_0482.png,stim_0482.png,0.375,16,0.15,2,Trend_Up,Big,10,"0.000000,0.066667,0.133333,0.200000,0.266667,0.333333,0.400000,0.466667,0.533333,0.600000,0.666667,0.733333,0.800000,0.866667,0.933333,1.000000","0.348461,0.225588,0.246233,0.434948,0.286604,0.506099,0.640132,0.488282,0.564384,0.647630,0.614821,0.612438,0.725970,0.601674,0.474319,0.582415"
483,stim_0483.png,stim_0483.png,0.375,16,0.15,3,Trend_Up,Big,10,"0.000000,0.066667,0.133333,0.200000,0.266667,0.333333,0.400000,0.466667,0.533333,0.600000,0.666667,0.733333,0.800000,0.866667,0.933333,1.000000","0.212871,0.194835,0.387500,0.410223,0.476047,0.459023,0.500867,0.517313,0.713862,0.450847,0.574707,0.589229,0.504586,0.611686,0.698221,0.698183"
484,stim_0484.png,stim_0484.png,0.375,16,0.15,4,Trend_Up,Big,10,"0.000000,0.066667,0.133333,0.200000,0.266667,0.333333,0.400000,0.466667,0.533333,0.600000,0.666667,0.733333,0.800000,0.866667,0.933333,1.000000","0.279345,0.160381,0.137626,0.451360,0.454933,0.278167,0.444497,0.744767,0.302844,0.723885,0.290672,0.565070,0.663518,0.932318,0.668156,0.902463"
485,stim_0485.png,stim_0485.png,0.375,16,0.15,5,Trend_Up,Big,10,"0.000000,0.066667,0.133333,0.200000,0.266667,0.333333,0.400000,0.466667,0.533333,0.600000,0.666667,0.733333,0.800000,0.866667,0.933333,1.000000","0.187533,0.281802,0.133298,0.263854,0.467609,0.624829,0.478523,0.511444,0.717093,0.502119,0.702715,0.697232,0.740634,0.498594,0.610494,0.582227"
486,stim_0486.png,stim_0486.png,0.375,16,0.15,6,Trend_Up,Big,10,"0.000000,0.066667,0.133333,0.200000,0.266667,0.333333,0.400000,0.466667,0.533333,0.600000,0.666667,0.733333,0.800000,0.866667,0.933333,1.000000","0.263397,0.316640,0.435664,0.547473,0.397636,0.446412,0.325724,0.417430,0.456285,0.505281,0.776576,0.558504,0.375986,0.608280,0.835352,0.733358"
487,stim_0487.png,stim_0487.png,0.375,16,0.15,7,Trend_Up,Big,10,"0.000000,0.066667,0.133333,0.200000,0.266667,0.333333,0.400000,0.466667,0.533333,0.600000,0.666667,0.733333,0.800000,0.866667,0.933333,1.000000","0.266234,0.436744,0.411233,0.225001,0.586173,0.179628,0.419005,0.669932,0.560538,0.140844,0.351785,0.656173,0.843842,0.646216,1.045067,0.561586"
488,stim_0488.png,stim_0488.png,0.375,18,0.15,0,Trend_Up,Big,10,"0.000000,0.058824,0.117647,0.176471,0.235294,0.294118,0.352941,0.411765,0.470588,0.529412,0.588235,0.647059,0.705882,0.764706,0.823529,0.882353,0.941176,1.000000","0.376821,0.294460,0.317591,0.167980,0.357869,0.558613,0.433015,0.359264,0.526796,0.562697,0.627249,0.483461,0.541599,0.590844,0.960154,0.453801,0.735475,0.652311"
489,stim_0489.png,stim_0489.png,0.375,18,0.15,1,Trend_Up,Big,10,"0.000000,0.058824,0.117647,0.176471,0.235294,0.294118,0.352941,0.411765,0.470588,0.529412,0.588235,0.647059,0.705882,0.764706,0.823529,0.882353,0.941176,1.000000","0.297922,0.505878,0.403972,0.144985,0.171904,0.549371,0.714783,0.560421,0.352916,0.606059,0.677431,0.336616,0.597774,0.640800,0.365781,0.912325,0.397596,0.763465"
490,stim_0490.png,stim_0490.png,0.375,18,0.15,2,Trend_Up,Big,10,"0.000000,0.058824,0.117647,0.176471,0.235294,0.294118,0.352941,0.411765,0.470588,0.529412,0.588235,0.647059,0.705882,0.764706,0.823529,0.882353,0.941176,1.000000","0.277330,0.387542,0.212523,0.440032,0.426316,0.494045,0.341399,0.349168,0.499880,0.698457,0.438225,0.455287,0.787069,0.620766,0.588804,0.759019,0.445625,0.778513"
491,stim_0491.png,stim_0491.png,0.375,18,0.15,3,Trend_Up,Big,10,"0.000000,0.058824,0.117647,0.176471,0.235294,0.294118,0.352941,0.411765,0.470588,0.529412,0.588235,0.647059,0.705882,0.764706,0.823529,0.882353,0.941176,1.000000","0.563019,0.138011,0.402275,0.263790,0.563416,0.444146,0.499041,0.435618,0.536652,0.743820,0.449343,0.402686,0.727666,0.575770,0.351189,0.568652,0.798765,0.536141"
492,stim_0492.png,stim_0492.png,0.375,18,0.15,4,Trend_Up,Big,10,"0.000000,0.058824,0.117647,0.176471,0.235294,0.294118,0.352941,0.411765,0.470588,0.529412,0.588235,0.647059,0.705882,0.764706,0.823529,0.882353,0.941176,1.000000","0.244653,0.166793,0.508377,0.298632,0.599053,0.421914,0.248730,0.625233,0.237736,0.739131,0.605592,0.361190,0.491120,0.482594,0.580476,0.877720,0.646167,0.864889"
493,stim_0493.png,stim_0493.png,0.375,18,0.15,5,Trend_Up,Big,10,"0.000000,0.058824,0.117647,0.176471,0.235294,0.294118,0.352941,0.411765,0.470588,0.529412,0.588235,0.647059,0.705882,0.764706,0.823529,0.882353,0.941176,1.000000","0.521626,0.540276,0.192377,0.313150,0.397368,0.446104,0.421897,0.391982,0.588615,0.543989,0.504308,0.749477,0.618273,0.489293,0.232710,0.573429,0.647183,0.827944"
494,stim_0494.png,stim_0494.png,0.375,18,0.15,6,Trend_Up,Big,10,"0.000000,0.058824,0.117647,0.176471,0.235294,0.294118,0.352941,0.411765,0.470588,0.529412,0.588235,0.647059,0.705882,0.764706,0.823529,0.882353,0.941176,1.000000","0.323465,0.339188,0.163917,0.338876,0.208321,0.424569,0.552958,0.386972,0.449101,0.469299,0.424474,0.701228,0.647275,0.566388,0.535750,1.048346,0.624096,0.795778"
495,stim_0495.png,stim_0495.png,0.375,18,0.15,7,Trend_Up,Big,10,"0.000000,0.058824,0.117647,0.176471,0.235294,0.294118,0.352941,0.411765,0.470588,0.529412,0.588235,0.647059,0.705882,0.764706,0.823529,0.882353,0.941176,1.000000","0.039764,0.401613,0.219350,0.564926,0.417074,0.450661,0.704453,0.563232,0.411411,0.518046,0.233223,0.617914,0.513696,0.468253,0.569686,0.698805,0.726665,0.881229"
496,stim_0496.png,stim_0496.png,0.375,20,0.15,0,Trend_Up,Big,10,"0.000000,0.052632,0.105263,0.157895,0.210526,0.263158,0.315789,0.368421,0.421053,0.473684,0.526316,0.578947,0.631579,0.684211,0.736842,0.789474,0.842105,0.894737,0.947368,1.000000","0.412577,0.344552,0.079990,0.338560,0.313414,0.419759,0.454196,0.163803,0.673667,0.417668,0.546308,0.841329,0.396838,0.451547,0.624453,0.774965,0.634837,0.676288,0.723644,0.711605"
497,stim_0497.png,stim_0497.png,0.375,20,0.15,1,Trend_Up,Big,10,"0.000000,0.052632,0.105263,0.157895,0.210526,0.263158,0.315789,0.368421,0.421053,0.473684,0.526316,0.578947,0.631579,0.684211,0.736842,0.789474,0.842105,0.894737,0.947368,1.000000","0.282066,0.357677,0.095221,0.448094,0.350130,0.317505,0.589408,0.529126,0.192429,0.607280,0.575138,0.674567,0.679540,0.715563,0.846771,0.444553,0.202534,0.680897,0.766992,0.644506"
498,stim_0498.png,stim_0498.png,0.375,20,0.15,2,Trend_Up,Big,10,"0.000000,0.052632,0.105263,0.157895,0.210526,0.263158,0.315789,0.368421,0.421053,0.473684,0.526316,0.578947,0.631579,0.684211,0.736842,0.789474,0.842105,0.894737,0.947368,1.000000","0.141514,0.355493,0.377124,0.327698,0.476052,0.616885,0.566604,0.679397,0.423967,0.842441,0.527895,0.595581,0.259441,0.423195,0.788875,0.322415,0.615728,0.506855,0.473422,0.679420"
499,stim_0499.png,stim_0499.png,0.375,20,0.15,3,Trend_Up,Big,10,"0.000000,0.052632,0.105263,0.157895,0.210526,0.263158,0.315789,0.368421,0.421053,0.473684,0.526316,0.578947,0.631579,0.684211,0.736842,0.789474,0.842105,0.894737,0.947368,1.000000","0.180452,0.473890,0.512989,0.492316,0.638416,0.250773,0.695748,0.310365,0.313411,0.438803,0.567254,0.370370,0.487157,0.521878,0.698551,0.622342,0.516652,0.781160,0.685682,0.441790"
500,stim_0500.png,stim_0500.png,0.375,20,0.15,4,Trend_Up,Big,10,"0.000000,0.052632,0.105263,0.157895,0.210526,0.263158,0.315789,0.368421,0.421053,0.473684,0.526316,0.578947,0.631579,0.684211,0.736842,0.789474,0.842105,0.894737,0.947368,1.000000","0.387351,0.355554,0.359642,0.209493,0.420502,0.366478,0.596133,0.612065,0.187478,0.612167,0.461859,0.476629,0.454790,0.468197,0.746314,0.630999,0.729884,0.839161,0.503267,0.582034"
501,stim_0501.png,stim_0501.png,0.375,20,0.15,5,Trend_Up,Big,10,"0.000000,0.052632,0.105263,0.157895,0.210526,0.263158,0.315789,0.368421,0.421053,0.473684,0.526316,0.578947,0.631579,0.684211,0.736842,0.789474,0.842105,0.894737,0.947368,1.000000","0.425529,0.404163,0.334992,0.147102,0.122203,0.604996,0.594560,0.669874,0.473425,0.311988,0.428753,0.416409,0.510300,0.737309,0.572055,0.588578,0.763188,0.763612,0.271083,0.859883"
502,stim_0502.png,stim_0502.png,0.375,20,0.15,6,Trend_Up,Big,10,"0.000000,0.052632,0.105263,0.157895,0.210526,0.263158,0.315789,0.368421,0.421053,0.473684,0.526316,0.578947,0.631579,0.684211,0.736842,0.789474,0.842105,0.894737,0.947368,1.000000","0.219136,0.370303,0.162246,0.468238,0.308146,0.586890,0.203551,0.498621,0.498888,0.651121,0.296437,0.695530,0.492659,0.610253,0.562869,0.560407,0.882500,0.647569,0.765479,0.519159"
503,stim_0503.png,stim_0503.png,0.375,20,0.15,7,Trend_Up,Big,10,"0.000000,0.052632,0.105263,0.157895,0.210526,0.263158,0.315789,0.368421,0.421053,0.473684,0.526316,0.578947,0.631579,0.684211,0.736842,0.789474,0.842105,0.894737,0.947368,1.000000","0.391148,0.620594,0.158385,0.116622,0.559088,0.547101,0.188307,0.449579,0.527483,0.428057,0.378561,0.341448,0.529067,0.451004,0.665550,0.706763,0.820836,0.692207,0.875049,0.553152"
504,stim_0504.png,stim_0504.png,0.375,22,0.15,0,Trend_Up,Big,10,"0.000000,0.047619,0.095238,0.142857,0.190476,0.238095,0.285714,0.333333,0.380952,0.428571,0.476190,0.523810,0.571429,0.619048,0.666667,0.714286,0.761905,0.809524,0.857143,0.904762,0.952381,1.000000","0.535686,0.360256,0.032295,0.207113,0.624289,0.412052,0.315097,0.573506,0.250965,0.391675,0.519102,0.659538,0.342347,0.602137,0.686061,0.473862,0.577237,0.654589,0.788017,0.636441,0.588096,0.769637"
505,stim_0505.png,stim_0505.png,0.375,22,0.15,1,Trend_Up,Big,10,"0.000000,0.047619,0.095238,0.142857,0.190476,0.238095,0.285714,0.333333,0.380952,0.428571,0.476190,0.523810,0.571429,0.619048,0.666667,0.714286,0.761905,0.809524,0.857143,0.904762,0.952381,1.000000","0.385477,0.446042,0.510807,0.144798,0.504279,0.395525,0.393067,0.399277,0.387399,0.433187,0.480013,0.667918,0.308985,0.656713,0.584394,0.707458,0.644134,0.696825,0.671089,0.642290,0.560268,0.380056"
506,stim_0506.png,stim_0506.png,0.375,22,0.15,2,Trend_Up,Big,10,"0.000000,0.047619,0.095238,0.142857,0.190476,0.238095,0.285714,0.333333,0.380952,0.428571,0.476190,0.523810,0.571429,0.619048,0.666667,0.714286,0.761905,0.809524,0.857143,0.904762,0.952381,1.000000","0.353258,0.472973,0.383801,0.180522,0.338760,0.320551,0.443978,0.348443,0.389054,0.552148,0.433222,0.486412,0.578434,0.726110,0.655260,0.503258,0.435338,0.626040,0.521397,0.592923,0.702392,0.955726"
507,stim_0507.png,stim_0507.png,0.375,22,0.15,3,Trend_Up,Big,10,"0.000000,0.047619,0.095238,0.142857,0.190476,0.238095,0.285714,0.333333,0.380952,0.428571,0.476190,0.523810,0.571429,0.619048,0.666667,0.714286,0.761905,0.809524,0.857143,0.904762,0.952381,1.000000","0.105886,0.289455,0.489694,0.325662,0.631301,0.375157,0.706927,0.477291,0.472769,0.464412,0.264841,0.428098,0.759595,0.829144,0.306322,0.468037,0.514359,0.413935,0.658408,0.825720,0.535995,0.656994"
508,stim_0508.png,stim_0508.png,0.375,22,0.15,4,Trend_Up,Big,10,"0.000000,0.047619,0.095238,0.142857,0.190476,0.238095,0.285714,0.333333,0.380952,0.428571,0.476190,0.523810,0.571429,0.619048,0.666667,0.714286,0.761905,0.809524,0.857143,0.904762,0.952381,1.000000","0.238856,0.441558,0.240064,0.545503,0.424502,0.523821,0.255377,0.430493,0.567402,0.234733,0.478846,0.627691,0.629319,0.643439,0.492735,0.472906,0.211010,0.793841,0.678106,0.799625,0.402162,0.868010"
509,stim_0509.png,stim_0509.png,0.375,22,0.15,5,Trend_Up,Big,10,"0.000000,0.047619,0.095238,0.142857,0.190476,0.238095,0.285714,0.333333,0.380952,0.428571,0.476190,0.523810,0.571429,0.619048,0.666667,0.714286,0.761905,0.809524,0.857143,0.904762,0.952381,1.000000","0.096681,0.208324,0.324167,0.490818,0.436437,0.431878,0.418637,0.381812,0.516556,0.229805,0.279825,0.620484,0.736866,0.646008,0.486906,0.384743,0.720865,0.671377,0.802541,0.544392,0.677459,0.893419"
510,stim_0510.png,stim_0510.png,0.375,22,0.15,6,Trend_Up,Big,10,"0.000000,0.047619,0.095238,0.142857,0.190476,0.238095,0.285714,0.333333,0.380952,0.428571,0.476190,0.523810,0.571429,0.619048,0.666667,0.714286,0.761905,0.809524,0.857143,0.904762,0.952381,1.000000","0.251992,0.548485,0.315924,0.423386,0.345348,0.371392,0.264453,0.435223,0.612040,0.448017,0.453232,0.666716,0.513692,0.493552,0.599883,0.532024,0.537707,0.809772,0.467479,0.581337,0.594206,0.734141"
511,stim_0511.png,stim_0511.png,0.375,22,0.15,7,Trend_Up,Big,10,"0.000000,0.047619,0.095238,0.142857,0.190476,0.238095,0.285714,0.333333,0.380952,0.428571,0.476190,0.523810,0.571429,0.619048,0.666667,0.714286,0.761905,0.809524,0.857143,0.904762,0.952381,1.000000","0.511567,0.059024,0.390138,0.476739,0.546102,0.255676,0.656051,0.309829,0.289251,0.532097,0.439042,0.581506,0.572818,0.644186,0.634986,0.735501,0.720298,0.400320,0.603270,0.379759,0.630979,0.630859"
