sonaId,qualtricsResponseId,trialNumber,stimulusIndex,n,slope,noise,responseCode,block,accuracy,reactionTime,blockName,responseKey,trialType,source_file,observed_slope,math_level
88396,R_1mXjnK8MUZq67rF,1,13,18,-0.105100,0.15,2,2,true,7726,Number,P,training,study2b_R_1mXjnK8MUZq67rF.csv,-0.112988,
88396,R_1mXjnK8MUZq67rF,2,2,12,-0.140500,0.15,2,2,true,1857,Number,Q,training,study2b_R_1mXjnK8MUZq67rF.csv,-0.125257,
88396,R_1mXjnK8MUZq67rF,3,5,18,-0.140500,0.15,2,2,true,2698,Number,P,training,study2b_R_1mXjnK8MUZq67rF.csv,-0.142395,
88396,R_1mXjnK8MUZq67rF,4,23,22,-0.069900,0.15,2,2,true,2339,Number,P,training,study2b_R_1mXjnK8MUZq67rF.csv,-0.087107,
88396,R_1mXjnK8MUZq67rF,5,39,22,0.034900,0.15,2,2,true,790,Number,P,training,study2b_R_1mXjnK8MUZq67rF.csv,0.042335,
88396,R_1mXjnK8MUZq67rF,6,36,16,0.034900,0.15,2,2,false,883,Number,Q,training,study2b_R_1mXjnK8MUZq67rF.csv,0.044905,
88396,R_1mXjnK8MUZq67rF,7,16,8,-0.069900,0.15,2,2,true,892,Number,Q,training,study2b_R_1mXjnK8MUZq67rF.csv,-0.08501,
88396,R_1mXjnK8MUZq67rF,8,11,14,-0.105100,0.15,2,2,false,1582,Number,P,training,study2b_R_1mXjnK8MUZq67rF.csv,-0.101113,
88396,R_1mXjnK8MUZq67rF,9,27,14,-0.034900,0.15,2,2,true,1486,Number,Q,training,study2b_R_1mXjnK8MUZq67rF.csv,-0.023838,
88396,R_1mXjnK8MUZq67rF,10,34,12,0.034900,0.15,2,2,false,2563,Number,P,training,study2b_R_1mXjnK8MUZq67rF.csv,0.028813,
88396,R_1mXjnK8MUZq67rF,11,499,20,0.140500,0.15,2,2,true,1046,Number,P,main,study2b_R_1mXjnK8MUZq67rF.csv,0.154112,
88396,R_1mXjnK8MUZq67rF,12,82,12,-0.105100,0.15,2,2,true,2575,Number,Q,main,study2b_R_1mXjnK8MUZq67rF.csv,-0.111112,
88396,R_1mXjnK8MUZq67rF,13,378,22,0.069900,0.15,2,2,true,765,Number,P,main,study2b_R_1mXjnK8MUZq67rF.csv,0.058084,
88396,R_1mXjnK8MUZq67rF,14,439,20,0.105100,0.15,2,2,true,1326,Number,P,main,study2b_R_1mXjnK8MUZq67rF.csv,0.114281,
88396,R_1mXjnK8MUZq67rF,15,432,20,0.105100,0.15,2,2,true,1122,Number,P,main,study2b_R_1mXjnK8MUZq67rF.csv,0.117925,
88396,R_1mXjnK8MUZq67rF,16,342,12,0.069900,0.15,2,2,true,1289,Number,Q,main,study2b_R_1mXjnK8MUZq67rF.csv,0.078747,
88396,R_1mXjnK8MUZq67rF,17,201,10,-0.034900,0.15,2,2,true,673,Number,Q,main,study2b_R_1mXjnK8MUZq67rF.csv,-0.029512,
88396,R_1mXjnK8MUZq67rF,18,205,10,-0.034900,0.15,2,2,true,796,Number,Q,main,study2b_R_1mXjnK8MUZq67rF.csv,-0.045319,
88396,R_1mXjnK8MUZq67rF,19,381,22,0.069900,0.15,2,2,true,814,Number,P,main,study2b_R_1mXjnK8MUZq67rF.csv,0.069369,
88396,R_1mXjnK8MUZq67rF,20,210,12,-0.034900,0.15,2,2,false,931,Number,P,main,study2b_R_1mXjnK8MUZq67rF.csv,-0.03906,
88396,R_1mXjnK8MUZq67rF,21,148,12,-0.069900,0.15,2,2,false,610,Number,P,main,study2b_R_1mXjnK8MUZq67rF.csv,-0.061902,
88396,R_1mXjnK8MUZq67rF,22,181,20,-0.069900,0.15,2,2,true,644,Number,P,main,study2b_R_1mXjnK8MUZq67rF.csv,-0.076882,
88396,R_1mXjnK8MUZq67rF,23,238,18,-0.034900,0.15,2,2,true,729,Number,P,main,study2b_R_1mXjnK8MUZq67rF.csv,-0.031918,
88396,R_1mXjnK8MUZq67rF,24,508,22,0.140500,0.15,2,2,true,674,Number,P,main,study2b_R_1mXjnK8MUZq67rF.csv,0.15517,
88396,R_1mXjnK8MUZq67rF,25,346,14,0.069900,0.15,2,2,false,660,Number,P,main,study2b_R_1mXjnK8MUZq67rF.csv,0.080491,
88396,R_1mXjnK8MUZq67rF,26,413,14,0.105100,0.15,2,2,true,1508,Number,Q,main,study2b_R_1mXjnK8MUZq67rF.csv,0.091598,
88396,R_1mXjnK8MUZq67rF,27,497,20,0.140500,0.15,2,2,true,726,Number,P,main,study2b_R_1mXjnK8MUZq67rF.csv,0.140317,
88396,R_1mXjnK8MUZq67rF,28,218,14,-0.034900,0.15,2,2,true,2287,Number,Q,main,study2b_R_1mXjnK8MUZq67rF.csv,-0.018209,
88396,R_1mXjnK8MUZq67rF,29,458,10,0.140500,0.15,2,2,true,673,Number,Q,main,study2b_R_1mXjnK8MUZq67rF.csv,0.135141,
88396,R_1mXjnK8MUZq67rF,30,94,14,-0.105100,0.15,2,2,true,971,Number,Q,main,study2b_R_1mXjnK8MUZq67rF.csv,-0.121764,
88396,R_1mXjnK8MUZq67rF,31,454,8,0.140500,0.15,2,2,true,745,Number,Q,main,study2b_R_1mXjnK8MUZq67rF.csv,0.144956,
88396,R_1mXjnK8MUZq67rF,32,112,20,-0.105100,0.15,2,2,true,760,Number,P,main,study2b_R_1mXjnK8MUZq67rF.csv,-0.120829,
88396,R_1mXjnK8MUZq67rF,33,17,12,-0.140500,0.15,2,2,true,779,Number,Q,main,study2b_R_1mXjnK8MUZq67rF.csv,-0.150518,
88396,R_1mXjnK8MUZq67rF,34,150,12,-0.069900,0.15,2,2,true,996,Number,Q,main,study2b_R_1mXjnK8MUZq67rF.csv,-0.065289,
88396,R_1mXjnK8MUZq67rF,35,254,22,-0.034900,0.15,2,2,true,571,Number,P,main,study2b_R_1mXjnK8MUZq67rF.csv,-0.041326,
88396,R_1mXjnK8MUZq67rF,36,84,12,-0.105100,0.15,2,2,false,626,Number,P,main,study2b_R_1mXjnK8MUZq67rF.csv,-0.119453,
88396,R_1mXjnK8MUZq67rF,37,134,8,-0.069900,0.15,2,2,true,704,Number,Q,main,study2b_R_1mXjnK8MUZq67rF.csv,-0.077814,
88396,R_1mXjnK8MUZq67rF,38,331,10,0.069900,0.15,2,2,true,860,Number,Q,main,study2b_R_1mXjnK8MUZq67rF.csv,0.074243,
88396,R_1mXjnK8MUZq67rF,39,18,12,-0.140500,0.15,2,2,true,899,Number,Q,main,study2b_R_1mXjnK8MUZq67rF.csv,-0.14941,
88396,R_1mXjnK8MUZq67rF,40,189,22,-0.069900,0.15,2,2,true,643,Number,P,main,study2b_R_1mXjnK8MUZq67rF.csv,-0.055804,
88396,R_1mXjnK8MUZq67rF,41,122,22,-0.105100,0.15,2,2,true,583,Number,P,main,study2b_R_1mXjnK8MUZq67rF.csv,-0.11722,
88396,R_1mXjnK8MUZq67rF,42,459,10,0.140500,0.15,2,2,true,746,Number,Q,main,study2b_R_1mXjnK8MUZq67rF.csv,0.139648,
88396,R_1mXjnK8MUZq67rF,43,377,22,0.069900,0.15,2,2,true,702,Number,P,main,study2b_R_1mXjnK8MUZq67rF.csv,0.083032,
88396,R_1mXjnK8MUZq67rF,44,343,12,0.069900,0.15,2,2,false,1495,Number,P,main,study2b_R_1mXjnK8MUZq67rF.csv,0.082507,
88396,R_1mXjnK8MUZq67rF,45,23,12,-0.140500,0.15,2,2,false,903,Number,P,main,study2b_R_1mXjnK8MUZq67rF.csv,-0.13232,
88396,R_1mXjnK8MUZq67rF,46,275,12,0.034900,0.15,2,2,true,715,Number,Q,main,study2b_R_1mXjnK8MUZq67rF.csv,0.01876,
88396,R_1mXjnK8MUZq67rF,47,83,12,-0.105100,0.15,2,2,true,740,Number,Q,main,study2b_R_1mXjnK8MUZq67rF.csv,-0.101086,
88396,R_1mXjnK8MUZq67rF,48,507,22,0.140500,0.15,2,2,true,786,Number,P,main,study2b_R_1mXjnK8MUZq67rF.csv,0.147988,
88396,R_1mXjnK8MUZq67rF,49,117,20,-0.105100,0.15,2,2,true,608,Number,P,main,study2b_R_1mXjnK8MUZq67rF.csv,-0.113111,
88396,R_1mXjnK8MUZq67rF,50,171,18,-0.069900,0.15,2,2,true,482,Number,P,main,study2b_R_1mXjnK8MUZq67rF.csv,-0.079583,
88396,R_1mXjnK8MUZq67rF,51,409,14,0.105100,0.15,2,2,false,445,Number,P,main,study2b_R_1mXjnK8MUZq67rF.csv,0.104867,
88396,R_1mXjnK8MUZq67rF,52,474,14,0.140500,0.15,2,2,false,623,Number,P,main,study2b_R_1mXjnK8MUZq67rF.csv,0.149939,
88396,R_1mXjnK8MUZq67rF,53,51,20,-0.140500,0.15,2,2,false,496,Number,Q,main,study2b_R_1mXjnK8MUZq67rF.csv,-0.15348,
88396,R_1mXjnK8MUZq67rF,54,240,20,-0.034900,0.15,2,2,true,771,Number,P,main,study2b_R_1mXjnK8MUZq67rF.csv,-0.051516,
88396,R_1mXjnK8MUZq67rF,55,448,8,0.140500,0.15,2,2,true,606,Number,Q,main,study2b_R_1mXjnK8MUZq67rF.csv,0.153496,
88396,R_1mXjnK8MUZq67rF,56,142,10,-0.069900,0.15,2,2,true,746,Number,Q,main,study2b_R_1mXjnK8MUZq67rF.csv,-0.066899,
88396,R_1mXjnK8MUZq67rF,57,71,8,-0.105100,0.15,2,2,true,623,Number,Q,main,study2b_R_1mXjnK8MUZq67rF.csv,-0.113168,
88396,R_1mXjnK8MUZq67rF,58,470,12,0.140500,0.15,2,2,true,1001,Number,Q,main,study2b_R_1mXjnK8MUZq67rF.csv,0.148254,
88396,R_1mXjnK8MUZq67rF,59,68,8,-0.105100,0.15,2,2,true,907,Number,Q,main,study2b_R_1mXjnK8MUZq67rF.csv,-0.096473,
88396,R_1mXjnK8MUZq67rF,60,386,8,0.105100,0.15,2,2,true,1152,Number,Q,main,study2b_R_1mXjnK8MUZq67rF.csv,0.093004,
88396,R_1mXjnK8MUZq67rF,61,312,22,0.034900,0.15,2,2,true,637,Number,P,main,study2b_R_1mXjnK8MUZq67rF.csv,0.020778,
88396,R_1mXjnK8MUZq67rF,62,34,16,-0.140500,0.15,2,2,true,1021,Number,P,main,study2b_R_1mXjnK8MUZq67rF.csv,-0.136721,
88396,R_1mXjnK8MUZq67rF,63,406,12,0.105100,0.15,2,2,false,953,Number,P,main,study2b_R_1mXjnK8MUZq67rF.csv,0.118297,
88396,R_1mXjnK8MUZq67rF,64,9,10,-0.140500,0.15,2,2,true,877,Number,Q,main,study2b_R_1mXjnK8MUZq67rF.csv,-0.128093,
88396,R_1mXjnK8MUZq67rF,65,116,20,-0.105100,0.15,2,2,true,662,Number,P,main,study2b_R_1mXjnK8MUZq67rF.csv,-0.117788,
88396,R_1mXjnK8MUZq67rF,66,104,18,-0.105100,0.15,2,2,true,526,Number,P,main,study2b_R_1mXjnK8MUZq67rF.csv,-0.121881,
88396,R_1mXjnK8MUZq67rF,67,24,14,-0.140500,0.15,2,2,false,742,Number,P,main,study2b_R_1mXjnK8MUZq67rF.csv,-0.157904,
88396,R_1mXjnK8MUZq67rF,68,407,12,0.105100,0.15,2,2,true,716,Number,Q,main,study2b_R_1mXjnK8MUZq67rF.csv,0.088606,
88396,R_1mXjnK8MUZq67rF,69,143,10,-0.069900,0.15,2,2,true,610,Number,Q,main,study2b_R_1mXjnK8MUZq67rF.csv,-0.078471,
88396,R_1mXjnK8MUZq67rF,70,36,16,-0.140500,0.15,2,2,false,990,Number,Q,main,study2b_R_1mXjnK8MUZq67rF.csv,-0.148764,
88396,R_1mXjnK8MUZq67rF,71,195,8,-0.034900,0.15,2,2,true,715,Number,Q,main,study2b_R_1mXjnK8MUZq67rF.csv,-0.038448,
88396,R_1mXjnK8MUZq67rF,72,380,22,0.069900,0.15,2,2,false,403,Number,Q,main,study2b_R_1mXjnK8MUZq67rF.csv,0.065025,
88396,R_1mXjnK8MUZq67rF,73,42,18,-0.140500,0.15,2,2,true,734,Number,P,main,study2b_R_1mXjnK8MUZq67rF.csv,-0.155547,
88396,R_1mXjnK8MUZq67rF,74,460,10,0.140500,0.15,2,2,true,680,Number,Q,main,study2b_R_1mXjnK8MUZq67rF.csv,0.15212,
88396,R_1mXjnK8MUZq67rF,75,456,10,0.140500,0.15,2,2,true,797,Number,Q,main,study2b_R_1mXjnK8MUZq67rF.csv,0.133913,
88396,R_1mXjnK8MUZq67rF,76,63,22,-0.140500,0.15,2,2,true,463,Number,P,main,study2b_R_1mXjnK8MUZq67rF.csv,-0.155911,
88396,R_1mXjnK8MUZq67rF,77,278,12,0.034900,0.15,2,2,true,871,Number,Q,main,study2b_R_1mXjnK8MUZq67rF.csv,0.030687,
88396,R_1mXjnK8MUZq67rF,78,81,12,-0.105100,0.15,2,2,true,899,Number,Q,main,study2b_R_1mXjnK8MUZq67rF.csv,-0.094695,
88396,R_1mXjnK8MUZq67rF,79,32,16,-0.140500,0.15,2,2,false,776,Number,Q,main,study2b_R_1mXjnK8MUZq67rF.csv,-0.152727,
88396,R_1mXjnK8MUZq67rF,80,446,22,0.105100,0.15,2,2,true,547,Number,P,main,study2b_R_1mXjnK8MUZq67rF.csv,0.122365,
88396,R_1mXjnK8MUZq67rF,81,206,10,-0.034900,0.15,2,2,true,789,Number,Q,main,study2b_R_1mXjnK8MUZq67rF.csv,-0.032211,
88396,R_1mXjnK8MUZq67rF,82,288,16,0.034900,0.15,2,2,true,637,Number,P,main,study2b_R_1mXjnK8MUZq67rF.csv,0.041209,
88396,R_1mXjnK8MUZq67rF,83,461,10,0.140500,0.15,2,2,true,920,Number,Q,main,study2b_R_1mXjnK8MUZq67rF.csv,0.150054,
88396,R_1mXjnK8MUZq67rF,84,95,14,-0.105100,0.15,2,2,false,564,Number,P,main,study2b_R_1mXjnK8MUZq67rF.csv,-0.089822,
88396,R_1mXjnK8MUZq67rF,85,193,8,-0.034900,0.15,2,2,true,888,Number,Q,main,study2b_R_1mXjnK8MUZq67rF.csv,-0.032288,
88396,R_1mXjnK8MUZq67rF,86,337,12,0.069900,0.15,2,2,true,779,Number,Q,main,study2b_R_1mXjnK8MUZq67rF.csv,0.055998,
88396,R_1mXjnK8MUZq67rF,87,440,22,0.105100,0.15,2,2,true,937,Number,P,main,study2b_R_1mXjnK8MUZq67rF.csv,0.101072,
88396,R_1mXjnK8MUZq67rF,88,92,14,-0.105100,0.15,2,2,true,2883,Number,Q,main,study2b_R_1mXjnK8MUZq67rF.csv,-0.113475,
88396,R_1mXjnK8MUZq67rF,89,368,20,0.069900,0.15,2,2,true,748,Number,P,main,study2b_R_1mXjnK8MUZq67rF.csv,0.069952,
88396,R_1mXjnK8MUZq67rF,90,29,14,-0.140500,0.15,2,2,false,651,Number,P,main,study2b_R_1mXjnK8MUZq67rF.csv,-0.156422,
88396,R_1mXjnK8MUZq67rF,91,132,8,-0.069900,0.15,2,2,true,537,Number,Q,main,study2b_R_1mXjnK8MUZq67rF.csv,-0.068327,
88396,R_1mXjnK8MUZq67rF,92,487,16,0.140500,0.15,2,2,false,834,Number,Q,main,study2b_R_1mXjnK8MUZq67rF.csv,0.147616,
88396,R_1mXjnK8MUZq67rF,93,354,16,0.069900,0.15,2,2,false,573,Number,Q,main,study2b_R_1mXjnK8MUZq67rF.csv,0.075095,
88396,R_1mXjnK8MUZq67rF,94,334,10,0.069900,0.15,2,2,true,917,Number,Q,main,study2b_R_1mXjnK8MUZq67rF.csv,0.057735,
88396,R_1mXjnK8MUZq67rF,95,7,8,-0.140500,0.15,2,2,true,566,Number,Q,main,study2b_R_1mXjnK8MUZq67rF.csv,-0.133968,
88396,R_1mXjnK8MUZq67rF,96,167,16,-0.069900,0.15,2,2,true,708,Number,P,main,study2b_R_1mXjnK8MUZq67rF.csv,-0.082674,
88396,R_1mXjnK8MUZq67rF,97,109,18,-0.105100,0.15,2,2,true,575,Number,P,main,study2b_R_1mXjnK8MUZq67rF.csv,-0.116645,
88396,R_1mXjnK8MUZq67rF,98,336,12,0.069900,0.15,2,2,false,725,Number,P,main,study2b_R_1mXjnK8MUZq67rF.csv,0.063042,
88396,R_1mXjnK8MUZq67rF,99,505,22,0.140500,0.15,2,2,true,519,Number,P,main,study2b_R_1mXjnK8MUZq67rF.csv,0.157891,
88396,R_1mXjnK8MUZq67rF,100,200,10,-0.034900,0.15,2,2,true,535,Number,Q,main,study2b_R_1mXjnK8MUZq67rF.csv,-0.018446,
88396,R_1mXjnK8MUZq67rF,101,177,20,-0.069900,0.15,2,2,true,446,Number,P,main,study2b_R_1mXjnK8MUZq67rF.csv,-0.061079,
88396,R_1mXjnK8MUZq67rF,102,37,16,-0.140500,0.15,2,2,true,652,Number,P,main,study2b_R_1mXjnK8MUZq67rF.csv,-0.131359,
88396,R_1mXjnK8MUZq67rF,103,186,22,-0.069900,0.15,2,2,true,664,Number,P,main,study2b_R_1mXjnK8MUZq67rF.csv,-0.060475,
88396,R_1mXjnK8MUZq67rF,104,113,20,-0.105100,0.15,2,2,true,589,Number,P,main,study2b_R_1mXjnK8MUZq67rF.csv,-0.096331,
88396,R_1mXjnK8MUZq67rF,105,491,18,0.140500,0.15,2,2,true,682,Number,P,main,study2b_R_1mXjnK8MUZq67rF.csv,0.149206,
88396,R_1mXjnK8MUZq67rF,106,65,8,-0.105100,0.15,2,2,true,517,Number,Q,main,study2b_R_1mXjnK8MUZq67rF.csv,-0.104936,
88396,R_1mXjnK8MUZq67rF,107,178,20,-0.069900,0.15,2,2,true,730,Number,P,main,study2b_R_1mXjnK8MUZq67rF.csv,-0.070853,
88396,R_1mXjnK8MUZq67rF,108,296,18,0.034900,0.15,2,2,true,631,Number,P,main,study2b_R_1mXjnK8MUZq67rF.csv,0.051278,
88396,R_1mXjnK8MUZq67rF,109,145,12,-0.069900,0.15,2,2,true,680,Number,Q,main,study2b_R_1mXjnK8MUZq67rF.csv,-0.070087,
88396,R_1mXjnK8MUZq67rF,110,73,10,-0.105100,0.15,2,2,true,608,Number,Q,main,study2b_R_1mXjnK8MUZq67rF.csv,-0.097773,
88396,R_1mXjnK8MUZq67rF,111,353,16,0.069900,0.15,2,2,true,438,Number,P,main,study2b_R_1mXjnK8MUZq67rF.csv,0.062391,
88396,R_1mXjnK8MUZq67rF,112,274,12,0.034900,0.15,2,2,true,850,Number,Q,main,study2b_R_1mXjnK8MUZq67rF.csv,0.039015,
88396,R_1mXjnK8MUZq67rF,113,297,18,0.034900,0.15,2,2,true,585,Number,P,main,study2b_R_1mXjnK8MUZq67rF.csv,0.018931,
88396,R_1mXjnK8MUZq67rF,114,248,22,-0.034900,0.15,2,2,true,639,Number,P,main,study2b_R_1mXjnK8MUZq67rF.csv,-0.048093,
88396,R_1mXjnK8MUZq67rF,115,264,10,0.034900,0.15,2,2,true,619,Number,Q,main,study2b_R_1mXjnK8MUZq67rF.csv,0.036486,
88396,R_1mXjnK8MUZq67rF,116,351,14,0.069900,0.15,2,2,true,3136,Number,Q,main,study2b_R_1mXjnK8MUZq67rF.csv,0.068907,
88396,R_1mXjnK8MUZq67rF,117,165,16,-0.069900,0.15,2,2,true,2590,Number,P,main,study2b_R_1mXjnK8MUZq67rF.csv,-0.077331,
88396,R_1mXjnK8MUZq67rF,118,438,20,0.105100,0.15,2,2,true,881,Number,P,main,study2b_R_1mXjnK8MUZq67rF.csv,0.110992,
88396,R_1mXjnK8MUZq67rF,119,389,8,0.105100,0.15,2,2,true,697,Number,Q,main,study2b_R_1mXjnK8MUZq67rF.csv,0.111235,
88396,R_1mXjnK8MUZq67rF,120,88,14,-0.105100,0.15,2,2,false,1086,Number,P,main,study2b_R_1mXjnK8MUZq67rF.csv,-0.108759,
88396,R_1mXjnK8MUZq67rF,121,282,14,0.034900,0.15,2,2,true,1189,Number,Q,main,study2b_R_1mXjnK8MUZq67rF.csv,0.027315,
88396,R_1mXjnK8MUZq67rF,122,492,18,0.140500,0.15,2,2,true,719,Number,P,main,study2b_R_1mXjnK8MUZq67rF.csv,0.142321,
88396,R_1mXjnK8MUZq67rF,123,257,8,0.034900,0.15,2,2,true,719,Number,Q,main,study2b_R_1mXjnK8MUZq67rF.csv,0.034429,
88396,R_1mXjnK8MUZq67rF,124,74,10,-0.105100,0.15,2,2,true,811,Number,Q,main,study2b_R_1mXjnK8MUZq67rF.csv,-0.107429,
88396,R_1mXjnK8MUZq67rF,125,93,14,-0.105100,0.15,2,2,true,845,Number,Q,main,study2b_R_1mXjnK8MUZq67rF.csv,-0.098312,
88396,R_1mXjnK8MUZq67rF,126,298,18,0.034900,0.15,2,2,true,701,Number,P,main,study2b_R_1mXjnK8MUZq67rF.csv,0.05146,
88396,R_1mXjnK8MUZq67rF,127,500,20,0.140500,0.15,2,2,true,522,Number,P,main,study2b_R_1mXjnK8MUZq67rF.csv,0.128481,
88396,R_1mXjnK8MUZq67rF,128,304,20,0.034900,0.15,2,2,true,626,Number,P,main,study2b_R_1mXjnK8MUZq67rF.csv,0.027431,
88396,R_1mXjnK8MUZq67rF,129,168,18,-0.069900,0.15,2,2,true,888,Number,P,main,study2b_R_1mXjnK8MUZq67rF.csv,-0.053302,
88396,R_1mXjnK8MUZq67rF,130,496,20,0.140500,0.15,2,2,true,714,Number,P,main,study2b_R_1mXjnK8MUZq67rF.csv,0.141337,
88396,R_1mXjnK8MUZq67rF,131,277,12,0.034900,0.15,2,2,true,765,Number,Q,main,study2b_R_1mXjnK8MUZq67rF.csv,0.023377,
88396,R_1mXjnK8MUZq67rF,132,203,10,-0.034900,0.15,2,2,true,760,Number,Q,main,study2b_R_1mXjnK8MUZq67rF.csv,-0.036265,
88396,R_1mXjnK8MUZq67rF,133,265,10,0.034900,0.15,2,2,true,1048,Number,Q,main,study2b_R_1mXjnK8MUZq67rF.csv,0.028015,
88396,R_1mXjnK8MUZq67rF,134,330,10,0.069900,0.15,2,2,true,632,Number,Q,main,study2b_R_1mXjnK8MUZq67rF.csv,0.062929,
88396,R_1mXjnK8MUZq67rF,135,241,20,-0.034900,0.15,2,2,true,674,Number,P,main,study2b_R_1mXjnK8MUZq67rF.csv,-0.046489,
88396,R_1mXjnK8MUZq67rF,136,270,10,0.034900,0.15,2,2,true,664,Number,Q,main,study2b_R_1mXjnK8MUZq67rF.csv,0.028104,
88396,R_1mXjnK8MUZq67rF,137,279,12,0.034900,0.15,2,2,true,800,Number,Q,main,study2b_R_1mXjnK8MUZq67rF.csv,0.04356,
88396,R_1mXjnK8MUZq67rF,138,291,16,0.034900,0.15,2,2,true,1096,Number,P,main,study2b_R_1mXjnK8MUZq67rF.csv,0.037882,
88396,R_1mXjnK8MUZq67rF,139,119,20,-0.105100,0.15,2,2,true,985,Number,P,main,study2b_R_1mXjnK8MUZq67rF.csv,-0.096873,
88396,R_1mXjnK8MUZq67rF,140,397,10,0.105100,0.15,2,2,true,623,Number,Q,main,study2b_R_1mXjnK8MUZq67rF.csv,0.116898,
88396,R_1mXjnK8MUZq67rF,141,260,8,0.034900,0.15,2,2,true,658,Number,Q,main,study2b_R_1mXjnK8MUZq67rF.csv,0.041701,
88396,R_1mXjnK8MUZq67rF,142,194,8,-0.034900,0.15,2,2,true,575,Number,Q,main,study2b_R_1mXjnK8MUZq67rF.csv,-0.036224,
88396,R_1mXjnK8MUZq67rF,143,160,16,-0.069900,0.15,2,2,true,610,Number,P,main,study2b_R_1mXjnK8MUZq67rF.csv,-0.085083,
88396,R_1mXjnK8MUZq67rF,144,328,10,0.069900,0.15,2,2,true,716,Number,Q,main,study2b_R_1mXjnK8MUZq67rF.csv,0.07991,
88396,R_1mXjnK8MUZq67rF,145,26,14,-0.140500,0.15,2,2,true,545,Number,Q,main,study2b_R_1mXjnK8MUZq67rF.csv,-0.144531,
88396,R_1mXjnK8MUZq67rF,146,494,18,0.140500,0.15,2,2,true,690,Number,P,main,study2b_R_1mXjnK8MUZq67rF.csv,0.129791,
88396,R_1mXjnK8MUZq67rF,147,72,10,-0.105100,0.15,2,2,true,1600,Number,Q,main,study2b_R_1mXjnK8MUZq67rF.csv,-0.091069,
88396,R_1mXjnK8MUZq67rF,148,394,10,0.105100,0.15,2,2,true,1290,Number,Q,main,study2b_R_1mXjnK8MUZq67rF.csv,0.105034,
88396,R_1mXjnK8MUZq67rF,149,404,12,0.105100,0.15,2,2,false,797,Number,P,main,study2b_R_1mXjnK8MUZq67rF.csv,0.108965,
88396,R_1mXjnK8MUZq67rF,150,295,16,0.034900,0.15,2,2,true,730,Number,P,main,study2b_R_1mXjnK8MUZq67rF.csv,0.032908,
88396,R_1mXjnK8MUZq67rF,151,289,16,0.034900,0.15,2,2,true,1565,Number,P,main,study2b_R_1mXjnK8MUZq67rF.csv,0.049475,
88396,R_1mXjnK8MUZq67rF,152,509,22,0.140500,0.15,2,2,true,654,Number,P,main,study2b_R_1mXjnK8MUZq67rF.csv,0.130371,
88396,R_1mXjnK8MUZq67rF,153,47,18,-0.140500,0.15,2,2,true,623,Number,P,main,study2b_R_1mXjnK8MUZq67rF.csv,-0.155737,
88396,R_1mXjnK8MUZq67rF,154,221,14,-0.034900,0.15,2,2,true,2737,Number,Q,main,study2b_R_1mXjnK8MUZq67rF.csv,-0.048448,
88396,R_1mXjnK8MUZq67rF,155,457,10,0.140500,0.15,2,2,true,608,Number,Q,main,study2b_R_1mXjnK8MUZq67rF.csv,0.145083,
88396,R_1mXjnK8MUZq67rF,156,33,16,-0.140500,0.15,2,2,true,619,Number,P,main,study2b_R_1mXjnK8MUZq67rF.csv,-0.126053,
88396,R_1mXjnK8MUZq67rF,157,208,12,-0.034900,0.15,2,2,false,551,Number,P,main,study2b_R_1mXjnK8MUZq67rF.csv,-0.040592,
88396,R_1mXjnK8MUZq67rF,158,180,20,-0.069900,0.15,2,2,true,531,Number,P,main,study2b_R_1mXjnK8MUZq67rF.csv,-0.065366,
88396,R_1mXjnK8MUZq67rF,159,163,16,-0.069900,0.15,2,2,true,464,Number,P,main,study2b_R_1mXjnK8MUZq67rF.csv,-0.076989,
88396,R_1mXjnK8MUZq67rF,160,91,14,-0.105100,0.15,2,2,false,1247,Number,P,main,study2b_R_1mXjnK8MUZq67rF.csv,-0.116854,
88396,R_1mXjnK8MUZq67rF,161,376,22,0.069900,0.15,2,2,true,588,Number,P,main,study2b_R_1mXjnK8MUZq67rF.csv,0.053259,
88396,R_1mXjnK8MUZq67rF,162,308,20,0.034900,0.15,2,2,true,588,Number,P,main,study2b_R_1mXjnK8MUZq67rF.csv,0.052349,
88396,R_1mXjnK8MUZq67rF,163,473,14,0.140500,0.15,2,2,true,697,Number,Q,main,study2b_R_1mXjnK8MUZq67rF.csv,0.134987,
88396,R_1mXjnK8MUZq67rF,164,97,16,-0.105100,0.15,2,2,true,880,Number,P,main,study2b_R_1mXjnK8MUZq67rF.csv,-0.112908,
88396,R_1mXjnK8MUZq67rF,165,252,22,-0.034900,0.15,2,2,true,617,Number,P,main,study2b_R_1mXjnK8MUZq67rF.csv,-0.037717,
88396,R_1mXjnK8MUZq67rF,166,261,8,0.034900,0.15,2,2,true,640,Number,Q,main,study2b_R_1mXjnK8MUZq67rF.csv,0.046387,
88396,R_1mXjnK8MUZq67rF,167,230,16,-0.034900,0.15,2,2,false,1160,Number,Q,main,study2b_R_1mXjnK8MUZq67rF.csv,-0.030432,
88396,R_1mXjnK8MUZq67rF,168,22,12,-0.140500,0.15,2,2,true,590,Number,Q,main,study2b_R_1mXjnK8MUZq67rF.csv,-0.141476,
88396,R_1mXjnK8MUZq67rF,169,28,14,-0.140500,0.15,2,2,true,579,Number,Q,main,study2b_R_1mXjnK8MUZq67rF.csv,-0.148394,
88396,R_1mXjnK8MUZq67rF,170,281,14,0.034900,0.15,2,2,true,778,Number,Q,main,study2b_R_1mXjnK8MUZq67rF.csv,0.017629,
88396,R_1mXjnK8MUZq67rF,171,235,18,-0.034900,0.15,2,2,false,855,Number,Q,main,study2b_R_1mXjnK8MUZq67rF.csv,-0.023735,
88396,R_1mXjnK8MUZq67rF,172,52,20,-0.140500,0.15,2,2,true,2514,Number,P,main,study2b_R_1mXjnK8MUZq67rF.csv,-0.132669,
88396,R_1mXjnK8MUZq67rF,173,57,22,-0.140500,0.15,2,2,true,761,Number,P,main,study2b_R_1mXjnK8MUZq67rF.csv,-0.1439,
88396,R_1mXjnK8MUZq67rF,174,347,14,0.069900,0.15,2,2,true,656,Number,Q,main,study2b_R_1mXjnK8MUZq67rF.csv,0.062609,
88396,R_1mXjnK8MUZq67rF,175,365,18,0.069900,0.15,2,2,true,694,Number,P,main,study2b_R_1mXjnK8MUZq67rF.csv,0.052961,
88396,R_1mXjnK8MUZq67rF,176,11,10,-0.140500,0.15,2,2,true,963,Number,Q,main,study2b_R_1mXjnK8MUZq67rF.csv,-0.123921,
88396,R_1mXjnK8MUZq67rF,177,75,10,-0.105100,0.15,2,2,true,630,Number,Q,main,study2b_R_1mXjnK8MUZq67rF.csv,-0.095435,
88396,R_1mXjnK8MUZq67rF,178,70,8,-0.105100,0.15,2,2,true,611,Number,Q,main,study2b_R_1mXjnK8MUZq67rF.csv,-0.101976,
88396,R_1mXjnK8MUZq67rF,179,162,16,-0.069900,0.15,2,2,true,993,Number,P,main,study2b_R_1mXjnK8MUZq67rF.csv,-0.053431,
88396,R_1mXjnK8MUZq67rF,180,301,18,0.034900,0.15,2,2,true,648,Number,P,main,study2b_R_1mXjnK8MUZq67rF.csv,0.043432,
88396,R_1mXjnK8MUZq67rF,181,64,8,-0.105100,0.15,2,2,true,1184,Number,Q,main,study2b_R_1mXjnK8MUZq67rF.csv,-0.122349,
88396,R_1mXjnK8MUZq67rF,182,370,20,0.069900,0.15,2,2,true,667,Number,P,main,study2b_R_1mXjnK8MUZq67rF.csv,0.055031,
88396,R_1mXjnK8MUZq67rF,183,444,22,0.105100,0.15,2,2,true,683,Number,P,main,study2b_R_1mXjnK8MUZq67rF.csv,0.122204,
88396,R_1mXjnK8MUZq67rF,184,373,20,0.069900,0.15,2,2,true,727,Number,P,main,study2b_R_1mXjnK8MUZq67rF.csv,0.053542,
88396,R_1mXjnK8MUZq67rF,185,101,16,-0.105100,0.15,2,2,true,1135,Number,P,main,study2b_R_1mXjnK8MUZq67rF.csv,-0.113642,
88396,R_1mXjnK8MUZq67rF,186,388,8,0.105100,0.15,2,2,true,662,Number,Q,main,study2b_R_1mXjnK8MUZq67rF.csv,0.101427,
88396,R_1mXjnK8MUZq67rF,187,463,10,0.140500,0.15,2,2,true,651,Number,Q,main,study2b_R_1mXjnK8MUZq67rF.csv,0.155883,
88396,R_1mXjnK8MUZq67rF,188,333,10,0.069900,0.15,2,2,true,672,Number,Q,main,study2b_R_1mXjnK8MUZq67rF.csv,0.081543,
88396,R_1mXjnK8MUZq67rF,189,481,16,0.140500,0.15,2,2,false,955,Number,Q,main,study2b_R_1mXjnK8MUZq67rF.csv,0.144235,
88396,R_1mXjnK8MUZq67rF,190,192,8,-0.034900,0.15,2,2,false,830,Number,P,main,study2b_R_1mXjnK8MUZq67rF.csv,-0.036323,
88396,R_1mXjnK8MUZq67rF,191,96,16,-0.105100,0.15,2,2,true,621,Number,P,main,study2b_R_1mXjnK8MUZq67rF.csv,-0.120377,
88396,R_1mXjnK8MUZq67rF,192,396,10,0.105100,0.15,2,2,true,682,Number,Q,main,study2b_R_1mXjnK8MUZq67rF.csv,0.092753,
88396,R_1mXjnK8MUZq67rF,193,269,10,0.034900,0.15,2,2,true,1098,Number,Q,main,study2b_R_1mXjnK8MUZq67rF.csv,0.041518,
88396,R_1mXjnK8MUZq67rF,194,44,18,-0.140500,0.15,2,2,true,970,Number,P,main,study2b_R_1mXjnK8MUZq67rF.csv,-0.156396,
88396,R_1mXjnK8MUZq67rF,195,284,14,0.034900,0.15,2,2,false,842,Number,P,main,study2b_R_1mXjnK8MUZq67rF.csv,0.036848,
88396,R_1mXjnK8MUZq67rF,196,435,20,0.105100,0.15,2,2,true,606,Number,P,main,study2b_R_1mXjnK8MUZq67rF.csv,0.113299,
88396,R_1mXjnK8MUZq67rF,197,478,14,0.140500,0.15,2,2,false,704,Number,P,main,study2b_R_1mXjnK8MUZq67rF.csv,0.128896,
88396,R_1mXjnK8MUZq67rF,198,318,22,0.034900,0.15,2,2,true,626,Number,P,main,study2b_R_1mXjnK8MUZq67rF.csv,0.029525,
88396,R_1mXjnK8MUZq67rF,199,5,8,-0.140500,0.15,2,2,true,621,Number,Q,main,study2b_R_1mXjnK8MUZq67rF.csv,-0.152536,
88396,R_1mXjnK8MUZq67rF,200,511,22,0.140500,0.15,2,2,true,698,Number,P,main,study2b_R_1mXjnK8MUZq67rF.csv,0.143435,
88396,R_1mXjnK8MUZq67rF,201,408,14,0.105100,0.15,2,2,false,611,Number,P,main,study2b_R_1mXjnK8MUZq67rF.csv,0.096035,
88396,R_1mXjnK8MUZq67rF,202,299,18,0.034900,0.15,2,2,true,901,Number,P,main,study2b_R_1mXjnK8MUZq67rF.csv,0.022036,
88396,R_1mXjnK8MUZq67rF,203,87,12,-0.105100,0.15,2,2,true,877,Number,Q,main,study2b_R_1mXjnK8MUZq67rF.csv,-0.107755,
88396,R_1mXjnK8MUZq67rF,204,124,22,-0.105100,0.15,2,2,true,705,Number,P,main,study2b_R_1mXjnK8MUZq67rF.csv,-0.104379,
88396,R_1mXjnK8MUZq67rF,205,3,8,-0.140500,0.15,2,2,true,707,Number,Q,main,study2b_R_1mXjnK8MUZq67rF.csv,-0.156545,
88396,R_1mXjnK8MUZq67rF,206,161,16,-0.069900,0.15,2,2,true,685,Number,P,main,study2b_R_1mXjnK8MUZq67rF.csv,-0.064653,
88396,R_1mXjnK8MUZq67rF,207,414,14,0.105100,0.15,2,2,true,754,Number,Q,main,study2b_R_1mXjnK8MUZq67rF.csv,0.088229,
88396,R_1mXjnK8MUZq67rF,208,1,8,-0.140500,0.15,2,2,true,755,Number,Q,main,study2b_R_1mXjnK8MUZq67rF.csv,-0.134938,
88396,R_1mXjnK8MUZq67rF,209,332,10,0.069900,0.15,2,2,true,756,Number,Q,main,study2b_R_1mXjnK8MUZq67rF.csv,0.078539,
88396,R_1mXjnK8MUZq67rF,210,356,16,0.069900,0.15,2,2,false,815,Number,Q,main,study2b_R_1mXjnK8MUZq67rF.csv,0.082037,
88396,R_1mXjnK8MUZq67rF,211,344,14,0.069900,0.15,2,2,true,1614,Number,Q,main,study2b_R_1mXjnK8MUZq67rF.csv,0.082075,
88396,R_1mXjnK8MUZq67rF,212,174,18,-0.069900,0.15,2,2,true,900,Number,P,main,study2b_R_1mXjnK8MUZq67rF.csv,-0.058905,
88396,R_1mXjnK8MUZq67rF,213,202,10,-0.034900,0.15,2,2,true,2112,Number,Q,main,study2b_R_1mXjnK8MUZq67rF.csv,-0.03534,
88396,R_1mXjnK8MUZq67rF,214,350,14,0.069900,0.15,2,2,true,8268,Number,Q,main,study2b_R_1mXjnK8MUZq67rF.csv,0.083434,
88396,R_1mXjnK8MUZq67rF,215,123,22,-0.105100,0.15,2,2,true,862,Number,P,main,study2b_R_1mXjnK8MUZq67rF.csv,-0.112093,
88396,R_1mXjnK8MUZq67rF,216,247,20,-0.034900,0.15,2,2,true,515,Number,P,main,study2b_R_1mXjnK8MUZq67rF.csv,-0.038016,
88396,R_1mXjnK8MUZq67rF,217,69,8,-0.105100,0.15,2,2,true,568,Number,Q,main,study2b_R_1mXjnK8MUZq67rF.csv,-0.087724,
88396,R_1mXjnK8MUZq67rF,218,452,8,0.140500,0.15,2,2,true,539,Number,Q,main,study2b_R_1mXjnK8MUZq67rF.csv,0.156014,
88396,R_1mXjnK8MUZq67rF,219,170,18,-0.069900,0.15,2,2,true,1553,Number,P,main,study2b_R_1mXjnK8MUZq67rF.csv,-0.058395,
88396,R_1mXjnK8MUZq67rF,220,335,10,0.069900,0.15,2,2,true,736,Number,Q,main,study2b_R_1mXjnK8MUZq67rF.csv,0.056733,
88396,R_1mXjnK8MUZq67rF,221,464,12,0.140500,0.15,2,2,true,718,Number,Q,main,study2b_R_1mXjnK8MUZq67rF.csv,0.146393,
88396,R_1mXjnK8MUZq67rF,222,467,12,0.140500,0.15,2,2,false,1279,Number,P,main,study2b_R_1mXjnK8MUZq67rF.csv,0.145146,
88396,R_1mXjnK8MUZq67rF,223,207,10,-0.034900,0.15,2,2,false,3458,Number,P,main,study2b_R_1mXjnK8MUZq67rF.csv,-0.042206,
88396,R_1mXjnK8MUZq67rF,224,395,10,0.105100,0.15,2,2,true,877,Number,Q,main,study2b_R_1mXjnK8MUZq67rF.csv,0.1063,
88396,R_1mXjnK8MUZq67rF,225,258,8,0.034900,0.15,2,2,true,700,Number,Q,main,study2b_R_1mXjnK8MUZq67rF.csv,0.03897,
88396,R_1mXjnK8MUZq67rF,226,429,18,0.105100,0.15,2,2,true,643,Number,P,main,study2b_R_1mXjnK8MUZq67rF.csv,0.114174,
88396,R_1mXjnK8MUZq67rF,227,383,22,0.069900,0.15,2,2,true,1388,Number,P,main,study2b_R_1mXjnK8MUZq67rF.csv,0.062704,
88396,R_1mXjnK8MUZq67rF,228,280,14,0.034900,0.15,2,2,false,2263,Number,P,main,study2b_R_1mXjnK8MUZq67rF.csv,0.034515,
88396,R_1mXjnK8MUZq67rF,229,166,16,-0.069900,0.15,2,2,true,548,Number,P,main,study2b_R_1mXjnK8MUZq67rF.csv,-0.064305,
88396,R_1mXjnK8MUZq67rF,230,306,20,0.034900,0.15,2,2,true,545,Number,P,main,study2b_R_1mXjnK8MUZq67rF.csv,0.050373,
88396,R_1mXjnK8MUZq67rF,231,355,16,0.069900,0.15,2,2,true,568,Number,P,main,study2b_R_1mXjnK8MUZq67rF.csv,0.066617,
88396,R_1mXjnK8MUZq67rF,232,38,16,-0.140500,0.15,2,2,true,743,Number,P,main,study2b_R_1mXjnK8MUZq67rF.csv,-0.143449,
88396,R_1mXjnK8MUZq67rF,233,176,20,-0.069900,0.15,2,2,true,1117,Number,P,main,study2b_R_1mXjnK8MUZq67rF.csv,-0.064082,
88396,R_1mXjnK8MUZq67rF,234,110,18,-0.105100,0.15,2,2,true,620,Number,P,main,study2b_R_1mXjnK8MUZq67rF.csv,-0.096177,
88396,R_1mXjnK8MUZq67rF,235,169,18,-0.069900,0.15,2,2,true,565,Number,P,main,study2b_R_1mXjnK8MUZq67rF.csv,-0.052969,
88396,R_1mXjnK8MUZq67rF,236,141,10,-0.069900,0.15,2,2,true,723,Number,Q,main,study2b_R_1mXjnK8MUZq67rF.csv,-0.066286,
88396,R_1mXjnK8MUZq67rF,237,56,22,-0.140500,0.15,2,2,true,783,Number,P,main,study2b_R_1mXjnK8MUZq67rF.csv,-0.155308,
88396,R_1mXjnK8MUZq67rF,238,391,8,0.105100,0.15,2,2,true,692,Number,Q,main,study2b_R_1mXjnK8MUZq67rF.csv,0.108477,
88396,R_1mXjnK8MUZq67rF,239,482,16,0.140500,0.15,2,2,false,1015,Number,Q,main,study2b_R_1mXjnK8MUZq67rF.csv,0.147301,
88396,R_1mXjnK8MUZq67rF,240,398,10,0.105100,0.15,2,2,true,923,Number,Q,main,study2b_R_1mXjnK8MUZq67rF.csv,0.104837,
88396,R_1mXjnK8MUZq67rF,241,53,20,-0.140500,0.15,2,2,true,646,Number,P,main,study2b_R_1mXjnK8MUZq67rF.csv,-0.131965,
88396,R_1mXjnK8MUZq67rF,242,115,20,-0.105100,0.15,2,2,true,528,Number,P,main,study2b_R_1mXjnK8MUZq67rF.csv,-0.094777,
88396,R_1mXjnK8MUZq67rF,243,10,10,-0.140500,0.15,2,2,true,633,Number,Q,main,study2b_R_1mXjnK8MUZq67rF.csv,-0.154413,
88396,R_1mXjnK8MUZq67rF,244,136,10,-0.069900,0.15,2,2,true,1243,Number,Q,main,study2b_R_1mXjnK8MUZq67rF.csv,-0.070707,
88396,R_1mXjnK8MUZq67rF,245,40,18,-0.140500,0.15,2,2,true,604,Number,P,main,study2b_R_1mXjnK8MUZq67rF.csv,-0.127552,
88396,R_1mXjnK8MUZq67rF,246,183,20,-0.069900,0.15,2,2,true,655,Number,P,main,study2b_R_1mXjnK8MUZq67rF.csv,-0.082832,
88396,R_1mXjnK8MUZq67rF,247,8,10,-0.140500,0.15,2,2,true,753,Number,Q,main,study2b_R_1mXjnK8MUZq67rF.csv,-0.158043,
88396,R_1mXjnK8MUZq67rF,248,127,22,-0.105100,0.15,2,2,true,563,Number,P,main,study2b_R_1mXjnK8MUZq67rF.csv,-0.09294,
88396,R_1mXjnK8MUZq67rF,249,225,16,-0.034900,0.15,2,2,false,1333,Number,Q,main,study2b_R_1mXjnK8MUZq67rF.csv,-0.022672,
88396,R_1mXjnK8MUZq67rF,250,302,18,0.034900,0.15,2,2,true,907,Number,P,main,study2b_R_1mXjnK8MUZq67rF.csv,0.028298,
88396,R_1mXjnK8MUZq67rF,251,80,12,-0.105100,0.15,2,2,true,622,Number,Q,main,study2b_R_1mXjnK8MUZq67rF.csv,-0.11364,
88396,R_1mXjnK8MUZq67rF,252,107,18,-0.105100,0.15,2,2,true,2418,Number,P,main,study2b_R_1mXjnK8MUZq67rF.csv,-0.104546,
88396,R_1mXjnK8MUZq67rF,253,237,18,-0.034900,0.15,2,2,true,607,Number,P,main,study2b_R_1mXjnK8MUZq67rF.csv,-0.032774,
88396,R_1mXjnK8MUZq67rF,254,411,14,0.105100,0.15,2,2,false,1279,Number,P,main,study2b_R_1mXjnK8MUZq67rF.csv,0.107392,
88396,R_1mXjnK8MUZq67rF,255,182,20,-0.069900,0.15,2,2,true,845,Number,P,main,study2b_R_1mXjnK8MUZq67rF.csv,-0.062026,
88396,R_1mXjnK8MUZq67rF,256,292,16,0.034900,0.15,2,2,false,664,Number,Q,main,study2b_R_1mXjnK8MUZq67rF.csv,0.022992,
88396,R_1mXjnK8MUZq67rF,257,21,12,-0.140500,0.15,2,2,true,802,Number,Q,main,study2b_R_1mXjnK8MUZq67rF.csv,-0.155321,
88396,R_1mXjnK8MUZq67rF,258,359,16,0.069900,0.15,2,2,true,1664,Number,P,main,study2b_R_1mXjnK8MUZq67rF.csv,0.06309,
88396,R_1mXjnK8MUZq67rF,259,144,12,-0.069900,0.15,2,2,false,880,Number,P,main,study2b_R_1mXjnK8MUZq67rF.csv,-0.082613,
88396,R_1mXjnK8MUZq67rF,260,31,14,-0.140500,0.15,2,2,true,1543,Number,Q,main,study2b_R_1mXjnK8MUZq67rF.csv,-0.132342,
88396,R_1mXjnK8MUZq67rF,261,86,12,-0.105100,0.15,2,2,true,715,Number,Q,main,study2b_R_1mXjnK8MUZq67rF.csv,-0.09568,
88396,R_1mXjnK8MUZq67rF,262,90,14,-0.105100,0.15,2,2,false,6808,Number,P,main,study2b_R_1mXjnK8MUZq67rF.csv,-0.102653,
88396,R_1mXjnK8MUZq67rF,263,77,10,-0.105100,0.15,2,2,true,586,Number,Q,main,study2b_R_1mXjnK8MUZq67rF.csv,-0.098239,
88396,R_1mXjnK8MUZq67rF,264,425,18,0.105100,0.15,2,2,true,662,Number,P,main,study2b_R_1mXjnK8MUZq67rF.csv,0.105701,
88396,R_1mXjnK8MUZq67rF,265,294,16,0.034900,0.15,2,2,true,609,Number,P,main,study2b_R_1mXjnK8MUZq67rF.csv,0.031084,
88396,R_1mXjnK8MUZq67rF,266,159,14,-0.069900,0.15,2,2,false,680,Number,P,main,study2b_R_1mXjnK8MUZq67rF.csv,-0.075295,
88396,R_1mXjnK8MUZq67rF,267,449,8,0.140500,0.15,2,2,true,1052,Number,Q,main,study2b_R_1mXjnK8MUZq67rF.csv,0.146679,
88396,R_1mXjnK8MUZq67rF,268,185,22,-0.069900,0.15,2,2,true,620,Number,P,main,study2b_R_1mXjnK8MUZq67rF.csv,-0.071665,
88396,R_1mXjnK8MUZq67rF,269,19,12,-0.140500,0.15,2,2,true,653,Number,Q,main,study2b_R_1mXjnK8MUZq67rF.csv,-0.148604,
88396,R_1mXjnK8MUZq67rF,270,259,8,0.034900,0.15,2,2,true,574,Number,Q,main,study2b_R_1mXjnK8MUZq67rF.csv,0.035303,
88396,R_1mXjnK8MUZq67rF,271,319,22,0.034900,0.15,2,2,true,661,Number,P,main,study2b_R_1mXjnK8MUZq67rF.csv,0.031392,
88396,R_1mXjnK8MUZq67rF,272,447,22,0.105100,0.15,2,2,true,546,Number,P,main,study2b_R_1mXjnK8MUZq67rF.csv,0.121638,
88396,R_1mXjnK8MUZq67rF,273,204,10,-0.034900,0.15,2,2,true,673,Number,Q,main,study2b_R_1mXjnK8MUZq67rF.csv,-0.030831,
88396,R_1mXjnK8MUZq67rF,274,85,12,-0.105100,0.15,2,2,true,907,Number,Q,main,study2b_R_1mXjnK8MUZq67rF.csv,-0.118968,
88396,R_1mXjnK8MUZq67rF,275,324,8,0.069900,0.15,2,2,true,730,Number,Q,main,study2b_R_1mXjnK8MUZq67rF.csv,0.063158,
88396,R_1mXjnK8MUZq67rF,276,155,14,-0.069900,0.15,2,2,false,574,Number,P,main,study2b_R_1mXjnK8MUZq67rF.csv,-0.078297,
88396,R_1mXjnK8MUZq67rF,277,486,16,0.140500,0.15,2,2,true,546,Number,P,main,study2b_R_1mXjnK8MUZq67rF.csv,0.128483,
88396,R_1mXjnK8MUZq67rF,278,453,8,0.140500,0.15,2,2,true,673,Number,Q,main,study2b_R_1mXjnK8MUZq67rF.csv,0.146563,
88396,R_1mXjnK8MUZq67rF,279,59,22,-0.140500,0.15,2,2,true,565,Number,P,main,study2b_R_1mXjnK8MUZq67rF.csv,-0.149335,
88396,R_1mXjnK8MUZq67rF,280,232,18,-0.034900,0.15,2,2,true,592,Number,P,main,study2b_R_1mXjnK8MUZq67rF.csv,-0.020059,
88396,R_1mXjnK8MUZq67rF,281,173,18,-0.069900,0.15,2,2,true,541,Number,P,main,study2b_R_1mXjnK8MUZq67rF.csv,-0.080157,
88396,R_1mXjnK8MUZq67rF,282,153,14,-0.069900,0.15,2,2,true,765,Number,Q,main,study2b_R_1mXjnK8MUZq67rF.csv,-0.064581,
88396,R_1mXjnK8MUZq67rF,283,58,22,-0.140500,0.15,2,2,true,561,Number,P,main,study2b_R_1mXjnK8MUZq67rF.csv,-0.125168,
88396,R_1mXjnK8MUZq67rF,284,45,18,-0.140500,0.15,2,2,true,1459,Number,P,main,study2b_R_1mXjnK8MUZq67rF.csv,-0.142674,
88396,R_1mXjnK8MUZq67rF,285,510,22,0.140500,0.15,2,2,true,664,Number,P,main,study2b_R_1mXjnK8MUZq67rF.csv,0.1386,
88396,R_1mXjnK8MUZq67rF,286,415,14,0.105100,0.15,2,2,true,661,Number,Q,main,study2b_R_1mXjnK8MUZq67rF.csv,0.099387,
88396,R_1mXjnK8MUZq67rF,287,340,12,0.069900,0.15,2,2,true,1651,Number,Q,main,study2b_R_1mXjnK8MUZq67rF.csv,0.082248,
88396,R_1mXjnK8MUZq67rF,288,502,20,0.140500,0.15,2,2,true,399,Number,P,main,study2b_R_1mXjnK8MUZq67rF.csv,0.154258,
88396,R_1mXjnK8MUZq67rF,289,352,16,0.069900,0.15,2,2,true,502,Number,P,main,study2b_R_1mXjnK8MUZq67rF.csv,0.083921,
88396,R_1mXjnK8MUZq67rF,290,54,20,-0.140500,0.15,2,2,true,482,Number,P,main,study2b_R_1mXjnK8MUZq67rF.csv,-0.124074,
88396,R_1mXjnK8MUZq67rF,291,313,22,0.034900,0.15,2,2,true,585,Number,P,main,study2b_R_1mXjnK8MUZq67rF.csv,0.029326,
88396,R_1mXjnK8MUZq67rF,292,468,12,0.140500,0.15,2,2,true,573,Number,Q,main,study2b_R_1mXjnK8MUZq67rF.csv,0.150648,
88396,R_1mXjnK8MUZq67rF,293,503,20,0.140500,0.15,2,2,true,1677,Number,P,main,study2b_R_1mXjnK8MUZq67rF.csv,0.157826,
88396,R_1mXjnK8MUZq67rF,294,371,20,0.069900,0.15,2,2,false,601,Number,Q,main,study2b_R_1mXjnK8MUZq67rF.csv,0.078343,
88396,R_1mXjnK8MUZq67rF,295,158,14,-0.069900,0.15,2,2,false,786,Number,P,main,study2b_R_1mXjnK8MUZq67rF.csv,-0.068639,
88396,R_1mXjnK8MUZq67rF,296,314,22,0.034900,0.15,2,2,true,420,Number,P,main,study2b_R_1mXjnK8MUZq67rF.csv,0.046548,
88396,R_1mXjnK8MUZq67rF,297,99,16,-0.105100,0.15,2,2,false,650,Number,Q,main,study2b_R_1mXjnK8MUZq67rF.csv,-0.120323,
88396,R_1mXjnK8MUZq67rF,298,135,8,-0.069900,0.15,2,2,true,781,Number,Q,main,study2b_R_1mXjnK8MUZq67rF.csv,-0.069851,
88396,R_1mXjnK8MUZq67rF,299,400,12,0.105100,0.15,2,2,true,653,Number,Q,main,study2b_R_1mXjnK8MUZq67rF.csv,0.113891,
88396,R_1mXjnK8MUZq67rF,300,426,18,0.105100,0.15,2,2,true,623,Number,P,main,study2b_R_1mXjnK8MUZq67rF.csv,0.11316,
88396,R_1mXjnK8MUZq67rF,301,172,18,-0.069900,0.15,2,2,true,458,Number,P,main,study2b_R_1mXjnK8MUZq67rF.csv,-0.059752,
88396,R_1mXjnK8MUZq67rF,302,30,14,-0.140500,0.15,2,2,false,776,Number,P,main,study2b_R_1mXjnK8MUZq67rF.csv,-0.148743,
88396,R_1mXjnK8MUZq67rF,303,466,12,0.140500,0.15,2,2,true,548,Number,Q,main,study2b_R_1mXjnK8MUZq67rF.csv,0.145809,
88396,R_1mXjnK8MUZq67rF,304,419,16,0.105100,0.15,2,2,false,2889,Number,Q,main,study2b_R_1mXjnK8MUZq67rF.csv,0.091507,
88396,R_1mXjnK8MUZq67rF,305,184,22,-0.069900,0.15,2,2,true,623,Number,P,main,study2b_R_1mXjnK8MUZq67rF.csv,-0.076899,
88396,R_1mXjnK8MUZq67rF,306,410,14,0.105100,0.15,2,2,true,673,Number,Q,main,study2b_R_1mXjnK8MUZq67rF.csv,0.096079,
88396,R_1mXjnK8MUZq67rF,307,479,14,0.140500,0.15,2,2,true,662,Number,Q,main,study2b_R_1mXjnK8MUZq67rF.csv,0.124864,
88396,R_1mXjnK8MUZq67rF,308,138,10,-0.069900,0.15,2,2,true,546,Number,Q,main,study2b_R_1mXjnK8MUZq67rF.csv,-0.066098,
88396,R_1mXjnK8MUZq67rF,309,462,10,0.140500,0.15,2,2,true,655,Number,Q,main,study2b_R_1mXjnK8MUZq67rF.csv,0.142055,
88396,R_1mXjnK8MUZq67rF,310,62,22,-0.140500,0.15,2,2,true,700,Number,P,main,study2b_R_1mXjnK8MUZq67rF.csv,-0.151102,
88396,R_1mXjnK8MUZq67rF,311,147,12,-0.069900,0.15,2,2,false,850,Number,P,main,study2b_R_1mXjnK8MUZq67rF.csv,-0.083994,
88396,R_1mXjnK8MUZq67rF,312,506,22,0.140500,0.15,2,2,true,637,Number,P,main,study2b_R_1mXjnK8MUZq67rF.csv,0.15612,
88396,R_1mXjnK8MUZq67rF,313,256,8,0.034900,0.15,2,2,true,674,Number,Q,main,study2b_R_1mXjnK8MUZq67rF.csv,0.049748,
88396,R_1mXjnK8MUZq67rF,314,49,20,-0.140500,0.15,2,2,true,745,Number,P,main,study2b_R_1mXjnK8MUZq67rF.csv,-0.141086,
88396,R_1mXjnK8MUZq67rF,315,118,20,-0.105100,0.15,2,2,true,612,Number,P,main,study2b_R_1mXjnK8MUZq67rF.csv,-0.106899,
88396,R_1mXjnK8MUZq67rF,316,262,8,0.034900,0.15,2,2,true,582,Number,Q,main,study2b_R_1mXjnK8MUZq67rF.csv,0.043294,
88396,R_1mXjnK8MUZq67rF,317,175,18,-0.069900,0.15,2,2,true,642,Number,P,main,study2b_R_1mXjnK8MUZq67rF.csv,-0.060173,
88396,R_1mXjnK8MUZq67rF,318,16,12,-0.140500,0.15,2,2,false,667,Number,P,main,study2b_R_1mXjnK8MUZq67rF.csv,-0.152643,
88396,R_1mXjnK8MUZq67rF,319,311,20,0.034900,0.15,2,2,true,569,Number,P,main,study2b_R_1mXjnK8MUZq67rF.csv,0.029011,
88396,R_1mXjnK8MUZq67rF,320,216,14,-0.034900,0.15,2,2,false,556,Number,P,main,study2b_R_1mXjnK8MUZq67rF.csv,-0.02952,
88396,R_1mXjnK8MUZq67rF,321,231,16,-0.034900,0.15,2,2,true,479,Number,P,main,study2b_R_1mXjnK8MUZq67rF.csv,-0.031678,
88396,R_1mXjnK8MUZq67rF,322,322,8,0.069900,0.15,2,2,true,646,Number,Q,main,study2b_R_1mXjnK8MUZq67rF.csv,0.054882,
88396,R_1mXjnK8MUZq67rF,323,338,12,0.069900,0.15,2,2,true,893,Number,Q,main,study2b_R_1mXjnK8MUZq67rF.csv,0.056169,
88396,R_1mXjnK8MUZq67rF,324,484,16,0.140500,0.15,2,2,true,1500,Number,P,main,study2b_R_1mXjnK8MUZq67rF.csv,0.13717,
88396,R_1mXjnK8MUZq67rF,325,102,16,-0.105100,0.15,2,2,true,608,Number,P,main,study2b_R_1mXjnK8MUZq67rF.csv,-0.093591,
88396,R_1mXjnK8MUZq67rF,326,100,16,-0.105100,0.15,2,2,true,530,Number,P,main,study2b_R_1mXjnK8MUZq67rF.csv,-0.096328,
88396,R_1mXjnK8MUZq67rF,327,427,18,0.105100,0.15,2,2,true,484,Number,P,main,study2b_R_1mXjnK8MUZq67rF.csv,0.111581,
88396,R_1mXjnK8MUZq67rF,328,401,12,0.105100,0.15,2,2,true,698,Number,Q,main,study2b_R_1mXjnK8MUZq67rF.csv,0.116832,
88396,R_1mXjnK8MUZq67rF,329,379,22,0.069900,0.15,2,2,true,623,Number,P,main,study2b_R_1mXjnK8MUZq67rF.csv,0.066642,
88396,R_1mXjnK8MUZq67rF,330,251,22,-0.034900,0.15,2,2,true,545,Number,P,main,study2b_R_1mXjnK8MUZq67rF.csv,-0.025271,
88396,R_1mXjnK8MUZq67rF,331,465,12,0.140500,0.15,2,2,true,623,Number,Q,main,study2b_R_1mXjnK8MUZq67rF.csv,0.12892,
88396,R_1mXjnK8MUZq67rF,332,283,14,0.034900,0.15,2,2,true,1028,Number,Q,main,study2b_R_1mXjnK8MUZq67rF.csv,0.029859,
88396,R_1mXjnK8MUZq67rF,333,111,18,-0.105100,0.15,2,2,true,536,Number,P,main,study2b_R_1mXjnK8MUZq67rF.csv,-0.094527,
88396,R_1mXjnK8MUZq67rF,334,321,8,0.069900,0.15,2,2,true,728,Number,Q,main,study2b_R_1mXjnK8MUZq67rF.csv,0.075624,
88396,R_1mXjnK8MUZq67rF,335,436,20,0.105100,0.15,2,2,true,592,Number,P,main,study2b_R_1mXjnK8MUZq67rF.csv,0.092834,
88396,R_1mXjnK8MUZq67rF,336,139,10,-0.069900,0.15,2,2,true,987,Number,Q,main,study2b_R_1mXjnK8MUZq67rF.csv,-0.087395,
88396,R_1mXjnK8MUZq67rF,337,197,8,-0.034900,0.15,2,2,true,576,Number,Q,main,study2b_R_1mXjnK8MUZq67rF.csv,-0.032999,
88396,R_1mXjnK8MUZq67rF,338,472,14,0.140500,0.15,2,2,true,806,Number,Q,main,study2b_R_1mXjnK8MUZq67rF.csv,0.155626,
88396,R_1mXjnK8MUZq67rF,339,273,12,0.034900,0.15,2,2,true,644,Number,Q,main,study2b_R_1mXjnK8MUZq67rF.csv,0.045341,
88396,R_1mXjnK8MUZq67rF,340,363,18,0.069900,0.15,2,2,false,876,Number,Q,main,study2b_R_1mXjnK8MUZq67rF.csv,0.067979,
88396,R_1mXjnK8MUZq67rF,341,434,20,0.105100,0.15,2,2,true,552,Number,P,main,study2b_R_1mXjnK8MUZq67rF.csv,0.099259,
88396,R_1mXjnK8MUZq67rF,342,489,18,0.140500,0.15,2,2,true,466,Number,P,main,study2b_R_1mXjnK8MUZq67rF.csv,0.14854,
88396,R_1mXjnK8MUZq67rF,343,108,18,-0.105100,0.15,2,2,true,597,Number,P,main,study2b_R_1mXjnK8MUZq67rF.csv,-0.120758,
88396,R_1mXjnK8MUZq67rF,344,348,14,0.069900,0.15,2,2,true,964,Number,Q,main,study2b_R_1mXjnK8MUZq67rF.csv,0.078982,
88396,R_1mXjnK8MUZq67rF,345,276,12,0.034900,0.15,2,2,true,773,Number,Q,main,study2b_R_1mXjnK8MUZq67rF.csv,0.031499,
88396,R_1mXjnK8MUZq67rF,346,421,16,0.105100,0.15,2,2,false,1120,Number,Q,main,study2b_R_1mXjnK8MUZq67rF.csv,0.103364,
88396,R_1mXjnK8MUZq67rF,347,219,14,-0.034900,0.15,2,2,true,783,Number,Q,main,study2b_R_1mXjnK8MUZq67rF.csv,-0.029928,
88396,R_1mXjnK8MUZq67rF,348,67,8,-0.105100,0.15,2,2,true,819,Number,Q,main,study2b_R_1mXjnK8MUZq67rF.csv,-0.091124,
88396,R_1mXjnK8MUZq67rF,349,329,10,0.069900,0.15,2,2,true,614,Number,Q,main,study2b_R_1mXjnK8MUZq67rF.csv,0.080858,
88396,R_1mXjnK8MUZq67rF,350,357,16,0.069900,0.15,2,2,true,1242,Number,P,main,study2b_R_1mXjnK8MUZq67rF.csv,0.067732,
88396,R_1mXjnK8MUZq67rF,351,41,18,-0.140500,0.15,2,2,true,560,Number,P,main,study2b_R_1mXjnK8MUZq67rF.csv,-0.145392,
88396,R_1mXjnK8MUZq67rF,352,300,18,0.034900,0.15,2,2,true,487,Number,P,main,study2b_R_1mXjnK8MUZq67rF.csv,0.019933,
88396,R_1mXjnK8MUZq67rF,353,79,10,-0.105100,0.15,2,2,true,707,Number,Q,main,study2b_R_1mXjnK8MUZq67rF.csv,-0.114654,
88396,R_1mXjnK8MUZq67rF,354,422,16,0.105100,0.15,2,2,true,740,Number,P,main,study2b_R_1mXjnK8MUZq67rF.csv,0.105596,
88396,R_1mXjnK8MUZq67rF,355,309,20,0.034900,0.15,2,2,true,657,Number,P,main,study2b_R_1mXjnK8MUZq67rF.csv,0.049878,
88396,R_1mXjnK8MUZq67rF,356,131,8,-0.069900,0.15,2,2,true,878,Number,Q,main,study2b_R_1mXjnK8MUZq67rF.csv,-0.053108,
88396,R_1mXjnK8MUZq67rF,357,217,14,-0.034900,0.15,2,2,true,1421,Number,Q,main,study2b_R_1mXjnK8MUZq67rF.csv,-0.032728,
88396,R_1mXjnK8MUZq67rF,358,48,20,-0.140500,0.15,2,2,true,578,Number,P,main,study2b_R_1mXjnK8MUZq67rF.csv,-0.144017,
88396,R_1mXjnK8MUZq67rF,359,293,16,0.034900,0.15,2,2,true,497,Number,P,main,study2b_R_1mXjnK8MUZq67rF.csv,0.0368,
88396,R_1mXjnK8MUZq67rF,360,310,20,0.034900,0.15,2,2,true,578,Number,P,main,study2b_R_1mXjnK8MUZq67rF.csv,0.018841,
88396,R_1mXjnK8MUZq67rF,361,15,10,-0.140500,0.15,2,2,true,651,Number,Q,main,study2b_R_1mXjnK8MUZq67rF.csv,-0.145857,
88396,R_1mXjnK8MUZq67rF,362,106,18,-0.105100,0.15,2,2,true,910,Number,P,main,study2b_R_1mXjnK8MUZq67rF.csv,-0.106802,
88396,R_1mXjnK8MUZq67rF,363,286,14,0.034900,0.15,2,2,false,1149,Number,P,main,study2b_R_1mXjnK8MUZq67rF.csv,0.051712,
88396,R_1mXjnK8MUZq67rF,364,55,20,-0.140500,0.15,2,2,true,502,Number,P,main,study2b_R_1mXjnK8MUZq67rF.csv,-0.157628,
88396,R_1mXjnK8MUZq67rF,365,372,20,0.069900,0.15,2,2,true,420,Number,P,main,study2b_R_1mXjnK8MUZq67rF.csv,0.083571,
88396,R_1mXjnK8MUZq67rF,366,399,10,0.105100,0.15,2,2,true,605,Number,Q,main,study2b_R_1mXjnK8MUZq67rF.csv,0.092598,
88396,R_1mXjnK8MUZq67rF,367,477,14,0.140500,0.15,2,2,true,736,Number,Q,main,study2b_R_1mXjnK8MUZq67rF.csv,0.126777,
88396,R_1mXjnK8MUZq67rF,368,266,10,0.034900,0.15,2,2,true,536,Number,Q,main,study2b_R_1mXjnK8MUZq67rF.csv,0.044211,
88396,R_1mXjnK8MUZq67rF,369,0,8,-0.140500,0.15,2,2,true,610,Number,Q,main,study2b_R_1mXjnK8MUZq67rF.csv,-0.156272,
88396,R_1mXjnK8MUZq67rF,370,362,18,0.069900,0.15,2,2,false,601,Number,Q,main,study2b_R_1mXjnK8MUZq67rF.csv,0.059457,
88396,R_1mXjnK8MUZq67rF,371,443,22,0.105100,0.15,2,2,true,491,Number,P,main,study2b_R_1mXjnK8MUZq67rF.csv,0.112621,
88396,R_1mXjnK8MUZq67rF,372,267,10,0.034900,0.15,2,2,true,721,Number,Q,main,study2b_R_1mXjnK8MUZq67rF.csv,0.020683,
88396,R_1mXjnK8MUZq67rF,373,214,12,-0.034900,0.15,2,2,false,579,Number,P,main,study2b_R_1mXjnK8MUZq67rF.csv,-0.020203,
88396,R_1mXjnK8MUZq67rF,374,60,22,-0.140500,0.15,2,2,true,588,Number,P,main,study2b_R_1mXjnK8MUZq67rF.csv,-0.156155,
88396,R_1mXjnK8MUZq67rF,375,128,8,-0.069900,0.15,2,2,true,603,Number,Q,main,study2b_R_1mXjnK8MUZq67rF.csv,-0.074618,
88396,R_1mXjnK8MUZq67rF,376,424,18,0.105100,0.15,2,2,true,528,Number,P,main,study2b_R_1mXjnK8MUZq67rF.csv,0.113649,
88396,R_1mXjnK8MUZq67rF,377,369,20,0.069900,0.15,2,2,true,849,Number,P,main,study2b_R_1mXjnK8MUZq67rF.csv,0.086383,
88396,R_1mXjnK8MUZq67rF,378,149,12,-0.069900,0.15,2,2,true,697,Number,Q,main,study2b_R_1mXjnK8MUZq67rF.csv,-0.063089,
88396,R_1mXjnK8MUZq67rF,379,475,14,0.140500,0.15,2,2,false,931,Number,P,main,study2b_R_1mXjnK8MUZq67rF.csv,0.126168,
88396,R_1mXjnK8MUZq67rF,380,212,12,-0.034900,0.15,2,2,true,1047,Number,Q,main,study2b_R_1mXjnK8MUZq67rF.csv,-0.045747,
88396,R_1mXjnK8MUZq67rF,381,249,22,-0.034900,0.15,2,2,true,760,Number,P,main,study2b_R_1mXjnK8MUZq67rF.csv,-0.036318,
88396,R_1mXjnK8MUZq67rF,382,498,20,0.140500,0.15,2,2,true,591,Number,P,main,study2b_R_1mXjnK8MUZq67rF.csv,0.131876,
88396,R_1mXjnK8MUZq67rF,383,228,16,-0.034900,0.15,2,2,true,564,Number,P,main,study2b_R_1mXjnK8MUZq67rF.csv,-0.020231,
88396,R_1mXjnK8MUZq67rF,384,243,20,-0.034900,0.15,2,2,true,426,Number,P,main,study2b_R_1mXjnK8MUZq67rF.csv,-0.035596,
88396,R_1mXjnK8MUZq67rF,385,242,20,-0.034900,0.15,2,2,true,363,Number,P,main,study2b_R_1mXjnK8MUZq67rF.csv,-0.02853,
88396,R_1mXjnK8MUZq67rF,386,105,18,-0.105100,0.15,2,2,true,425,Number,P,main,study2b_R_1mXjnK8MUZq67rF.csv,-0.091285,
88396,R_1mXjnK8MUZq67rF,387,364,18,0.069900,0.15,2,2,true,377,Number,P,main,study2b_R_1mXjnK8MUZq67rF.csv,0.084004,
88396,R_1mXjnK8MUZq67rF,388,315,22,0.034900,0.15,2,2,true,468,Number,P,main,study2b_R_1mXjnK8MUZq67rF.csv,0.026135,
88396,R_1mXjnK8MUZq67rF,389,437,20,0.105100,0.15,2,2,true,449,Number,P,main,study2b_R_1mXjnK8MUZq67rF.csv,0.095448,
88396,R_1mXjnK8MUZq67rF,390,325,8,0.069900,0.15,2,2,true,576,Number,Q,main,study2b_R_1mXjnK8MUZq67rF.csv,0.083785,
88396,R_1mXjnK8MUZq67rF,391,211,12,-0.034900,0.15,2,2,true,699,Number,Q,main,study2b_R_1mXjnK8MUZq67rF.csv,-0.038664,
88396,R_1mXjnK8MUZq67rF,392,417,16,0.105100,0.15,2,2,true,593,Number,P,main,study2b_R_1mXjnK8MUZq67rF.csv,0.091171,
88396,R_1mXjnK8MUZq67rF,393,179,20,-0.069900,0.15,2,2,true,523,Number,P,main,study2b_R_1mXjnK8MUZq67rF.csv,-0.08635,
88396,R_1mXjnK8MUZq67rF,394,20,12,-0.140500,0.15,2,2,true,815,Number,Q,main,study2b_R_1mXjnK8MUZq67rF.csv,-0.123938,
88396,R_1mXjnK8MUZq67rF,395,50,20,-0.140500,0.15,2,2,true,833,Number,P,main,study2b_R_1mXjnK8MUZq67rF.csv,-0.135183,
88396,R_1mXjnK8MUZq67rF,396,416,16,0.105100,0.15,2,2,true,718,Number,P,main,study2b_R_1mXjnK8MUZq67rF.csv,0.089488,
88396,R_1mXjnK8MUZq67rF,397,43,18,-0.140500,0.15,2,2,true,598,Number,P,main,study2b_R_1mXjnK8MUZq67rF.csv,-0.128571,
88396,R_1mXjnK8MUZq67rF,398,360,18,0.069900,0.15,2,2,true,481,Number,P,main,study2b_R_1mXjnK8MUZq67rF.csv,0.059106,
88396,R_1mXjnK8MUZq67rF,399,393,10,0.105100,0.15,2,2,true,542,Number,Q,main,study2b_R_1mXjnK8MUZq67rF.csv,0.101325,
88396,R_1mXjnK8MUZq67rF,400,27,14,-0.140500,0.15,2,2,true,1318,Number,Q,main,study2b_R_1mXjnK8MUZq67rF.csv,-0.136859,
88396,R_1mXjnK8MUZq67rF,401,285,14,0.034900,0.15,2,2,true,714,Number,Q,main,study2b_R_1mXjnK8MUZq67rF.csv,0.036705,
88396,R_1mXjnK8MUZq67rF,402,244,20,-0.034900,0.15,2,2,true,515,Number,P,main,study2b_R_1mXjnK8MUZq67rF.csv,-0.025783,
88396,R_1mXjnK8MUZq67rF,403,164,16,-0.069900,0.15,2,2,false,1007,Number,Q,main,study2b_R_1mXjnK8MUZq67rF.csv,-0.068001,
88396,R_1mXjnK8MUZq67rF,404,25,14,-0.140500,0.15,2,2,true,1525,Number,Q,main,study2b_R_1mXjnK8MUZq67rF.csv,-0.133981,
88396,R_1mXjnK8MUZq67rF,405,320,8,0.069900,0.15,2,2,true,845,Number,Q,main,study2b_R_1mXjnK8MUZq67rF.csv,0.053282,
88396,R_1mXjnK8MUZq67rF,406,405,12,0.105100,0.15,2,2,true,797,Number,Q,main,study2b_R_1mXjnK8MUZq67rF.csv,0.119611,
88396,R_1mXjnK8MUZq67rF,407,215,12,-0.034900,0.15,2,2,true,1326,Number,Q,main,study2b_R_1mXjnK8MUZq67rF.csv,-0.045698,
88396,R_1mXjnK8MUZq67rF,408,121,22,-0.105100,0.15,2,2,true,672,Number,P,main,study2b_R_1mXjnK8MUZq67rF.csv,-0.122763,
88396,R_1mXjnK8MUZq67rF,409,78,10,-0.105100,0.15,2,2,true,759,Number,Q,main,study2b_R_1mXjnK8MUZq67rF.csv,-0.090955,
88396,R_1mXjnK8MUZq67rF,410,323,8,0.069900,0.15,2,2,true,1157,Number,Q,main,study2b_R_1mXjnK8MUZq67rF.csv,0.071049,
88396,R_1mXjnK8MUZq67rF,411,430,18,0.105100,0.15,2,2,true,1102,Number,P,main,study2b_R_1mXjnK8MUZq67rF.csv,0.08933,
88396,R_1mXjnK8MUZq67rF,412,469,12,0.140500,0.15,2,2,true,1326,Number,Q,main,study2b_R_1mXjnK8MUZq67rF.csv,0.133126,
88396,R_1mXjnK8MUZq67rF,413,199,8,-0.034900,0.15,2,2,true,768,Number,Q,main,study2b_R_1mXjnK8MUZq67rF.csv,-0.046221,
88396,R_1mXjnK8MUZq67rF,414,156,14,-0.069900,0.15,2,2,true,1641,Number,Q,main,study2b_R_1mXjnK8MUZq67rF.csv,-0.064466,
88396,R_1mXjnK8MUZq67rF,415,224,16,-0.034900,0.15,2,2,true,1196,Number,P,main,study2b_R_1mXjnK8MUZq67rF.csv,-0.036186,
88396,R_1mXjnK8MUZq67rF,416,227,16,-0.034900,0.15,2,2,true,562,Number,P,main,study2b_R_1mXjnK8MUZq67rF.csv,-0.034511,
88396,R_1mXjnK8MUZq67rF,417,349,14,0.069900,0.15,2,2,true,879,Number,Q,main,study2b_R_1mXjnK8MUZq67rF.csv,0.055566,
88396,R_1mXjnK8MUZq67rF,418,390,8,0.105100,0.15,2,2,true,810,Number,Q,main,study2b_R_1mXjnK8MUZq67rF.csv,0.10863,
88396,R_1mXjnK8MUZq67rF,419,209,12,-0.034900,0.15,2,2,true,558,Number,Q,main,study2b_R_1mXjnK8MUZq67rF.csv,-0.024713,
88396,R_1mXjnK8MUZq67rF,420,103,16,-0.105100,0.15,2,2,true,649,Number,P,main,study2b_R_1mXjnK8MUZq67rF.csv,-0.118594,
88396,R_1mXjnK8MUZq67rF,421,305,20,0.034900,0.15,2,2,true,563,Number,P,main,study2b_R_1mXjnK8MUZq67rF.csv,0.037143,
88396,R_1mXjnK8MUZq67rF,422,245,20,-0.034900,0.15,2,2,true,466,Number,P,main,study2b_R_1mXjnK8MUZq67rF.csv,-0.026028,
88396,R_1mXjnK8MUZq67rF,423,303,18,0.034900,0.15,2,2,true,953,Number,P,main,study2b_R_1mXjnK8MUZq67rF.csv,0.024389,
88396,R_1mXjnK8MUZq67rF,424,246,20,-0.034900,0.15,2,2,true,450,Number,P,main,study2b_R_1mXjnK8MUZq67rF.csv,-0.045523,
88396,R_1mXjnK8MUZq67rF,425,220,14,-0.034900,0.15,2,2,false,449,Number,P,main,study2b_R_1mXjnK8MUZq67rF.csv,-0.042598,
88396,R_1mXjnK8MUZq67rF,426,46,18,-0.140500,0.15,2,2,true,489,Number,P,main,study2b_R_1mXjnK8MUZq67rF.csv,-0.145761,
88396,R_1mXjnK8MUZq67rF,427,239,18,-0.034900,0.15,2,2,true,548,Number,P,main,study2b_R_1mXjnK8MUZq67rF.csv,-0.040088,
88396,R_1mXjnK8MUZq67rF,428,358,16,0.069900,0.15,2,2,true,433,Number,P,main,study2b_R_1mXjnK8MUZq67rF.csv,0.074249,
88396,R_1mXjnK8MUZq67rF,429,485,16,0.140500,0.15,2,2,true,525,Number,P,main,study2b_R_1mXjnK8MUZq67rF.csv,0.13861,
88396,R_1mXjnK8MUZq67rF,430,445,22,0.105100,0.15,2,2,true,505,Number,P,main,study2b_R_1mXjnK8MUZq67rF.csv,0.088796,
88396,R_1mXjnK8MUZq67rF,431,271,10,0.034900,0.15,2,2,true,666,Number,Q,main,study2b_R_1mXjnK8MUZq67rF.csv,0.047746,
88396,R_1mXjnK8MUZq67rF,432,382,22,0.069900,0.15,2,2,true,677,Number,P,main,study2b_R_1mXjnK8MUZq67rF.csv,0.071763,
88396,R_1mXjnK8MUZq67rF,433,495,18,0.140500,0.15,2,2,true,449,Number,P,main,study2b_R_1mXjnK8MUZq67rF.csv,0.158077,
88396,R_1mXjnK8MUZq67rF,434,455,8,0.140500,0.15,2,2,true,608,Number,Q,main,study2b_R_1mXjnK8MUZq67rF.csv,0.15474,
88396,R_1mXjnK8MUZq67rF,435,151,12,-0.069900,0.15,2,2,true,1051,Number,Q,main,study2b_R_1mXjnK8MUZq67rF.csv,-0.062978,
88396,R_1mXjnK8MUZq67rF,436,392,10,0.105100,0.15,2,2,true,810,Number,Q,main,study2b_R_1mXjnK8MUZq67rF.csv,0.105319,
88396,R_1mXjnK8MUZq67rF,437,471,12,0.140500,0.15,2,2,false,790,Number,P,main,study2b_R_1mXjnK8MUZq67rF.csv,0.154046,
88396,R_1mXjnK8MUZq67rF,438,418,16,0.105100,0.15,2,2,true,688,Number,P,main,study2b_R_1mXjnK8MUZq67rF.csv,0.112382,
88396,R_1mXjnK8MUZq67rF,439,387,8,0.105100,0.15,2,2,true,688,Number,Q,main,study2b_R_1mXjnK8MUZq67rF.csv,0.111397,
88396,R_1mXjnK8MUZq67rF,440,341,12,0.069900,0.15,2,2,false,648,Number,P,main,study2b_R_1mXjnK8MUZq67rF.csv,0.07611,
88396,R_1mXjnK8MUZq67rF,441,476,14,0.140500,0.15,2,2,false,780,Number,P,main,study2b_R_1mXjnK8MUZq67rF.csv,0.128519,
88396,R_1mXjnK8MUZq67rF,442,190,22,-0.069900,0.15,2,2,true,603,Number,P,main,study2b_R_1mXjnK8MUZq67rF.csv,-0.053348,
88396,R_1mXjnK8MUZq67rF,443,120,22,-0.105100,0.15,2,2,true,543,Number,P,main,study2b_R_1mXjnK8MUZq67rF.csv,-0.121268,
88396,R_1mXjnK8MUZq67rF,444,374,20,0.069900,0.15,2,2,true,428,Number,P,main,study2b_R_1mXjnK8MUZq67rF.csv,0.07538,
88396,R_1mXjnK8MUZq67rF,445,114,20,-0.105100,0.15,2,2,true,484,Number,P,main,study2b_R_1mXjnK8MUZq67rF.csv,-0.112049,
88396,R_1mXjnK8MUZq67rF,446,490,18,0.140500,0.15,2,2,true,456,Number,P,main,study2b_R_1mXjnK8MUZq67rF.csv,0.148033,
88396,R_1mXjnK8MUZq67rF,447,287,14,0.034900,0.15,2,2,true,551,Number,Q,main,study2b_R_1mXjnK8MUZq67rF.csv,0.045406,
88396,R_1mXjnK8MUZq67rF,448,433,20,0.105100,0.15,2,2,true,804,Number,P,main,study2b_R_1mXjnK8MUZq67rF.csv,0.096219,
88396,R_1mXjnK8MUZq67rF,449,493,18,0.140500,0.15,2,2,true,420,Number,P,main,study2b_R_1mXjnK8MUZq67rF.csv,0.157414,
88396,R_1mXjnK8MUZq67rF,450,130,8,-0.069900,0.15,2,2,true,633,Number,Q,main,study2b_R_1mXjnK8MUZq67rF.csv,-0.084969,
88396,R_1mXjnK8MUZq67rF,451,213,12,-0.034900,0.15,2,2,true,779,Number,Q,main,study2b_R_1mXjnK8MUZq67rF.csv,-0.046707,
88396,R_1mXjnK8MUZq67rF,452,187,22,-0.069900,0.15,2,2,true,615,Number,P,main,study2b_R_1mXjnK8MUZq67rF.csv,-0.060968,
88396,R_1mXjnK8MUZq67rF,453,146,12,-0.069900,0.15,2,2,true,660,Number,Q,main,study2b_R_1mXjnK8MUZq67rF.csv,-0.053285,
88396,R_1mXjnK8MUZq67rF,454,6,8,-0.140500,0.15,2,2,true,709,Number,Q,main,study2b_R_1mXjnK8MUZq67rF.csv,-0.144873,
88396,R_1mXjnK8MUZq67rF,455,2,8,-0.140500,0.15,2,2,true,1110,Number,Q,main,study2b_R_1mXjnK8MUZq67rF.csv,-0.130492,
88396,R_1mXjnK8MUZq67rF,456,66,8,-0.105100,0.15,2,2,true,759,Number,Q,main,study2b_R_1mXjnK8MUZq67rF.csv,-0.089989,
88396,R_1mXjnK8MUZq67rF,457,431,18,0.105100,0.15,2,2,true,757,Number,P,main,study2b_R_1mXjnK8MUZq67rF.csv,0.105664,
88396,R_1mXjnK8MUZq67rF,458,403,12,0.105100,0.15,2,2,true,706,Number,Q,main,study2b_R_1mXjnK8MUZq67rF.csv,0.101157,
88396,R_1mXjnK8MUZq67rF,459,157,14,-0.069900,0.15,2,2,false,656,Number,P,main,study2b_R_1mXjnK8MUZq67rF.csv,-0.083334,
88396,R_1mXjnK8MUZq67rF,460,76,10,-0.105100,0.15,2,2,false,717,Number,P,main,study2b_R_1mXjnK8MUZq67rF.csv,-0.107301,
88396,R_1mXjnK8MUZq67rF,461,126,22,-0.105100,0.15,2,2,true,3892,Number,P,main,study2b_R_1mXjnK8MUZq67rF.csv,-0.091532,
88396,R_1mXjnK8MUZq67rF,462,501,20,0.140500,0.15,2,2,true,521,Number,P,main,study2b_R_1mXjnK8MUZq67rF.csv,0.134097,
88396,R_1mXjnK8MUZq67rF,463,339,12,0.069900,0.15,2,2,true,513,Number,Q,main,study2b_R_1mXjnK8MUZq67rF.csv,0.080229,
88396,R_1mXjnK8MUZq67rF,464,483,16,0.140500,0.15,2,2,true,464,Number,P,main,study2b_R_1mXjnK8MUZq67rF.csv,0.129542,
88396,R_1mXjnK8MUZq67rF,465,196,8,-0.034900,0.15,2,2,true,609,Number,Q,main,study2b_R_1mXjnK8MUZq67rF.csv,-0.033558,
88396,R_1mXjnK8MUZq67rF,466,268,10,0.034900,0.15,2,2,true,917,Number,Q,main,study2b_R_1mXjnK8MUZq67rF.csv,0.03405,
88396,R_1mXjnK8MUZq67rF,467,263,8,0.034900,0.15,2,2,true,719,Number,Q,main,study2b_R_1mXjnK8MUZq67rF.csv,0.046892,
88396,R_1mXjnK8MUZq67rF,468,198,8,-0.034900,0.15,2,2,true,586,Number,Q,main,study2b_R_1mXjnK8MUZq67rF.csv,-0.021799,
88396,R_1mXjnK8MUZq67rF,469,290,16,0.034900,0.15,2,2,true,560,Number,P,main,study2b_R_1mXjnK8MUZq67rF.csv,0.030071,
88396,R_1mXjnK8MUZq67rF,470,229,16,-0.034900,0.15,2,2,true,718,Number,P,main,study2b_R_1mXjnK8MUZq67rF.csv,-0.049296,
88396,R_1mXjnK8MUZq67rF,471,233,18,-0.034900,0.15,2,2,true,535,Number,P,main,study2b_R_1mXjnK8MUZq67rF.csv,-0.036114,
88396,R_1mXjnK8MUZq67rF,472,188,22,-0.069900,0.15,2,2,true,434,Number,P,main,study2b_R_1mXjnK8MUZq67rF.csv,-0.059954,
88396,R_1mXjnK8MUZq67rF,473,39,16,-0.140500,0.15,2,2,true,438,Number,P,main,study2b_R_1mXjnK8MUZq67rF.csv,-0.132254,
88396,R_1mXjnK8MUZq67rF,474,191,22,-0.069900,0.15,2,2,true,538,Number,P,main,study2b_R_1mXjnK8MUZq67rF.csv,-0.059047,
88396,R_1mXjnK8MUZq67rF,475,375,20,0.069900,0.15,2,2,true,440,Number,P,main,study2b_R_1mXjnK8MUZq67rF.csv,0.054653,
88396,R_1mXjnK8MUZq67rF,476,125,22,-0.105100,0.15,2,2,true,387,Number,P,main,study2b_R_1mXjnK8MUZq67rF.csv,-0.116516,
88396,R_1mXjnK8MUZq67rF,477,250,22,-0.034900,0.15,2,2,true,385,Number,P,main,study2b_R_1mXjnK8MUZq67rF.csv,-0.037384,
88396,R_1mXjnK8MUZq67rF,478,98,16,-0.105100,0.15,2,2,true,491,Number,P,main,study2b_R_1mXjnK8MUZq67rF.csv,-0.11941,
88396,R_1mXjnK8MUZq67rF,479,4,8,-0.140500,0.15,2,2,false,427,Number,P,main,study2b_R_1mXjnK8MUZq67rF.csv,-0.138125,
88396,R_1mXjnK8MUZq67rF,480,223,14,-0.034900,0.15,2,2,false,708,Number,P,main,study2b_R_1mXjnK8MUZq67rF.csv,-0.051021,
88396,R_1mXjnK8MUZq67rF,481,35,16,-0.140500,0.15,2,2,true,564,Number,P,main,study2b_R_1mXjnK8MUZq67rF.csv,-0.149433,
88396,R_1mXjnK8MUZq67rF,482,154,14,-0.069900,0.15,2,2,false,406,Number,P,main,study2b_R_1mXjnK8MUZq67rF.csv,-0.069371,
88396,R_1mXjnK8MUZq67rF,483,317,22,0.034900,0.15,2,2,true,596,Number,P,main,study2b_R_1mXjnK8MUZq67rF.csv,0.026277,
88396,R_1mXjnK8MUZq67rF,484,402,12,0.105100,0.15,2,2,true,766,Number,Q,main,study2b_R_1mXjnK8MUZq67rF.csv,0.116009,
88396,R_1mXjnK8MUZq67rF,485,442,22,0.105100,0.15,2,2,true,572,Number,P,main,study2b_R_1mXjnK8MUZq67rF.csv,0.113443,
88396,R_1mXjnK8MUZq67rF,486,14,10,-0.140500,0.15,2,2,true,613,Number,Q,main,study2b_R_1mXjnK8MUZq67rF.csv,-0.148897,
88396,R_1mXjnK8MUZq67rF,487,226,16,-0.034900,0.15,2,2,true,715,Number,P,main,study2b_R_1mXjnK8MUZq67rF.csv,-0.041209,
88396,R_1mXjnK8MUZq67rF,488,488,18,0.140500,0.15,2,2,true,533,Number,P,main,study2b_R_1mXjnK8MUZq67rF.csv,0.151084,
88396,R_1mXjnK8MUZq67rF,489,428,18,0.105100,0.15,2,2,true,510,Number,P,main,study2b_R_1mXjnK8MUZq67rF.csv,0.100632,
88396,R_1mXjnK8MUZq67rF,490,222,14,-0.034900,0.15,2,2,true,582,Number,Q,main,study2b_R_1mXjnK8MUZq67rF.csv,-0.030534,
88396,R_1mXjnK8MUZq67rF,491,140,10,-0.069900,0.15,2,2,true,685,Number,Q,main,study2b_R_1mXjnK8MUZq67rF.csv,-0.064883,
88396,R_1mXjnK8MUZq67rF,492,133,8,-0.069900,0.15,2,2,true,830,Number,Q,main,study2b_R_1mXjnK8MUZq67rF.csv,-0.084891,
88396,R_1mXjnK8MUZq67rF,493,137,10,-0.069900,0.15,2,2,true,730,Number,Q,main,study2b_R_1mXjnK8MUZq67rF.csv,-0.085974,
88396,R_1mXjnK8MUZq67rF,494,384,8,0.105100,0.15,2,2,true,591,Number,Q,main,study2b_R_1mXjnK8MUZq67rF.csv,0.102089,
88396,R_1mXjnK8MUZq67rF,495,451,8,0.140500,0.15,2,2,true,537,Number,Q,main,study2b_R_1mXjnK8MUZq67rF.csv,0.153685,
88396,R_1mXjnK8MUZq67rF,496,480,16,0.140500,0.15,2,2,true,765,Number,P,main,study2b_R_1mXjnK8MUZq67rF.csv,0.142105,
88396,R_1mXjnK8MUZq67rF,497,423,16,0.105100,0.15,2,2,true,575,Number,P,main,study2b_R_1mXjnK8MUZq67rF.csv,0.121951,
88396,R_1mXjnK8MUZq67rF,498,420,16,0.105100,0.15,2,2,true,461,Number,P,main,study2b_R_1mXjnK8MUZq67rF.csv,0.10358,
88396,R_1mXjnK8MUZq67rF,499,345,14,0.069900,0.15,2,2,false,880,Number,P,main,study2b_R_1mXjnK8MUZq67rF.csv,0.069768,
88396,R_1mXjnK8MUZq67rF,500,316,22,0.034900,0.15,2,2,true,555,Number,P,main,study2b_R_1mXjnK8MUZq67rF.csv,0.021466,
88396,R_1mXjnK8MUZq67rF,501,12,10,-0.140500,0.15,2,2,true,745,Number,Q,main,study2b_R_1mXjnK8MUZq67rF.csv,-0.131128,
88396,R_1mXjnK8MUZq67rF,502,367,18,0.069900,0.15,2,2,true,779,Number,P,main,study2b_R_1mXjnK8MUZq67rF.csv,0.086676,
88396,R_1mXjnK8MUZq67rF,503,129,8,-0.069900,0.15,2,2,true,634,Number,Q,main,study2b_R_1mXjnK8MUZq67rF.csv,-0.068789,
88396,R_1mXjnK8MUZq67rF,504,412,14,0.105100,0.15,2,2,true,1379,Number,Q,main,study2b_R_1mXjnK8MUZq67rF.csv,0.095109,
88396,R_1mXjnK8MUZq67rF,505,236,18,-0.034900,0.15,2,2,true,853,Number,P,main,study2b_R_1mXjnK8MUZq67rF.csv,-0.021743,
88396,R_1mXjnK8MUZq67rF,506,326,8,0.069900,0.15,2,2,true,857,Number,Q,main,study2b_R_1mXjnK8MUZq67rF.csv,0.084729,
88396,R_1mXjnK8MUZq67rF,507,385,8,0.105100,0.15,2,2,true,661,Number,Q,main,study2b_R_1mXjnK8MUZq67rF.csv,0.10512,
88396,R_1mXjnK8MUZq67rF,508,361,18,0.069900,0.15,2,2,true,1009,Number,P,main,study2b_R_1mXjnK8MUZq67rF.csv,0.070289,
88396,R_1mXjnK8MUZq67rF,509,366,18,0.069900,0.15,2,2,true,495,Number,P,main,study2b_R_1mXjnK8MUZq67rF.csv,0.071952,
88396,R_1mXjnK8MUZq67rF,510,307,20,0.034900,0.15,2,2,true,475,Number,P,main,study2b_R_1mXjnK8MUZq67rF.csv,0.035776,
88396,R_1mXjnK8MUZq67rF,511,61,22,-0.140500,0.15,2,2,true,416,Number,P,main,study2b_R_1mXjnK8MUZq67rF.csv,-0.137346,
88396,R_1mXjnK8MUZq67rF,512,234,18,-0.034900,0.15,2,2,true,773,Number,P,main,study2b_R_1mXjnK8MUZq67rF.csv,-0.033049,
88396,R_1mXjnK8MUZq67rF,513,255,22,-0.034900,0.15,2,2,true,918,Number,P,main,study2b_R_1mXjnK8MUZq67rF.csv,-0.033569,
88396,R_1mXjnK8MUZq67rF,514,13,10,-0.140500,0.15,2,2,true,645,Number,Q,main,study2b_R_1mXjnK8MUZq67rF.csv,-0.145628,
88396,R_1mXjnK8MUZq67rF,515,441,22,0.105100,0.15,2,2,true,636,Number,P,main,study2b_R_1mXjnK8MUZq67rF.csv,0.094937,
88396,R_1mXjnK8MUZq67rF,516,272,12,0.034900,0.15,2,2,true,627,Number,Q,main,study2b_R_1mXjnK8MUZq67rF.csv,0.038201,
88396,R_1mXjnK8MUZq67rF,517,450,8,0.140500,0.15,2,2,true,1003,Number,Q,main,study2b_R_1mXjnK8MUZq67rF.csv,0.135411,
88396,R_1mXjnK8MUZq67rF,518,253,22,-0.034900,0.15,2,2,true,482,Number,P,main,study2b_R_1mXjnK8MUZq67rF.csv,-0.028418,
88396,R_1mXjnK8MUZq67rF,519,504,22,0.140500,0.15,2,2,true,493,Number,P,main,study2b_R_1mXjnK8MUZq67rF.csv,0.157346,
88396,R_1mXjnK8MUZq67rF,520,327,8,0.069900,0.15,2,2,true,621,Number,Q,main,study2b_R_1mXjnK8MUZq67rF.csv,0.069092,
88396,R_1mXjnK8MUZq67rF,521,152,14,-0.069900,0.15,2,2,true,635,Number,Q,main,study2b_R_1mXjnK8MUZq67rF.csv,-0.052983,
88396,R_1mXjnK8MUZq67rF,522,89,14,-0.105100,0.15,2,2,false,602,Number,P,main,study2b_R_1mXjnK8MUZq67rF.csv,-0.107808,
97418,R_6mmzZYOzfC47VM6,1,4,16,-0.140500,0.15,1,2,true,16904,Number,Q,training,study2b_R_6mmzZYOzfC47VM6.csv,-0.1479,
97418,R_6mmzZYOzfC47VM6,2,47,22,0.069900,0.15,1,2,true,2438,Number,Q,training,study2b_R_6mmzZYOzfC47VM6.csv,0.079832,
97418,R_6mmzZYOzfC47VM6,3,27,14,-0.034900,0.15,1,2,true,2283,Number,P,training,study2b_R_6mmzZYOzfC47VM6.csv,-0.023838,
97418,R_6mmzZYOzfC47VM6,4,19,14,-0.069900,0.15,1,2,true,7059,Number,P,training,study2b_R_6mmzZYOzfC47VM6.csv,-0.081776,
97418,R_6mmzZYOzfC47VM6,5,62,20,0.140500,0.15,1,2,true,2033,Number,Q,training,study2b_R_6mmzZYOzfC47VM6.csv,0.132709,
97418,R_6mmzZYOzfC47VM6,6,43,14,0.069900,0.15,1,2,true,2055,Number,P,training,study2b_R_6mmzZYOzfC47VM6.csv,0.068599,
97418,R_6mmzZYOzfC47VM6,7,20,16,-0.069900,0.15,1,2,false,1813,Number,P,training,study2b_R_6mmzZYOzfC47VM6.csv,-0.054316,
97418,R_6mmzZYOzfC47VM6,8,60,16,0.140500,0.15,1,2,false,32069,Number,P,training,study2b_R_6mmzZYOzfC47VM6.csv,0.142787,
97418,R_6mmzZYOzfC47VM6,9,32,8,0.034900,0.15,1,2,true,2843,Number,P,training,study2b_R_6mmzZYOzfC47VM6.csv,0.02678,
97418,R_6mmzZYOzfC47VM6,10,15,22,-0.105100,0.15,1,2,true,2052,Number,Q,training,study2b_R_6mmzZYOzfC47VM6.csv,-0.110288,
97418,R_6mmzZYOzfC47VM6,11,402,12,0.105100,0.15,1,2,true,2184,Number,P,main,study2b_R_6mmzZYOzfC47VM6.csv,0.116009,
97418,R_6mmzZYOzfC47VM6,12,414,14,0.105100,0.15,1,2,true,1027,Number,P,main,study2b_R_6mmzZYOzfC47VM6.csv,0.088229,
97418,R_6mmzZYOzfC47VM6,13,173,18,-0.069900,0.15,1,2,false,1112,Number,P,main,study2b_R_6mmzZYOzfC47VM6.csv,-0.080157,
97418,R_6mmzZYOzfC47VM6,14,274,12,0.034900,0.15,1,2,true,840,Number,P,main,study2b_R_6mmzZYOzfC47VM6.csv,0.039015,
97418,R_6mmzZYOzfC47VM6,15,378,22,0.069900,0.15,1,2,true,865,Number,Q,main,study2b_R_6mmzZYOzfC47VM6.csv,0.058084,
97418,R_6mmzZYOzfC47VM6,16,470,12,0.140500,0.15,1,2,true,815,Number,P,main,study2b_R_6mmzZYOzfC47VM6.csv,0.148254,
97418,R_6mmzZYOzfC47VM6,17,216,14,-0.034900,0.15,1,2,true,2416,Number,P,main,study2b_R_6mmzZYOzfC47VM6.csv,-0.02952,
97418,R_6mmzZYOzfC47VM6,18,0,8,-0.140500,0.15,1,2,true,761,Number,P,main,study2b_R_6mmzZYOzfC47VM6.csv,-0.156272,
97418,R_6mmzZYOzfC47VM6,19,85,12,-0.105100,0.15,1,2,true,1046,Number,P,main,study2b_R_6mmzZYOzfC47VM6.csv,-0.118968,
97418,R_6mmzZYOzfC47VM6,20,366,18,0.069900,0.15,1,2,true,993,Number,Q,main,study2b_R_6mmzZYOzfC47VM6.csv,0.071952,
97418,R_6mmzZYOzfC47VM6,21,68,8,-0.105100,0.15,1,2,true,730,Number,P,main,study2b_R_6mmzZYOzfC47VM6.csv,-0.096473,
97418,R_6mmzZYOzfC47VM6,22,221,14,-0.034900,0.15,1,2,true,1360,Number,P,main,study2b_R_6mmzZYOzfC47VM6.csv,-0.048448,
97418,R_6mmzZYOzfC47VM6,23,482,16,0.140500,0.15,1,2,false,2593,Number,P,main,study2b_R_6mmzZYOzfC47VM6.csv,0.147301,
97418,R_6mmzZYOzfC47VM6,24,17,12,-0.140500,0.15,1,2,true,1174,Number,P,main,study2b_R_6mmzZYOzfC47VM6.csv,-0.150518,
97418,R_6mmzZYOzfC47VM6,25,48,20,-0.140500,0.15,1,2,true,971,Number,Q,main,study2b_R_6mmzZYOzfC47VM6.csv,-0.144017,
97418,R_6mmzZYOzfC47VM6,26,502,20,0.140500,0.15,1,2,true,934,Number,Q,main,study2b_R_6mmzZYOzfC47VM6.csv,0.154258,
97418,R_6mmzZYOzfC47VM6,27,60,22,-0.140500,0.15,1,2,true,1093,Number,Q,main,study2b_R_6mmzZYOzfC47VM6.csv,-0.156155,
97418,R_6mmzZYOzfC47VM6,28,151,12,-0.069900,0.15,1,2,true,1321,Number,P,main,study2b_R_6mmzZYOzfC47VM6.csv,-0.062978,
97418,R_6mmzZYOzfC47VM6,29,51,20,-0.140500,0.15,1,2,true,921,Number,Q,main,study2b_R_6mmzZYOzfC47VM6.csv,-0.15348,
97418,R_6mmzZYOzfC47VM6,30,280,14,0.034900,0.15,1,2,true,1533,Number,P,main,study2b_R_6mmzZYOzfC47VM6.csv,0.034515,
97418,R_6mmzZYOzfC47VM6,31,201,10,-0.034900,0.15,1,2,true,1221,Number,P,main,study2b_R_6mmzZYOzfC47VM6.csv,-0.029512,
97418,R_6mmzZYOzfC47VM6,32,425,18,0.105100,0.15,1,2,true,1168,Number,Q,main,study2b_R_6mmzZYOzfC47VM6.csv,0.105701,
97418,R_6mmzZYOzfC47VM6,33,392,10,0.105100,0.15,1,2,true,779,Number,P,main,study2b_R_6mmzZYOzfC47VM6.csv,0.105319,
97418,R_6mmzZYOzfC47VM6,34,337,12,0.069900,0.15,1,2,true,866,Number,P,main,study2b_R_6mmzZYOzfC47VM6.csv,0.055998,
97418,R_6mmzZYOzfC47VM6,35,69,8,-0.105100,0.15,1,2,true,793,Number,P,main,study2b_R_6mmzZYOzfC47VM6.csv,-0.087724,
97418,R_6mmzZYOzfC47VM6,36,108,18,-0.105100,0.15,1,2,true,1052,Number,Q,main,study2b_R_6mmzZYOzfC47VM6.csv,-0.120758,
97418,R_6mmzZYOzfC47VM6,37,460,10,0.140500,0.15,1,2,true,2752,Number,P,main,study2b_R_6mmzZYOzfC47VM6.csv,0.15212,
97418,R_6mmzZYOzfC47VM6,38,483,16,0.140500,0.15,1,2,true,1334,Number,Q,main,study2b_R_6mmzZYOzfC47VM6.csv,0.129542,
97418,R_6mmzZYOzfC47VM6,39,90,14,-0.105100,0.15,1,2,true,1373,Number,P,main,study2b_R_6mmzZYOzfC47VM6.csv,-0.102653,
97418,R_6mmzZYOzfC47VM6,40,236,18,-0.034900,0.15,1,2,true,965,Number,Q,main,study2b_R_6mmzZYOzfC47VM6.csv,-0.021743,
97418,R_6mmzZYOzfC47VM6,41,219,14,-0.034900,0.15,1,2,true,673,Number,P,main,study2b_R_6mmzZYOzfC47VM6.csv,-0.029928,
97418,R_6mmzZYOzfC47VM6,42,481,16,0.140500,0.15,1,2,false,1007,Number,P,main,study2b_R_6mmzZYOzfC47VM6.csv,0.144235,
97418,R_6mmzZYOzfC47VM6,43,342,12,0.069900,0.15,1,2,true,1223,Number,P,main,study2b_R_6mmzZYOzfC47VM6.csv,0.078747,
97418,R_6mmzZYOzfC47VM6,44,148,12,-0.069900,0.15,1,2,true,694,Number,P,main,study2b_R_6mmzZYOzfC47VM6.csv,-0.061902,
97418,R_6mmzZYOzfC47VM6,45,456,10,0.140500,0.15,1,2,true,1169,Number,P,main,study2b_R_6mmzZYOzfC47VM6.csv,0.133913,
97418,R_6mmzZYOzfC47VM6,46,487,16,0.140500,0.15,1,2,false,905,Number,P,main,study2b_R_6mmzZYOzfC47VM6.csv,0.147616,
97418,R_6mmzZYOzfC47VM6,47,461,10,0.140500,0.15,1,2,true,743,Number,P,main,study2b_R_6mmzZYOzfC47VM6.csv,0.150054,
97418,R_6mmzZYOzfC47VM6,48,424,18,0.105100,0.15,1,2,true,755,Number,Q,main,study2b_R_6mmzZYOzfC47VM6.csv,0.113649,
97418,R_6mmzZYOzfC47VM6,49,447,22,0.105100,0.15,1,2,true,825,Number,Q,main,study2b_R_6mmzZYOzfC47VM6.csv,0.121638,
97418,R_6mmzZYOzfC47VM6,50,439,20,0.105100,0.15,1,2,true,1549,Number,Q,main,study2b_R_6mmzZYOzfC47VM6.csv,0.114281,
97418,R_6mmzZYOzfC47VM6,51,172,18,-0.069900,0.15,1,2,false,1241,Number,P,main,study2b_R_6mmzZYOzfC47VM6.csv,-0.059752,
97418,R_6mmzZYOzfC47VM6,52,248,22,-0.034900,0.15,1,2,false,2898,Number,P,main,study2b_R_6mmzZYOzfC47VM6.csv,-0.048093,
97418,R_6mmzZYOzfC47VM6,53,158,14,-0.069900,0.15,1,2,false,900,Number,Q,main,study2b_R_6mmzZYOzfC47VM6.csv,-0.068639,
97418,R_6mmzZYOzfC47VM6,54,431,18,0.105100,0.15,1,2,true,1514,Number,Q,main,study2b_R_6mmzZYOzfC47VM6.csv,0.105664,
97418,R_6mmzZYOzfC47VM6,55,111,18,-0.105100,0.15,1,2,true,1322,Number,Q,main,study2b_R_6mmzZYOzfC47VM6.csv,-0.094527,
97418,R_6mmzZYOzfC47VM6,56,10,10,-0.140500,0.15,1,2,true,648,Number,P,main,study2b_R_6mmzZYOzfC47VM6.csv,-0.154413,
97418,R_6mmzZYOzfC47VM6,57,7,8,-0.140500,0.15,1,2,true,600,Number,P,main,study2b_R_6mmzZYOzfC47VM6.csv,-0.133968,
97418,R_6mmzZYOzfC47VM6,58,214,12,-0.034900,0.15,1,2,true,945,Number,P,main,study2b_R_6mmzZYOzfC47VM6.csv,-0.020203,
97418,R_6mmzZYOzfC47VM6,59,484,16,0.140500,0.15,1,2,true,695,Number,Q,main,study2b_R_6mmzZYOzfC47VM6.csv,0.13717,
97418,R_6mmzZYOzfC47VM6,60,380,22,0.069900,0.15,1,2,true,810,Number,Q,main,study2b_R_6mmzZYOzfC47VM6.csv,0.065025,
97418,R_6mmzZYOzfC47VM6,61,99,16,-0.105100,0.15,1,2,true,1883,Number,Q,main,study2b_R_6mmzZYOzfC47VM6.csv,-0.120323,
97418,R_6mmzZYOzfC47VM6,62,134,8,-0.069900,0.15,1,2,true,610,Number,P,main,study2b_R_6mmzZYOzfC47VM6.csv,-0.077814,
97418,R_6mmzZYOzfC47VM6,63,102,16,-0.105100,0.15,1,2,true,921,Number,Q,main,study2b_R_6mmzZYOzfC47VM6.csv,-0.093591,
97418,R_6mmzZYOzfC47VM6,64,507,22,0.140500,0.15,1,2,true,692,Number,Q,main,study2b_R_6mmzZYOzfC47VM6.csv,0.147988,
97418,R_6mmzZYOzfC47VM6,65,78,10,-0.105100,0.15,1,2,true,650,Number,P,main,study2b_R_6mmzZYOzfC47VM6.csv,-0.090955,
97418,R_6mmzZYOzfC47VM6,66,164,16,-0.069900,0.15,1,2,false,1155,Number,P,main,study2b_R_6mmzZYOzfC47VM6.csv,-0.068001,
97418,R_6mmzZYOzfC47VM6,67,437,20,0.105100,0.15,1,2,true,1304,Number,Q,main,study2b_R_6mmzZYOzfC47VM6.csv,0.095448,
97418,R_6mmzZYOzfC47VM6,68,382,22,0.069900,0.15,1,2,true,1158,Number,Q,main,study2b_R_6mmzZYOzfC47VM6.csv,0.071763,
97418,R_6mmzZYOzfC47VM6,69,212,12,-0.034900,0.15,1,2,true,753,Number,P,main,study2b_R_6mmzZYOzfC47VM6.csv,-0.045747,
97418,R_6mmzZYOzfC47VM6,70,320,8,0.069900,0.15,1,2,true,774,Number,P,main,study2b_R_6mmzZYOzfC47VM6.csv,0.053282,
97418,R_6mmzZYOzfC47VM6,71,55,20,-0.140500,0.15,1,2,true,872,Number,Q,main,study2b_R_6mmzZYOzfC47VM6.csv,-0.157628,
97418,R_6mmzZYOzfC47VM6,72,346,14,0.069900,0.15,1,2,true,669,Number,P,main,study2b_R_6mmzZYOzfC47VM6.csv,0.080491,
97418,R_6mmzZYOzfC47VM6,73,330,10,0.069900,0.15,1,2,true,651,Number,P,main,study2b_R_6mmzZYOzfC47VM6.csv,0.062929,
97418,R_6mmzZYOzfC47VM6,74,328,10,0.069900,0.15,1,2,true,743,Number,P,main,study2b_R_6mmzZYOzfC47VM6.csv,0.07991,
97418,R_6mmzZYOzfC47VM6,75,245,20,-0.034900,0.15,1,2,true,777,Number,Q,main,study2b_R_6mmzZYOzfC47VM6.csv,-0.026028,
97418,R_6mmzZYOzfC47VM6,76,468,12,0.140500,0.15,1,2,true,1004,Number,P,main,study2b_R_6mmzZYOzfC47VM6.csv,0.150648,
97418,R_6mmzZYOzfC47VM6,77,434,20,0.105100,0.15,1,2,true,1070,Number,Q,main,study2b_R_6mmzZYOzfC47VM6.csv,0.099259,
97418,R_6mmzZYOzfC47VM6,78,486,16,0.140500,0.15,1,2,true,980,Number,Q,main,study2b_R_6mmzZYOzfC47VM6.csv,0.128483,
97418,R_6mmzZYOzfC47VM6,79,157,14,-0.069900,0.15,1,2,false,1219,Number,Q,main,study2b_R_6mmzZYOzfC47VM6.csv,-0.083334,
97418,R_6mmzZYOzfC47VM6,80,383,22,0.069900,0.15,1,2,true,1211,Number,Q,main,study2b_R_6mmzZYOzfC47VM6.csv,0.062704,
97418,R_6mmzZYOzfC47VM6,81,453,8,0.140500,0.15,1,2,true,514,Number,P,main,study2b_R_6mmzZYOzfC47VM6.csv,0.146563,
97418,R_6mmzZYOzfC47VM6,82,73,10,-0.105100,0.15,1,2,true,489,Number,P,main,study2b_R_6mmzZYOzfC47VM6.csv,-0.097773,
97418,R_6mmzZYOzfC47VM6,83,503,20,0.140500,0.15,1,2,true,702,Number,Q,main,study2b_R_6mmzZYOzfC47VM6.csv,0.157826,
97418,R_6mmzZYOzfC47VM6,84,409,14,0.105100,0.15,1,2,true,1600,Number,P,main,study2b_R_6mmzZYOzfC47VM6.csv,0.104867,
97418,R_6mmzZYOzfC47VM6,85,388,8,0.105100,0.15,1,2,true,708,Number,P,main,study2b_R_6mmzZYOzfC47VM6.csv,0.101427,
97418,R_6mmzZYOzfC47VM6,86,15,10,-0.140500,0.15,1,2,true,877,Number,P,main,study2b_R_6mmzZYOzfC47VM6.csv,-0.145857,
97418,R_6mmzZYOzfC47VM6,87,314,22,0.034900,0.15,1,2,true,670,Number,Q,main,study2b_R_6mmzZYOzfC47VM6.csv,0.046548,
97418,R_6mmzZYOzfC47VM6,88,170,18,-0.069900,0.15,1,2,true,1662,Number,Q,main,study2b_R_6mmzZYOzfC47VM6.csv,-0.058395,
97418,R_6mmzZYOzfC47VM6,89,211,12,-0.034900,0.15,1,2,true,716,Number,P,main,study2b_R_6mmzZYOzfC47VM6.csv,-0.038664,
97418,R_6mmzZYOzfC47VM6,90,505,22,0.140500,0.15,1,2,true,597,Number,Q,main,study2b_R_6mmzZYOzfC47VM6.csv,0.157891,
97418,R_6mmzZYOzfC47VM6,91,357,16,0.069900,0.15,1,2,true,1019,Number,Q,main,study2b_R_6mmzZYOzfC47VM6.csv,0.067732,
97418,R_6mmzZYOzfC47VM6,92,184,22,-0.069900,0.15,1,2,true,703,Number,Q,main,study2b_R_6mmzZYOzfC47VM6.csv,-0.076899,
97418,R_6mmzZYOzfC47VM6,93,6,8,-0.140500,0.15,1,2,true,519,Number,P,main,study2b_R_6mmzZYOzfC47VM6.csv,-0.144873,
97418,R_6mmzZYOzfC47VM6,94,231,16,-0.034900,0.15,1,2,true,763,Number,Q,main,study2b_R_6mmzZYOzfC47VM6.csv,-0.031678,
97418,R_6mmzZYOzfC47VM6,95,107,18,-0.105100,0.15,1,2,true,668,Number,Q,main,study2b_R_6mmzZYOzfC47VM6.csv,-0.104546,
97418,R_6mmzZYOzfC47VM6,96,109,18,-0.105100,0.15,1,2,false,851,Number,P,main,study2b_R_6mmzZYOzfC47VM6.csv,-0.116645,
97418,R_6mmzZYOzfC47VM6,97,375,20,0.069900,0.15,1,2,true,916,Number,Q,main,study2b_R_6mmzZYOzfC47VM6.csv,0.054653,
97418,R_6mmzZYOzfC47VM6,98,5,8,-0.140500,0.15,1,2,true,578,Number,P,main,study2b_R_6mmzZYOzfC47VM6.csv,-0.152536,
97418,R_6mmzZYOzfC47VM6,99,285,14,0.034900,0.15,1,2,true,1145,Number,P,main,study2b_R_6mmzZYOzfC47VM6.csv,0.036705,
97418,R_6mmzZYOzfC47VM6,100,143,10,-0.069900,0.15,1,2,true,569,Number,P,main,study2b_R_6mmzZYOzfC47VM6.csv,-0.078471,
97418,R_6mmzZYOzfC47VM6,101,263,8,0.034900,0.15,1,2,true,609,Number,P,main,study2b_R_6mmzZYOzfC47VM6.csv,0.046892,
97418,R_6mmzZYOzfC47VM6,102,138,10,-0.069900,0.15,1,2,true,1014,Number,P,main,study2b_R_6mmzZYOzfC47VM6.csv,-0.066098,
97418,R_6mmzZYOzfC47VM6,103,406,12,0.105100,0.15,1,2,true,723,Number,P,main,study2b_R_6mmzZYOzfC47VM6.csv,0.118297,
97418,R_6mmzZYOzfC47VM6,104,163,16,-0.069900,0.15,1,2,true,1372,Number,Q,main,study2b_R_6mmzZYOzfC47VM6.csv,-0.076989,
97418,R_6mmzZYOzfC47VM6,105,399,10,0.105100,0.15,1,2,true,676,Number,P,main,study2b_R_6mmzZYOzfC47VM6.csv,0.092598,
97418,R_6mmzZYOzfC47VM6,106,476,14,0.140500,0.15,1,2,true,1072,Number,P,main,study2b_R_6mmzZYOzfC47VM6.csv,0.128519,
97418,R_6mmzZYOzfC47VM6,107,275,12,0.034900,0.15,1,2,true,852,Number,P,main,study2b_R_6mmzZYOzfC47VM6.csv,0.01876,
97418,R_6mmzZYOzfC47VM6,108,370,20,0.069900,0.15,1,2,true,980,Number,Q,main,study2b_R_6mmzZYOzfC47VM6.csv,0.055031,
97418,R_6mmzZYOzfC47VM6,109,124,22,-0.105100,0.15,1,2,true,754,Number,Q,main,study2b_R_6mmzZYOzfC47VM6.csv,-0.104379,
97418,R_6mmzZYOzfC47VM6,110,256,8,0.034900,0.15,1,2,true,640,Number,P,main,study2b_R_6mmzZYOzfC47VM6.csv,0.049748,
97418,R_6mmzZYOzfC47VM6,111,165,16,-0.069900,0.15,1,2,false,1572,Number,P,main,study2b_R_6mmzZYOzfC47VM6.csv,-0.077331,
97418,R_6mmzZYOzfC47VM6,112,490,18,0.140500,0.15,1,2,true,763,Number,Q,main,study2b_R_6mmzZYOzfC47VM6.csv,0.148033,
97418,R_6mmzZYOzfC47VM6,113,441,22,0.105100,0.15,1,2,true,886,Number,Q,main,study2b_R_6mmzZYOzfC47VM6.csv,0.094937,
97418,R_6mmzZYOzfC47VM6,114,379,22,0.069900,0.15,1,2,true,1456,Number,Q,main,study2b_R_6mmzZYOzfC47VM6.csv,0.066642,
97418,R_6mmzZYOzfC47VM6,115,199,8,-0.034900,0.15,1,2,true,592,Number,P,main,study2b_R_6mmzZYOzfC47VM6.csv,-0.046221,
97418,R_6mmzZYOzfC47VM6,116,300,18,0.034900,0.15,1,2,true,1302,Number,Q,main,study2b_R_6mmzZYOzfC47VM6.csv,0.019933,
97418,R_6mmzZYOzfC47VM6,117,136,10,-0.069900,0.15,1,2,true,540,Number,P,main,study2b_R_6mmzZYOzfC47VM6.csv,-0.070707,
97418,R_6mmzZYOzfC47VM6,118,59,22,-0.140500,0.15,1,2,true,703,Number,Q,main,study2b_R_6mmzZYOzfC47VM6.csv,-0.149335,
97418,R_6mmzZYOzfC47VM6,119,294,16,0.034900,0.15,1,2,true,1216,Number,Q,main,study2b_R_6mmzZYOzfC47VM6.csv,0.031084,
97418,R_6mmzZYOzfC47VM6,120,161,16,-0.069900,0.15,1,2,true,1322,Number,Q,main,study2b_R_6mmzZYOzfC47VM6.csv,-0.064653,
97418,R_6mmzZYOzfC47VM6,121,71,8,-0.105100,0.15,1,2,true,681,Number,P,main,study2b_R_6mmzZYOzfC47VM6.csv,-0.113168,
97418,R_6mmzZYOzfC47VM6,122,364,18,0.069900,0.15,1,2,true,813,Number,Q,main,study2b_R_6mmzZYOzfC47VM6.csv,0.084004,
97418,R_6mmzZYOzfC47VM6,123,257,8,0.034900,0.15,1,2,true,682,Number,P,main,study2b_R_6mmzZYOzfC47VM6.csv,0.034429,
97418,R_6mmzZYOzfC47VM6,124,220,14,-0.034900,0.15,1,2,false,757,Number,Q,main,study2b_R_6mmzZYOzfC47VM6.csv,-0.042598,
97418,R_6mmzZYOzfC47VM6,125,395,10,0.105100,0.15,1,2,true,789,Number,P,main,study2b_R_6mmzZYOzfC47VM6.csv,0.1063,
97418,R_6mmzZYOzfC47VM6,126,154,14,-0.069900,0.15,1,2,false,772,Number,Q,main,study2b_R_6mmzZYOzfC47VM6.csv,-0.069371,
97418,R_6mmzZYOzfC47VM6,127,1,8,-0.140500,0.15,1,2,true,589,Number,P,main,study2b_R_6mmzZYOzfC47VM6.csv,-0.134938,
97418,R_6mmzZYOzfC47VM6,128,34,16,-0.140500,0.15,1,2,false,1179,Number,P,main,study2b_R_6mmzZYOzfC47VM6.csv,-0.136721,
97418,R_6mmzZYOzfC47VM6,129,419,16,0.105100,0.15,1,2,true,1843,Number,Q,main,study2b_R_6mmzZYOzfC47VM6.csv,0.091507,
97418,R_6mmzZYOzfC47VM6,130,31,14,-0.140500,0.15,1,2,false,1232,Number,Q,main,study2b_R_6mmzZYOzfC47VM6.csv,-0.132342,
97418,R_6mmzZYOzfC47VM6,131,292,16,0.034900,0.15,1,2,true,1094,Number,Q,main,study2b_R_6mmzZYOzfC47VM6.csv,0.022992,
97418,R_6mmzZYOzfC47VM6,132,336,12,0.069900,0.15,1,2,true,1257,Number,P,main,study2b_R_6mmzZYOzfC47VM6.csv,0.063042,
97418,R_6mmzZYOzfC47VM6,133,426,18,0.105100,0.15,1,2,false,2859,Number,P,main,study2b_R_6mmzZYOzfC47VM6.csv,0.11316,
97418,R_6mmzZYOzfC47VM6,134,128,8,-0.069900,0.15,1,2,true,664,Number,P,main,study2b_R_6mmzZYOzfC47VM6.csv,-0.074618,
97418,R_6mmzZYOzfC47VM6,135,450,8,0.140500,0.15,1,2,true,800,Number,P,main,study2b_R_6mmzZYOzfC47VM6.csv,0.135411,
97418,R_6mmzZYOzfC47VM6,136,498,20,0.140500,0.15,1,2,true,701,Number,Q,main,study2b_R_6mmzZYOzfC47VM6.csv,0.131876,
97418,R_6mmzZYOzfC47VM6,137,401,12,0.105100,0.15,1,2,true,895,Number,P,main,study2b_R_6mmzZYOzfC47VM6.csv,0.116832,
97418,R_6mmzZYOzfC47VM6,138,114,20,-0.105100,0.15,1,2,true,763,Number,Q,main,study2b_R_6mmzZYOzfC47VM6.csv,-0.112049,
97418,R_6mmzZYOzfC47VM6,139,478,14,0.140500,0.15,1,2,true,2642,Number,P,main,study2b_R_6mmzZYOzfC47VM6.csv,0.128896,
97418,R_6mmzZYOzfC47VM6,140,267,10,0.034900,0.15,1,2,true,835,Number,P,main,study2b_R_6mmzZYOzfC47VM6.csv,0.020683,
97418,R_6mmzZYOzfC47VM6,141,187,22,-0.069900,0.15,1,2,true,1362,Number,Q,main,study2b_R_6mmzZYOzfC47VM6.csv,-0.060968,
97418,R_6mmzZYOzfC47VM6,142,260,8,0.034900,0.15,1,2,true,920,Number,P,main,study2b_R_6mmzZYOzfC47VM6.csv,0.041701,
97418,R_6mmzZYOzfC47VM6,143,289,16,0.034900,0.15,1,2,true,882,Number,Q,main,study2b_R_6mmzZYOzfC47VM6.csv,0.049475,
97418,R_6mmzZYOzfC47VM6,144,140,10,-0.069900,0.15,1,2,true,616,Number,P,main,study2b_R_6mmzZYOzfC47VM6.csv,-0.064883,
97418,R_6mmzZYOzfC47VM6,145,4,8,-0.140500,0.15,1,2,true,513,Number,P,main,study2b_R_6mmzZYOzfC47VM6.csv,-0.138125,
97418,R_6mmzZYOzfC47VM6,146,397,10,0.105100,0.15,1,2,true,610,Number,P,main,study2b_R_6mmzZYOzfC47VM6.csv,0.116898,
97418,R_6mmzZYOzfC47VM6,147,241,20,-0.034900,0.15,1,2,true,550,Number,Q,main,study2b_R_6mmzZYOzfC47VM6.csv,-0.046489,
97418,R_6mmzZYOzfC47VM6,148,475,14,0.140500,0.15,1,2,false,1377,Number,Q,main,study2b_R_6mmzZYOzfC47VM6.csv,0.126168,
97418,R_6mmzZYOzfC47VM6,149,497,20,0.140500,0.15,1,2,true,1068,Number,Q,main,study2b_R_6mmzZYOzfC47VM6.csv,0.140317,
97418,R_6mmzZYOzfC47VM6,150,373,20,0.069900,0.15,1,2,true,783,Number,Q,main,study2b_R_6mmzZYOzfC47VM6.csv,0.053542,
97418,R_6mmzZYOzfC47VM6,151,430,18,0.105100,0.15,1,2,false,766,Number,P,main,study2b_R_6mmzZYOzfC47VM6.csv,0.08933,
97418,R_6mmzZYOzfC47VM6,152,66,8,-0.105100,0.15,1,2,true,699,Number,P,main,study2b_R_6mmzZYOzfC47VM6.csv,-0.089989,
97418,R_6mmzZYOzfC47VM6,153,368,20,0.069900,0.15,1,2,true,958,Number,Q,main,study2b_R_6mmzZYOzfC47VM6.csv,0.069952,
97418,R_6mmzZYOzfC47VM6,154,313,22,0.034900,0.15,1,2,true,1518,Number,Q,main,study2b_R_6mmzZYOzfC47VM6.csv,0.029326,
97418,R_6mmzZYOzfC47VM6,155,325,8,0.069900,0.15,1,2,true,1171,Number,P,main,study2b_R_6mmzZYOzfC47VM6.csv,0.083785,
97418,R_6mmzZYOzfC47VM6,156,237,18,-0.034900,0.15,1,2,true,716,Number,Q,main,study2b_R_6mmzZYOzfC47VM6.csv,-0.032774,
97418,R_6mmzZYOzfC47VM6,157,423,16,0.105100,0.15,1,2,false,1611,Number,P,main,study2b_R_6mmzZYOzfC47VM6.csv,0.121951,
97418,R_6mmzZYOzfC47VM6,158,338,12,0.069900,0.15,1,2,true,716,Number,P,main,study2b_R_6mmzZYOzfC47VM6.csv,0.056169,
97418,R_6mmzZYOzfC47VM6,159,238,18,-0.034900,0.15,1,2,true,671,Number,Q,main,study2b_R_6mmzZYOzfC47VM6.csv,-0.031918,
97418,R_6mmzZYOzfC47VM6,160,466,12,0.140500,0.15,1,2,true,636,Number,P,main,study2b_R_6mmzZYOzfC47VM6.csv,0.145809,
97418,R_6mmzZYOzfC47VM6,161,496,20,0.140500,0.15,1,2,true,670,Number,Q,main,study2b_R_6mmzZYOzfC47VM6.csv,0.141337,
97418,R_6mmzZYOzfC47VM6,162,16,12,-0.140500,0.15,1,2,true,659,Number,P,main,study2b_R_6mmzZYOzfC47VM6.csv,-0.152643,
97418,R_6mmzZYOzfC47VM6,163,413,14,0.105100,0.15,1,2,true,1601,Number,P,main,study2b_R_6mmzZYOzfC47VM6.csv,0.091598,
97418,R_6mmzZYOzfC47VM6,164,2,8,-0.140500,0.15,1,2,true,606,Number,P,main,study2b_R_6mmzZYOzfC47VM6.csv,-0.130492,
97418,R_6mmzZYOzfC47VM6,165,266,10,0.034900,0.15,1,2,true,596,Number,P,main,study2b_R_6mmzZYOzfC47VM6.csv,0.044211,
97418,R_6mmzZYOzfC47VM6,166,464,12,0.140500,0.15,1,2,true,647,Number,P,main,study2b_R_6mmzZYOzfC47VM6.csv,0.146393,
97418,R_6mmzZYOzfC47VM6,167,489,18,0.140500,0.15,1,2,true,526,Number,Q,main,study2b_R_6mmzZYOzfC47VM6.csv,0.14854,
97418,R_6mmzZYOzfC47VM6,168,394,10,0.105100,0.15,1,2,true,598,Number,P,main,study2b_R_6mmzZYOzfC47VM6.csv,0.105034,
97418,R_6mmzZYOzfC47VM6,169,333,10,0.069900,0.15,1,2,true,885,Number,P,main,study2b_R_6mmzZYOzfC47VM6.csv,0.081543,
97418,R_6mmzZYOzfC47VM6,170,94,14,-0.105100,0.15,1,2,true,620,Number,P,main,study2b_R_6mmzZYOzfC47VM6.csv,-0.121764,
97418,R_6mmzZYOzfC47VM6,171,398,10,0.105100,0.15,1,2,true,559,Number,P,main,study2b_R_6mmzZYOzfC47VM6.csv,0.104837,
97418,R_6mmzZYOzfC47VM6,172,64,8,-0.105100,0.15,1,2,true,512,Number,P,main,study2b_R_6mmzZYOzfC47VM6.csv,-0.122349,
97418,R_6mmzZYOzfC47VM6,173,92,14,-0.105100,0.15,1,2,true,1232,Number,P,main,study2b_R_6mmzZYOzfC47VM6.csv,-0.113475,
97418,R_6mmzZYOzfC47VM6,174,132,8,-0.069900,0.15,1,2,true,584,Number,P,main,study2b_R_6mmzZYOzfC47VM6.csv,-0.068327,
97418,R_6mmzZYOzfC47VM6,175,72,10,-0.105100,0.15,1,2,true,1032,Number,P,main,study2b_R_6mmzZYOzfC47VM6.csv,-0.091069,
97418,R_6mmzZYOzfC47VM6,176,174,18,-0.069900,0.15,1,2,true,583,Number,Q,main,study2b_R_6mmzZYOzfC47VM6.csv,-0.058905,
97418,R_6mmzZYOzfC47VM6,177,348,14,0.069900,0.15,1,2,true,585,Number,P,main,study2b_R_6mmzZYOzfC47VM6.csv,0.078982,
97418,R_6mmzZYOzfC47VM6,178,387,8,0.105100,0.15,1,2,true,584,Number,P,main,study2b_R_6mmzZYOzfC47VM6.csv,0.111397,
97418,R_6mmzZYOzfC47VM6,179,24,14,-0.140500,0.15,1,2,false,1090,Number,Q,main,study2b_R_6mmzZYOzfC47VM6.csv,-0.157904,
97418,R_6mmzZYOzfC47VM6,180,67,8,-0.105100,0.15,1,2,true,520,Number,P,main,study2b_R_6mmzZYOzfC47VM6.csv,-0.091124,
97418,R_6mmzZYOzfC47VM6,181,84,12,-0.105100,0.15,1,2,true,1170,Number,P,main,study2b_R_6mmzZYOzfC47VM6.csv,-0.119453,
97418,R_6mmzZYOzfC47VM6,182,446,22,0.105100,0.15,1,2,true,621,Number,Q,main,study2b_R_6mmzZYOzfC47VM6.csv,0.122365,
97418,R_6mmzZYOzfC47VM6,183,428,18,0.105100,0.15,1,2,true,1136,Number,Q,main,study2b_R_6mmzZYOzfC47VM6.csv,0.100632,
97418,R_6mmzZYOzfC47VM6,184,288,16,0.034900,0.15,1,2,false,1413,Number,P,main,study2b_R_6mmzZYOzfC47VM6.csv,0.041209,
97418,R_6mmzZYOzfC47VM6,185,262,8,0.034900,0.15,1,2,true,857,Number,P,main,study2b_R_6mmzZYOzfC47VM6.csv,0.043294,
97418,R_6mmzZYOzfC47VM6,186,252,22,-0.034900,0.15,1,2,true,578,Number,Q,main,study2b_R_6mmzZYOzfC47VM6.csv,-0.037717,
97418,R_6mmzZYOzfC47VM6,187,308,20,0.034900,0.15,1,2,true,919,Number,Q,main,study2b_R_6mmzZYOzfC47VM6.csv,0.052349,
97418,R_6mmzZYOzfC47VM6,188,20,12,-0.140500,0.15,1,2,true,763,Number,P,main,study2b_R_6mmzZYOzfC47VM6.csv,-0.123938,
97418,R_6mmzZYOzfC47VM6,189,207,10,-0.034900,0.15,1,2,true,738,Number,P,main,study2b_R_6mmzZYOzfC47VM6.csv,-0.042206,
97418,R_6mmzZYOzfC47VM6,190,305,20,0.034900,0.15,1,2,true,941,Number,Q,main,study2b_R_6mmzZYOzfC47VM6.csv,0.037143,
97418,R_6mmzZYOzfC47VM6,191,232,18,-0.034900,0.15,1,2,true,905,Number,Q,main,study2b_R_6mmzZYOzfC47VM6.csv,-0.020059,
97418,R_6mmzZYOzfC47VM6,192,296,18,0.034900,0.15,1,2,true,761,Number,Q,main,study2b_R_6mmzZYOzfC47VM6.csv,0.051278,
97418,R_6mmzZYOzfC47VM6,193,495,18,0.140500,0.15,1,2,false,1111,Number,P,main,study2b_R_6mmzZYOzfC47VM6.csv,0.158077,
97418,R_6mmzZYOzfC47VM6,194,391,8,0.105100,0.15,1,2,true,530,Number,P,main,study2b_R_6mmzZYOzfC47VM6.csv,0.108477,
97418,R_6mmzZYOzfC47VM6,195,315,22,0.034900,0.15,1,2,true,586,Number,Q,main,study2b_R_6mmzZYOzfC47VM6.csv,0.026135,
97418,R_6mmzZYOzfC47VM6,196,167,16,-0.069900,0.15,1,2,false,1511,Number,P,main,study2b_R_6mmzZYOzfC47VM6.csv,-0.082674,
97418,R_6mmzZYOzfC47VM6,197,291,16,0.034900,0.15,1,2,true,1184,Number,Q,main,study2b_R_6mmzZYOzfC47VM6.csv,0.037882,
97418,R_6mmzZYOzfC47VM6,198,12,10,-0.140500,0.15,1,2,true,934,Number,P,main,study2b_R_6mmzZYOzfC47VM6.csv,-0.131128,
97418,R_6mmzZYOzfC47VM6,199,254,22,-0.034900,0.15,1,2,true,1011,Number,Q,main,study2b_R_6mmzZYOzfC47VM6.csv,-0.041326,
97418,R_6mmzZYOzfC47VM6,200,234,18,-0.034900,0.15,1,2,true,823,Number,Q,main,study2b_R_6mmzZYOzfC47VM6.csv,-0.033049,
97418,R_6mmzZYOzfC47VM6,201,62,22,-0.140500,0.15,1,2,false,4267,Number,P,main,study2b_R_6mmzZYOzfC47VM6.csv,-0.151102,
97418,R_6mmzZYOzfC47VM6,202,141,10,-0.069900,0.15,1,2,true,603,Number,P,main,study2b_R_6mmzZYOzfC47VM6.csv,-0.066286,
97418,R_6mmzZYOzfC47VM6,203,322,8,0.069900,0.15,1,2,true,614,Number,P,main,study2b_R_6mmzZYOzfC47VM6.csv,0.054882,
97418,R_6mmzZYOzfC47VM6,204,405,12,0.105100,0.15,1,2,false,879,Number,Q,main,study2b_R_6mmzZYOzfC47VM6.csv,0.119611,
97418,R_6mmzZYOzfC47VM6,205,459,10,0.140500,0.15,1,2,true,870,Number,P,main,study2b_R_6mmzZYOzfC47VM6.csv,0.139648,
97418,R_6mmzZYOzfC47VM6,206,385,8,0.105100,0.15,1,2,true,1529,Number,P,main,study2b_R_6mmzZYOzfC47VM6.csv,0.10512,
97418,R_6mmzZYOzfC47VM6,207,95,14,-0.105100,0.15,1,2,true,1037,Number,P,main,study2b_R_6mmzZYOzfC47VM6.csv,-0.089822,
97418,R_6mmzZYOzfC47VM6,208,358,16,0.069900,0.15,1,2,true,2007,Number,Q,main,study2b_R_6mmzZYOzfC47VM6.csv,0.074249,
97418,R_6mmzZYOzfC47VM6,209,462,10,0.140500,0.15,1,2,true,607,Number,P,main,study2b_R_6mmzZYOzfC47VM6.csv,0.142055,
97418,R_6mmzZYOzfC47VM6,210,53,20,-0.140500,0.15,1,2,true,672,Number,Q,main,study2b_R_6mmzZYOzfC47VM6.csv,-0.131965,
97418,R_6mmzZYOzfC47VM6,211,265,10,0.034900,0.15,1,2,true,693,Number,P,main,study2b_R_6mmzZYOzfC47VM6.csv,0.028015,
97418,R_6mmzZYOzfC47VM6,212,176,20,-0.069900,0.15,1,2,true,673,Number,Q,main,study2b_R_6mmzZYOzfC47VM6.csv,-0.064082,
97418,R_6mmzZYOzfC47VM6,213,149,12,-0.069900,0.15,1,2,true,835,Number,P,main,study2b_R_6mmzZYOzfC47VM6.csv,-0.063089,
97418,R_6mmzZYOzfC47VM6,214,88,14,-0.105100,0.15,1,2,true,1435,Number,P,main,study2b_R_6mmzZYOzfC47VM6.csv,-0.108759,
97418,R_6mmzZYOzfC47VM6,215,444,22,0.105100,0.15,1,2,true,620,Number,Q,main,study2b_R_6mmzZYOzfC47VM6.csv,0.122204,
97418,R_6mmzZYOzfC47VM6,216,407,12,0.105100,0.15,1,2,true,507,Number,P,main,study2b_R_6mmzZYOzfC47VM6.csv,0.088606,
97418,R_6mmzZYOzfC47VM6,217,155,14,-0.069900,0.15,1,2,true,1601,Number,P,main,study2b_R_6mmzZYOzfC47VM6.csv,-0.078297,
97418,R_6mmzZYOzfC47VM6,218,104,18,-0.105100,0.15,1,2,false,609,Number,P,main,study2b_R_6mmzZYOzfC47VM6.csv,-0.121881,
97418,R_6mmzZYOzfC47VM6,219,178,20,-0.069900,0.15,1,2,true,577,Number,Q,main,study2b_R_6mmzZYOzfC47VM6.csv,-0.070853,
97418,R_6mmzZYOzfC47VM6,220,137,10,-0.069900,0.15,1,2,true,531,Number,P,main,study2b_R_6mmzZYOzfC47VM6.csv,-0.085974,
97418,R_6mmzZYOzfC47VM6,221,131,8,-0.069900,0.15,1,2,true,650,Number,P,main,study2b_R_6mmzZYOzfC47VM6.csv,-0.053108,
97418,R_6mmzZYOzfC47VM6,222,180,20,-0.069900,0.15,1,2,true,604,Number,Q,main,study2b_R_6mmzZYOzfC47VM6.csv,-0.065366,
97418,R_6mmzZYOzfC47VM6,223,369,20,0.069900,0.15,1,2,true,589,Number,Q,main,study2b_R_6mmzZYOzfC47VM6.csv,0.086383,
97418,R_6mmzZYOzfC47VM6,224,37,16,-0.140500,0.15,1,2,true,1528,Number,Q,main,study2b_R_6mmzZYOzfC47VM6.csv,-0.131359,
97418,R_6mmzZYOzfC47VM6,225,279,12,0.034900,0.15,1,2,true,439,Number,P,main,study2b_R_6mmzZYOzfC47VM6.csv,0.04356,
97418,R_6mmzZYOzfC47VM6,226,150,12,-0.069900,0.15,1,2,true,674,Number,P,main,study2b_R_6mmzZYOzfC47VM6.csv,-0.065289,
97418,R_6mmzZYOzfC47VM6,227,56,22,-0.140500,0.15,1,2,true,820,Number,Q,main,study2b_R_6mmzZYOzfC47VM6.csv,-0.155308,
97418,R_6mmzZYOzfC47VM6,228,290,16,0.034900,0.15,1,2,true,1228,Number,Q,main,study2b_R_6mmzZYOzfC47VM6.csv,0.030071,
97418,R_6mmzZYOzfC47VM6,229,209,12,-0.034900,0.15,1,2,true,693,Number,P,main,study2b_R_6mmzZYOzfC47VM6.csv,-0.024713,
97418,R_6mmzZYOzfC47VM6,230,83,12,-0.105100,0.15,1,2,true,969,Number,P,main,study2b_R_6mmzZYOzfC47VM6.csv,-0.101086,
97418,R_6mmzZYOzfC47VM6,231,249,22,-0.034900,0.15,1,2,true,808,Number,Q,main,study2b_R_6mmzZYOzfC47VM6.csv,-0.036318,
97418,R_6mmzZYOzfC47VM6,232,278,12,0.034900,0.15,1,2,true,866,Number,P,main,study2b_R_6mmzZYOzfC47VM6.csv,0.030687,
97418,R_6mmzZYOzfC47VM6,233,204,10,-0.034900,0.15,1,2,true,615,Number,P,main,study2b_R_6mmzZYOzfC47VM6.csv,-0.030831,
97418,R_6mmzZYOzfC47VM6,234,125,22,-0.105100,0.15,1,2,true,767,Number,Q,main,study2b_R_6mmzZYOzfC47VM6.csv,-0.116516,
97418,R_6mmzZYOzfC47VM6,235,347,14,0.069900,0.15,1,2,true,815,Number,P,main,study2b_R_6mmzZYOzfC47VM6.csv,0.062609,
97418,R_6mmzZYOzfC47VM6,236,284,14,0.034900,0.15,1,2,true,1755,Number,P,main,study2b_R_6mmzZYOzfC47VM6.csv,0.036848,
97418,R_6mmzZYOzfC47VM6,237,205,10,-0.034900,0.15,1,2,true,618,Number,P,main,study2b_R_6mmzZYOzfC47VM6.csv,-0.045319,
97418,R_6mmzZYOzfC47VM6,238,427,18,0.105100,0.15,1,2,true,534,Number,Q,main,study2b_R_6mmzZYOzfC47VM6.csv,0.111581,
97418,R_6mmzZYOzfC47VM6,239,9,10,-0.140500,0.15,1,2,true,615,Number,P,main,study2b_R_6mmzZYOzfC47VM6.csv,-0.128093,
97418,R_6mmzZYOzfC47VM6,240,510,22,0.140500,0.15,1,2,true,1031,Number,Q,main,study2b_R_6mmzZYOzfC47VM6.csv,0.1386,
97418,R_6mmzZYOzfC47VM6,241,86,12,-0.105100,0.15,1,2,true,977,Number,P,main,study2b_R_6mmzZYOzfC47VM6.csv,-0.09568,
97418,R_6mmzZYOzfC47VM6,242,432,20,0.105100,0.15,1,2,true,614,Number,Q,main,study2b_R_6mmzZYOzfC47VM6.csv,0.117925,
97418,R_6mmzZYOzfC47VM6,243,246,20,-0.034900,0.15,1,2,true,793,Number,Q,main,study2b_R_6mmzZYOzfC47VM6.csv,-0.045523,
97418,R_6mmzZYOzfC47VM6,244,299,18,0.034900,0.15,1,2,true,617,Number,Q,main,study2b_R_6mmzZYOzfC47VM6.csv,0.022036,
97418,R_6mmzZYOzfC47VM6,245,3,8,-0.140500,0.15,1,2,true,579,Number,P,main,study2b_R_6mmzZYOzfC47VM6.csv,-0.156545,
97418,R_6mmzZYOzfC47VM6,246,227,16,-0.034900,0.15,1,2,true,614,Number,Q,main,study2b_R_6mmzZYOzfC47VM6.csv,-0.034511,
97418,R_6mmzZYOzfC47VM6,247,247,20,-0.034900,0.15,1,2,true,723,Number,Q,main,study2b_R_6mmzZYOzfC47VM6.csv,-0.038016,
97418,R_6mmzZYOzfC47VM6,248,335,10,0.069900,0.15,1,2,true,467,Number,P,main,study2b_R_6mmzZYOzfC47VM6.csv,0.056733,
97418,R_6mmzZYOzfC47VM6,249,321,8,0.069900,0.15,1,2,true,463,Number,P,main,study2b_R_6mmzZYOzfC47VM6.csv,0.075624,
97418,R_6mmzZYOzfC47VM6,250,101,16,-0.105100,0.15,1,2,true,556,Number,Q,main,study2b_R_6mmzZYOzfC47VM6.csv,-0.113642,
97418,R_6mmzZYOzfC47VM6,251,377,22,0.069900,0.15,1,2,true,614,Number,Q,main,study2b_R_6mmzZYOzfC47VM6.csv,0.083032,
97418,R_6mmzZYOzfC47VM6,252,188,22,-0.069900,0.15,1,2,false,925,Number,P,main,study2b_R_6mmzZYOzfC47VM6.csv,-0.059954,
97418,R_6mmzZYOzfC47VM6,253,253,22,-0.034900,0.15,1,2,true,711,Number,Q,main,study2b_R_6mmzZYOzfC47VM6.csv,-0.028418,
97418,R_6mmzZYOzfC47VM6,254,386,8,0.105100,0.15,1,2,true,695,Number,P,main,study2b_R_6mmzZYOzfC47VM6.csv,0.093004,
97418,R_6mmzZYOzfC47VM6,255,403,12,0.105100,0.15,1,2,true,669,Number,P,main,study2b_R_6mmzZYOzfC47VM6.csv,0.101157,
97418,R_6mmzZYOzfC47VM6,256,355,16,0.069900,0.15,1,2,true,1118,Number,Q,main,study2b_R_6mmzZYOzfC47VM6.csv,0.066617,
97418,R_6mmzZYOzfC47VM6,257,334,10,0.069900,0.15,1,2,true,571,Number,P,main,study2b_R_6mmzZYOzfC47VM6.csv,0.057735,
97418,R_6mmzZYOzfC47VM6,258,14,10,-0.140500,0.15,1,2,true,1134,Number,P,main,study2b_R_6mmzZYOzfC47VM6.csv,-0.148897,
97418,R_6mmzZYOzfC47VM6,259,341,12,0.069900,0.15,1,2,false,799,Number,Q,main,study2b_R_6mmzZYOzfC47VM6.csv,0.07611,
97418,R_6mmzZYOzfC47VM6,260,82,12,-0.105100,0.15,1,2,true,864,Number,P,main,study2b_R_6mmzZYOzfC47VM6.csv,-0.111112,
97418,R_6mmzZYOzfC47VM6,261,47,18,-0.140500,0.15,1,2,true,630,Number,Q,main,study2b_R_6mmzZYOzfC47VM6.csv,-0.155737,
97418,R_6mmzZYOzfC47VM6,262,310,20,0.034900,0.15,1,2,true,686,Number,Q,main,study2b_R_6mmzZYOzfC47VM6.csv,0.018841,
97418,R_6mmzZYOzfC47VM6,263,89,14,-0.105100,0.15,1,2,true,698,Number,P,main,study2b_R_6mmzZYOzfC47VM6.csv,-0.107808,
97418,R_6mmzZYOzfC47VM6,264,404,12,0.105100,0.15,1,2,true,1667,Number,P,main,study2b_R_6mmzZYOzfC47VM6.csv,0.108965,
97418,R_6mmzZYOzfC47VM6,265,120,22,-0.105100,0.15,1,2,true,762,Number,Q,main,study2b_R_6mmzZYOzfC47VM6.csv,-0.121268,
97418,R_6mmzZYOzfC47VM6,266,54,20,-0.140500,0.15,1,2,true,1031,Number,Q,main,study2b_R_6mmzZYOzfC47VM6.csv,-0.124074,
97418,R_6mmzZYOzfC47VM6,267,194,8,-0.034900,0.15,1,2,true,1024,Number,P,main,study2b_R_6mmzZYOzfC47VM6.csv,-0.036224,
97418,R_6mmzZYOzfC47VM6,268,472,14,0.140500,0.15,1,2,false,879,Number,Q,main,study2b_R_6mmzZYOzfC47VM6.csv,0.155626,
97418,R_6mmzZYOzfC47VM6,269,345,14,0.069900,0.15,1,2,false,826,Number,Q,main,study2b_R_6mmzZYOzfC47VM6.csv,0.069768,
97418,R_6mmzZYOzfC47VM6,270,302,18,0.034900,0.15,1,2,true,1180,Number,Q,main,study2b_R_6mmzZYOzfC47VM6.csv,0.028298,
97418,R_6mmzZYOzfC47VM6,271,477,14,0.140500,0.15,1,2,true,1173,Number,P,main,study2b_R_6mmzZYOzfC47VM6.csv,0.126777,
97418,R_6mmzZYOzfC47VM6,272,421,16,0.105100,0.15,1,2,true,1103,Number,Q,main,study2b_R_6mmzZYOzfC47VM6.csv,0.103364,
97418,R_6mmzZYOzfC47VM6,273,166,16,-0.069900,0.15,1,2,true,968,Number,Q,main,study2b_R_6mmzZYOzfC47VM6.csv,-0.064305,
97418,R_6mmzZYOzfC47VM6,274,317,22,0.034900,0.15,1,2,true,1294,Number,Q,main,study2b_R_6mmzZYOzfC47VM6.csv,0.026277,
97418,R_6mmzZYOzfC47VM6,275,126,22,-0.105100,0.15,1,2,true,795,Number,Q,main,study2b_R_6mmzZYOzfC47VM6.csv,-0.091532,
97418,R_6mmzZYOzfC47VM6,276,97,16,-0.105100,0.15,1,2,false,1393,Number,P,main,study2b_R_6mmzZYOzfC47VM6.csv,-0.112908,
97418,R_6mmzZYOzfC47VM6,277,440,22,0.105100,0.15,1,2,true,747,Number,Q,main,study2b_R_6mmzZYOzfC47VM6.csv,0.101072,
97418,R_6mmzZYOzfC47VM6,278,410,14,0.105100,0.15,1,2,true,870,Number,P,main,study2b_R_6mmzZYOzfC47VM6.csv,0.096079,
97418,R_6mmzZYOzfC47VM6,279,400,12,0.105100,0.15,1,2,true,634,Number,P,main,study2b_R_6mmzZYOzfC47VM6.csv,0.113891,
97418,R_6mmzZYOzfC47VM6,280,190,22,-0.069900,0.15,1,2,true,726,Number,Q,main,study2b_R_6mmzZYOzfC47VM6.csv,-0.053348,
97418,R_6mmzZYOzfC47VM6,281,356,16,0.069900,0.15,1,2,true,939,Number,Q,main,study2b_R_6mmzZYOzfC47VM6.csv,0.082037,
97418,R_6mmzZYOzfC47VM6,282,298,18,0.034900,0.15,1,2,true,1632,Number,Q,main,study2b_R_6mmzZYOzfC47VM6.csv,0.05146,
97418,R_6mmzZYOzfC47VM6,283,269,10,0.034900,0.15,1,2,true,590,Number,P,main,study2b_R_6mmzZYOzfC47VM6.csv,0.041518,
97418,R_6mmzZYOzfC47VM6,284,129,8,-0.069900,0.15,1,2,true,384,Number,P,main,study2b_R_6mmzZYOzfC47VM6.csv,-0.068789,
97418,R_6mmzZYOzfC47VM6,285,465,12,0.140500,0.15,1,2,true,411,Number,P,main,study2b_R_6mmzZYOzfC47VM6.csv,0.12892,
97418,R_6mmzZYOzfC47VM6,286,351,14,0.069900,0.15,1,2,true,562,Number,P,main,study2b_R_6mmzZYOzfC47VM6.csv,0.068907,
97418,R_6mmzZYOzfC47VM6,287,471,12,0.140500,0.15,1,2,true,461,Number,P,main,study2b_R_6mmzZYOzfC47VM6.csv,0.154046,
97418,R_6mmzZYOzfC47VM6,288,467,12,0.140500,0.15,1,2,false,1309,Number,Q,main,study2b_R_6mmzZYOzfC47VM6.csv,0.145146,
97418,R_6mmzZYOzfC47VM6,289,168,18,-0.069900,0.15,1,2,true,959,Number,Q,main,study2b_R_6mmzZYOzfC47VM6.csv,-0.053302,
97418,R_6mmzZYOzfC47VM6,290,123,22,-0.105100,0.15,1,2,true,622,Number,Q,main,study2b_R_6mmzZYOzfC47VM6.csv,-0.112093,
97418,R_6mmzZYOzfC47VM6,291,304,20,0.034900,0.15,1,2,true,601,Number,Q,main,study2b_R_6mmzZYOzfC47VM6.csv,0.027431,
97418,R_6mmzZYOzfC47VM6,292,473,14,0.140500,0.15,1,2,true,935,Number,P,main,study2b_R_6mmzZYOzfC47VM6.csv,0.134987,
97418,R_6mmzZYOzfC47VM6,293,242,20,-0.034900,0.15,1,2,true,1010,Number,Q,main,study2b_R_6mmzZYOzfC47VM6.csv,-0.02853,
97418,R_6mmzZYOzfC47VM6,294,49,20,-0.140500,0.15,1,2,true,773,Number,Q,main,study2b_R_6mmzZYOzfC47VM6.csv,-0.141086,
97418,R_6mmzZYOzfC47VM6,295,130,8,-0.069900,0.15,1,2,true,877,Number,P,main,study2b_R_6mmzZYOzfC47VM6.csv,-0.084969,
97418,R_6mmzZYOzfC47VM6,296,144,12,-0.069900,0.15,1,2,true,1288,Number,P,main,study2b_R_6mmzZYOzfC47VM6.csv,-0.082613,
97418,R_6mmzZYOzfC47VM6,297,384,8,0.105100,0.15,1,2,true,950,Number,P,main,study2b_R_6mmzZYOzfC47VM6.csv,0.102089,
97418,R_6mmzZYOzfC47VM6,298,452,8,0.140500,0.15,1,2,true,575,Number,P,main,study2b_R_6mmzZYOzfC47VM6.csv,0.156014,
97418,R_6mmzZYOzfC47VM6,299,344,14,0.069900,0.15,1,2,true,902,Number,P,main,study2b_R_6mmzZYOzfC47VM6.csv,0.082075,
97418,R_6mmzZYOzfC47VM6,300,451,8,0.140500,0.15,1,2,true,482,Number,P,main,study2b_R_6mmzZYOzfC47VM6.csv,0.153685,
97418,R_6mmzZYOzfC47VM6,301,26,14,-0.140500,0.15,1,2,true,791,Number,P,main,study2b_R_6mmzZYOzfC47VM6.csv,-0.144531,
97418,R_6mmzZYOzfC47VM6,302,261,8,0.034900,0.15,1,2,true,501,Number,P,main,study2b_R_6mmzZYOzfC47VM6.csv,0.046387,
97418,R_6mmzZYOzfC47VM6,303,119,20,-0.105100,0.15,1,2,true,1553,Number,Q,main,study2b_R_6mmzZYOzfC47VM6.csv,-0.096873,
97418,R_6mmzZYOzfC47VM6,304,8,10,-0.140500,0.15,1,2,true,863,Number,P,main,study2b_R_6mmzZYOzfC47VM6.csv,-0.158043,
97418,R_6mmzZYOzfC47VM6,305,13,10,-0.140500,0.15,1,2,true,633,Number,P,main,study2b_R_6mmzZYOzfC47VM6.csv,-0.145628,
97418,R_6mmzZYOzfC47VM6,306,340,12,0.069900,0.15,1,2,false,937,Number,Q,main,study2b_R_6mmzZYOzfC47VM6.csv,0.082248,
97418,R_6mmzZYOzfC47VM6,307,98,16,-0.105100,0.15,1,2,true,669,Number,Q,main,study2b_R_6mmzZYOzfC47VM6.csv,-0.11941,
97418,R_6mmzZYOzfC47VM6,308,349,14,0.069900,0.15,1,2,true,687,Number,P,main,study2b_R_6mmzZYOzfC47VM6.csv,0.055566,
97418,R_6mmzZYOzfC47VM6,309,318,22,0.034900,0.15,1,2,true,795,Number,Q,main,study2b_R_6mmzZYOzfC47VM6.csv,0.029525,
97418,R_6mmzZYOzfC47VM6,310,255,22,-0.034900,0.15,1,2,true,637,Number,Q,main,study2b_R_6mmzZYOzfC47VM6.csv,-0.033569,
97418,R_6mmzZYOzfC47VM6,311,412,14,0.105100,0.15,1,2,false,2743,Number,Q,main,study2b_R_6mmzZYOzfC47VM6.csv,0.095109,
97418,R_6mmzZYOzfC47VM6,312,243,20,-0.034900,0.15,1,2,true,679,Number,Q,main,study2b_R_6mmzZYOzfC47VM6.csv,-0.035596,
97418,R_6mmzZYOzfC47VM6,313,485,16,0.140500,0.15,1,2,true,698,Number,Q,main,study2b_R_6mmzZYOzfC47VM6.csv,0.13861,
97418,R_6mmzZYOzfC47VM6,314,374,20,0.069900,0.15,1,2,true,974,Number,Q,main,study2b_R_6mmzZYOzfC47VM6.csv,0.07538,
97418,R_6mmzZYOzfC47VM6,315,226,16,-0.034900,0.15,1,2,true,750,Number,Q,main,study2b_R_6mmzZYOzfC47VM6.csv,-0.041209,
97418,R_6mmzZYOzfC47VM6,316,115,20,-0.105100,0.15,1,2,false,813,Number,P,main,study2b_R_6mmzZYOzfC47VM6.csv,-0.094777,
97418,R_6mmzZYOzfC47VM6,317,372,20,0.069900,0.15,1,2,false,1176,Number,P,main,study2b_R_6mmzZYOzfC47VM6.csv,0.083571,
97418,R_6mmzZYOzfC47VM6,318,272,12,0.034900,0.15,1,2,true,572,Number,P,main,study2b_R_6mmzZYOzfC47VM6.csv,0.038201,
97418,R_6mmzZYOzfC47VM6,319,436,20,0.105100,0.15,1,2,true,758,Number,Q,main,study2b_R_6mmzZYOzfC47VM6.csv,0.092834,
97418,R_6mmzZYOzfC47VM6,320,418,16,0.105100,0.15,1,2,false,654,Number,P,main,study2b_R_6mmzZYOzfC47VM6.csv,0.112382,
97418,R_6mmzZYOzfC47VM6,321,27,14,-0.140500,0.15,1,2,false,1387,Number,Q,main,study2b_R_6mmzZYOzfC47VM6.csv,-0.136859,
97418,R_6mmzZYOzfC47VM6,322,281,14,0.034900,0.15,1,2,true,806,Number,P,main,study2b_R_6mmzZYOzfC47VM6.csv,0.017629,
97418,R_6mmzZYOzfC47VM6,323,110,18,-0.105100,0.15,1,2,true,1046,Number,Q,main,study2b_R_6mmzZYOzfC47VM6.csv,-0.096177,
97418,R_6mmzZYOzfC47VM6,324,511,22,0.140500,0.15,1,2,true,878,Number,Q,main,study2b_R_6mmzZYOzfC47VM6.csv,0.143435,
97418,R_6mmzZYOzfC47VM6,325,228,16,-0.034900,0.15,1,2,true,1688,Number,Q,main,study2b_R_6mmzZYOzfC47VM6.csv,-0.020231,
97418,R_6mmzZYOzfC47VM6,326,251,22,-0.034900,0.15,1,2,true,1633,Number,Q,main,study2b_R_6mmzZYOzfC47VM6.csv,-0.025271,
97418,R_6mmzZYOzfC47VM6,327,363,18,0.069900,0.15,1,2,false,1659,Number,P,main,study2b_R_6mmzZYOzfC47VM6.csv,0.067979,
97418,R_6mmzZYOzfC47VM6,328,35,16,-0.140500,0.15,1,2,false,901,Number,P,main,study2b_R_6mmzZYOzfC47VM6.csv,-0.149433,
97418,R_6mmzZYOzfC47VM6,329,186,22,-0.069900,0.15,1,2,true,612,Number,Q,main,study2b_R_6mmzZYOzfC47VM6.csv,-0.060475,
97418,R_6mmzZYOzfC47VM6,330,75,10,-0.105100,0.15,1,2,true,652,Number,P,main,study2b_R_6mmzZYOzfC47VM6.csv,-0.095435,
97418,R_6mmzZYOzfC47VM6,331,324,8,0.069900,0.15,1,2,true,655,Number,P,main,study2b_R_6mmzZYOzfC47VM6.csv,0.063158,
97418,R_6mmzZYOzfC47VM6,332,331,10,0.069900,0.15,1,2,true,920,Number,P,main,study2b_R_6mmzZYOzfC47VM6.csv,0.074243,
97418,R_6mmzZYOzfC47VM6,333,371,20,0.069900,0.15,1,2,true,674,Number,Q,main,study2b_R_6mmzZYOzfC47VM6.csv,0.078343,
97418,R_6mmzZYOzfC47VM6,334,463,10,0.140500,0.15,1,2,true,680,Number,P,main,study2b_R_6mmzZYOzfC47VM6.csv,0.155883,
97418,R_6mmzZYOzfC47VM6,335,105,18,-0.105100,0.15,1,2,true,721,Number,Q,main,study2b_R_6mmzZYOzfC47VM6.csv,-0.091285,
97418,R_6mmzZYOzfC47VM6,336,61,22,-0.140500,0.15,1,2,true,691,Number,Q,main,study2b_R_6mmzZYOzfC47VM6.csv,-0.137346,
97418,R_6mmzZYOzfC47VM6,337,81,12,-0.105100,0.15,1,2,true,695,Number,P,main,study2b_R_6mmzZYOzfC47VM6.csv,-0.094695,
97418,R_6mmzZYOzfC47VM6,338,311,20,0.034900,0.15,1,2,true,638,Number,Q,main,study2b_R_6mmzZYOzfC47VM6.csv,0.029011,
97418,R_6mmzZYOzfC47VM6,339,147,12,-0.069900,0.15,1,2,false,1511,Number,Q,main,study2b_R_6mmzZYOzfC47VM6.csv,-0.083994,
97418,R_6mmzZYOzfC47VM6,340,287,14,0.034900,0.15,1,2,true,810,Number,P,main,study2b_R_6mmzZYOzfC47VM6.csv,0.045406,
97418,R_6mmzZYOzfC47VM6,341,100,16,-0.105100,0.15,1,2,true,1112,Number,Q,main,study2b_R_6mmzZYOzfC47VM6.csv,-0.096328,
97418,R_6mmzZYOzfC47VM6,342,448,8,0.140500,0.15,1,2,true,574,Number,P,main,study2b_R_6mmzZYOzfC47VM6.csv,0.153496,
97418,R_6mmzZYOzfC47VM6,343,23,12,-0.140500,0.15,1,2,false,2362,Number,Q,main,study2b_R_6mmzZYOzfC47VM6.csv,-0.13232,
97418,R_6mmzZYOzfC47VM6,344,57,22,-0.140500,0.15,1,2,true,762,Number,Q,main,study2b_R_6mmzZYOzfC47VM6.csv,-0.1439,
97418,R_6mmzZYOzfC47VM6,345,159,14,-0.069900,0.15,1,2,true,898,Number,P,main,study2b_R_6mmzZYOzfC47VM6.csv,-0.075295,
97418,R_6mmzZYOzfC47VM6,346,327,8,0.069900,0.15,1,2,true,656,Number,P,main,study2b_R_6mmzZYOzfC47VM6.csv,0.069092,
97418,R_6mmzZYOzfC47VM6,347,18,12,-0.140500,0.15,1,2,true,775,Number,P,main,study2b_R_6mmzZYOzfC47VM6.csv,-0.14941,
97418,R_6mmzZYOzfC47VM6,348,30,14,-0.140500,0.15,1,2,true,874,Number,P,main,study2b_R_6mmzZYOzfC47VM6.csv,-0.148743,
97418,R_6mmzZYOzfC47VM6,349,139,10,-0.069900,0.15,1,2,true,735,Number,P,main,study2b_R_6mmzZYOzfC47VM6.csv,-0.087395,
97418,R_6mmzZYOzfC47VM6,350,303,18,0.034900,0.15,1,2,false,1096,Number,P,main,study2b_R_6mmzZYOzfC47VM6.csv,0.024389,
97418,R_6mmzZYOzfC47VM6,351,103,16,-0.105100,0.15,1,2,true,659,Number,Q,main,study2b_R_6mmzZYOzfC47VM6.csv,-0.118594,
97418,R_6mmzZYOzfC47VM6,352,504,22,0.140500,0.15,1,2,true,578,Number,Q,main,study2b_R_6mmzZYOzfC47VM6.csv,0.157346,
97418,R_6mmzZYOzfC47VM6,353,46,18,-0.140500,0.15,1,2,true,738,Number,Q,main,study2b_R_6mmzZYOzfC47VM6.csv,-0.145761,
97418,R_6mmzZYOzfC47VM6,354,435,20,0.105100,0.15,1,2,true,657,Number,Q,main,study2b_R_6mmzZYOzfC47VM6.csv,0.113299,
97418,R_6mmzZYOzfC47VM6,355,469,12,0.140500,0.15,1,2,true,600,Number,P,main,study2b_R_6mmzZYOzfC47VM6.csv,0.133126,
97418,R_6mmzZYOzfC47VM6,356,208,12,-0.034900,0.15,1,2,true,810,Number,P,main,study2b_R_6mmzZYOzfC47VM6.csv,-0.040592,
97418,R_6mmzZYOzfC47VM6,357,494,18,0.140500,0.15,1,2,true,546,Number,Q,main,study2b_R_6mmzZYOzfC47VM6.csv,0.129791,
97418,R_6mmzZYOzfC47VM6,358,240,20,-0.034900,0.15,1,2,true,784,Number,Q,main,study2b_R_6mmzZYOzfC47VM6.csv,-0.051516,
97418,R_6mmzZYOzfC47VM6,359,454,8,0.140500,0.15,1,2,true,529,Number,P,main,study2b_R_6mmzZYOzfC47VM6.csv,0.144956,
97418,R_6mmzZYOzfC47VM6,360,145,12,-0.069900,0.15,1,2,true,730,Number,P,main,study2b_R_6mmzZYOzfC47VM6.csv,-0.070087,
97418,R_6mmzZYOzfC47VM6,361,479,14,0.140500,0.15,1,2,false,1156,Number,Q,main,study2b_R_6mmzZYOzfC47VM6.csv,0.124864,
97418,R_6mmzZYOzfC47VM6,362,218,14,-0.034900,0.15,1,2,true,814,Number,P,main,study2b_R_6mmzZYOzfC47VM6.csv,-0.018209,
97418,R_6mmzZYOzfC47VM6,363,156,14,-0.069900,0.15,1,2,true,1275,Number,P,main,study2b_R_6mmzZYOzfC47VM6.csv,-0.064466,
97418,R_6mmzZYOzfC47VM6,364,449,8,0.140500,0.15,1,2,true,541,Number,P,main,study2b_R_6mmzZYOzfC47VM6.csv,0.146679,
97418,R_6mmzZYOzfC47VM6,365,217,14,-0.034900,0.15,1,2,false,772,Number,Q,main,study2b_R_6mmzZYOzfC47VM6.csv,-0.032728,
97418,R_6mmzZYOzfC47VM6,366,491,18,0.140500,0.15,1,2,true,625,Number,Q,main,study2b_R_6mmzZYOzfC47VM6.csv,0.149206,
97418,R_6mmzZYOzfC47VM6,367,182,20,-0.069900,0.15,1,2,true,604,Number,Q,main,study2b_R_6mmzZYOzfC47VM6.csv,-0.062026,
97418,R_6mmzZYOzfC47VM6,368,160,16,-0.069900,0.15,1,2,true,705,Number,Q,main,study2b_R_6mmzZYOzfC47VM6.csv,-0.085083,
97418,R_6mmzZYOzfC47VM6,369,309,20,0.034900,0.15,1,2,true,1032,Number,Q,main,study2b_R_6mmzZYOzfC47VM6.csv,0.049878,
97418,R_6mmzZYOzfC47VM6,370,312,22,0.034900,0.15,1,2,true,721,Number,Q,main,study2b_R_6mmzZYOzfC47VM6.csv,0.020778,
97418,R_6mmzZYOzfC47VM6,371,422,16,0.105100,0.15,1,2,false,1334,Number,P,main,study2b_R_6mmzZYOzfC47VM6.csv,0.105596,
97418,R_6mmzZYOzfC47VM6,372,293,16,0.034900,0.15,1,2,false,1072,Number,P,main,study2b_R_6mmzZYOzfC47VM6.csv,0.0368,
97418,R_6mmzZYOzfC47VM6,373,93,14,-0.105100,0.15,1,2,true,807,Number,P,main,study2b_R_6mmzZYOzfC47VM6.csv,-0.098312,
97418,R_6mmzZYOzfC47VM6,374,206,10,-0.034900,0.15,1,2,true,705,Number,P,main,study2b_R_6mmzZYOzfC47VM6.csv,-0.032211,
97418,R_6mmzZYOzfC47VM6,375,350,14,0.069900,0.15,1,2,true,774,Number,P,main,study2b_R_6mmzZYOzfC47VM6.csv,0.083434,
97418,R_6mmzZYOzfC47VM6,376,488,18,0.140500,0.15,1,2,true,878,Number,Q,main,study2b_R_6mmzZYOzfC47VM6.csv,0.151084,
97418,R_6mmzZYOzfC47VM6,377,215,12,-0.034900,0.15,1,2,false,792,Number,Q,main,study2b_R_6mmzZYOzfC47VM6.csv,-0.045698,
97418,R_6mmzZYOzfC47VM6,378,74,10,-0.105100,0.15,1,2,true,1065,Number,P,main,study2b_R_6mmzZYOzfC47VM6.csv,-0.107429,
97418,R_6mmzZYOzfC47VM6,379,19,12,-0.140500,0.15,1,2,true,754,Number,P,main,study2b_R_6mmzZYOzfC47VM6.csv,-0.148604,
97418,R_6mmzZYOzfC47VM6,380,339,12,0.069900,0.15,1,2,true,656,Number,P,main,study2b_R_6mmzZYOzfC47VM6.csv,0.080229,
97418,R_6mmzZYOzfC47VM6,381,239,18,-0.034900,0.15,1,2,true,1748,Number,Q,main,study2b_R_6mmzZYOzfC47VM6.csv,-0.040088,
97418,R_6mmzZYOzfC47VM6,382,500,20,0.140500,0.15,1,2,true,735,Number,Q,main,study2b_R_6mmzZYOzfC47VM6.csv,0.128481,
97418,R_6mmzZYOzfC47VM6,383,286,14,0.034900,0.15,1,2,false,711,Number,Q,main,study2b_R_6mmzZYOzfC47VM6.csv,0.051712,
97418,R_6mmzZYOzfC47VM6,384,393,10,0.105100,0.15,1,2,true,617,Number,P,main,study2b_R_6mmzZYOzfC47VM6.csv,0.101325,
97418,R_6mmzZYOzfC47VM6,385,210,12,-0.034900,0.15,1,2,true,921,Number,P,main,study2b_R_6mmzZYOzfC47VM6.csv,-0.03906,
97418,R_6mmzZYOzfC47VM6,386,191,22,-0.069900,0.15,1,2,true,767,Number,Q,main,study2b_R_6mmzZYOzfC47VM6.csv,-0.059047,
97418,R_6mmzZYOzfC47VM6,387,230,16,-0.034900,0.15,1,2,true,1030,Number,Q,main,study2b_R_6mmzZYOzfC47VM6.csv,-0.030432,
97418,R_6mmzZYOzfC47VM6,388,429,18,0.105100,0.15,1,2,true,1081,Number,Q,main,study2b_R_6mmzZYOzfC47VM6.csv,0.114174,
97418,R_6mmzZYOzfC47VM6,389,250,22,-0.034900,0.15,1,2,true,511,Number,Q,main,study2b_R_6mmzZYOzfC47VM6.csv,-0.037384,
97418,R_6mmzZYOzfC47VM6,390,268,10,0.034900,0.15,1,2,true,554,Number,P,main,study2b_R_6mmzZYOzfC47VM6.csv,0.03405,
97418,R_6mmzZYOzfC47VM6,391,29,14,-0.140500,0.15,1,2,true,781,Number,P,main,study2b_R_6mmzZYOzfC47VM6.csv,-0.156422,
97418,R_6mmzZYOzfC47VM6,392,200,10,-0.034900,0.15,1,2,true,1265,Number,P,main,study2b_R_6mmzZYOzfC47VM6.csv,-0.018446,
97418,R_6mmzZYOzfC47VM6,393,307,20,0.034900,0.15,1,2,true,652,Number,Q,main,study2b_R_6mmzZYOzfC47VM6.csv,0.035776,
97418,R_6mmzZYOzfC47VM6,394,79,10,-0.105100,0.15,1,2,true,667,Number,P,main,study2b_R_6mmzZYOzfC47VM6.csv,-0.114654,
97418,R_6mmzZYOzfC47VM6,395,389,8,0.105100,0.15,1,2,true,2111,Number,P,main,study2b_R_6mmzZYOzfC47VM6.csv,0.111235,
97418,R_6mmzZYOzfC47VM6,396,152,14,-0.069900,0.15,1,2,true,948,Number,P,main,study2b_R_6mmzZYOzfC47VM6.csv,-0.052983,
97418,R_6mmzZYOzfC47VM6,397,153,14,-0.069900,0.15,1,2,true,1152,Number,P,main,study2b_R_6mmzZYOzfC47VM6.csv,-0.064581,
97418,R_6mmzZYOzfC47VM6,398,195,8,-0.034900,0.15,1,2,true,448,Number,P,main,study2b_R_6mmzZYOzfC47VM6.csv,-0.038448,
97418,R_6mmzZYOzfC47VM6,399,33,16,-0.140500,0.15,1,2,true,1026,Number,Q,main,study2b_R_6mmzZYOzfC47VM6.csv,-0.126053,
97418,R_6mmzZYOzfC47VM6,400,58,22,-0.140500,0.15,1,2,true,642,Number,Q,main,study2b_R_6mmzZYOzfC47VM6.csv,-0.125168,
97418,R_6mmzZYOzfC47VM6,401,127,22,-0.105100,0.15,1,2,true,786,Number,Q,main,study2b_R_6mmzZYOzfC47VM6.csv,-0.09294,
97418,R_6mmzZYOzfC47VM6,402,390,8,0.105100,0.15,1,2,true,478,Number,P,main,study2b_R_6mmzZYOzfC47VM6.csv,0.10863,
97418,R_6mmzZYOzfC47VM6,403,438,20,0.105100,0.15,1,2,true,556,Number,Q,main,study2b_R_6mmzZYOzfC47VM6.csv,0.110992,
97418,R_6mmzZYOzfC47VM6,404,39,16,-0.140500,0.15,1,2,true,759,Number,Q,main,study2b_R_6mmzZYOzfC47VM6.csv,-0.132254,
97418,R_6mmzZYOzfC47VM6,405,50,20,-0.140500,0.15,1,2,true,962,Number,Q,main,study2b_R_6mmzZYOzfC47VM6.csv,-0.135183,
97418,R_6mmzZYOzfC47VM6,406,106,18,-0.105100,0.15,1,2,true,740,Number,Q,main,study2b_R_6mmzZYOzfC47VM6.csv,-0.106802,
97418,R_6mmzZYOzfC47VM6,407,223,14,-0.034900,0.15,1,2,true,722,Number,P,main,study2b_R_6mmzZYOzfC47VM6.csv,-0.051021,
97418,R_6mmzZYOzfC47VM6,408,295,16,0.034900,0.15,1,2,true,674,Number,Q,main,study2b_R_6mmzZYOzfC47VM6.csv,0.032908,
97418,R_6mmzZYOzfC47VM6,409,367,18,0.069900,0.15,1,2,true,1299,Number,Q,main,study2b_R_6mmzZYOzfC47VM6.csv,0.086676,
97418,R_6mmzZYOzfC47VM6,410,112,20,-0.105100,0.15,1,2,false,4817,Number,P,main,study2b_R_6mmzZYOzfC47VM6.csv,-0.120829,
97418,R_6mmzZYOzfC47VM6,411,376,22,0.069900,0.15,1,2,true,765,Number,Q,main,study2b_R_6mmzZYOzfC47VM6.csv,0.053259,
97418,R_6mmzZYOzfC47VM6,412,359,16,0.069900,0.15,1,2,false,789,Number,P,main,study2b_R_6mmzZYOzfC47VM6.csv,0.06309,
97418,R_6mmzZYOzfC47VM6,413,41,18,-0.140500,0.15,1,2,true,587,Number,Q,main,study2b_R_6mmzZYOzfC47VM6.csv,-0.145392,
97418,R_6mmzZYOzfC47VM6,414,509,22,0.140500,0.15,1,2,true,461,Number,Q,main,study2b_R_6mmzZYOzfC47VM6.csv,0.130371,
97418,R_6mmzZYOzfC47VM6,415,499,20,0.140500,0.15,1,2,false,1976,Number,P,main,study2b_R_6mmzZYOzfC47VM6.csv,0.154112,
97418,R_6mmzZYOzfC47VM6,416,506,22,0.140500,0.15,1,2,true,1189,Number,Q,main,study2b_R_6mmzZYOzfC47VM6.csv,0.15612,
97418,R_6mmzZYOzfC47VM6,417,329,10,0.069900,0.15,1,2,true,735,Number,P,main,study2b_R_6mmzZYOzfC47VM6.csv,0.080858,
97418,R_6mmzZYOzfC47VM6,418,306,20,0.034900,0.15,1,2,true,840,Number,Q,main,study2b_R_6mmzZYOzfC47VM6.csv,0.050373,
97418,R_6mmzZYOzfC47VM6,419,229,16,-0.034900,0.15,1,2,false,1551,Number,P,main,study2b_R_6mmzZYOzfC47VM6.csv,-0.049296,
97418,R_6mmzZYOzfC47VM6,420,381,22,0.069900,0.15,1,2,true,882,Number,Q,main,study2b_R_6mmzZYOzfC47VM6.csv,0.069369,
97418,R_6mmzZYOzfC47VM6,421,224,16,-0.034900,0.15,1,2,true,1264,Number,Q,main,study2b_R_6mmzZYOzfC47VM6.csv,-0.036186,
97418,R_6mmzZYOzfC47VM6,422,443,22,0.105100,0.15,1,2,true,758,Number,Q,main,study2b_R_6mmzZYOzfC47VM6.csv,0.112621,
97418,R_6mmzZYOzfC47VM6,423,179,20,-0.069900,0.15,1,2,true,797,Number,Q,main,study2b_R_6mmzZYOzfC47VM6.csv,-0.08635,
97418,R_6mmzZYOzfC47VM6,424,65,8,-0.105100,0.15,1,2,true,825,Number,P,main,study2b_R_6mmzZYOzfC47VM6.csv,-0.104936,
97418,R_6mmzZYOzfC47VM6,425,77,10,-0.105100,0.15,1,2,true,538,Number,P,main,study2b_R_6mmzZYOzfC47VM6.csv,-0.098239,
97418,R_6mmzZYOzfC47VM6,426,323,8,0.069900,0.15,1,2,true,375,Number,P,main,study2b_R_6mmzZYOzfC47VM6.csv,0.071049,
97418,R_6mmzZYOzfC47VM6,427,508,22,0.140500,0.15,1,2,true,579,Number,Q,main,study2b_R_6mmzZYOzfC47VM6.csv,0.15517,
97418,R_6mmzZYOzfC47VM6,428,135,8,-0.069900,0.15,1,2,true,676,Number,P,main,study2b_R_6mmzZYOzfC47VM6.csv,-0.069851,
97418,R_6mmzZYOzfC47VM6,429,21,12,-0.140500,0.15,1,2,true,1025,Number,P,main,study2b_R_6mmzZYOzfC47VM6.csv,-0.155321,
97418,R_6mmzZYOzfC47VM6,430,198,8,-0.034900,0.15,1,2,true,558,Number,P,main,study2b_R_6mmzZYOzfC47VM6.csv,-0.021799,
97418,R_6mmzZYOzfC47VM6,431,25,14,-0.140500,0.15,1,2,false,1112,Number,Q,main,study2b_R_6mmzZYOzfC47VM6.csv,-0.133981,
97418,R_6mmzZYOzfC47VM6,432,22,12,-0.140500,0.15,1,2,true,1242,Number,P,main,study2b_R_6mmzZYOzfC47VM6.csv,-0.141476,
97418,R_6mmzZYOzfC47VM6,433,222,14,-0.034900,0.15,1,2,true,838,Number,P,main,study2b_R_6mmzZYOzfC47VM6.csv,-0.030534,
97418,R_6mmzZYOzfC47VM6,434,76,10,-0.105100,0.15,1,2,true,675,Number,P,main,study2b_R_6mmzZYOzfC47VM6.csv,-0.107301,
97418,R_6mmzZYOzfC47VM6,435,113,20,-0.105100,0.15,1,2,true,586,Number,Q,main,study2b_R_6mmzZYOzfC47VM6.csv,-0.096331,
97418,R_6mmzZYOzfC47VM6,436,457,10,0.140500,0.15,1,2,true,516,Number,P,main,study2b_R_6mmzZYOzfC47VM6.csv,0.145083,
97418,R_6mmzZYOzfC47VM6,437,277,12,0.034900,0.15,1,2,true,561,Number,P,main,study2b_R_6mmzZYOzfC47VM6.csv,0.023377,
97418,R_6mmzZYOzfC47VM6,438,474,14,0.140500,0.15,1,2,false,990,Number,Q,main,study2b_R_6mmzZYOzfC47VM6.csv,0.149939,
97418,R_6mmzZYOzfC47VM6,439,213,12,-0.034900,0.15,1,2,true,1314,Number,P,main,study2b_R_6mmzZYOzfC47VM6.csv,-0.046707,
97418,R_6mmzZYOzfC47VM6,440,225,16,-0.034900,0.15,1,2,false,1497,Number,P,main,study2b_R_6mmzZYOzfC47VM6.csv,-0.022672,
97418,R_6mmzZYOzfC47VM6,441,192,8,-0.034900,0.15,1,2,true,911,Number,P,main,study2b_R_6mmzZYOzfC47VM6.csv,-0.036323,
97418,R_6mmzZYOzfC47VM6,442,480,16,0.140500,0.15,1,2,true,768,Number,Q,main,study2b_R_6mmzZYOzfC47VM6.csv,0.142105,
97418,R_6mmzZYOzfC47VM6,443,326,8,0.069900,0.15,1,2,true,679,Number,P,main,study2b_R_6mmzZYOzfC47VM6.csv,0.084729,
97418,R_6mmzZYOzfC47VM6,444,415,14,0.105100,0.15,1,2,false,998,Number,Q,main,study2b_R_6mmzZYOzfC47VM6.csv,0.099387,
97418,R_6mmzZYOzfC47VM6,445,116,20,-0.105100,0.15,1,2,true,848,Number,Q,main,study2b_R_6mmzZYOzfC47VM6.csv,-0.117788,
97418,R_6mmzZYOzfC47VM6,446,202,10,-0.034900,0.15,1,2,true,688,Number,P,main,study2b_R_6mmzZYOzfC47VM6.csv,-0.03534,
97418,R_6mmzZYOzfC47VM6,447,133,8,-0.069900,0.15,1,2,true,614,Number,P,main,study2b_R_6mmzZYOzfC47VM6.csv,-0.084891,
97418,R_6mmzZYOzfC47VM6,448,181,20,-0.069900,0.15,1,2,true,581,Number,Q,main,study2b_R_6mmzZYOzfC47VM6.csv,-0.076882,
97418,R_6mmzZYOzfC47VM6,449,193,8,-0.034900,0.15,1,2,true,626,Number,P,main,study2b_R_6mmzZYOzfC47VM6.csv,-0.032288,
97418,R_6mmzZYOzfC47VM6,450,283,14,0.034900,0.15,1,2,false,641,Number,Q,main,study2b_R_6mmzZYOzfC47VM6.csv,0.029859,
97418,R_6mmzZYOzfC47VM6,451,258,8,0.034900,0.15,1,2,true,597,Number,P,main,study2b_R_6mmzZYOzfC47VM6.csv,0.03897,
97418,R_6mmzZYOzfC47VM6,452,171,18,-0.069900,0.15,1,2,true,668,Number,Q,main,study2b_R_6mmzZYOzfC47VM6.csv,-0.079583,
97418,R_6mmzZYOzfC47VM6,453,264,10,0.034900,0.15,1,2,true,762,Number,P,main,study2b_R_6mmzZYOzfC47VM6.csv,0.036486,
97418,R_6mmzZYOzfC47VM6,454,117,20,-0.105100,0.15,1,2,true,692,Number,Q,main,study2b_R_6mmzZYOzfC47VM6.csv,-0.113111,
97418,R_6mmzZYOzfC47VM6,455,183,20,-0.069900,0.15,1,2,true,969,Number,Q,main,study2b_R_6mmzZYOzfC47VM6.csv,-0.082832,
97418,R_6mmzZYOzfC47VM6,456,196,8,-0.034900,0.15,1,2,true,504,Number,P,main,study2b_R_6mmzZYOzfC47VM6.csv,-0.033558,
97418,R_6mmzZYOzfC47VM6,457,175,18,-0.069900,0.15,1,2,true,513,Number,Q,main,study2b_R_6mmzZYOzfC47VM6.csv,-0.060173,
97418,R_6mmzZYOzfC47VM6,458,42,18,-0.140500,0.15,1,2,false,492,Number,P,main,study2b_R_6mmzZYOzfC47VM6.csv,-0.155547,
97418,R_6mmzZYOzfC47VM6,459,301,18,0.034900,0.15,1,2,true,1350,Number,Q,main,study2b_R_6mmzZYOzfC47VM6.csv,0.043432,
97418,R_6mmzZYOzfC47VM6,460,445,22,0.105100,0.15,1,2,true,629,Number,Q,main,study2b_R_6mmzZYOzfC47VM6.csv,0.088796,
97418,R_6mmzZYOzfC47VM6,461,420,16,0.105100,0.15,1,2,true,507,Number,Q,main,study2b_R_6mmzZYOzfC47VM6.csv,0.10358,
97418,R_6mmzZYOzfC47VM6,462,40,18,-0.140500,0.15,1,2,true,818,Number,Q,main,study2b_R_6mmzZYOzfC47VM6.csv,-0.127552,
97418,R_6mmzZYOzfC47VM6,463,271,10,0.034900,0.15,1,2,true,588,Number,P,main,study2b_R_6mmzZYOzfC47VM6.csv,0.047746,
97418,R_6mmzZYOzfC47VM6,464,235,18,-0.034900,0.15,1,2,true,564,Number,Q,main,study2b_R_6mmzZYOzfC47VM6.csv,-0.023735,
97418,R_6mmzZYOzfC47VM6,465,122,22,-0.105100,0.15,1,2,true,891,Number,Q,main,study2b_R_6mmzZYOzfC47VM6.csv,-0.11722,
97418,R_6mmzZYOzfC47VM6,466,80,12,-0.105100,0.15,1,2,true,598,Number,P,main,study2b_R_6mmzZYOzfC47VM6.csv,-0.11364,
97418,R_6mmzZYOzfC47VM6,467,316,22,0.034900,0.15,1,2,true,606,Number,Q,main,study2b_R_6mmzZYOzfC47VM6.csv,0.021466,
97418,R_6mmzZYOzfC47VM6,468,185,22,-0.069900,0.15,1,2,true,701,Number,Q,main,study2b_R_6mmzZYOzfC47VM6.csv,-0.071665,
97418,R_6mmzZYOzfC47VM6,469,121,22,-0.105100,0.15,1,2,true,1730,Number,Q,main,study2b_R_6mmzZYOzfC47VM6.csv,-0.122763,
97418,R_6mmzZYOzfC47VM6,470,259,8,0.034900,0.15,1,2,true,508,Number,P,main,study2b_R_6mmzZYOzfC47VM6.csv,0.035303,
97418,R_6mmzZYOzfC47VM6,471,142,10,-0.069900,0.15,1,2,true,469,Number,P,main,study2b_R_6mmzZYOzfC47VM6.csv,-0.066899,
97418,R_6mmzZYOzfC47VM6,472,332,10,0.069900,0.15,1,2,true,478,Number,P,main,study2b_R_6mmzZYOzfC47VM6.csv,0.078539,
97418,R_6mmzZYOzfC47VM6,473,270,10,0.034900,0.15,1,2,true,538,Number,P,main,study2b_R_6mmzZYOzfC47VM6.csv,0.028104,
97418,R_6mmzZYOzfC47VM6,474,408,14,0.105100,0.15,1,2,true,1432,Number,P,main,study2b_R_6mmzZYOzfC47VM6.csv,0.096035,
97418,R_6mmzZYOzfC47VM6,475,169,18,-0.069900,0.15,1,2,true,688,Number,Q,main,study2b_R_6mmzZYOzfC47VM6.csv,-0.052969,
97418,R_6mmzZYOzfC47VM6,476,162,16,-0.069900,0.15,1,2,true,663,Number,Q,main,study2b_R_6mmzZYOzfC47VM6.csv,-0.053431,
97418,R_6mmzZYOzfC47VM6,477,319,22,0.034900,0.15,1,2,true,1349,Number,Q,main,study2b_R_6mmzZYOzfC47VM6.csv,0.031392,
97418,R_6mmzZYOzfC47VM6,478,28,14,-0.140500,0.15,1,2,true,1373,Number,P,main,study2b_R_6mmzZYOzfC47VM6.csv,-0.148394,
97418,R_6mmzZYOzfC47VM6,479,433,20,0.105100,0.15,1,2,true,1411,Number,Q,main,study2b_R_6mmzZYOzfC47VM6.csv,0.096219,
97418,R_6mmzZYOzfC47VM6,480,282,14,0.034900,0.15,1,2,true,1232,Number,P,main,study2b_R_6mmzZYOzfC47VM6.csv,0.027315,
97418,R_6mmzZYOzfC47VM6,481,63,22,-0.140500,0.15,1,2,true,571,Number,Q,main,study2b_R_6mmzZYOzfC47VM6.csv,-0.155911,
97418,R_6mmzZYOzfC47VM6,482,501,20,0.140500,0.15,1,2,true,641,Number,Q,main,study2b_R_6mmzZYOzfC47VM6.csv,0.134097,
97418,R_6mmzZYOzfC47VM6,483,354,16,0.069900,0.15,1,2,true,715,Number,Q,main,study2b_R_6mmzZYOzfC47VM6.csv,0.075095,
97418,R_6mmzZYOzfC47VM6,484,458,10,0.140500,0.15,1,2,true,599,Number,P,main,study2b_R_6mmzZYOzfC47VM6.csv,0.135141,
97418,R_6mmzZYOzfC47VM6,485,417,16,0.105100,0.15,1,2,true,1193,Number,Q,main,study2b_R_6mmzZYOzfC47VM6.csv,0.091171,
97418,R_6mmzZYOzfC47VM6,486,70,8,-0.105100,0.15,1,2,true,594,Number,P,main,study2b_R_6mmzZYOzfC47VM6.csv,-0.101976,
97418,R_6mmzZYOzfC47VM6,487,273,12,0.034900,0.15,1,2,true,1153,Number,P,main,study2b_R_6mmzZYOzfC47VM6.csv,0.045341,
97418,R_6mmzZYOzfC47VM6,488,455,8,0.140500,0.15,1,2,true,646,Number,P,main,study2b_R_6mmzZYOzfC47VM6.csv,0.15474,
97418,R_6mmzZYOzfC47VM6,489,411,14,0.105100,0.15,1,2,true,1070,Number,P,main,study2b_R_6mmzZYOzfC47VM6.csv,0.107392,
97418,R_6mmzZYOzfC47VM6,490,416,16,0.105100,0.15,1,2,true,618,Number,Q,main,study2b_R_6mmzZYOzfC47VM6.csv,0.089488,
97418,R_6mmzZYOzfC47VM6,491,52,20,-0.140500,0.15,1,2,true,757,Number,Q,main,study2b_R_6mmzZYOzfC47VM6.csv,-0.132669,
97418,R_6mmzZYOzfC47VM6,492,233,18,-0.034900,0.15,1,2,true,549,Number,Q,main,study2b_R_6mmzZYOzfC47VM6.csv,-0.036114,
97418,R_6mmzZYOzfC47VM6,493,353,16,0.069900,0.15,1,2,true,455,Number,Q,main,study2b_R_6mmzZYOzfC47VM6.csv,0.062391,
97418,R_6mmzZYOzfC47VM6,494,189,22,-0.069900,0.15,1,2,true,532,Number,Q,main,study2b_R_6mmzZYOzfC47VM6.csv,-0.055804,
97418,R_6mmzZYOzfC47VM6,495,396,10,0.105100,0.15,1,2,true,619,Number,P,main,study2b_R_6mmzZYOzfC47VM6.csv,0.092753,
97418,R_6mmzZYOzfC47VM6,496,197,8,-0.034900,0.15,1,2,true,1050,Number,P,main,study2b_R_6mmzZYOzfC47VM6.csv,-0.032999,
97418,R_6mmzZYOzfC47VM6,497,365,18,0.069900,0.15,1,2,true,704,Number,Q,main,study2b_R_6mmzZYOzfC47VM6.csv,0.052961,
97418,R_6mmzZYOzfC47VM6,498,11,10,-0.140500,0.15,1,2,true,547,Number,P,main,study2b_R_6mmzZYOzfC47VM6.csv,-0.123921,
97418,R_6mmzZYOzfC47VM6,499,352,16,0.069900,0.15,1,2,true,611,Number,Q,main,study2b_R_6mmzZYOzfC47VM6.csv,0.083921,
97418,R_6mmzZYOzfC47VM6,500,442,22,0.105100,0.15,1,2,true,611,Number,Q,main,study2b_R_6mmzZYOzfC47VM6.csv,0.113443,
97418,R_6mmzZYOzfC47VM6,501,362,18,0.069900,0.15,1,2,true,750,Number,Q,main,study2b_R_6mmzZYOzfC47VM6.csv,0.059457,
97418,R_6mmzZYOzfC47VM6,502,361,18,0.069900,0.15,1,2,true,705,Number,Q,main,study2b_R_6mmzZYOzfC47VM6.csv,0.070289,
97418,R_6mmzZYOzfC47VM6,503,493,18,0.140500,0.15,1,2,true,1078,Number,Q,main,study2b_R_6mmzZYOzfC47VM6.csv,0.157414,
97418,R_6mmzZYOzfC47VM6,504,492,18,0.140500,0.15,1,2,true,721,Number,Q,main,study2b_R_6mmzZYOzfC47VM6.csv,0.142321,
97418,R_6mmzZYOzfC47VM6,505,45,18,-0.140500,0.15,1,2,true,890,Number,Q,main,study2b_R_6mmzZYOzfC47VM6.csv,-0.142674,
97418,R_6mmzZYOzfC47VM6,506,343,12,0.069900,0.15,1,2,false,1046,Number,Q,main,study2b_R_6mmzZYOzfC47VM6.csv,0.082507,
97418,R_6mmzZYOzfC47VM6,507,44,18,-0.140500,0.15,1,2,true,814,Number,Q,main,study2b_R_6mmzZYOzfC47VM6.csv,-0.156396,
97418,R_6mmzZYOzfC47VM6,508,91,14,-0.105100,0.15,1,2,false,906,Number,Q,main,study2b_R_6mmzZYOzfC47VM6.csv,-0.116854,
97418,R_6mmzZYOzfC47VM6,509,96,16,-0.105100,0.15,1,2,true,613,Number,Q,main,study2b_R_6mmzZYOzfC47VM6.csv,-0.120377,
97418,R_6mmzZYOzfC47VM6,510,87,12,-0.105100,0.15,1,2,false,1451,Number,Q,main,study2b_R_6mmzZYOzfC47VM6.csv,-0.107755,
97418,R_6mmzZYOzfC47VM6,511,146,12,-0.069900,0.15,1,2,false,1513,Number,Q,main,study2b_R_6mmzZYOzfC47VM6.csv,-0.053285,
97418,R_6mmzZYOzfC47VM6,512,360,18,0.069900,0.15,1,2,true,873,Number,Q,main,study2b_R_6mmzZYOzfC47VM6.csv,0.059106,
97418,R_6mmzZYOzfC47VM6,513,38,16,-0.140500,0.15,1,2,true,1086,Number,Q,main,study2b_R_6mmzZYOzfC47VM6.csv,-0.143449,
97418,R_6mmzZYOzfC47VM6,514,244,20,-0.034900,0.15,1,2,true,1205,Number,Q,main,study2b_R_6mmzZYOzfC47VM6.csv,-0.025783,
97418,R_6mmzZYOzfC47VM6,515,203,10,-0.034900,0.15,1,2,true,498,Number,P,main,study2b_R_6mmzZYOzfC47VM6.csv,-0.036265,
97418,R_6mmzZYOzfC47VM6,516,36,16,-0.140500,0.15,1,2,true,784,Number,Q,main,study2b_R_6mmzZYOzfC47VM6.csv,-0.148764,
97418,R_6mmzZYOzfC47VM6,517,43,18,-0.140500,0.15,1,2,true,1070,Number,Q,main,study2b_R_6mmzZYOzfC47VM6.csv,-0.128571,
97418,R_6mmzZYOzfC47VM6,518,177,20,-0.069900,0.15,1,2,true,556,Number,Q,main,study2b_R_6mmzZYOzfC47VM6.csv,-0.061079,
97418,R_6mmzZYOzfC47VM6,519,32,16,-0.140500,0.15,1,2,true,1284,Number,Q,main,study2b_R_6mmzZYOzfC47VM6.csv,-0.152727,
97418,R_6mmzZYOzfC47VM6,520,276,12,0.034900,0.15,1,2,true,776,Number,P,main,study2b_R_6mmzZYOzfC47VM6.csv,0.031499,
97418,R_6mmzZYOzfC47VM6,521,297,18,0.034900,0.15,1,2,true,1409,Number,Q,main,study2b_R_6mmzZYOzfC47VM6.csv,0.018931,
97418,R_6mmzZYOzfC47VM6,522,118,20,-0.105100,0.15,1,2,true,646,Number,Q,main,study2b_R_6mmzZYOzfC47VM6.csv,-0.106899,
96972,R_7Je0dvhLFl4lTEp,1,15,22,-0.105100,0.15,1,2,true,7663,Number,Q,training,study2b_R_7Je0dvhLFl4lTEp.csv,-0.110288,
96972,R_7Je0dvhLFl4lTEp,2,3,14,-0.140500,0.15,1,2,true,2458,Number,P,training,study2b_R_7Je0dvhLFl4lTEp.csv,-0.133973,
96972,R_7Je0dvhLFl4lTEp,3,53,18,0.105100,0.15,1,2,true,1822,Number,Q,training,study2b_R_7Je0dvhLFl4lTEp.csv,0.090199,
96972,R_7Je0dvhLFl4lTEp,4,26,12,-0.034900,0.15,1,2,true,1180,Number,P,training,study2b_R_7Je0dvhLFl4lTEp.csv,-0.031732,
96972,R_7Je0dvhLFl4lTEp,5,13,18,-0.105100,0.15,1,2,true,1466,Number,Q,training,study2b_R_7Je0dvhLFl4lTEp.csv,-0.112988,
96972,R_7Je0dvhLFl4lTEp,6,48,8,0.105100,0.15,1,2,true,658,Number,P,training,study2b_R_7Je0dvhLFl4lTEp.csv,0.114682,
96972,R_7Je0dvhLFl4lTEp,7,52,16,0.105100,0.15,1,2,true,2227,Number,Q,training,study2b_R_7Je0dvhLFl4lTEp.csv,0.11856,
96972,R_7Je0dvhLFl4lTEp,8,14,20,-0.105100,0.15,1,2,true,844,Number,Q,training,study2b_R_7Je0dvhLFl4lTEp.csv,-0.098462,
96972,R_7Je0dvhLFl4lTEp,9,62,20,0.140500,0.15,1,2,true,746,Number,Q,training,study2b_R_7Je0dvhLFl4lTEp.csv,0.132709,
96972,R_7Je0dvhLFl4lTEp,10,47,22,0.069900,0.15,1,2,true,575,Number,Q,training,study2b_R_7Je0dvhLFl4lTEp.csv,0.079832,
96972,R_7Je0dvhLFl4lTEp,11,412,14,0.105100,0.15,1,2,false,435,Number,Q,main,study2b_R_7Je0dvhLFl4lTEp.csv,0.095109,
96972,R_7Je0dvhLFl4lTEp,12,333,10,0.069900,0.15,1,2,true,581,Number,P,main,study2b_R_7Je0dvhLFl4lTEp.csv,0.081543,
96972,R_7Je0dvhLFl4lTEp,13,103,16,-0.105100,0.15,1,2,true,543,Number,Q,main,study2b_R_7Je0dvhLFl4lTEp.csv,-0.118594,
96972,R_7Je0dvhLFl4lTEp,14,248,22,-0.034900,0.15,1,2,true,389,Number,Q,main,study2b_R_7Je0dvhLFl4lTEp.csv,-0.048093,
96972,R_7Je0dvhLFl4lTEp,15,351,14,0.069900,0.15,1,2,true,606,Number,P,main,study2b_R_7Je0dvhLFl4lTEp.csv,0.068907,
96972,R_7Je0dvhLFl4lTEp,16,228,16,-0.034900,0.15,1,2,true,438,Number,Q,main,study2b_R_7Je0dvhLFl4lTEp.csv,-0.020231,
96972,R_7Je0dvhLFl4lTEp,17,61,22,-0.140500,0.15,1,2,true,365,Number,Q,main,study2b_R_7Je0dvhLFl4lTEp.csv,-0.137346,
96972,R_7Je0dvhLFl4lTEp,18,223,14,-0.034900,0.15,1,2,true,610,Number,P,main,study2b_R_7Je0dvhLFl4lTEp.csv,-0.051021,
96972,R_7Je0dvhLFl4lTEp,19,143,10,-0.069900,0.15,1,2,true,531,Number,P,main,study2b_R_7Je0dvhLFl4lTEp.csv,-0.078471,
96972,R_7Je0dvhLFl4lTEp,20,454,8,0.140500,0.15,1,2,true,502,Number,P,main,study2b_R_7Je0dvhLFl4lTEp.csv,0.144956,
96972,R_7Je0dvhLFl4lTEp,21,375,20,0.069900,0.15,1,2,true,592,Number,Q,main,study2b_R_7Je0dvhLFl4lTEp.csv,0.054653,
96972,R_7Je0dvhLFl4lTEp,22,266,10,0.034900,0.15,1,2,true,861,Number,P,main,study2b_R_7Je0dvhLFl4lTEp.csv,0.044211,
96972,R_7Je0dvhLFl4lTEp,23,308,20,0.034900,0.15,1,2,false,521,Number,P,main,study2b_R_7Je0dvhLFl4lTEp.csv,0.052349,
96972,R_7Je0dvhLFl4lTEp,24,122,22,-0.105100,0.15,1,2,true,585,Number,Q,main,study2b_R_7Je0dvhLFl4lTEp.csv,-0.11722,
96972,R_7Je0dvhLFl4lTEp,25,144,12,-0.069900,0.15,1,2,true,584,Number,P,main,study2b_R_7Je0dvhLFl4lTEp.csv,-0.082613,
96972,R_7Je0dvhLFl4lTEp,26,131,8,-0.069900,0.15,1,2,true,546,Number,P,main,study2b_R_7Je0dvhLFl4lTEp.csv,-0.053108,
96972,R_7Je0dvhLFl4lTEp,27,44,18,-0.140500,0.15,1,2,true,1131,Number,Q,main,study2b_R_7Je0dvhLFl4lTEp.csv,-0.156396,
96972,R_7Je0dvhLFl4lTEp,28,355,16,0.069900,0.15,1,2,false,974,Number,P,main,study2b_R_7Je0dvhLFl4lTEp.csv,0.066617,
96972,R_7Je0dvhLFl4lTEp,29,290,16,0.034900,0.15,1,2,true,810,Number,Q,main,study2b_R_7Je0dvhLFl4lTEp.csv,0.030071,
96972,R_7Je0dvhLFl4lTEp,30,83,12,-0.105100,0.15,1,2,true,508,Number,P,main,study2b_R_7Je0dvhLFl4lTEp.csv,-0.101086,
96972,R_7Je0dvhLFl4lTEp,31,450,8,0.140500,0.15,1,2,true,517,Number,P,main,study2b_R_7Je0dvhLFl4lTEp.csv,0.135411,
96972,R_7Je0dvhLFl4lTEp,32,321,8,0.069900,0.15,1,2,true,598,Number,P,main,study2b_R_7Je0dvhLFl4lTEp.csv,0.075624,
96972,R_7Je0dvhLFl4lTEp,33,62,22,-0.140500,0.15,1,2,true,495,Number,Q,main,study2b_R_7Je0dvhLFl4lTEp.csv,-0.151102,
96972,R_7Je0dvhLFl4lTEp,34,495,18,0.140500,0.15,1,2,true,652,Number,Q,main,study2b_R_7Je0dvhLFl4lTEp.csv,0.158077,
96972,R_7Je0dvhLFl4lTEp,35,11,10,-0.140500,0.15,1,2,true,548,Number,P,main,study2b_R_7Je0dvhLFl4lTEp.csv,-0.123921,
96972,R_7Je0dvhLFl4lTEp,36,128,8,-0.069900,0.15,1,2,true,554,Number,P,main,study2b_R_7Je0dvhLFl4lTEp.csv,-0.074618,
96972,R_7Je0dvhLFl4lTEp,37,484,16,0.140500,0.15,1,2,true,1669,Number,Q,main,study2b_R_7Je0dvhLFl4lTEp.csv,0.13717,
96972,R_7Je0dvhLFl4lTEp,38,187,22,-0.069900,0.15,1,2,true,626,Number,Q,main,study2b_R_7Je0dvhLFl4lTEp.csv,-0.060968,
96972,R_7Je0dvhLFl4lTEp,39,491,18,0.140500,0.15,1,2,true,729,Number,Q,main,study2b_R_7Je0dvhLFl4lTEp.csv,0.149206,
96972,R_7Je0dvhLFl4lTEp,40,502,20,0.140500,0.15,1,2,true,173,Number,Q,main,study2b_R_7Je0dvhLFl4lTEp.csv,0.154258,
96972,R_7Je0dvhLFl4lTEp,41,305,20,0.034900,0.15,1,2,true,640,Number,Q,main,study2b_R_7Je0dvhLFl4lTEp.csv,0.037143,
96972,R_7Je0dvhLFl4lTEp,42,33,16,-0.140500,0.15,1,2,true,630,Number,Q,main,study2b_R_7Je0dvhLFl4lTEp.csv,-0.126053,
96972,R_7Je0dvhLFl4lTEp,43,435,20,0.105100,0.15,1,2,true,577,Number,Q,main,study2b_R_7Je0dvhLFl4lTEp.csv,0.113299,
96972,R_7Je0dvhLFl4lTEp,44,12,10,-0.140500,0.15,1,2,true,539,Number,P,main,study2b_R_7Je0dvhLFl4lTEp.csv,-0.131128,
96972,R_7Je0dvhLFl4lTEp,45,21,12,-0.140500,0.15,1,2,true,488,Number,P,main,study2b_R_7Je0dvhLFl4lTEp.csv,-0.155321,
96972,R_7Je0dvhLFl4lTEp,46,314,22,0.034900,0.15,1,2,true,728,Number,Q,main,study2b_R_7Je0dvhLFl4lTEp.csv,0.046548,
96972,R_7Je0dvhLFl4lTEp,47,70,8,-0.105100,0.15,1,2,true,876,Number,P,main,study2b_R_7Je0dvhLFl4lTEp.csv,-0.101976,
96972,R_7Je0dvhLFl4lTEp,48,310,20,0.034900,0.15,1,2,true,934,Number,Q,main,study2b_R_7Je0dvhLFl4lTEp.csv,0.018841,
96972,R_7Je0dvhLFl4lTEp,49,359,16,0.069900,0.15,1,2,true,501,Number,Q,main,study2b_R_7Je0dvhLFl4lTEp.csv,0.06309,
96972,R_7Je0dvhLFl4lTEp,50,414,14,0.105100,0.15,1,2,true,1268,Number,P,main,study2b_R_7Je0dvhLFl4lTEp.csv,0.088229,
96972,R_7Je0dvhLFl4lTEp,51,268,10,0.034900,0.15,1,2,true,513,Number,P,main,study2b_R_7Je0dvhLFl4lTEp.csv,0.03405,
96972,R_7Je0dvhLFl4lTEp,52,348,14,0.069900,0.15,1,2,false,428,Number,Q,main,study2b_R_7Je0dvhLFl4lTEp.csv,0.078982,
96972,R_7Je0dvhLFl4lTEp,53,386,8,0.105100,0.15,1,2,true,382,Number,P,main,study2b_R_7Je0dvhLFl4lTEp.csv,0.093004,
96972,R_7Je0dvhLFl4lTEp,54,271,10,0.034900,0.15,1,2,true,424,Number,P,main,study2b_R_7Je0dvhLFl4lTEp.csv,0.047746,
96972,R_7Je0dvhLFl4lTEp,55,15,10,-0.140500,0.15,1,2,true,357,Number,P,main,study2b_R_7Je0dvhLFl4lTEp.csv,-0.145857,
96972,R_7Je0dvhLFl4lTEp,56,191,22,-0.069900,0.15,1,2,true,1466,Number,Q,main,study2b_R_7Je0dvhLFl4lTEp.csv,-0.059047,
96972,R_7Je0dvhLFl4lTEp,57,417,16,0.105100,0.15,1,2,true,1141,Number,Q,main,study2b_R_7Je0dvhLFl4lTEp.csv,0.091171,
96972,R_7Je0dvhLFl4lTEp,58,370,20,0.069900,0.15,1,2,true,1866,Number,Q,main,study2b_R_7Je0dvhLFl4lTEp.csv,0.055031,
96972,R_7Je0dvhLFl4lTEp,59,138,10,-0.069900,0.15,1,2,true,729,Number,P,main,study2b_R_7Je0dvhLFl4lTEp.csv,-0.066098,
96972,R_7Je0dvhLFl4lTEp,60,199,8,-0.034900,0.15,1,2,true,574,Number,P,main,study2b_R_7Je0dvhLFl4lTEp.csv,-0.046221,
96972,R_7Je0dvhLFl4lTEp,61,25,14,-0.140500,0.15,1,2,true,854,Number,P,main,study2b_R_7Je0dvhLFl4lTEp.csv,-0.133981,
96972,R_7Je0dvhLFl4lTEp,62,251,22,-0.034900,0.15,1,2,true,864,Number,Q,main,study2b_R_7Je0dvhLFl4lTEp.csv,-0.025271,
96972,R_7Je0dvhLFl4lTEp,63,240,20,-0.034900,0.15,1,2,true,618,Number,Q,main,study2b_R_7Je0dvhLFl4lTEp.csv,-0.051516,
96972,R_7Je0dvhLFl4lTEp,64,124,22,-0.105100,0.15,1,2,true,796,Number,Q,main,study2b_R_7Je0dvhLFl4lTEp.csv,-0.104379,
96972,R_7Je0dvhLFl4lTEp,65,188,22,-0.069900,0.15,1,2,true,461,Number,Q,main,study2b_R_7Je0dvhLFl4lTEp.csv,-0.059954,
96972,R_7Je0dvhLFl4lTEp,66,177,20,-0.069900,0.15,1,2,true,803,Number,Q,main,study2b_R_7Je0dvhLFl4lTEp.csv,-0.061079,
96972,R_7Je0dvhLFl4lTEp,67,453,8,0.140500,0.15,1,2,true,709,Number,P,main,study2b_R_7Je0dvhLFl4lTEp.csv,0.146563,
96972,R_7Je0dvhLFl4lTEp,68,79,10,-0.105100,0.15,1,2,true,1371,Number,P,main,study2b_R_7Je0dvhLFl4lTEp.csv,-0.114654,
96972,R_7Je0dvhLFl4lTEp,69,388,8,0.105100,0.15,1,2,true,535,Number,P,main,study2b_R_7Je0dvhLFl4lTEp.csv,0.101427,
96972,R_7Je0dvhLFl4lTEp,70,267,10,0.034900,0.15,1,2,true,352,Number,P,main,study2b_R_7Je0dvhLFl4lTEp.csv,0.020683,
96972,R_7Je0dvhLFl4lTEp,71,222,14,-0.034900,0.15,1,2,true,481,Number,P,main,study2b_R_7Je0dvhLFl4lTEp.csv,-0.030534,
96972,R_7Je0dvhLFl4lTEp,72,175,18,-0.069900,0.15,1,2,true,555,Number,Q,main,study2b_R_7Je0dvhLFl4lTEp.csv,-0.060173,
96972,R_7Je0dvhLFl4lTEp,73,366,18,0.069900,0.15,1,2,true,732,Number,Q,main,study2b_R_7Je0dvhLFl4lTEp.csv,0.071952,
96972,R_7Je0dvhLFl4lTEp,74,132,8,-0.069900,0.15,1,2,true,622,Number,P,main,study2b_R_7Je0dvhLFl4lTEp.csv,-0.068327,
96972,R_7Je0dvhLFl4lTEp,75,369,20,0.069900,0.15,1,2,true,386,Number,Q,main,study2b_R_7Je0dvhLFl4lTEp.csv,0.086383,
96972,R_7Je0dvhLFl4lTEp,76,274,12,0.034900,0.15,1,2,true,914,Number,P,main,study2b_R_7Je0dvhLFl4lTEp.csv,0.039015,
96972,R_7Je0dvhLFl4lTEp,77,179,20,-0.069900,0.15,1,2,true,792,Number,Q,main,study2b_R_7Je0dvhLFl4lTEp.csv,-0.08635,
96972,R_7Je0dvhLFl4lTEp,78,107,18,-0.105100,0.15,1,2,true,1591,Number,Q,main,study2b_R_7Je0dvhLFl4lTEp.csv,-0.104546,
96972,R_7Je0dvhLFl4lTEp,79,192,8,-0.034900,0.15,1,2,true,709,Number,P,main,study2b_R_7Je0dvhLFl4lTEp.csv,-0.036323,
96972,R_7Je0dvhLFl4lTEp,80,262,8,0.034900,0.15,1,2,true,1180,Number,P,main,study2b_R_7Je0dvhLFl4lTEp.csv,0.043294,
96972,R_7Je0dvhLFl4lTEp,81,74,10,-0.105100,0.15,1,2,true,725,Number,P,main,study2b_R_7Je0dvhLFl4lTEp.csv,-0.107429,
96972,R_7Je0dvhLFl4lTEp,82,72,10,-0.105100,0.15,1,2,true,526,Number,P,main,study2b_R_7Je0dvhLFl4lTEp.csv,-0.091069,
96972,R_7Je0dvhLFl4lTEp,83,254,22,-0.034900,0.15,1,2,true,1921,Number,Q,main,study2b_R_7Je0dvhLFl4lTEp.csv,-0.041326,
96972,R_7Je0dvhLFl4lTEp,84,189,22,-0.069900,0.15,1,2,true,1024,Number,Q,main,study2b_R_7Je0dvhLFl4lTEp.csv,-0.055804,
96972,R_7Je0dvhLFl4lTEp,85,312,22,0.034900,0.15,1,2,true,969,Number,Q,main,study2b_R_7Je0dvhLFl4lTEp.csv,0.020778,
96972,R_7Je0dvhLFl4lTEp,86,60,22,-0.140500,0.15,1,2,true,1108,Number,Q,main,study2b_R_7Je0dvhLFl4lTEp.csv,-0.156155,
96972,R_7Je0dvhLFl4lTEp,87,357,16,0.069900,0.15,1,2,false,580,Number,P,main,study2b_R_7Je0dvhLFl4lTEp.csv,0.067732,
96972,R_7Je0dvhLFl4lTEp,88,171,18,-0.069900,0.15,1,2,true,2164,Number,Q,main,study2b_R_7Je0dvhLFl4lTEp.csv,-0.079583,
96972,R_7Je0dvhLFl4lTEp,89,52,20,-0.140500,0.15,1,2,true,477,Number,Q,main,study2b_R_7Je0dvhLFl4lTEp.csv,-0.132669,
96972,R_7Je0dvhLFl4lTEp,90,81,12,-0.105100,0.15,1,2,true,1151,Number,P,main,study2b_R_7Je0dvhLFl4lTEp.csv,-0.094695,
96972,R_7Je0dvhLFl4lTEp,91,374,20,0.069900,0.15,1,2,false,722,Number,P,main,study2b_R_7Je0dvhLFl4lTEp.csv,0.07538,
96972,R_7Je0dvhLFl4lTEp,92,220,14,-0.034900,0.15,1,2,false,562,Number,Q,main,study2b_R_7Je0dvhLFl4lTEp.csv,-0.042598,
96972,R_7Je0dvhLFl4lTEp,93,458,10,0.140500,0.15,1,2,true,916,Number,P,main,study2b_R_7Je0dvhLFl4lTEp.csv,0.135141,
96972,R_7Je0dvhLFl4lTEp,94,233,18,-0.034900,0.15,1,2,true,859,Number,Q,main,study2b_R_7Je0dvhLFl4lTEp.csv,-0.036114,
96972,R_7Je0dvhLFl4lTEp,95,206,10,-0.034900,0.15,1,2,true,671,Number,P,main,study2b_R_7Je0dvhLFl4lTEp.csv,-0.032211,
96972,R_7Je0dvhLFl4lTEp,96,181,20,-0.069900,0.15,1,2,true,696,Number,Q,main,study2b_R_7Je0dvhLFl4lTEp.csv,-0.076882,
96972,R_7Je0dvhLFl4lTEp,97,17,12,-0.140500,0.15,1,2,true,749,Number,P,main,study2b_R_7Je0dvhLFl4lTEp.csv,-0.150518,
96972,R_7Je0dvhLFl4lTEp,98,168,18,-0.069900,0.15,1,2,true,1610,Number,Q,main,study2b_R_7Je0dvhLFl4lTEp.csv,-0.053302,
96972,R_7Je0dvhLFl4lTEp,99,341,12,0.069900,0.15,1,2,true,696,Number,P,main,study2b_R_7Je0dvhLFl4lTEp.csv,0.07611,
96972,R_7Je0dvhLFl4lTEp,100,464,12,0.140500,0.15,1,2,true,572,Number,P,main,study2b_R_7Je0dvhLFl4lTEp.csv,0.146393,
96972,R_7Je0dvhLFl4lTEp,101,465,12,0.140500,0.15,1,2,true,576,Number,P,main,study2b_R_7Je0dvhLFl4lTEp.csv,0.12892,
96972,R_7Je0dvhLFl4lTEp,102,424,18,0.105100,0.15,1,2,true,641,Number,Q,main,study2b_R_7Je0dvhLFl4lTEp.csv,0.113649,
96972,R_7Je0dvhLFl4lTEp,103,146,12,-0.069900,0.15,1,2,false,1280,Number,Q,main,study2b_R_7Je0dvhLFl4lTEp.csv,-0.053285,
96972,R_7Je0dvhLFl4lTEp,104,452,8,0.140500,0.15,1,2,true,600,Number,P,main,study2b_R_7Je0dvhLFl4lTEp.csv,0.156014,
96972,R_7Je0dvhLFl4lTEp,105,119,20,-0.105100,0.15,1,2,true,1029,Number,Q,main,study2b_R_7Je0dvhLFl4lTEp.csv,-0.096873,
96972,R_7Je0dvhLFl4lTEp,106,285,14,0.034900,0.15,1,2,false,862,Number,Q,main,study2b_R_7Je0dvhLFl4lTEp.csv,0.036705,
96972,R_7Je0dvhLFl4lTEp,107,322,8,0.069900,0.15,1,2,true,570,Number,P,main,study2b_R_7Je0dvhLFl4lTEp.csv,0.054882,
96972,R_7Je0dvhLFl4lTEp,108,185,22,-0.069900,0.15,1,2,true,726,Number,Q,main,study2b_R_7Je0dvhLFl4lTEp.csv,-0.071665,
96972,R_7Je0dvhLFl4lTEp,109,56,22,-0.140500,0.15,1,2,true,539,Number,Q,main,study2b_R_7Je0dvhLFl4lTEp.csv,-0.155308,
96972,R_7Je0dvhLFl4lTEp,110,147,12,-0.069900,0.15,1,2,true,504,Number,P,main,study2b_R_7Je0dvhLFl4lTEp.csv,-0.083994,
96972,R_7Je0dvhLFl4lTEp,111,193,8,-0.034900,0.15,1,2,true,606,Number,P,main,study2b_R_7Je0dvhLFl4lTEp.csv,-0.032288,
96972,R_7Je0dvhLFl4lTEp,112,148,12,-0.069900,0.15,1,2,true,386,Number,P,main,study2b_R_7Je0dvhLFl4lTEp.csv,-0.061902,
96972,R_7Je0dvhLFl4lTEp,113,180,20,-0.069900,0.15,1,2,false,426,Number,P,main,study2b_R_7Je0dvhLFl4lTEp.csv,-0.065366,
96972,R_7Je0dvhLFl4lTEp,114,362,18,0.069900,0.15,1,2,true,456,Number,Q,main,study2b_R_7Je0dvhLFl4lTEp.csv,0.059457,
96972,R_7Je0dvhLFl4lTEp,115,459,10,0.140500,0.15,1,2,true,627,Number,P,main,study2b_R_7Je0dvhLFl4lTEp.csv,0.139648,
96972,R_7Je0dvhLFl4lTEp,116,18,12,-0.140500,0.15,1,2,true,894,Number,P,main,study2b_R_7Je0dvhLFl4lTEp.csv,-0.14941,
96972,R_7Je0dvhLFl4lTEp,117,445,22,0.105100,0.15,1,2,true,667,Number,Q,main,study2b_R_7Je0dvhLFl4lTEp.csv,0.088796,
96972,R_7Je0dvhLFl4lTEp,118,151,12,-0.069900,0.15,1,2,true,685,Number,P,main,study2b_R_7Je0dvhLFl4lTEp.csv,-0.062978,
96972,R_7Je0dvhLFl4lTEp,119,82,12,-0.105100,0.15,1,2,true,527,Number,P,main,study2b_R_7Je0dvhLFl4lTEp.csv,-0.111112,
96972,R_7Je0dvhLFl4lTEp,120,150,12,-0.069900,0.15,1,2,true,499,Number,P,main,study2b_R_7Je0dvhLFl4lTEp.csv,-0.065289,
96972,R_7Je0dvhLFl4lTEp,121,169,18,-0.069900,0.15,1,2,true,493,Number,Q,main,study2b_R_7Je0dvhLFl4lTEp.csv,-0.052969,
96972,R_7Je0dvhLFl4lTEp,122,461,10,0.140500,0.15,1,2,true,421,Number,P,main,study2b_R_7Je0dvhLFl4lTEp.csv,0.150054,
96972,R_7Je0dvhLFl4lTEp,123,324,8,0.069900,0.15,1,2,true,912,Number,P,main,study2b_R_7Je0dvhLFl4lTEp.csv,0.063158,
96972,R_7Je0dvhLFl4lTEp,124,47,18,-0.140500,0.15,1,2,true,438,Number,Q,main,study2b_R_7Je0dvhLFl4lTEp.csv,-0.155737,
96972,R_7Je0dvhLFl4lTEp,125,284,14,0.034900,0.15,1,2,true,758,Number,P,main,study2b_R_7Je0dvhLFl4lTEp.csv,0.036848,
96972,R_7Je0dvhLFl4lTEp,126,347,14,0.069900,0.15,1,2,true,708,Number,P,main,study2b_R_7Je0dvhLFl4lTEp.csv,0.062609,
96972,R_7Je0dvhLFl4lTEp,127,506,22,0.140500,0.15,1,2,true,472,Number,Q,main,study2b_R_7Je0dvhLFl4lTEp.csv,0.15612,
96972,R_7Je0dvhLFl4lTEp,128,239,18,-0.034900,0.15,1,2,true,686,Number,Q,main,study2b_R_7Je0dvhLFl4lTEp.csv,-0.040088,
96972,R_7Je0dvhLFl4lTEp,129,438,20,0.105100,0.15,1,2,true,505,Number,Q,main,study2b_R_7Je0dvhLFl4lTEp.csv,0.110992,
96972,R_7Je0dvhLFl4lTEp,130,88,14,-0.105100,0.15,1,2,true,936,Number,P,main,study2b_R_7Je0dvhLFl4lTEp.csv,-0.108759,
96972,R_7Je0dvhLFl4lTEp,131,123,22,-0.105100,0.15,1,2,true,576,Number,Q,main,study2b_R_7Je0dvhLFl4lTEp.csv,-0.112093,
96972,R_7Je0dvhLFl4lTEp,132,242,20,-0.034900,0.15,1,2,true,549,Number,Q,main,study2b_R_7Je0dvhLFl4lTEp.csv,-0.02853,
96972,R_7Je0dvhLFl4lTEp,133,141,10,-0.069900,0.15,1,2,true,1694,Number,P,main,study2b_R_7Je0dvhLFl4lTEp.csv,-0.066286,
96972,R_7Je0dvhLFl4lTEp,134,217,14,-0.034900,0.15,1,2,false,543,Number,Q,main,study2b_R_7Je0dvhLFl4lTEp.csv,-0.032728,
96972,R_7Je0dvhLFl4lTEp,135,508,22,0.140500,0.15,1,2,true,852,Number,Q,main,study2b_R_7Je0dvhLFl4lTEp.csv,0.15517,
96972,R_7Je0dvhLFl4lTEp,136,67,8,-0.105100,0.15,1,2,true,1187,Number,P,main,study2b_R_7Je0dvhLFl4lTEp.csv,-0.091124,
96972,R_7Je0dvhLFl4lTEp,137,343,12,0.069900,0.15,1,2,false,3773,Number,Q,main,study2b_R_7Je0dvhLFl4lTEp.csv,0.082507,
96972,R_7Je0dvhLFl4lTEp,138,264,10,0.034900,0.15,1,2,true,758,Number,P,main,study2b_R_7Je0dvhLFl4lTEp.csv,0.036486,
96972,R_7Je0dvhLFl4lTEp,139,421,16,0.105100,0.15,1,2,false,1430,Number,P,main,study2b_R_7Je0dvhLFl4lTEp.csv,0.103364,
96972,R_7Je0dvhLFl4lTEp,140,432,20,0.105100,0.15,1,2,true,1462,Number,Q,main,study2b_R_7Je0dvhLFl4lTEp.csv,0.117925,
96972,R_7Je0dvhLFl4lTEp,141,210,12,-0.034900,0.15,1,2,true,547,Number,P,main,study2b_R_7Je0dvhLFl4lTEp.csv,-0.03906,
96972,R_7Je0dvhLFl4lTEp,142,75,10,-0.105100,0.15,1,2,true,479,Number,P,main,study2b_R_7Je0dvhLFl4lTEp.csv,-0.095435,
96972,R_7Je0dvhLFl4lTEp,143,104,18,-0.105100,0.15,1,2,true,1078,Number,Q,main,study2b_R_7Je0dvhLFl4lTEp.csv,-0.121881,
96972,R_7Je0dvhLFl4lTEp,144,368,20,0.069900,0.15,1,2,true,738,Number,Q,main,study2b_R_7Je0dvhLFl4lTEp.csv,0.069952,
96972,R_7Je0dvhLFl4lTEp,145,336,12,0.069900,0.15,1,2,true,596,Number,P,main,study2b_R_7Je0dvhLFl4lTEp.csv,0.063042,
96972,R_7Je0dvhLFl4lTEp,146,71,8,-0.105100,0.15,1,2,true,546,Number,P,main,study2b_R_7Je0dvhLFl4lTEp.csv,-0.113168,
96972,R_7Je0dvhLFl4lTEp,147,397,10,0.105100,0.15,1,2,true,615,Number,P,main,study2b_R_7Je0dvhLFl4lTEp.csv,0.116898,
96972,R_7Je0dvhLFl4lTEp,148,235,18,-0.034900,0.15,1,2,true,645,Number,Q,main,study2b_R_7Je0dvhLFl4lTEp.csv,-0.023735,
96972,R_7Je0dvhLFl4lTEp,149,344,14,0.069900,0.15,1,2,true,834,Number,P,main,study2b_R_7Je0dvhLFl4lTEp.csv,0.082075,
96972,R_7Je0dvhLFl4lTEp,150,221,14,-0.034900,0.15,1,2,true,769,Number,P,main,study2b_R_7Je0dvhLFl4lTEp.csv,-0.048448,
96972,R_7Je0dvhLFl4lTEp,151,358,16,0.069900,0.15,1,2,false,490,Number,P,main,study2b_R_7Je0dvhLFl4lTEp.csv,0.074249,
96972,R_7Je0dvhLFl4lTEp,152,260,8,0.034900,0.15,1,2,true,614,Number,P,main,study2b_R_7Je0dvhLFl4lTEp.csv,0.041701,
96972,R_7Je0dvhLFl4lTEp,153,200,10,-0.034900,0.15,1,2,true,446,Number,P,main,study2b_R_7Je0dvhLFl4lTEp.csv,-0.018446,
96972,R_7Je0dvhLFl4lTEp,154,92,14,-0.105100,0.15,1,2,true,521,Number,P,main,study2b_R_7Je0dvhLFl4lTEp.csv,-0.113475,
96972,R_7Je0dvhLFl4lTEp,155,419,16,0.105100,0.15,1,2,true,1488,Number,Q,main,study2b_R_7Je0dvhLFl4lTEp.csv,0.091507,
96972,R_7Je0dvhLFl4lTEp,156,136,10,-0.069900,0.15,1,2,true,446,Number,P,main,study2b_R_7Je0dvhLFl4lTEp.csv,-0.070707,
96972,R_7Je0dvhLFl4lTEp,157,40,18,-0.140500,0.15,1,2,true,440,Number,Q,main,study2b_R_7Je0dvhLFl4lTEp.csv,-0.127552,
96972,R_7Je0dvhLFl4lTEp,158,493,18,0.140500,0.15,1,2,true,491,Number,Q,main,study2b_R_7Je0dvhLFl4lTEp.csv,0.157414,
96972,R_7Je0dvhLFl4lTEp,159,382,22,0.069900,0.15,1,2,true,405,Number,Q,main,study2b_R_7Je0dvhLFl4lTEp.csv,0.071763,
96972,R_7Je0dvhLFl4lTEp,160,488,18,0.140500,0.15,1,2,true,437,Number,Q,main,study2b_R_7Je0dvhLFl4lTEp.csv,0.151084,
96972,R_7Je0dvhLFl4lTEp,161,63,22,-0.140500,0.15,1,2,true,373,Number,Q,main,study2b_R_7Je0dvhLFl4lTEp.csv,-0.155911,
96972,R_7Je0dvhLFl4lTEp,162,120,22,-0.105100,0.15,1,2,true,352,Number,Q,main,study2b_R_7Je0dvhLFl4lTEp.csv,-0.121268,
96972,R_7Je0dvhLFl4lTEp,163,126,22,-0.105100,0.15,1,2,true,328,Number,Q,main,study2b_R_7Je0dvhLFl4lTEp.csv,-0.091532,
96972,R_7Je0dvhLFl4lTEp,164,498,20,0.140500,0.15,1,2,true,333,Number,Q,main,study2b_R_7Je0dvhLFl4lTEp.csv,0.131876,
96972,R_7Je0dvhLFl4lTEp,165,295,16,0.034900,0.15,1,2,true,330,Number,Q,main,study2b_R_7Je0dvhLFl4lTEp.csv,0.032908,
96972,R_7Je0dvhLFl4lTEp,166,335,10,0.069900,0.15,1,2,false,335,Number,Q,main,study2b_R_7Je0dvhLFl4lTEp.csv,0.056733,
96972,R_7Je0dvhLFl4lTEp,167,326,8,0.069900,0.15,1,2,true,527,Number,P,main,study2b_R_7Je0dvhLFl4lTEp.csv,0.084729,
96972,R_7Je0dvhLFl4lTEp,168,246,20,-0.034900,0.15,1,2,true,639,Number,Q,main,study2b_R_7Je0dvhLFl4lTEp.csv,-0.045523,
96972,R_7Je0dvhLFl4lTEp,169,135,8,-0.069900,0.15,1,2,true,628,Number,P,main,study2b_R_7Je0dvhLFl4lTEp.csv,-0.069851,
96972,R_7Je0dvhLFl4lTEp,170,408,14,0.105100,0.15,1,2,true,2157,Number,P,main,study2b_R_7Je0dvhLFl4lTEp.csv,0.096035,
96972,R_7Je0dvhLFl4lTEp,171,46,18,-0.140500,0.15,1,2,true,742,Number,Q,main,study2b_R_7Je0dvhLFl4lTEp.csv,-0.145761,
96972,R_7Je0dvhLFl4lTEp,172,99,16,-0.105100,0.15,1,2,false,764,Number,P,main,study2b_R_7Je0dvhLFl4lTEp.csv,-0.120323,
96972,R_7Je0dvhLFl4lTEp,173,410,14,0.105100,0.15,1,2,true,926,Number,P,main,study2b_R_7Je0dvhLFl4lTEp.csv,0.096079,
96972,R_7Je0dvhLFl4lTEp,174,3,8,-0.140500,0.15,1,2,true,564,Number,P,main,study2b_R_7Je0dvhLFl4lTEp.csv,-0.156545,
96972,R_7Je0dvhLFl4lTEp,175,156,14,-0.069900,0.15,1,2,true,513,Number,P,main,study2b_R_7Je0dvhLFl4lTEp.csv,-0.064466,
96972,R_7Je0dvhLFl4lTEp,176,86,12,-0.105100,0.15,1,2,true,532,Number,P,main,study2b_R_7Je0dvhLFl4lTEp.csv,-0.09568,
96972,R_7Je0dvhLFl4lTEp,177,172,18,-0.069900,0.15,1,2,false,388,Number,P,main,study2b_R_7Je0dvhLFl4lTEp.csv,-0.059752,
96972,R_7Je0dvhLFl4lTEp,178,170,18,-0.069900,0.15,1,2,true,885,Number,Q,main,study2b_R_7Je0dvhLFl4lTEp.csv,-0.058395,
96972,R_7Je0dvhLFl4lTEp,179,53,20,-0.140500,0.15,1,2,true,453,Number,Q,main,study2b_R_7Je0dvhLFl4lTEp.csv,-0.131965,
96972,R_7Je0dvhLFl4lTEp,180,212,12,-0.034900,0.15,1,2,false,331,Number,Q,main,study2b_R_7Je0dvhLFl4lTEp.csv,-0.045747,
96972,R_7Je0dvhLFl4lTEp,181,255,22,-0.034900,0.15,1,2,true,747,Number,Q,main,study2b_R_7Je0dvhLFl4lTEp.csv,-0.033569,
96972,R_7Je0dvhLFl4lTEp,182,209,12,-0.034900,0.15,1,2,false,400,Number,Q,main,study2b_R_7Je0dvhLFl4lTEp.csv,-0.024713,
96972,R_7Je0dvhLFl4lTEp,183,323,8,0.069900,0.15,1,2,true,720,Number,P,main,study2b_R_7Je0dvhLFl4lTEp.csv,0.071049,
96972,R_7Je0dvhLFl4lTEp,184,27,14,-0.140500,0.15,1,2,true,2141,Number,P,main,study2b_R_7Je0dvhLFl4lTEp.csv,-0.136859,
96972,R_7Je0dvhLFl4lTEp,185,291,16,0.034900,0.15,1,2,true,3717,Number,Q,main,study2b_R_7Je0dvhLFl4lTEp.csv,0.037882,
96972,R_7Je0dvhLFl4lTEp,186,65,8,-0.105100,0.15,1,2,true,717,Number,P,main,study2b_R_7Je0dvhLFl4lTEp.csv,-0.104936,
96972,R_7Je0dvhLFl4lTEp,187,76,10,-0.105100,0.15,1,2,true,647,Number,P,main,study2b_R_7Je0dvhLFl4lTEp.csv,-0.107301,
96972,R_7Je0dvhLFl4lTEp,188,433,20,0.105100,0.15,1,2,true,2061,Number,Q,main,study2b_R_7Je0dvhLFl4lTEp.csv,0.096219,
96972,R_7Je0dvhLFl4lTEp,189,178,20,-0.069900,0.15,1,2,true,602,Number,Q,main,study2b_R_7Je0dvhLFl4lTEp.csv,-0.070853,
96972,R_7Je0dvhLFl4lTEp,190,117,20,-0.105100,0.15,1,2,true,1971,Number,Q,main,study2b_R_7Je0dvhLFl4lTEp.csv,-0.113111,
96972,R_7Je0dvhLFl4lTEp,191,447,22,0.105100,0.15,1,2,true,1057,Number,Q,main,study2b_R_7Je0dvhLFl4lTEp.csv,0.121638,
96972,R_7Je0dvhLFl4lTEp,192,64,8,-0.105100,0.15,1,2,true,606,Number,P,main,study2b_R_7Je0dvhLFl4lTEp.csv,-0.122349,
96972,R_7Je0dvhLFl4lTEp,193,214,12,-0.034900,0.15,1,2,true,756,Number,P,main,study2b_R_7Je0dvhLFl4lTEp.csv,-0.020203,
96972,R_7Je0dvhLFl4lTEp,194,109,18,-0.105100,0.15,1,2,true,896,Number,Q,main,study2b_R_7Je0dvhLFl4lTEp.csv,-0.116645,
96972,R_7Je0dvhLFl4lTEp,195,91,14,-0.105100,0.15,1,2,false,1347,Number,Q,main,study2b_R_7Je0dvhLFl4lTEp.csv,-0.116854,
96972,R_7Je0dvhLFl4lTEp,196,504,22,0.140500,0.15,1,2,true,1224,Number,Q,main,study2b_R_7Je0dvhLFl4lTEp.csv,0.157346,
96972,R_7Je0dvhLFl4lTEp,197,174,18,-0.069900,0.15,1,2,true,1756,Number,Q,main,study2b_R_7Je0dvhLFl4lTEp.csv,-0.058905,
96972,R_7Je0dvhLFl4lTEp,198,32,16,-0.140500,0.15,1,2,false,1007,Number,P,main,study2b_R_7Je0dvhLFl4lTEp.csv,-0.152727,
96972,R_7Je0dvhLFl4lTEp,199,456,10,0.140500,0.15,1,2,true,586,Number,P,main,study2b_R_7Je0dvhLFl4lTEp.csv,0.133913,
96972,R_7Je0dvhLFl4lTEp,200,9,10,-0.140500,0.15,1,2,true,428,Number,P,main,study2b_R_7Je0dvhLFl4lTEp.csv,-0.128093,
96972,R_7Je0dvhLFl4lTEp,201,282,14,0.034900,0.15,1,2,true,692,Number,P,main,study2b_R_7Je0dvhLFl4lTEp.csv,0.027315,
96972,R_7Je0dvhLFl4lTEp,202,482,16,0.140500,0.15,1,2,true,623,Number,Q,main,study2b_R_7Je0dvhLFl4lTEp.csv,0.147301,
96972,R_7Je0dvhLFl4lTEp,203,269,10,0.034900,0.15,1,2,true,679,Number,P,main,study2b_R_7Je0dvhLFl4lTEp.csv,0.041518,
96972,R_7Je0dvhLFl4lTEp,204,288,16,0.034900,0.15,1,2,true,1228,Number,Q,main,study2b_R_7Je0dvhLFl4lTEp.csv,0.041209,
96972,R_7Je0dvhLFl4lTEp,205,245,20,-0.034900,0.15,1,2,false,1300,Number,P,main,study2b_R_7Je0dvhLFl4lTEp.csv,-0.026028,
96972,R_7Je0dvhLFl4lTEp,206,354,16,0.069900,0.15,1,2,false,656,Number,P,main,study2b_R_7Je0dvhLFl4lTEp.csv,0.075095,
96972,R_7Je0dvhLFl4lTEp,207,460,10,0.140500,0.15,1,2,true,746,Number,P,main,study2b_R_7Je0dvhLFl4lTEp.csv,0.15212,
96972,R_7Je0dvhLFl4lTEp,208,231,16,-0.034900,0.15,1,2,true,1522,Number,Q,main,study2b_R_7Je0dvhLFl4lTEp.csv,-0.031678,
96972,R_7Je0dvhLFl4lTEp,209,425,18,0.105100,0.15,1,2,true,621,Number,Q,main,study2b_R_7Je0dvhLFl4lTEp.csv,0.105701,
96972,R_7Je0dvhLFl4lTEp,210,331,10,0.069900,0.15,1,2,true,622,Number,P,main,study2b_R_7Je0dvhLFl4lTEp.csv,0.074243,
96972,R_7Je0dvhLFl4lTEp,211,237,18,-0.034900,0.15,1,2,true,723,Number,Q,main,study2b_R_7Je0dvhLFl4lTEp.csv,-0.032774,
96972,R_7Je0dvhLFl4lTEp,212,311,20,0.034900,0.15,1,2,true,557,Number,Q,main,study2b_R_7Je0dvhLFl4lTEp.csv,0.029011,
96972,R_7Je0dvhLFl4lTEp,213,387,8,0.105100,0.15,1,2,true,485,Number,P,main,study2b_R_7Je0dvhLFl4lTEp.csv,0.111397,
96972,R_7Je0dvhLFl4lTEp,214,261,8,0.034900,0.15,1,2,true,653,Number,P,main,study2b_R_7Je0dvhLFl4lTEp.csv,0.046387,
96972,R_7Je0dvhLFl4lTEp,215,317,22,0.034900,0.15,1,2,false,1750,Number,P,main,study2b_R_7Je0dvhLFl4lTEp.csv,0.026277,
96972,R_7Je0dvhLFl4lTEp,216,69,8,-0.105100,0.15,1,2,true,651,Number,P,main,study2b_R_7Je0dvhLFl4lTEp.csv,-0.087724,
96972,R_7Je0dvhLFl4lTEp,217,257,8,0.034900,0.15,1,2,true,416,Number,P,main,study2b_R_7Je0dvhLFl4lTEp.csv,0.034429,
96972,R_7Je0dvhLFl4lTEp,218,443,22,0.105100,0.15,1,2,true,736,Number,Q,main,study2b_R_7Je0dvhLFl4lTEp.csv,0.112621,
96972,R_7Je0dvhLFl4lTEp,219,48,20,-0.140500,0.15,1,2,true,532,Number,Q,main,study2b_R_7Je0dvhLFl4lTEp.csv,-0.144017,
96972,R_7Je0dvhLFl4lTEp,220,161,16,-0.069900,0.15,1,2,true,905,Number,Q,main,study2b_R_7Je0dvhLFl4lTEp.csv,-0.064653,
96972,R_7Je0dvhLFl4lTEp,221,472,14,0.140500,0.15,1,2,true,739,Number,P,main,study2b_R_7Je0dvhLFl4lTEp.csv,0.155626,
96972,R_7Je0dvhLFl4lTEp,222,297,18,0.034900,0.15,1,2,true,654,Number,Q,main,study2b_R_7Je0dvhLFl4lTEp.csv,0.018931,
96972,R_7Je0dvhLFl4lTEp,223,14,10,-0.140500,0.15,1,2,true,647,Number,P,main,study2b_R_7Je0dvhLFl4lTEp.csv,-0.148897,
96972,R_7Je0dvhLFl4lTEp,224,289,16,0.034900,0.15,1,2,true,1153,Number,Q,main,study2b_R_7Je0dvhLFl4lTEp.csv,0.049475,
96972,R_7Je0dvhLFl4lTEp,225,7,8,-0.140500,0.15,1,2,true,613,Number,P,main,study2b_R_7Je0dvhLFl4lTEp.csv,-0.133968,
96972,R_7Je0dvhLFl4lTEp,226,190,22,-0.069900,0.15,1,2,true,572,Number,Q,main,study2b_R_7Je0dvhLFl4lTEp.csv,-0.053348,
96972,R_7Je0dvhLFl4lTEp,227,77,10,-0.105100,0.15,1,2,false,495,Number,Q,main,study2b_R_7Je0dvhLFl4lTEp.csv,-0.098239,
96972,R_7Je0dvhLFl4lTEp,228,440,22,0.105100,0.15,1,2,true,742,Number,Q,main,study2b_R_7Je0dvhLFl4lTEp.csv,0.101072,
96972,R_7Je0dvhLFl4lTEp,229,273,12,0.034900,0.15,1,2,true,1316,Number,P,main,study2b_R_7Je0dvhLFl4lTEp.csv,0.045341,
96972,R_7Je0dvhLFl4lTEp,230,367,18,0.069900,0.15,1,2,false,635,Number,P,main,study2b_R_7Je0dvhLFl4lTEp.csv,0.086676,
96972,R_7Je0dvhLFl4lTEp,231,20,12,-0.140500,0.15,1,2,true,606,Number,P,main,study2b_R_7Je0dvhLFl4lTEp.csv,-0.123938,
96972,R_7Je0dvhLFl4lTEp,232,164,16,-0.069900,0.15,1,2,true,1374,Number,Q,main,study2b_R_7Je0dvhLFl4lTEp.csv,-0.068001,
96972,R_7Je0dvhLFl4lTEp,233,183,20,-0.069900,0.15,1,2,true,1582,Number,Q,main,study2b_R_7Je0dvhLFl4lTEp.csv,-0.082832,
96972,R_7Je0dvhLFl4lTEp,234,279,12,0.034900,0.15,1,2,true,791,Number,P,main,study2b_R_7Je0dvhLFl4lTEp.csv,0.04356,
96972,R_7Je0dvhLFl4lTEp,235,379,22,0.069900,0.15,1,2,true,1073,Number,Q,main,study2b_R_7Je0dvhLFl4lTEp.csv,0.066642,
96972,R_7Je0dvhLFl4lTEp,236,399,10,0.105100,0.15,1,2,true,1511,Number,P,main,study2b_R_7Je0dvhLFl4lTEp.csv,0.092598,
96972,R_7Je0dvhLFl4lTEp,237,165,16,-0.069900,0.15,1,2,true,1801,Number,Q,main,study2b_R_7Je0dvhLFl4lTEp.csv,-0.077331,
96972,R_7Je0dvhLFl4lTEp,238,152,14,-0.069900,0.15,1,2,false,653,Number,Q,main,study2b_R_7Je0dvhLFl4lTEp.csv,-0.052983,
96972,R_7Je0dvhLFl4lTEp,239,89,14,-0.105100,0.15,1,2,true,448,Number,P,main,study2b_R_7Je0dvhLFl4lTEp.csv,-0.107808,
96972,R_7Je0dvhLFl4lTEp,240,361,18,0.069900,0.15,1,2,true,1621,Number,Q,main,study2b_R_7Je0dvhLFl4lTEp.csv,0.070289,
96972,R_7Je0dvhLFl4lTEp,241,133,8,-0.069900,0.15,1,2,true,610,Number,P,main,study2b_R_7Je0dvhLFl4lTEp.csv,-0.084891,
96972,R_7Je0dvhLFl4lTEp,242,59,22,-0.140500,0.15,1,2,true,1072,Number,Q,main,study2b_R_7Je0dvhLFl4lTEp.csv,-0.149335,
96972,R_7Je0dvhLFl4lTEp,243,345,14,0.069900,0.15,1,2,true,1378,Number,P,main,study2b_R_7Je0dvhLFl4lTEp.csv,0.069768,
96972,R_7Je0dvhLFl4lTEp,244,381,22,0.069900,0.15,1,2,true,810,Number,Q,main,study2b_R_7Je0dvhLFl4lTEp.csv,0.069369,
96972,R_7Je0dvhLFl4lTEp,245,125,22,-0.105100,0.15,1,2,true,642,Number,Q,main,study2b_R_7Je0dvhLFl4lTEp.csv,-0.116516,
96972,R_7Je0dvhLFl4lTEp,246,510,22,0.140500,0.15,1,2,true,452,Number,Q,main,study2b_R_7Je0dvhLFl4lTEp.csv,0.1386,
96972,R_7Je0dvhLFl4lTEp,247,444,22,0.105100,0.15,1,2,true,627,Number,Q,main,study2b_R_7Je0dvhLFl4lTEp.csv,0.122204,
96972,R_7Je0dvhLFl4lTEp,248,2,8,-0.140500,0.15,1,2,true,582,Number,P,main,study2b_R_7Je0dvhLFl4lTEp.csv,-0.130492,
96972,R_7Je0dvhLFl4lTEp,249,356,16,0.069900,0.15,1,2,false,700,Number,P,main,study2b_R_7Je0dvhLFl4lTEp.csv,0.082037,
96972,R_7Je0dvhLFl4lTEp,250,423,16,0.105100,0.15,1,2,false,690,Number,P,main,study2b_R_7Je0dvhLFl4lTEp.csv,0.121951,
96972,R_7Je0dvhLFl4lTEp,251,320,8,0.069900,0.15,1,2,true,624,Number,P,main,study2b_R_7Je0dvhLFl4lTEp.csv,0.053282,
96972,R_7Je0dvhLFl4lTEp,252,234,18,-0.034900,0.15,1,2,true,1991,Number,Q,main,study2b_R_7Je0dvhLFl4lTEp.csv,-0.033049,
96972,R_7Je0dvhLFl4lTEp,253,373,20,0.069900,0.15,1,2,true,676,Number,Q,main,study2b_R_7Je0dvhLFl4lTEp.csv,0.053542,
96972,R_7Je0dvhLFl4lTEp,254,475,14,0.140500,0.15,1,2,false,506,Number,Q,main,study2b_R_7Je0dvhLFl4lTEp.csv,0.126168,
96972,R_7Je0dvhLFl4lTEp,255,503,20,0.140500,0.15,1,2,true,1126,Number,Q,main,study2b_R_7Je0dvhLFl4lTEp.csv,0.157826,
96972,R_7Je0dvhLFl4lTEp,256,307,20,0.034900,0.15,1,2,true,619,Number,Q,main,study2b_R_7Je0dvhLFl4lTEp.csv,0.035776,
96972,R_7Je0dvhLFl4lTEp,257,211,12,-0.034900,0.15,1,2,true,438,Number,P,main,study2b_R_7Je0dvhLFl4lTEp.csv,-0.038664,
96972,R_7Je0dvhLFl4lTEp,258,197,8,-0.034900,0.15,1,2,true,398,Number,P,main,study2b_R_7Je0dvhLFl4lTEp.csv,-0.032999,
96972,R_7Je0dvhLFl4lTEp,259,106,18,-0.105100,0.15,1,2,true,1005,Number,Q,main,study2b_R_7Je0dvhLFl4lTEp.csv,-0.106802,
96972,R_7Je0dvhLFl4lTEp,260,449,8,0.140500,0.15,1,2,true,747,Number,P,main,study2b_R_7Je0dvhLFl4lTEp.csv,0.146679,
96972,R_7Je0dvhLFl4lTEp,261,259,8,0.034900,0.15,1,2,true,433,Number,P,main,study2b_R_7Je0dvhLFl4lTEp.csv,0.035303,
96972,R_7Je0dvhLFl4lTEp,262,37,16,-0.140500,0.15,1,2,false,1266,Number,P,main,study2b_R_7Je0dvhLFl4lTEp.csv,-0.131359,
96972,R_7Je0dvhLFl4lTEp,263,270,10,0.034900,0.15,1,2,true,543,Number,P,main,study2b_R_7Je0dvhLFl4lTEp.csv,0.028104,
96972,R_7Je0dvhLFl4lTEp,264,298,18,0.034900,0.15,1,2,true,1652,Number,Q,main,study2b_R_7Je0dvhLFl4lTEp.csv,0.05146,
96972,R_7Je0dvhLFl4lTEp,265,194,8,-0.034900,0.15,1,2,true,635,Number,P,main,study2b_R_7Je0dvhLFl4lTEp.csv,-0.036224,
96972,R_7Je0dvhLFl4lTEp,266,294,16,0.034900,0.15,1,2,false,488,Number,P,main,study2b_R_7Je0dvhLFl4lTEp.csv,0.031084,
96972,R_7Je0dvhLFl4lTEp,267,87,12,-0.105100,0.15,1,2,true,1484,Number,P,main,study2b_R_7Je0dvhLFl4lTEp.csv,-0.107755,
96972,R_7Je0dvhLFl4lTEp,268,112,20,-0.105100,0.15,1,2,false,824,Number,P,main,study2b_R_7Je0dvhLFl4lTEp.csv,-0.120829,
96972,R_7Je0dvhLFl4lTEp,269,462,10,0.140500,0.15,1,2,true,669,Number,P,main,study2b_R_7Je0dvhLFl4lTEp.csv,0.142055,
96972,R_7Je0dvhLFl4lTEp,270,5,8,-0.140500,0.15,1,2,true,507,Number,P,main,study2b_R_7Je0dvhLFl4lTEp.csv,-0.152536,
96972,R_7Je0dvhLFl4lTEp,271,224,16,-0.034900,0.15,1,2,true,569,Number,Q,main,study2b_R_7Je0dvhLFl4lTEp.csv,-0.036186,
96972,R_7Je0dvhLFl4lTEp,272,6,8,-0.140500,0.15,1,2,true,614,Number,P,main,study2b_R_7Je0dvhLFl4lTEp.csv,-0.144873,
96972,R_7Je0dvhLFl4lTEp,273,485,16,0.140500,0.15,1,2,false,427,Number,P,main,study2b_R_7Je0dvhLFl4lTEp.csv,0.13861,
96972,R_7Je0dvhLFl4lTEp,274,203,10,-0.034900,0.15,1,2,true,817,Number,P,main,study2b_R_7Je0dvhLFl4lTEp.csv,-0.036265,
96972,R_7Je0dvhLFl4lTEp,275,441,22,0.105100,0.15,1,2,true,538,Number,Q,main,study2b_R_7Je0dvhLFl4lTEp.csv,0.094937,
96972,R_7Je0dvhLFl4lTEp,276,389,8,0.105100,0.15,1,2,true,567,Number,P,main,study2b_R_7Je0dvhLFl4lTEp.csv,0.111235,
96972,R_7Je0dvhLFl4lTEp,277,154,14,-0.069900,0.15,1,2,true,716,Number,P,main,study2b_R_7Je0dvhLFl4lTEp.csv,-0.069371,
96972,R_7Je0dvhLFl4lTEp,278,100,16,-0.105100,0.15,1,2,false,518,Number,P,main,study2b_R_7Je0dvhLFl4lTEp.csv,-0.096328,
96972,R_7Je0dvhLFl4lTEp,279,391,8,0.105100,0.15,1,2,true,418,Number,P,main,study2b_R_7Je0dvhLFl4lTEp.csv,0.108477,
96972,R_7Je0dvhLFl4lTEp,280,426,18,0.105100,0.15,1,2,true,1252,Number,Q,main,study2b_R_7Je0dvhLFl4lTEp.csv,0.11316,
96972,R_7Je0dvhLFl4lTEp,281,319,22,0.034900,0.15,1,2,true,561,Number,Q,main,study2b_R_7Je0dvhLFl4lTEp.csv,0.031392,
96972,R_7Je0dvhLFl4lTEp,282,392,10,0.105100,0.15,1,2,true,469,Number,P,main,study2b_R_7Je0dvhLFl4lTEp.csv,0.105319,
96972,R_7Je0dvhLFl4lTEp,283,51,20,-0.140500,0.15,1,2,true,723,Number,Q,main,study2b_R_7Je0dvhLFl4lTEp.csv,-0.15348,
96972,R_7Je0dvhLFl4lTEp,284,292,16,0.034900,0.15,1,2,true,1555,Number,Q,main,study2b_R_7Je0dvhLFl4lTEp.csv,0.022992,
96972,R_7Je0dvhLFl4lTEp,285,225,16,-0.034900,0.15,1,2,false,652,Number,P,main,study2b_R_7Je0dvhLFl4lTEp.csv,-0.022672,
96972,R_7Je0dvhLFl4lTEp,286,330,10,0.069900,0.15,1,2,true,620,Number,P,main,study2b_R_7Je0dvhLFl4lTEp.csv,0.062929,
96972,R_7Je0dvhLFl4lTEp,287,275,12,0.034900,0.15,1,2,true,605,Number,P,main,study2b_R_7Je0dvhLFl4lTEp.csv,0.01876,
96972,R_7Je0dvhLFl4lTEp,288,394,10,0.105100,0.15,1,2,true,604,Number,P,main,study2b_R_7Je0dvhLFl4lTEp.csv,0.105034,
96972,R_7Je0dvhLFl4lTEp,289,238,18,-0.034900,0.15,1,2,true,555,Number,Q,main,study2b_R_7Je0dvhLFl4lTEp.csv,-0.031918,
96972,R_7Je0dvhLFl4lTEp,290,325,8,0.069900,0.15,1,2,true,566,Number,P,main,study2b_R_7Je0dvhLFl4lTEp.csv,0.083785,
96972,R_7Je0dvhLFl4lTEp,291,198,8,-0.034900,0.15,1,2,true,597,Number,P,main,study2b_R_7Je0dvhLFl4lTEp.csv,-0.021799,
96972,R_7Je0dvhLFl4lTEp,292,113,20,-0.105100,0.15,1,2,true,914,Number,Q,main,study2b_R_7Je0dvhLFl4lTEp.csv,-0.096331,
96972,R_7Je0dvhLFl4lTEp,293,316,22,0.034900,0.15,1,2,true,531,Number,Q,main,study2b_R_7Je0dvhLFl4lTEp.csv,0.021466,
96972,R_7Je0dvhLFl4lTEp,294,393,10,0.105100,0.15,1,2,true,458,Number,P,main,study2b_R_7Je0dvhLFl4lTEp.csv,0.101325,
96972,R_7Je0dvhLFl4lTEp,295,111,18,-0.105100,0.15,1,2,false,581,Number,P,main,study2b_R_7Je0dvhLFl4lTEp.csv,-0.094527,
96972,R_7Je0dvhLFl4lTEp,296,102,16,-0.105100,0.15,1,2,true,551,Number,Q,main,study2b_R_7Je0dvhLFl4lTEp.csv,-0.093591,
96972,R_7Je0dvhLFl4lTEp,297,480,16,0.140500,0.15,1,2,true,667,Number,Q,main,study2b_R_7Je0dvhLFl4lTEp.csv,0.142105,
96972,R_7Je0dvhLFl4lTEp,298,93,14,-0.105100,0.15,1,2,true,849,Number,P,main,study2b_R_7Je0dvhLFl4lTEp.csv,-0.098312,
96972,R_7Je0dvhLFl4lTEp,299,338,12,0.069900,0.15,1,2,true,559,Number,P,main,study2b_R_7Je0dvhLFl4lTEp.csv,0.056169,
96972,R_7Je0dvhLFl4lTEp,300,253,22,-0.034900,0.15,1,2,true,663,Number,Q,main,study2b_R_7Je0dvhLFl4lTEp.csv,-0.028418,
96972,R_7Je0dvhLFl4lTEp,301,114,20,-0.105100,0.15,1,2,true,524,Number,Q,main,study2b_R_7Je0dvhLFl4lTEp.csv,-0.112049,
96972,R_7Je0dvhLFl4lTEp,302,489,18,0.140500,0.15,1,2,true,1242,Number,Q,main,study2b_R_7Je0dvhLFl4lTEp.csv,0.14854,
96972,R_7Je0dvhLFl4lTEp,303,501,20,0.140500,0.15,1,2,true,972,Number,Q,main,study2b_R_7Je0dvhLFl4lTEp.csv,0.134097,
96972,R_7Je0dvhLFl4lTEp,304,497,20,0.140500,0.15,1,2,true,1135,Number,Q,main,study2b_R_7Je0dvhLFl4lTEp.csv,0.140317,
96972,R_7Je0dvhLFl4lTEp,305,481,16,0.140500,0.15,1,2,true,1934,Number,Q,main,study2b_R_7Je0dvhLFl4lTEp.csv,0.144235,
96972,R_7Je0dvhLFl4lTEp,306,474,14,0.140500,0.15,1,2,true,839,Number,P,main,study2b_R_7Je0dvhLFl4lTEp.csv,0.149939,
96972,R_7Je0dvhLFl4lTEp,307,496,20,0.140500,0.15,1,2,true,563,Number,Q,main,study2b_R_7Je0dvhLFl4lTEp.csv,0.141337,
96972,R_7Je0dvhLFl4lTEp,308,252,22,-0.034900,0.15,1,2,true,525,Number,Q,main,study2b_R_7Je0dvhLFl4lTEp.csv,-0.037717,
96972,R_7Je0dvhLFl4lTEp,309,219,14,-0.034900,0.15,1,2,true,606,Number,P,main,study2b_R_7Je0dvhLFl4lTEp.csv,-0.029928,
96972,R_7Je0dvhLFl4lTEp,310,215,12,-0.034900,0.15,1,2,true,538,Number,P,main,study2b_R_7Je0dvhLFl4lTEp.csv,-0.045698,
96972,R_7Je0dvhLFl4lTEp,311,58,22,-0.140500,0.15,1,2,true,728,Number,Q,main,study2b_R_7Je0dvhLFl4lTEp.csv,-0.125168,
96972,R_7Je0dvhLFl4lTEp,312,390,8,0.105100,0.15,1,2,true,897,Number,P,main,study2b_R_7Je0dvhLFl4lTEp.csv,0.10863,
96972,R_7Je0dvhLFl4lTEp,313,442,22,0.105100,0.15,1,2,true,755,Number,Q,main,study2b_R_7Je0dvhLFl4lTEp.csv,0.113443,
96972,R_7Je0dvhLFl4lTEp,314,158,14,-0.069900,0.15,1,2,true,605,Number,P,main,study2b_R_7Je0dvhLFl4lTEp.csv,-0.068639,
96972,R_7Je0dvhLFl4lTEp,315,300,18,0.034900,0.15,1,2,false,504,Number,P,main,study2b_R_7Je0dvhLFl4lTEp.csv,0.019933,
96972,R_7Je0dvhLFl4lTEp,316,10,10,-0.140500,0.15,1,2,true,679,Number,P,main,study2b_R_7Je0dvhLFl4lTEp.csv,-0.154413,
96972,R_7Je0dvhLFl4lTEp,317,364,18,0.069900,0.15,1,2,true,627,Number,Q,main,study2b_R_7Je0dvhLFl4lTEp.csv,0.084004,
96972,R_7Je0dvhLFl4lTEp,318,28,14,-0.140500,0.15,1,2,true,1153,Number,P,main,study2b_R_7Je0dvhLFl4lTEp.csv,-0.148394,
96972,R_7Je0dvhLFl4lTEp,319,363,18,0.069900,0.15,1,2,true,1467,Number,Q,main,study2b_R_7Je0dvhLFl4lTEp.csv,0.067979,
96972,R_7Je0dvhLFl4lTEp,320,385,8,0.105100,0.15,1,2,true,597,Number,P,main,study2b_R_7Je0dvhLFl4lTEp.csv,0.10512,
96972,R_7Je0dvhLFl4lTEp,321,57,22,-0.140500,0.15,1,2,true,906,Number,Q,main,study2b_R_7Je0dvhLFl4lTEp.csv,-0.1439,
96972,R_7Je0dvhLFl4lTEp,322,360,18,0.069900,0.15,1,2,true,802,Number,Q,main,study2b_R_7Je0dvhLFl4lTEp.csv,0.059106,
96972,R_7Je0dvhLFl4lTEp,323,4,8,-0.140500,0.15,1,2,true,527,Number,P,main,study2b_R_7Je0dvhLFl4lTEp.csv,-0.138125,
96972,R_7Je0dvhLFl4lTEp,324,509,22,0.140500,0.15,1,2,true,599,Number,Q,main,study2b_R_7Je0dvhLFl4lTEp.csv,0.130371,
96972,R_7Je0dvhLFl4lTEp,325,249,22,-0.034900,0.15,1,2,true,540,Number,Q,main,study2b_R_7Je0dvhLFl4lTEp.csv,-0.036318,
96972,R_7Je0dvhLFl4lTEp,326,372,20,0.069900,0.15,1,2,true,1020,Number,Q,main,study2b_R_7Je0dvhLFl4lTEp.csv,0.083571,
96972,R_7Je0dvhLFl4lTEp,327,420,16,0.105100,0.15,1,2,true,569,Number,Q,main,study2b_R_7Je0dvhLFl4lTEp.csv,0.10358,
96972,R_7Je0dvhLFl4lTEp,328,396,10,0.105100,0.15,1,2,true,499,Number,P,main,study2b_R_7Je0dvhLFl4lTEp.csv,0.092753,
96972,R_7Je0dvhLFl4lTEp,329,342,12,0.069900,0.15,1,2,true,476,Number,P,main,study2b_R_7Je0dvhLFl4lTEp.csv,0.078747,
96972,R_7Je0dvhLFl4lTEp,330,145,12,-0.069900,0.15,1,2,true,444,Number,P,main,study2b_R_7Je0dvhLFl4lTEp.csv,-0.070087,
96972,R_7Je0dvhLFl4lTEp,331,467,12,0.140500,0.15,1,2,true,473,Number,P,main,study2b_R_7Je0dvhLFl4lTEp.csv,0.145146,
96972,R_7Je0dvhLFl4lTEp,332,476,14,0.140500,0.15,1,2,true,447,Number,P,main,study2b_R_7Je0dvhLFl4lTEp.csv,0.128519,
96972,R_7Je0dvhLFl4lTEp,333,1,8,-0.140500,0.15,1,2,true,474,Number,P,main,study2b_R_7Je0dvhLFl4lTEp.csv,-0.134938,
96972,R_7Je0dvhLFl4lTEp,334,479,14,0.140500,0.15,1,2,true,429,Number,P,main,study2b_R_7Je0dvhLFl4lTEp.csv,0.124864,
96972,R_7Je0dvhLFl4lTEp,335,431,18,0.105100,0.15,1,2,false,418,Number,P,main,study2b_R_7Je0dvhLFl4lTEp.csv,0.105664,
96972,R_7Je0dvhLFl4lTEp,336,137,10,-0.069900,0.15,1,2,true,450,Number,P,main,study2b_R_7Je0dvhLFl4lTEp.csv,-0.085974,
96972,R_7Je0dvhLFl4lTEp,337,339,12,0.069900,0.15,1,2,true,456,Number,P,main,study2b_R_7Je0dvhLFl4lTEp.csv,0.080229,
96972,R_7Je0dvhLFl4lTEp,338,263,8,0.034900,0.15,1,2,true,483,Number,P,main,study2b_R_7Je0dvhLFl4lTEp.csv,0.046892,
96972,R_7Je0dvhLFl4lTEp,339,115,20,-0.105100,0.15,1,2,false,536,Number,P,main,study2b_R_7Je0dvhLFl4lTEp.csv,-0.094777,
96972,R_7Je0dvhLFl4lTEp,340,340,12,0.069900,0.15,1,2,true,653,Number,P,main,study2b_R_7Je0dvhLFl4lTEp.csv,0.082248,
96972,R_7Je0dvhLFl4lTEp,341,407,12,0.105100,0.15,1,2,true,996,Number,P,main,study2b_R_7Je0dvhLFl4lTEp.csv,0.088606,
96972,R_7Je0dvhLFl4lTEp,342,448,8,0.140500,0.15,1,2,true,489,Number,P,main,study2b_R_7Je0dvhLFl4lTEp.csv,0.153496,
96972,R_7Je0dvhLFl4lTEp,343,157,14,-0.069900,0.15,1,2,false,940,Number,Q,main,study2b_R_7Je0dvhLFl4lTEp.csv,-0.083334,
96972,R_7Je0dvhLFl4lTEp,344,258,8,0.034900,0.15,1,2,true,455,Number,P,main,study2b_R_7Je0dvhLFl4lTEp.csv,0.03897,
96972,R_7Je0dvhLFl4lTEp,345,505,22,0.140500,0.15,1,2,true,572,Number,Q,main,study2b_R_7Je0dvhLFl4lTEp.csv,0.157891,
96972,R_7Je0dvhLFl4lTEp,346,401,12,0.105100,0.15,1,2,true,947,Number,P,main,study2b_R_7Je0dvhLFl4lTEp.csv,0.116832,
96972,R_7Je0dvhLFl4lTEp,347,22,12,-0.140500,0.15,1,2,true,579,Number,P,main,study2b_R_7Je0dvhLFl4lTEp.csv,-0.141476,
96972,R_7Je0dvhLFl4lTEp,348,41,18,-0.140500,0.15,1,2,false,705,Number,P,main,study2b_R_7Je0dvhLFl4lTEp.csv,-0.145392,
96972,R_7Je0dvhLFl4lTEp,349,376,22,0.069900,0.15,1,2,true,463,Number,Q,main,study2b_R_7Je0dvhLFl4lTEp.csv,0.053259,
96972,R_7Je0dvhLFl4lTEp,350,293,16,0.034900,0.15,1,2,false,637,Number,P,main,study2b_R_7Je0dvhLFl4lTEp.csv,0.0368,
96972,R_7Je0dvhLFl4lTEp,351,468,12,0.140500,0.15,1,2,true,424,Number,P,main,study2b_R_7Je0dvhLFl4lTEp.csv,0.150648,
96972,R_7Je0dvhLFl4lTEp,352,346,14,0.069900,0.15,1,2,true,538,Number,P,main,study2b_R_7Je0dvhLFl4lTEp.csv,0.080491,
96972,R_7Je0dvhLFl4lTEp,353,304,20,0.034900,0.15,1,2,false,886,Number,P,main,study2b_R_7Je0dvhLFl4lTEp.csv,0.027431,
96972,R_7Je0dvhLFl4lTEp,354,457,10,0.140500,0.15,1,2,true,600,Number,P,main,study2b_R_7Je0dvhLFl4lTEp.csv,0.145083,
96972,R_7Je0dvhLFl4lTEp,355,350,14,0.069900,0.15,1,2,true,878,Number,P,main,study2b_R_7Je0dvhLFl4lTEp.csv,0.083434,
96972,R_7Je0dvhLFl4lTEp,356,202,10,-0.034900,0.15,1,2,true,435,Number,P,main,study2b_R_7Je0dvhLFl4lTEp.csv,-0.03534,
96972,R_7Je0dvhLFl4lTEp,357,477,14,0.140500,0.15,1,2,true,1270,Number,P,main,study2b_R_7Je0dvhLFl4lTEp.csv,0.126777,
96972,R_7Je0dvhLFl4lTEp,358,35,16,-0.140500,0.15,1,2,true,454,Number,Q,main,study2b_R_7Je0dvhLFl4lTEp.csv,-0.149433,
96972,R_7Je0dvhLFl4lTEp,359,105,18,-0.105100,0.15,1,2,true,569,Number,Q,main,study2b_R_7Je0dvhLFl4lTEp.csv,-0.091285,
96972,R_7Je0dvhLFl4lTEp,360,318,22,0.034900,0.15,1,2,true,553,Number,Q,main,study2b_R_7Je0dvhLFl4lTEp.csv,0.029525,
96972,R_7Je0dvhLFl4lTEp,361,511,22,0.140500,0.15,1,2,true,541,Number,Q,main,study2b_R_7Je0dvhLFl4lTEp.csv,0.143435,
96972,R_7Je0dvhLFl4lTEp,362,328,10,0.069900,0.15,1,2,true,1236,Number,P,main,study2b_R_7Je0dvhLFl4lTEp.csv,0.07991,
96972,R_7Je0dvhLFl4lTEp,363,337,12,0.069900,0.15,1,2,true,538,Number,P,main,study2b_R_7Je0dvhLFl4lTEp.csv,0.055998,
96972,R_7Je0dvhLFl4lTEp,364,236,18,-0.034900,0.15,1,2,false,833,Number,P,main,study2b_R_7Je0dvhLFl4lTEp.csv,-0.021743,
96972,R_7Je0dvhLFl4lTEp,365,31,14,-0.140500,0.15,1,2,true,883,Number,P,main,study2b_R_7Je0dvhLFl4lTEp.csv,-0.132342,
96972,R_7Je0dvhLFl4lTEp,366,155,14,-0.069900,0.15,1,2,true,1004,Number,P,main,study2b_R_7Je0dvhLFl4lTEp.csv,-0.078297,
96972,R_7Je0dvhLFl4lTEp,367,30,14,-0.140500,0.15,1,2,true,579,Number,P,main,study2b_R_7Je0dvhLFl4lTEp.csv,-0.148743,
96972,R_7Je0dvhLFl4lTEp,368,227,16,-0.034900,0.15,1,2,false,526,Number,P,main,study2b_R_7Je0dvhLFl4lTEp.csv,-0.034511,
96972,R_7Je0dvhLFl4lTEp,369,173,18,-0.069900,0.15,1,2,false,1262,Number,P,main,study2b_R_7Je0dvhLFl4lTEp.csv,-0.080157,
96972,R_7Je0dvhLFl4lTEp,370,182,20,-0.069900,0.15,1,2,true,733,Number,Q,main,study2b_R_7Je0dvhLFl4lTEp.csv,-0.062026,
96972,R_7Je0dvhLFl4lTEp,371,162,16,-0.069900,0.15,1,2,false,539,Number,P,main,study2b_R_7Je0dvhLFl4lTEp.csv,-0.053431,
96972,R_7Je0dvhLFl4lTEp,372,195,8,-0.034900,0.15,1,2,true,970,Number,P,main,study2b_R_7Je0dvhLFl4lTEp.csv,-0.038448,
96972,R_7Je0dvhLFl4lTEp,373,430,18,0.105100,0.15,1,2,false,679,Number,P,main,study2b_R_7Je0dvhLFl4lTEp.csv,0.08933,
96972,R_7Je0dvhLFl4lTEp,374,108,18,-0.105100,0.15,1,2,true,554,Number,Q,main,study2b_R_7Je0dvhLFl4lTEp.csv,-0.120758,
96972,R_7Je0dvhLFl4lTEp,375,49,20,-0.140500,0.15,1,2,true,524,Number,Q,main,study2b_R_7Je0dvhLFl4lTEp.csv,-0.141086,
96972,R_7Je0dvhLFl4lTEp,376,400,12,0.105100,0.15,1,2,true,596,Number,P,main,study2b_R_7Je0dvhLFl4lTEp.csv,0.113891,
96972,R_7Je0dvhLFl4lTEp,377,230,16,-0.034900,0.15,1,2,true,2029,Number,Q,main,study2b_R_7Je0dvhLFl4lTEp.csv,-0.030432,
96972,R_7Je0dvhLFl4lTEp,378,436,20,0.105100,0.15,1,2,true,678,Number,Q,main,study2b_R_7Je0dvhLFl4lTEp.csv,0.092834,
96972,R_7Je0dvhLFl4lTEp,379,8,10,-0.140500,0.15,1,2,true,611,Number,P,main,study2b_R_7Je0dvhLFl4lTEp.csv,-0.158043,
96972,R_7Je0dvhLFl4lTEp,380,163,16,-0.069900,0.15,1,2,false,656,Number,P,main,study2b_R_7Je0dvhLFl4lTEp.csv,-0.076989,
96972,R_7Je0dvhLFl4lTEp,381,160,16,-0.069900,0.15,1,2,false,448,Number,P,main,study2b_R_7Je0dvhLFl4lTEp.csv,-0.085083,
96972,R_7Je0dvhLFl4lTEp,382,500,20,0.140500,0.15,1,2,true,801,Number,Q,main,study2b_R_7Je0dvhLFl4lTEp.csv,0.128481,
96972,R_7Je0dvhLFl4lTEp,383,166,16,-0.069900,0.15,1,2,false,582,Number,P,main,study2b_R_7Je0dvhLFl4lTEp.csv,-0.064305,
96972,R_7Je0dvhLFl4lTEp,384,416,16,0.105100,0.15,1,2,true,1429,Number,Q,main,study2b_R_7Je0dvhLFl4lTEp.csv,0.089488,
96972,R_7Je0dvhLFl4lTEp,385,229,16,-0.034900,0.15,1,2,false,610,Number,P,main,study2b_R_7Je0dvhLFl4lTEp.csv,-0.049296,
96972,R_7Je0dvhLFl4lTEp,386,276,12,0.034900,0.15,1,2,true,892,Number,P,main,study2b_R_7Je0dvhLFl4lTEp.csv,0.031499,
96972,R_7Je0dvhLFl4lTEp,387,329,10,0.069900,0.15,1,2,true,567,Number,P,main,study2b_R_7Je0dvhLFl4lTEp.csv,0.080858,
96972,R_7Je0dvhLFl4lTEp,388,96,16,-0.105100,0.15,1,2,false,992,Number,P,main,study2b_R_7Je0dvhLFl4lTEp.csv,-0.120377,
96972,R_7Je0dvhLFl4lTEp,389,232,18,-0.034900,0.15,1,2,true,667,Number,Q,main,study2b_R_7Je0dvhLFl4lTEp.csv,-0.020059,
96972,R_7Je0dvhLFl4lTEp,390,490,18,0.140500,0.15,1,2,true,567,Number,Q,main,study2b_R_7Je0dvhLFl4lTEp.csv,0.148033,
96972,R_7Je0dvhLFl4lTEp,391,29,14,-0.140500,0.15,1,2,true,911,Number,P,main,study2b_R_7Je0dvhLFl4lTEp.csv,-0.156422,
96972,R_7Je0dvhLFl4lTEp,392,466,12,0.140500,0.15,1,2,true,549,Number,P,main,study2b_R_7Je0dvhLFl4lTEp.csv,0.145809,
96972,R_7Je0dvhLFl4lTEp,393,437,20,0.105100,0.15,1,2,false,448,Number,P,main,study2b_R_7Je0dvhLFl4lTEp.csv,0.095448,
96972,R_7Je0dvhLFl4lTEp,394,218,14,-0.034900,0.15,1,2,true,756,Number,P,main,study2b_R_7Je0dvhLFl4lTEp.csv,-0.018209,
96972,R_7Je0dvhLFl4lTEp,395,45,18,-0.140500,0.15,1,2,true,1176,Number,Q,main,study2b_R_7Je0dvhLFl4lTEp.csv,-0.142674,
96972,R_7Je0dvhLFl4lTEp,396,446,22,0.105100,0.15,1,2,true,630,Number,Q,main,study2b_R_7Je0dvhLFl4lTEp.csv,0.122365,
96972,R_7Je0dvhLFl4lTEp,397,39,16,-0.140500,0.15,1,2,true,2092,Number,Q,main,study2b_R_7Je0dvhLFl4lTEp.csv,-0.132254,
96972,R_7Je0dvhLFl4lTEp,398,405,12,0.105100,0.15,1,2,true,660,Number,P,main,study2b_R_7Je0dvhLFl4lTEp.csv,0.119611,
96972,R_7Je0dvhLFl4lTEp,399,34,16,-0.140500,0.15,1,2,true,686,Number,Q,main,study2b_R_7Je0dvhLFl4lTEp.csv,-0.136721,
96972,R_7Je0dvhLFl4lTEp,400,184,22,-0.069900,0.15,1,2,true,820,Number,Q,main,study2b_R_7Je0dvhLFl4lTEp.csv,-0.076899,
96972,R_7Je0dvhLFl4lTEp,401,80,12,-0.105100,0.15,1,2,true,911,Number,P,main,study2b_R_7Je0dvhLFl4lTEp.csv,-0.11364,
96972,R_7Je0dvhLFl4lTEp,402,16,12,-0.140500,0.15,1,2,true,801,Number,P,main,study2b_R_7Je0dvhLFl4lTEp.csv,-0.152643,
96972,R_7Je0dvhLFl4lTEp,403,404,12,0.105100,0.15,1,2,true,766,Number,P,main,study2b_R_7Je0dvhLFl4lTEp.csv,0.108965,
96972,R_7Je0dvhLFl4lTEp,404,129,8,-0.069900,0.15,1,2,true,633,Number,P,main,study2b_R_7Je0dvhLFl4lTEp.csv,-0.068789,
96972,R_7Je0dvhLFl4lTEp,405,118,20,-0.105100,0.15,1,2,true,713,Number,Q,main,study2b_R_7Je0dvhLFl4lTEp.csv,-0.106899,
96972,R_7Je0dvhLFl4lTEp,406,201,10,-0.034900,0.15,1,2,true,701,Number,P,main,study2b_R_7Je0dvhLFl4lTEp.csv,-0.029512,
96972,R_7Je0dvhLFl4lTEp,407,383,22,0.069900,0.15,1,2,true,924,Number,Q,main,study2b_R_7Je0dvhLFl4lTEp.csv,0.062704,
96972,R_7Je0dvhLFl4lTEp,408,159,14,-0.069900,0.15,1,2,false,2060,Number,Q,main,study2b_R_7Je0dvhLFl4lTEp.csv,-0.075295,
96972,R_7Je0dvhLFl4lTEp,409,301,18,0.034900,0.15,1,2,true,1085,Number,Q,main,study2b_R_7Je0dvhLFl4lTEp.csv,0.043432,
96972,R_7Je0dvhLFl4lTEp,410,256,8,0.034900,0.15,1,2,true,675,Number,P,main,study2b_R_7Je0dvhLFl4lTEp.csv,0.049748,
96972,R_7Je0dvhLFl4lTEp,411,153,14,-0.069900,0.15,1,2,true,1065,Number,P,main,study2b_R_7Je0dvhLFl4lTEp.csv,-0.064581,
96972,R_7Je0dvhLFl4lTEp,412,286,14,0.034900,0.15,1,2,true,844,Number,P,main,study2b_R_7Je0dvhLFl4lTEp.csv,0.051712,
96972,R_7Je0dvhLFl4lTEp,413,469,12,0.140500,0.15,1,2,true,576,Number,P,main,study2b_R_7Je0dvhLFl4lTEp.csv,0.133126,
96972,R_7Je0dvhLFl4lTEp,414,186,22,-0.069900,0.15,1,2,true,1087,Number,Q,main,study2b_R_7Je0dvhLFl4lTEp.csv,-0.060475,
96972,R_7Je0dvhLFl4lTEp,415,127,22,-0.105100,0.15,1,2,true,1231,Number,Q,main,study2b_R_7Je0dvhLFl4lTEp.csv,-0.09294,
96972,R_7Je0dvhLFl4lTEp,416,403,12,0.105100,0.15,1,2,true,747,Number,P,main,study2b_R_7Je0dvhLFl4lTEp.csv,0.101157,
96972,R_7Je0dvhLFl4lTEp,417,95,14,-0.105100,0.15,1,2,true,781,Number,P,main,study2b_R_7Je0dvhLFl4lTEp.csv,-0.089822,
96972,R_7Je0dvhLFl4lTEp,418,19,12,-0.140500,0.15,1,2,true,655,Number,P,main,study2b_R_7Je0dvhLFl4lTEp.csv,-0.148604,
96972,R_7Je0dvhLFl4lTEp,419,499,20,0.140500,0.15,1,2,false,685,Number,P,main,study2b_R_7Je0dvhLFl4lTEp.csv,0.154112,
96972,R_7Je0dvhLFl4lTEp,420,26,14,-0.140500,0.15,1,2,true,14,Number,P,main,study2b_R_7Je0dvhLFl4lTEp.csv,-0.144531,
96972,R_7Je0dvhLFl4lTEp,421,73,10,-0.105100,0.15,1,2,true,632,Number,P,main,study2b_R_7Je0dvhLFl4lTEp.csv,-0.097773,
96972,R_7Je0dvhLFl4lTEp,422,241,20,-0.034900,0.15,1,2,true,1766,Number,Q,main,study2b_R_7Je0dvhLFl4lTEp.csv,-0.046489,
96972,R_7Je0dvhLFl4lTEp,423,434,20,0.105100,0.15,1,2,true,863,Number,Q,main,study2b_R_7Je0dvhLFl4lTEp.csv,0.099259,
96972,R_7Je0dvhLFl4lTEp,424,451,8,0.140500,0.15,1,2,true,509,Number,P,main,study2b_R_7Je0dvhLFl4lTEp.csv,0.153685,
96972,R_7Je0dvhLFl4lTEp,425,97,16,-0.105100,0.15,1,2,true,871,Number,Q,main,study2b_R_7Je0dvhLFl4lTEp.csv,-0.112908,
96972,R_7Je0dvhLFl4lTEp,426,272,12,0.034900,0.15,1,2,true,706,Number,P,main,study2b_R_7Je0dvhLFl4lTEp.csv,0.038201,
96972,R_7Je0dvhLFl4lTEp,427,98,16,-0.105100,0.15,1,2,true,1010,Number,Q,main,study2b_R_7Je0dvhLFl4lTEp.csv,-0.11941,
96972,R_7Je0dvhLFl4lTEp,428,332,10,0.069900,0.15,1,2,true,801,Number,P,main,study2b_R_7Je0dvhLFl4lTEp.csv,0.078539,
96972,R_7Je0dvhLFl4lTEp,429,422,16,0.105100,0.15,1,2,false,1173,Number,P,main,study2b_R_7Je0dvhLFl4lTEp.csv,0.105596,
96972,R_7Je0dvhLFl4lTEp,430,377,22,0.069900,0.15,1,2,true,842,Number,Q,main,study2b_R_7Je0dvhLFl4lTEp.csv,0.083032,
96972,R_7Je0dvhLFl4lTEp,431,470,12,0.140500,0.15,1,2,true,680,Number,P,main,study2b_R_7Je0dvhLFl4lTEp.csv,0.148254,
96972,R_7Je0dvhLFl4lTEp,432,287,14,0.034900,0.15,1,2,false,1110,Number,Q,main,study2b_R_7Je0dvhLFl4lTEp.csv,0.045406,
96972,R_7Je0dvhLFl4lTEp,433,43,18,-0.140500,0.15,1,2,false,544,Number,P,main,study2b_R_7Je0dvhLFl4lTEp.csv,-0.128571,
96972,R_7Je0dvhLFl4lTEp,434,90,14,-0.105100,0.15,1,2,true,912,Number,P,main,study2b_R_7Je0dvhLFl4lTEp.csv,-0.102653,
96972,R_7Je0dvhLFl4lTEp,435,247,20,-0.034900,0.15,1,2,true,756,Number,Q,main,study2b_R_7Je0dvhLFl4lTEp.csv,-0.038016,
96972,R_7Je0dvhLFl4lTEp,436,278,12,0.034900,0.15,1,2,true,726,Number,P,main,study2b_R_7Je0dvhLFl4lTEp.csv,0.030687,
96972,R_7Je0dvhLFl4lTEp,437,492,18,0.140500,0.15,1,2,true,866,Number,Q,main,study2b_R_7Je0dvhLFl4lTEp.csv,0.142321,
96972,R_7Je0dvhLFl4lTEp,438,398,10,0.105100,0.15,1,2,true,612,Number,P,main,study2b_R_7Je0dvhLFl4lTEp.csv,0.104837,
96972,R_7Je0dvhLFl4lTEp,439,23,12,-0.140500,0.15,1,2,true,606,Number,P,main,study2b_R_7Je0dvhLFl4lTEp.csv,-0.13232,
96972,R_7Je0dvhLFl4lTEp,440,411,14,0.105100,0.15,1,2,true,1099,Number,P,main,study2b_R_7Je0dvhLFl4lTEp.csv,0.107392,
96972,R_7Je0dvhLFl4lTEp,441,353,16,0.069900,0.15,1,2,true,471,Number,Q,main,study2b_R_7Je0dvhLFl4lTEp.csv,0.062391,
96972,R_7Je0dvhLFl4lTEp,442,94,14,-0.105100,0.15,1,2,false,895,Number,Q,main,study2b_R_7Je0dvhLFl4lTEp.csv,-0.121764,
96972,R_7Je0dvhLFl4lTEp,443,42,18,-0.140500,0.15,1,2,false,796,Number,P,main,study2b_R_7Je0dvhLFl4lTEp.csv,-0.155547,
96972,R_7Je0dvhLFl4lTEp,444,84,12,-0.105100,0.15,1,2,false,318,Number,Q,main,study2b_R_7Je0dvhLFl4lTEp.csv,-0.119453,
96972,R_7Je0dvhLFl4lTEp,445,409,14,0.105100,0.15,1,2,false,936,Number,Q,main,study2b_R_7Je0dvhLFl4lTEp.csv,0.104867,
96972,R_7Je0dvhLFl4lTEp,446,327,8,0.069900,0.15,1,2,true,581,Number,P,main,study2b_R_7Je0dvhLFl4lTEp.csv,0.069092,
96972,R_7Je0dvhLFl4lTEp,447,478,14,0.140500,0.15,1,2,true,472,Number,P,main,study2b_R_7Je0dvhLFl4lTEp.csv,0.128896,
96972,R_7Je0dvhLFl4lTEp,448,196,8,-0.034900,0.15,1,2,true,481,Number,P,main,study2b_R_7Je0dvhLFl4lTEp.csv,-0.033558,
96972,R_7Je0dvhLFl4lTEp,449,208,12,-0.034900,0.15,1,2,true,480,Number,P,main,study2b_R_7Je0dvhLFl4lTEp.csv,-0.040592,
96972,R_7Je0dvhLFl4lTEp,450,463,10,0.140500,0.15,1,2,true,669,Number,P,main,study2b_R_7Je0dvhLFl4lTEp.csv,0.155883,
96972,R_7Je0dvhLFl4lTEp,451,244,20,-0.034900,0.15,1,2,true,637,Number,Q,main,study2b_R_7Je0dvhLFl4lTEp.csv,-0.025783,
96972,R_7Je0dvhLFl4lTEp,452,55,20,-0.140500,0.15,1,2,true,506,Number,Q,main,study2b_R_7Je0dvhLFl4lTEp.csv,-0.157628,
96972,R_7Je0dvhLFl4lTEp,453,243,20,-0.034900,0.15,1,2,true,502,Number,Q,main,study2b_R_7Je0dvhLFl4lTEp.csv,-0.035596,
96972,R_7Je0dvhLFl4lTEp,454,130,8,-0.069900,0.15,1,2,true,706,Number,P,main,study2b_R_7Je0dvhLFl4lTEp.csv,-0.084969,
96972,R_7Je0dvhLFl4lTEp,455,429,18,0.105100,0.15,1,2,true,684,Number,Q,main,study2b_R_7Je0dvhLFl4lTEp.csv,0.114174,
96972,R_7Je0dvhLFl4lTEp,456,365,18,0.069900,0.15,1,2,true,1141,Number,Q,main,study2b_R_7Je0dvhLFl4lTEp.csv,0.052961,
96972,R_7Je0dvhLFl4lTEp,457,13,10,-0.140500,0.15,1,2,true,614,Number,P,main,study2b_R_7Je0dvhLFl4lTEp.csv,-0.145628,
96972,R_7Je0dvhLFl4lTEp,458,296,18,0.034900,0.15,1,2,true,670,Number,Q,main,study2b_R_7Je0dvhLFl4lTEp.csv,0.051278,
96972,R_7Je0dvhLFl4lTEp,459,471,12,0.140500,0.15,1,2,true,657,Number,P,main,study2b_R_7Je0dvhLFl4lTEp.csv,0.154046,
96972,R_7Je0dvhLFl4lTEp,460,334,10,0.069900,0.15,1,2,true,606,Number,P,main,study2b_R_7Je0dvhLFl4lTEp.csv,0.057735,
96972,R_7Je0dvhLFl4lTEp,461,216,14,-0.034900,0.15,1,2,true,504,Number,P,main,study2b_R_7Je0dvhLFl4lTEp.csv,-0.02952,
96972,R_7Je0dvhLFl4lTEp,462,428,18,0.105100,0.15,1,2,false,929,Number,P,main,study2b_R_7Je0dvhLFl4lTEp.csv,0.100632,
96972,R_7Je0dvhLFl4lTEp,463,38,16,-0.140500,0.15,1,2,true,463,Number,Q,main,study2b_R_7Je0dvhLFl4lTEp.csv,-0.143449,
96972,R_7Je0dvhLFl4lTEp,464,486,16,0.140500,0.15,1,2,false,611,Number,P,main,study2b_R_7Je0dvhLFl4lTEp.csv,0.128483,
96972,R_7Je0dvhLFl4lTEp,465,380,22,0.069900,0.15,1,2,false,672,Number,P,main,study2b_R_7Je0dvhLFl4lTEp.csv,0.065025,
96972,R_7Je0dvhLFl4lTEp,466,213,12,-0.034900,0.15,1,2,false,1507,Number,Q,main,study2b_R_7Je0dvhLFl4lTEp.csv,-0.046707,
96972,R_7Je0dvhLFl4lTEp,467,54,20,-0.140500,0.15,1,2,true,688,Number,Q,main,study2b_R_7Je0dvhLFl4lTEp.csv,-0.124074,
96972,R_7Je0dvhLFl4lTEp,468,0,8,-0.140500,0.15,1,2,true,562,Number,P,main,study2b_R_7Je0dvhLFl4lTEp.csv,-0.156272,
96972,R_7Je0dvhLFl4lTEp,469,384,8,0.105100,0.15,1,2,true,471,Number,P,main,study2b_R_7Je0dvhLFl4lTEp.csv,0.102089,
96972,R_7Je0dvhLFl4lTEp,470,134,8,-0.069900,0.15,1,2,true,479,Number,P,main,study2b_R_7Je0dvhLFl4lTEp.csv,-0.077814,
96972,R_7Je0dvhLFl4lTEp,471,280,14,0.034900,0.15,1,2,true,1248,Number,P,main,study2b_R_7Je0dvhLFl4lTEp.csv,0.034515,
96972,R_7Je0dvhLFl4lTEp,472,349,14,0.069900,0.15,1,2,false,867,Number,Q,main,study2b_R_7Je0dvhLFl4lTEp.csv,0.055566,
96972,R_7Je0dvhLFl4lTEp,473,487,16,0.140500,0.15,1,2,true,732,Number,Q,main,study2b_R_7Je0dvhLFl4lTEp.csv,0.147616,
96972,R_7Je0dvhLFl4lTEp,474,306,20,0.034900,0.15,1,2,true,606,Number,Q,main,study2b_R_7Je0dvhLFl4lTEp.csv,0.050373,
96972,R_7Je0dvhLFl4lTEp,475,413,14,0.105100,0.15,1,2,true,943,Number,P,main,study2b_R_7Je0dvhLFl4lTEp.csv,0.091598,
96972,R_7Je0dvhLFl4lTEp,476,139,10,-0.069900,0.15,1,2,true,757,Number,P,main,study2b_R_7Je0dvhLFl4lTEp.csv,-0.087395,
96972,R_7Je0dvhLFl4lTEp,477,226,16,-0.034900,0.15,1,2,false,1354,Number,P,main,study2b_R_7Je0dvhLFl4lTEp.csv,-0.041209,
96972,R_7Je0dvhLFl4lTEp,478,427,18,0.105100,0.15,1,2,true,1444,Number,Q,main,study2b_R_7Je0dvhLFl4lTEp.csv,0.111581,
96972,R_7Je0dvhLFl4lTEp,479,303,18,0.034900,0.15,1,2,false,666,Number,P,main,study2b_R_7Je0dvhLFl4lTEp.csv,0.024389,
96972,R_7Je0dvhLFl4lTEp,480,299,18,0.034900,0.15,1,2,false,565,Number,P,main,study2b_R_7Je0dvhLFl4lTEp.csv,0.022036,
96972,R_7Je0dvhLFl4lTEp,481,415,14,0.105100,0.15,1,2,true,1052,Number,P,main,study2b_R_7Je0dvhLFl4lTEp.csv,0.099387,
96972,R_7Je0dvhLFl4lTEp,482,473,14,0.140500,0.15,1,2,true,998,Number,P,main,study2b_R_7Je0dvhLFl4lTEp.csv,0.134987,
96972,R_7Je0dvhLFl4lTEp,483,207,10,-0.034900,0.15,1,2,true,668,Number,P,main,study2b_R_7Je0dvhLFl4lTEp.csv,-0.042206,
96972,R_7Je0dvhLFl4lTEp,484,85,12,-0.105100,0.15,1,2,true,651,Number,P,main,study2b_R_7Je0dvhLFl4lTEp.csv,-0.118968,
96972,R_7Je0dvhLFl4lTEp,485,418,16,0.105100,0.15,1,2,true,567,Number,Q,main,study2b_R_7Je0dvhLFl4lTEp.csv,0.112382,
96972,R_7Je0dvhLFl4lTEp,486,494,18,0.140500,0.15,1,2,true,470,Number,Q,main,study2b_R_7Je0dvhLFl4lTEp.csv,0.129791,
96972,R_7Je0dvhLFl4lTEp,487,36,16,-0.140500,0.15,1,2,true,471,Number,Q,main,study2b_R_7Je0dvhLFl4lTEp.csv,-0.148764,
96972,R_7Je0dvhLFl4lTEp,488,315,22,0.034900,0.15,1,2,true,629,Number,Q,main,study2b_R_7Je0dvhLFl4lTEp.csv,0.026135,
96972,R_7Je0dvhLFl4lTEp,489,116,20,-0.105100,0.15,1,2,true,470,Number,Q,main,study2b_R_7Je0dvhLFl4lTEp.csv,-0.117788,
96972,R_7Je0dvhLFl4lTEp,490,78,10,-0.105100,0.15,1,2,true,672,Number,P,main,study2b_R_7Je0dvhLFl4lTEp.csv,-0.090955,
96972,R_7Je0dvhLFl4lTEp,491,121,22,-0.105100,0.15,1,2,true,965,Number,Q,main,study2b_R_7Je0dvhLFl4lTEp.csv,-0.122763,
96972,R_7Je0dvhLFl4lTEp,492,167,16,-0.069900,0.15,1,2,true,958,Number,Q,main,study2b_R_7Je0dvhLFl4lTEp.csv,-0.082674,
96972,R_7Je0dvhLFl4lTEp,493,406,12,0.105100,0.15,1,2,true,815,Number,P,main,study2b_R_7Je0dvhLFl4lTEp.csv,0.118297,
96972,R_7Je0dvhLFl4lTEp,494,204,10,-0.034900,0.15,1,2,true,662,Number,P,main,study2b_R_7Je0dvhLFl4lTEp.csv,-0.030831,
96972,R_7Je0dvhLFl4lTEp,495,455,8,0.140500,0.15,1,2,true,560,Number,P,main,study2b_R_7Je0dvhLFl4lTEp.csv,0.15474,
96972,R_7Je0dvhLFl4lTEp,496,110,18,-0.105100,0.15,1,2,true,654,Number,Q,main,study2b_R_7Je0dvhLFl4lTEp.csv,-0.096177,
96972,R_7Je0dvhLFl4lTEp,497,352,16,0.069900,0.15,1,2,false,625,Number,P,main,study2b_R_7Je0dvhLFl4lTEp.csv,0.083921,
96972,R_7Je0dvhLFl4lTEp,498,101,16,-0.105100,0.15,1,2,true,889,Number,Q,main,study2b_R_7Je0dvhLFl4lTEp.csv,-0.113642,
96972,R_7Je0dvhLFl4lTEp,499,313,22,0.034900,0.15,1,2,false,505,Number,P,main,study2b_R_7Je0dvhLFl4lTEp.csv,0.029326,
96972,R_7Je0dvhLFl4lTEp,500,24,14,-0.140500,0.15,1,2,false,633,Number,Q,main,study2b_R_7Je0dvhLFl4lTEp.csv,-0.157904,
96972,R_7Je0dvhLFl4lTEp,501,439,20,0.105100,0.15,1,2,true,695,Number,Q,main,study2b_R_7Je0dvhLFl4lTEp.csv,0.114281,
96972,R_7Je0dvhLFl4lTEp,502,283,14,0.034900,0.15,1,2,false,1009,Number,Q,main,study2b_R_7Je0dvhLFl4lTEp.csv,0.029859,
96972,R_7Je0dvhLFl4lTEp,503,149,12,-0.069900,0.15,1,2,true,790,Number,P,main,study2b_R_7Je0dvhLFl4lTEp.csv,-0.063089,
96972,R_7Je0dvhLFl4lTEp,504,250,22,-0.034900,0.15,1,2,true,782,Number,Q,main,study2b_R_7Je0dvhLFl4lTEp.csv,-0.037384,
96972,R_7Je0dvhLFl4lTEp,505,483,16,0.140500,0.15,1,2,false,766,Number,P,main,study2b_R_7Je0dvhLFl4lTEp.csv,0.129542,
96972,R_7Je0dvhLFl4lTEp,506,68,8,-0.105100,0.15,1,2,true,727,Number,P,main,study2b_R_7Je0dvhLFl4lTEp.csv,-0.096473,
96972,R_7Je0dvhLFl4lTEp,507,50,20,-0.140500,0.15,1,2,true,476,Number,Q,main,study2b_R_7Je0dvhLFl4lTEp.csv,-0.135183,
96972,R_7Je0dvhLFl4lTEp,508,265,10,0.034900,0.15,1,2,true,1325,Number,P,main,study2b_R_7Je0dvhLFl4lTEp.csv,0.028015,
96972,R_7Je0dvhLFl4lTEp,509,66,8,-0.105100,0.15,1,2,true,620,Number,P,main,study2b_R_7Je0dvhLFl4lTEp.csv,-0.089989,
96972,R_7Je0dvhLFl4lTEp,510,402,12,0.105100,0.15,1,2,true,403,Number,P,main,study2b_R_7Je0dvhLFl4lTEp.csv,0.116009,
96972,R_7Je0dvhLFl4lTEp,511,507,22,0.140500,0.15,1,2,true,784,Number,Q,main,study2b_R_7Je0dvhLFl4lTEp.csv,0.147988,
96972,R_7Je0dvhLFl4lTEp,512,205,10,-0.034900,0.15,1,2,true,487,Number,P,main,study2b_R_7Je0dvhLFl4lTEp.csv,-0.045319,
96972,R_7Je0dvhLFl4lTEp,513,395,10,0.105100,0.15,1,2,true,519,Number,P,main,study2b_R_7Je0dvhLFl4lTEp.csv,0.1063,
96972,R_7Je0dvhLFl4lTEp,514,371,20,0.069900,0.15,1,2,true,1097,Number,Q,main,study2b_R_7Je0dvhLFl4lTEp.csv,0.078343,
96972,R_7Je0dvhLFl4lTEp,515,277,12,0.034900,0.15,1,2,true,784,Number,P,main,study2b_R_7Je0dvhLFl4lTEp.csv,0.023377,
96972,R_7Je0dvhLFl4lTEp,516,142,10,-0.069900,0.15,1,2,true,534,Number,P,main,study2b_R_7Je0dvhLFl4lTEp.csv,-0.066899,
96972,R_7Je0dvhLFl4lTEp,517,302,18,0.034900,0.15,1,2,true,851,Number,Q,main,study2b_R_7Je0dvhLFl4lTEp.csv,0.028298,
96972,R_7Je0dvhLFl4lTEp,518,378,22,0.069900,0.15,1,2,true,545,Number,Q,main,study2b_R_7Je0dvhLFl4lTEp.csv,0.058084,
96972,R_7Je0dvhLFl4lTEp,519,140,10,-0.069900,0.15,1,2,true,578,Number,P,main,study2b_R_7Je0dvhLFl4lTEp.csv,-0.064883,
96972,R_7Je0dvhLFl4lTEp,520,281,14,0.034900,0.15,1,2,true,506,Number,P,main,study2b_R_7Je0dvhLFl4lTEp.csv,0.017629,
96972,R_7Je0dvhLFl4lTEp,521,309,20,0.034900,0.15,1,2,true,662,Number,Q,main,study2b_R_7Je0dvhLFl4lTEp.csv,0.049878,
96972,R_7Je0dvhLFl4lTEp,522,176,20,-0.069900,0.15,1,2,true,488,Number,Q,main,study2b_R_7Je0dvhLFl4lTEp.csv,-0.064082,
89445,R_7Sw4BvGjGivYx0O,1,61,18,0.140500,0.15,2,2,true,7064,Number,P,training,study2b_R_7Sw4BvGjGivYx0O.csv,0.141557,
89445,R_7Sw4BvGjGivYx0O,2,17,10,-0.069900,0.15,2,2,true,2379,Number,Q,training,study2b_R_7Sw4BvGjGivYx0O.csv,-0.065103,
89445,R_7Sw4BvGjGivYx0O,3,38,20,0.034900,0.15,2,2,true,1040,Number,P,training,study2b_R_7Sw4BvGjGivYx0O.csv,0.024265,
89445,R_7Sw4BvGjGivYx0O,4,7,22,-0.140500,0.15,2,2,true,2326,Number,P,training,study2b_R_7Sw4BvGjGivYx0O.csv,-0.145465,
89445,R_7Sw4BvGjGivYx0O,5,34,12,0.034900,0.15,2,2,true,609,Number,Q,training,study2b_R_7Sw4BvGjGivYx0O.csv,0.028813,
89445,R_7Sw4BvGjGivYx0O,6,21,18,-0.069900,0.15,2,2,false,6433,Number,Q,training,study2b_R_7Sw4BvGjGivYx0O.csv,-0.070447,
89445,R_7Sw4BvGjGivYx0O,7,43,14,0.069900,0.15,2,2,true,890,Number,Q,training,study2b_R_7Sw4BvGjGivYx0O.csv,0.068599,
89445,R_7Sw4BvGjGivYx0O,8,53,18,0.105100,0.15,2,2,true,956,Number,P,training,study2b_R_7Sw4BvGjGivYx0O.csv,0.090199,
89445,R_7Sw4BvGjGivYx0O,9,10,12,-0.105100,0.15,2,2,true,1258,Number,Q,training,study2b_R_7Sw4BvGjGivYx0O.csv,-0.116088,
89445,R_7Sw4BvGjGivYx0O,10,6,20,-0.140500,0.15,2,2,true,863,Number,P,training,study2b_R_7Sw4BvGjGivYx0O.csv,-0.144755,
89445,R_7Sw4BvGjGivYx0O,11,332,10,0.069900,0.15,2,2,true,639,Number,Q,main,study2b_R_7Sw4BvGjGivYx0O.csv,0.078539,
89445,R_7Sw4BvGjGivYx0O,12,511,22,0.140500,0.15,2,2,true,562,Number,P,main,study2b_R_7Sw4BvGjGivYx0O.csv,0.143435,
89445,R_7Sw4BvGjGivYx0O,13,260,8,0.034900,0.15,2,2,true,595,Number,Q,main,study2b_R_7Sw4BvGjGivYx0O.csv,0.041701,
89445,R_7Sw4BvGjGivYx0O,14,328,10,0.069900,0.15,2,2,true,728,Number,Q,main,study2b_R_7Sw4BvGjGivYx0O.csv,0.07991,
89445,R_7Sw4BvGjGivYx0O,15,186,22,-0.069900,0.15,2,2,true,654,Number,P,main,study2b_R_7Sw4BvGjGivYx0O.csv,-0.060475,
89445,R_7Sw4BvGjGivYx0O,16,135,8,-0.069900,0.15,2,2,true,567,Number,Q,main,study2b_R_7Sw4BvGjGivYx0O.csv,-0.069851,
89445,R_7Sw4BvGjGivYx0O,17,341,12,0.069900,0.15,2,2,false,641,Number,P,main,study2b_R_7Sw4BvGjGivYx0O.csv,0.07611,
89445,R_7Sw4BvGjGivYx0O,18,117,20,-0.105100,0.15,2,2,true,1000,Number,P,main,study2b_R_7Sw4BvGjGivYx0O.csv,-0.113111,
89445,R_7Sw4BvGjGivYx0O,19,224,16,-0.034900,0.15,2,2,true,883,Number,P,main,study2b_R_7Sw4BvGjGivYx0O.csv,-0.036186,
89445,R_7Sw4BvGjGivYx0O,20,455,8,0.140500,0.15,2,2,true,821,Number,Q,main,study2b_R_7Sw4BvGjGivYx0O.csv,0.15474,
89445,R_7Sw4BvGjGivYx0O,21,296,18,0.034900,0.15,2,2,true,1050,Number,P,main,study2b_R_7Sw4BvGjGivYx0O.csv,0.051278,
89445,R_7Sw4BvGjGivYx0O,22,505,22,0.140500,0.15,2,2,true,707,Number,P,main,study2b_R_7Sw4BvGjGivYx0O.csv,0.157891,
89445,R_7Sw4BvGjGivYx0O,23,151,12,-0.069900,0.15,2,2,true,573,Number,Q,main,study2b_R_7Sw4BvGjGivYx0O.csv,-0.062978,
89445,R_7Sw4BvGjGivYx0O,24,26,14,-0.140500,0.15,2,2,false,1031,Number,P,main,study2b_R_7Sw4BvGjGivYx0O.csv,-0.144531,
89445,R_7Sw4BvGjGivYx0O,25,416,16,0.105100,0.15,2,2,true,977,Number,P,main,study2b_R_7Sw4BvGjGivYx0O.csv,0.089488,
89445,R_7Sw4BvGjGivYx0O,26,244,20,-0.034900,0.15,2,2,true,924,Number,P,main,study2b_R_7Sw4BvGjGivYx0O.csv,-0.025783,
89445,R_7Sw4BvGjGivYx0O,27,152,14,-0.069900,0.15,2,2,false,792,Number,P,main,study2b_R_7Sw4BvGjGivYx0O.csv,-0.052983,
89445,R_7Sw4BvGjGivYx0O,28,433,20,0.105100,0.15,2,2,true,871,Number,P,main,study2b_R_7Sw4BvGjGivYx0O.csv,0.096219,
89445,R_7Sw4BvGjGivYx0O,29,425,18,0.105100,0.15,2,2,true,474,Number,P,main,study2b_R_7Sw4BvGjGivYx0O.csv,0.105701,
89445,R_7Sw4BvGjGivYx0O,30,172,18,-0.069900,0.15,2,2,true,506,Number,P,main,study2b_R_7Sw4BvGjGivYx0O.csv,-0.059752,
89445,R_7Sw4BvGjGivYx0O,31,65,8,-0.105100,0.15,2,2,true,595,Number,Q,main,study2b_R_7Sw4BvGjGivYx0O.csv,-0.104936,
89445,R_7Sw4BvGjGivYx0O,32,350,14,0.069900,0.15,2,2,false,952,Number,P,main,study2b_R_7Sw4BvGjGivYx0O.csv,0.083434,
89445,R_7Sw4BvGjGivYx0O,33,8,10,-0.140500,0.15,2,2,true,730,Number,Q,main,study2b_R_7Sw4BvGjGivYx0O.csv,-0.158043,
89445,R_7Sw4BvGjGivYx0O,34,257,8,0.034900,0.15,2,2,true,542,Number,Q,main,study2b_R_7Sw4BvGjGivYx0O.csv,0.034429,
89445,R_7Sw4BvGjGivYx0O,35,384,8,0.105100,0.15,2,2,true,496,Number,Q,main,study2b_R_7Sw4BvGjGivYx0O.csv,0.102089,
89445,R_7Sw4BvGjGivYx0O,36,396,10,0.105100,0.15,2,2,true,578,Number,Q,main,study2b_R_7Sw4BvGjGivYx0O.csv,0.092753,
89445,R_7Sw4BvGjGivYx0O,37,14,10,-0.140500,0.15,2,2,true,1440,Number,Q,main,study2b_R_7Sw4BvGjGivYx0O.csv,-0.148897,
89445,R_7Sw4BvGjGivYx0O,38,120,22,-0.105100,0.15,2,2,true,466,Number,P,main,study2b_R_7Sw4BvGjGivYx0O.csv,-0.121268,
89445,R_7Sw4BvGjGivYx0O,39,134,8,-0.069900,0.15,2,2,true,645,Number,Q,main,study2b_R_7Sw4BvGjGivYx0O.csv,-0.077814,
89445,R_7Sw4BvGjGivYx0O,40,358,16,0.069900,0.15,2,2,true,870,Number,P,main,study2b_R_7Sw4BvGjGivYx0O.csv,0.074249,
89445,R_7Sw4BvGjGivYx0O,41,220,14,-0.034900,0.15,2,2,false,917,Number,P,main,study2b_R_7Sw4BvGjGivYx0O.csv,-0.042598,
89445,R_7Sw4BvGjGivYx0O,42,63,22,-0.140500,0.15,2,2,true,547,Number,P,main,study2b_R_7Sw4BvGjGivYx0O.csv,-0.155911,
89445,R_7Sw4BvGjGivYx0O,43,319,22,0.034900,0.15,2,2,true,421,Number,P,main,study2b_R_7Sw4BvGjGivYx0O.csv,0.031392,
89445,R_7Sw4BvGjGivYx0O,44,6,8,-0.140500,0.15,2,2,true,735,Number,Q,main,study2b_R_7Sw4BvGjGivYx0O.csv,-0.144873,
89445,R_7Sw4BvGjGivYx0O,45,255,22,-0.034900,0.15,2,2,false,1101,Number,Q,main,study2b_R_7Sw4BvGjGivYx0O.csv,-0.033569,
89445,R_7Sw4BvGjGivYx0O,46,42,18,-0.140500,0.15,2,2,true,894,Number,P,main,study2b_R_7Sw4BvGjGivYx0O.csv,-0.155547,
89445,R_7Sw4BvGjGivYx0O,47,382,22,0.069900,0.15,2,2,true,1285,Number,P,main,study2b_R_7Sw4BvGjGivYx0O.csv,0.071763,
89445,R_7Sw4BvGjGivYx0O,48,87,12,-0.105100,0.15,2,2,true,4009,Number,Q,main,study2b_R_7Sw4BvGjGivYx0O.csv,-0.107755,
89445,R_7Sw4BvGjGivYx0O,49,439,20,0.105100,0.15,2,2,true,1332,Number,P,main,study2b_R_7Sw4BvGjGivYx0O.csv,0.114281,
89445,R_7Sw4BvGjGivYx0O,50,394,10,0.105100,0.15,2,2,true,727,Number,Q,main,study2b_R_7Sw4BvGjGivYx0O.csv,0.105034,
89445,R_7Sw4BvGjGivYx0O,51,93,14,-0.105100,0.15,2,2,true,456,Number,Q,main,study2b_R_7Sw4BvGjGivYx0O.csv,-0.098312,
89445,R_7Sw4BvGjGivYx0O,52,13,10,-0.140500,0.15,2,2,true,549,Number,Q,main,study2b_R_7Sw4BvGjGivYx0O.csv,-0.145628,
89445,R_7Sw4BvGjGivYx0O,53,77,10,-0.105100,0.15,2,2,true,433,Number,Q,main,study2b_R_7Sw4BvGjGivYx0O.csv,-0.098239,
89445,R_7Sw4BvGjGivYx0O,54,256,8,0.034900,0.15,2,2,true,541,Number,Q,main,study2b_R_7Sw4BvGjGivYx0O.csv,0.049748,
89445,R_7Sw4BvGjGivYx0O,55,245,20,-0.034900,0.15,2,2,false,421,Number,Q,main,study2b_R_7Sw4BvGjGivYx0O.csv,-0.026028,
89445,R_7Sw4BvGjGivYx0O,56,212,12,-0.034900,0.15,2,2,false,561,Number,P,main,study2b_R_7Sw4BvGjGivYx0O.csv,-0.045747,
89445,R_7Sw4BvGjGivYx0O,57,422,16,0.105100,0.15,2,2,true,463,Number,P,main,study2b_R_7Sw4BvGjGivYx0O.csv,0.105596,
89445,R_7Sw4BvGjGivYx0O,58,409,14,0.105100,0.15,2,2,false,475,Number,P,main,study2b_R_7Sw4BvGjGivYx0O.csv,0.104867,
89445,R_7Sw4BvGjGivYx0O,59,262,8,0.034900,0.15,2,2,true,1033,Number,Q,main,study2b_R_7Sw4BvGjGivYx0O.csv,0.043294,
89445,R_7Sw4BvGjGivYx0O,60,23,12,-0.140500,0.15,2,2,false,797,Number,P,main,study2b_R_7Sw4BvGjGivYx0O.csv,-0.13232,
89445,R_7Sw4BvGjGivYx0O,61,462,10,0.140500,0.15,2,2,true,827,Number,Q,main,study2b_R_7Sw4BvGjGivYx0O.csv,0.142055,
89445,R_7Sw4BvGjGivYx0O,62,333,10,0.069900,0.15,2,2,true,838,Number,Q,main,study2b_R_7Sw4BvGjGivYx0O.csv,0.081543,
89445,R_7Sw4BvGjGivYx0O,63,363,18,0.069900,0.15,2,2,true,594,Number,P,main,study2b_R_7Sw4BvGjGivYx0O.csv,0.067979,
89445,R_7Sw4BvGjGivYx0O,64,325,8,0.069900,0.15,2,2,true,601,Number,Q,main,study2b_R_7Sw4BvGjGivYx0O.csv,0.083785,
89445,R_7Sw4BvGjGivYx0O,65,105,18,-0.105100,0.15,2,2,true,583,Number,P,main,study2b_R_7Sw4BvGjGivYx0O.csv,-0.091285,
89445,R_7Sw4BvGjGivYx0O,66,64,8,-0.105100,0.15,2,2,true,610,Number,Q,main,study2b_R_7Sw4BvGjGivYx0O.csv,-0.122349,
89445,R_7Sw4BvGjGivYx0O,67,246,20,-0.034900,0.15,2,2,true,528,Number,P,main,study2b_R_7Sw4BvGjGivYx0O.csv,-0.045523,
89445,R_7Sw4BvGjGivYx0O,68,129,8,-0.069900,0.15,2,2,true,492,Number,Q,main,study2b_R_7Sw4BvGjGivYx0O.csv,-0.068789,
89445,R_7Sw4BvGjGivYx0O,69,484,16,0.140500,0.15,2,2,true,580,Number,P,main,study2b_R_7Sw4BvGjGivYx0O.csv,0.13717,
89445,R_7Sw4BvGjGivYx0O,70,408,14,0.105100,0.15,2,2,false,759,Number,P,main,study2b_R_7Sw4BvGjGivYx0O.csv,0.096035,
89445,R_7Sw4BvGjGivYx0O,71,293,16,0.034900,0.15,2,2,true,470,Number,P,main,study2b_R_7Sw4BvGjGivYx0O.csv,0.0368,
89445,R_7Sw4BvGjGivYx0O,72,428,18,0.105100,0.15,2,2,true,447,Number,P,main,study2b_R_7Sw4BvGjGivYx0O.csv,0.100632,
89445,R_7Sw4BvGjGivYx0O,73,7,8,-0.140500,0.15,2,2,false,398,Number,P,main,study2b_R_7Sw4BvGjGivYx0O.csv,-0.133968,
89445,R_7Sw4BvGjGivYx0O,74,111,18,-0.105100,0.15,2,2,false,539,Number,Q,main,study2b_R_7Sw4BvGjGivYx0O.csv,-0.094527,
89445,R_7Sw4BvGjGivYx0O,75,481,16,0.140500,0.15,2,2,true,2264,Number,P,main,study2b_R_7Sw4BvGjGivYx0O.csv,0.144235,
89445,R_7Sw4BvGjGivYx0O,76,142,10,-0.069900,0.15,2,2,true,602,Number,Q,main,study2b_R_7Sw4BvGjGivYx0O.csv,-0.066899,
89445,R_7Sw4BvGjGivYx0O,77,241,20,-0.034900,0.15,2,2,true,467,Number,P,main,study2b_R_7Sw4BvGjGivYx0O.csv,-0.046489,
89445,R_7Sw4BvGjGivYx0O,78,432,20,0.105100,0.15,2,2,true,636,Number,P,main,study2b_R_7Sw4BvGjGivYx0O.csv,0.117925,
89445,R_7Sw4BvGjGivYx0O,79,471,12,0.140500,0.15,2,2,false,803,Number,P,main,study2b_R_7Sw4BvGjGivYx0O.csv,0.154046,
89445,R_7Sw4BvGjGivYx0O,80,199,8,-0.034900,0.15,2,2,true,487,Number,Q,main,study2b_R_7Sw4BvGjGivYx0O.csv,-0.046221,
89445,R_7Sw4BvGjGivYx0O,81,189,22,-0.069900,0.15,2,2,true,519,Number,P,main,study2b_R_7Sw4BvGjGivYx0O.csv,-0.055804,
89445,R_7Sw4BvGjGivYx0O,82,45,18,-0.140500,0.15,2,2,true,579,Number,P,main,study2b_R_7Sw4BvGjGivYx0O.csv,-0.142674,
89445,R_7Sw4BvGjGivYx0O,83,397,10,0.105100,0.15,2,2,true,1021,Number,Q,main,study2b_R_7Sw4BvGjGivYx0O.csv,0.116898,
89445,R_7Sw4BvGjGivYx0O,84,483,16,0.140500,0.15,2,2,true,1334,Number,P,main,study2b_R_7Sw4BvGjGivYx0O.csv,0.129542,
89445,R_7Sw4BvGjGivYx0O,85,85,12,-0.105100,0.15,2,2,true,1244,Number,Q,main,study2b_R_7Sw4BvGjGivYx0O.csv,-0.118968,
89445,R_7Sw4BvGjGivYx0O,86,166,16,-0.069900,0.15,2,2,true,527,Number,P,main,study2b_R_7Sw4BvGjGivYx0O.csv,-0.064305,
89445,R_7Sw4BvGjGivYx0O,87,215,12,-0.034900,0.15,2,2,true,741,Number,Q,main,study2b_R_7Sw4BvGjGivYx0O.csv,-0.045698,
89445,R_7Sw4BvGjGivYx0O,88,71,8,-0.105100,0.15,2,2,true,874,Number,Q,main,study2b_R_7Sw4BvGjGivYx0O.csv,-0.113168,
89445,R_7Sw4BvGjGivYx0O,89,62,22,-0.140500,0.15,2,2,true,5697,Number,P,main,study2b_R_7Sw4BvGjGivYx0O.csv,-0.151102,
89445,R_7Sw4BvGjGivYx0O,90,10,10,-0.140500,0.15,2,2,true,774,Number,Q,main,study2b_R_7Sw4BvGjGivYx0O.csv,-0.154413,
89445,R_7Sw4BvGjGivYx0O,91,84,12,-0.105100,0.15,2,2,true,734,Number,Q,main,study2b_R_7Sw4BvGjGivYx0O.csv,-0.119453,
89445,R_7Sw4BvGjGivYx0O,92,278,12,0.034900,0.15,2,2,true,869,Number,Q,main,study2b_R_7Sw4BvGjGivYx0O.csv,0.030687,
89445,R_7Sw4BvGjGivYx0O,93,489,18,0.140500,0.15,2,2,true,740,Number,P,main,study2b_R_7Sw4BvGjGivYx0O.csv,0.14854,
89445,R_7Sw4BvGjGivYx0O,94,446,22,0.105100,0.15,2,2,true,872,Number,P,main,study2b_R_7Sw4BvGjGivYx0O.csv,0.122365,
89445,R_7Sw4BvGjGivYx0O,95,232,18,-0.034900,0.15,2,2,true,649,Number,P,main,study2b_R_7Sw4BvGjGivYx0O.csv,-0.020059,
89445,R_7Sw4BvGjGivYx0O,96,469,12,0.140500,0.15,2,2,false,14015,Number,P,main,study2b_R_7Sw4BvGjGivYx0O.csv,0.133126,
89445,R_7Sw4BvGjGivYx0O,97,381,22,0.069900,0.15,2,2,true,630,Number,P,main,study2b_R_7Sw4BvGjGivYx0O.csv,0.069369,
89445,R_7Sw4BvGjGivYx0O,98,216,14,-0.034900,0.15,2,2,true,1313,Number,Q,main,study2b_R_7Sw4BvGjGivYx0O.csv,-0.02952,
89445,R_7Sw4BvGjGivYx0O,99,304,20,0.034900,0.15,2,2,true,577,Number,P,main,study2b_R_7Sw4BvGjGivYx0O.csv,0.027431,
89445,R_7Sw4BvGjGivYx0O,100,86,12,-0.105100,0.15,2,2,true,932,Number,Q,main,study2b_R_7Sw4BvGjGivYx0O.csv,-0.09568,
89445,R_7Sw4BvGjGivYx0O,101,2,8,-0.140500,0.15,2,2,true,664,Number,Q,main,study2b_R_7Sw4BvGjGivYx0O.csv,-0.130492,
89445,R_7Sw4BvGjGivYx0O,102,146,12,-0.069900,0.15,2,2,false,588,Number,P,main,study2b_R_7Sw4BvGjGivYx0O.csv,-0.053285,
89445,R_7Sw4BvGjGivYx0O,103,200,10,-0.034900,0.15,2,2,false,2585,Number,P,main,study2b_R_7Sw4BvGjGivYx0O.csv,-0.018446,
89445,R_7Sw4BvGjGivYx0O,104,188,22,-0.069900,0.15,2,2,true,1036,Number,P,main,study2b_R_7Sw4BvGjGivYx0O.csv,-0.059954,
89445,R_7Sw4BvGjGivYx0O,105,39,16,-0.140500,0.15,2,2,true,592,Number,P,main,study2b_R_7Sw4BvGjGivYx0O.csv,-0.132254,
89445,R_7Sw4BvGjGivYx0O,106,132,8,-0.069900,0.15,2,2,true,646,Number,Q,main,study2b_R_7Sw4BvGjGivYx0O.csv,-0.068327,
89445,R_7Sw4BvGjGivYx0O,107,97,16,-0.105100,0.15,2,2,true,1556,Number,P,main,study2b_R_7Sw4BvGjGivYx0O.csv,-0.112908,
89445,R_7Sw4BvGjGivYx0O,108,460,10,0.140500,0.15,2,2,true,919,Number,Q,main,study2b_R_7Sw4BvGjGivYx0O.csv,0.15212,
89445,R_7Sw4BvGjGivYx0O,109,191,22,-0.069900,0.15,2,2,true,629,Number,P,main,study2b_R_7Sw4BvGjGivYx0O.csv,-0.059047,
89445,R_7Sw4BvGjGivYx0O,110,387,8,0.105100,0.15,2,2,true,1189,Number,Q,main,study2b_R_7Sw4BvGjGivYx0O.csv,0.111397,
89445,R_7Sw4BvGjGivYx0O,111,34,16,-0.140500,0.15,2,2,true,1800,Number,P,main,study2b_R_7Sw4BvGjGivYx0O.csv,-0.136721,
89445,R_7Sw4BvGjGivYx0O,112,52,20,-0.140500,0.15,2,2,true,730,Number,P,main,study2b_R_7Sw4BvGjGivYx0O.csv,-0.132669,
89445,R_7Sw4BvGjGivYx0O,113,33,16,-0.140500,0.15,2,2,true,966,Number,P,main,study2b_R_7Sw4BvGjGivYx0O.csv,-0.126053,
89445,R_7Sw4BvGjGivYx0O,114,508,22,0.140500,0.15,2,2,true,1584,Number,P,main,study2b_R_7Sw4BvGjGivYx0O.csv,0.15517,
89445,R_7Sw4BvGjGivYx0O,115,411,14,0.105100,0.15,2,2,true,1072,Number,Q,main,study2b_R_7Sw4BvGjGivYx0O.csv,0.107392,
89445,R_7Sw4BvGjGivYx0O,116,314,22,0.034900,0.15,2,2,true,1703,Number,P,main,study2b_R_7Sw4BvGjGivYx0O.csv,0.046548,
89445,R_7Sw4BvGjGivYx0O,117,307,20,0.034900,0.15,2,2,true,616,Number,P,main,study2b_R_7Sw4BvGjGivYx0O.csv,0.035776,
89445,R_7Sw4BvGjGivYx0O,118,318,22,0.034900,0.15,2,2,true,556,Number,P,main,study2b_R_7Sw4BvGjGivYx0O.csv,0.029525,
89445,R_7Sw4BvGjGivYx0O,119,324,8,0.069900,0.15,2,2,true,2724,Number,Q,main,study2b_R_7Sw4BvGjGivYx0O.csv,0.063158,
89445,R_7Sw4BvGjGivYx0O,120,185,22,-0.069900,0.15,2,2,true,533,Number,P,main,study2b_R_7Sw4BvGjGivYx0O.csv,-0.071665,
89445,R_7Sw4BvGjGivYx0O,121,43,18,-0.140500,0.15,2,2,true,634,Number,P,main,study2b_R_7Sw4BvGjGivYx0O.csv,-0.128571,
89445,R_7Sw4BvGjGivYx0O,122,270,10,0.034900,0.15,2,2,false,348,Number,P,main,study2b_R_7Sw4BvGjGivYx0O.csv,0.028104,
89445,R_7Sw4BvGjGivYx0O,123,274,12,0.034900,0.15,2,2,true,569,Number,Q,main,study2b_R_7Sw4BvGjGivYx0O.csv,0.039015,
89445,R_7Sw4BvGjGivYx0O,124,195,8,-0.034900,0.15,2,2,true,538,Number,Q,main,study2b_R_7Sw4BvGjGivYx0O.csv,-0.038448,
89445,R_7Sw4BvGjGivYx0O,125,468,12,0.140500,0.15,2,2,true,467,Number,Q,main,study2b_R_7Sw4BvGjGivYx0O.csv,0.150648,
89445,R_7Sw4BvGjGivYx0O,126,501,20,0.140500,0.15,2,2,true,693,Number,P,main,study2b_R_7Sw4BvGjGivYx0O.csv,0.134097,
89445,R_7Sw4BvGjGivYx0O,127,312,22,0.034900,0.15,2,2,true,713,Number,P,main,study2b_R_7Sw4BvGjGivYx0O.csv,0.020778,
89445,R_7Sw4BvGjGivYx0O,128,96,16,-0.105100,0.15,2,2,false,1477,Number,Q,main,study2b_R_7Sw4BvGjGivYx0O.csv,-0.120377,
89445,R_7Sw4BvGjGivYx0O,129,499,20,0.140500,0.15,2,2,true,789,Number,P,main,study2b_R_7Sw4BvGjGivYx0O.csv,0.154112,
89445,R_7Sw4BvGjGivYx0O,130,53,20,-0.140500,0.15,2,2,true,1716,Number,P,main,study2b_R_7Sw4BvGjGivYx0O.csv,-0.131965,
89445,R_7Sw4BvGjGivYx0O,131,507,22,0.140500,0.15,2,2,true,1236,Number,P,main,study2b_R_7Sw4BvGjGivYx0O.csv,0.147988,
89445,R_7Sw4BvGjGivYx0O,132,417,16,0.105100,0.15,2,2,true,1154,Number,P,main,study2b_R_7Sw4BvGjGivYx0O.csv,0.091171,
89445,R_7Sw4BvGjGivYx0O,133,450,8,0.140500,0.15,2,2,true,1163,Number,Q,main,study2b_R_7Sw4BvGjGivYx0O.csv,0.135411,
89445,R_7Sw4BvGjGivYx0O,134,275,12,0.034900,0.15,2,2,true,1550,Number,Q,main,study2b_R_7Sw4BvGjGivYx0O.csv,0.01876,
89445,R_7Sw4BvGjGivYx0O,135,263,8,0.034900,0.15,2,2,true,642,Number,Q,main,study2b_R_7Sw4BvGjGivYx0O.csv,0.046892,
89445,R_7Sw4BvGjGivYx0O,136,69,8,-0.105100,0.15,2,2,true,1309,Number,Q,main,study2b_R_7Sw4BvGjGivYx0O.csv,-0.087724,
89445,R_7Sw4BvGjGivYx0O,137,95,14,-0.105100,0.15,2,2,false,739,Number,P,main,study2b_R_7Sw4BvGjGivYx0O.csv,-0.089822,
89445,R_7Sw4BvGjGivYx0O,138,41,18,-0.140500,0.15,2,2,true,1231,Number,P,main,study2b_R_7Sw4BvGjGivYx0O.csv,-0.145392,
89445,R_7Sw4BvGjGivYx0O,139,124,22,-0.105100,0.15,2,2,true,1847,Number,P,main,study2b_R_7Sw4BvGjGivYx0O.csv,-0.104379,
89445,R_7Sw4BvGjGivYx0O,140,61,22,-0.140500,0.15,2,2,true,1059,Number,P,main,study2b_R_7Sw4BvGjGivYx0O.csv,-0.137346,
89445,R_7Sw4BvGjGivYx0O,141,29,14,-0.140500,0.15,2,2,true,687,Number,Q,main,study2b_R_7Sw4BvGjGivYx0O.csv,-0.156422,
89445,R_7Sw4BvGjGivYx0O,142,131,8,-0.069900,0.15,2,2,true,524,Number,Q,main,study2b_R_7Sw4BvGjGivYx0O.csv,-0.053108,
89445,R_7Sw4BvGjGivYx0O,143,25,14,-0.140500,0.15,2,2,false,577,Number,P,main,study2b_R_7Sw4BvGjGivYx0O.csv,-0.133981,
89445,R_7Sw4BvGjGivYx0O,144,402,12,0.105100,0.15,2,2,true,898,Number,Q,main,study2b_R_7Sw4BvGjGivYx0O.csv,0.116009,
89445,R_7Sw4BvGjGivYx0O,145,461,10,0.140500,0.15,2,2,false,584,Number,P,main,study2b_R_7Sw4BvGjGivYx0O.csv,0.150054,
89445,R_7Sw4BvGjGivYx0O,146,38,16,-0.140500,0.15,2,2,true,624,Number,P,main,study2b_R_7Sw4BvGjGivYx0O.csv,-0.143449,
89445,R_7Sw4BvGjGivYx0O,147,475,14,0.140500,0.15,2,2,true,683,Number,Q,main,study2b_R_7Sw4BvGjGivYx0O.csv,0.126168,
89445,R_7Sw4BvGjGivYx0O,148,91,14,-0.105100,0.15,2,2,false,810,Number,P,main,study2b_R_7Sw4BvGjGivYx0O.csv,-0.116854,
89445,R_7Sw4BvGjGivYx0O,149,18,12,-0.140500,0.15,2,2,false,2586,Number,P,main,study2b_R_7Sw4BvGjGivYx0O.csv,-0.14941,
89445,R_7Sw4BvGjGivYx0O,150,486,16,0.140500,0.15,2,2,true,605,Number,P,main,study2b_R_7Sw4BvGjGivYx0O.csv,0.128483,
89445,R_7Sw4BvGjGivYx0O,151,116,20,-0.105100,0.15,2,2,true,684,Number,P,main,study2b_R_7Sw4BvGjGivYx0O.csv,-0.117788,
89445,R_7Sw4BvGjGivYx0O,152,467,12,0.140500,0.15,2,2,true,798,Number,Q,main,study2b_R_7Sw4BvGjGivYx0O.csv,0.145146,
89445,R_7Sw4BvGjGivYx0O,153,171,18,-0.069900,0.15,2,2,true,681,Number,P,main,study2b_R_7Sw4BvGjGivYx0O.csv,-0.079583,
89445,R_7Sw4BvGjGivYx0O,154,72,10,-0.105100,0.15,2,2,true,1312,Number,Q,main,study2b_R_7Sw4BvGjGivYx0O.csv,-0.091069,
89445,R_7Sw4BvGjGivYx0O,155,494,18,0.140500,0.15,2,2,true,660,Number,P,main,study2b_R_7Sw4BvGjGivYx0O.csv,0.129791,
89445,R_7Sw4BvGjGivYx0O,156,268,10,0.034900,0.15,2,2,true,688,Number,Q,main,study2b_R_7Sw4BvGjGivYx0O.csv,0.03405,
89445,R_7Sw4BvGjGivYx0O,157,331,10,0.069900,0.15,2,2,true,629,Number,Q,main,study2b_R_7Sw4BvGjGivYx0O.csv,0.074243,
89445,R_7Sw4BvGjGivYx0O,158,193,8,-0.034900,0.15,2,2,true,710,Number,Q,main,study2b_R_7Sw4BvGjGivYx0O.csv,-0.032288,
89445,R_7Sw4BvGjGivYx0O,159,377,22,0.069900,0.15,2,2,true,534,Number,P,main,study2b_R_7Sw4BvGjGivYx0O.csv,0.083032,
89445,R_7Sw4BvGjGivYx0O,160,179,20,-0.069900,0.15,2,2,true,418,Number,P,main,study2b_R_7Sw4BvGjGivYx0O.csv,-0.08635,
89445,R_7Sw4BvGjGivYx0O,161,60,22,-0.140500,0.15,2,2,true,489,Number,P,main,study2b_R_7Sw4BvGjGivYx0O.csv,-0.156155,
89445,R_7Sw4BvGjGivYx0O,162,51,20,-0.140500,0.15,2,2,true,430,Number,P,main,study2b_R_7Sw4BvGjGivYx0O.csv,-0.15348,
89445,R_7Sw4BvGjGivYx0O,163,150,12,-0.069900,0.15,2,2,true,739,Number,Q,main,study2b_R_7Sw4BvGjGivYx0O.csv,-0.065289,
89445,R_7Sw4BvGjGivYx0O,164,487,16,0.140500,0.15,2,2,true,564,Number,P,main,study2b_R_7Sw4BvGjGivYx0O.csv,0.147616,
89445,R_7Sw4BvGjGivYx0O,165,155,14,-0.069900,0.15,2,2,true,557,Number,Q,main,study2b_R_7Sw4BvGjGivYx0O.csv,-0.078297,
89445,R_7Sw4BvGjGivYx0O,166,449,8,0.140500,0.15,2,2,true,651,Number,Q,main,study2b_R_7Sw4BvGjGivYx0O.csv,0.146679,
89445,R_7Sw4BvGjGivYx0O,167,222,14,-0.034900,0.15,2,2,false,702,Number,P,main,study2b_R_7Sw4BvGjGivYx0O.csv,-0.030534,
89445,R_7Sw4BvGjGivYx0O,168,337,12,0.069900,0.15,2,2,true,615,Number,Q,main,study2b_R_7Sw4BvGjGivYx0O.csv,0.055998,
89445,R_7Sw4BvGjGivYx0O,169,213,12,-0.034900,0.15,2,2,true,687,Number,Q,main,study2b_R_7Sw4BvGjGivYx0O.csv,-0.046707,
89445,R_7Sw4BvGjGivYx0O,170,445,22,0.105100,0.15,2,2,true,521,Number,P,main,study2b_R_7Sw4BvGjGivYx0O.csv,0.088796,
89445,R_7Sw4BvGjGivYx0O,171,361,18,0.069900,0.15,2,2,true,490,Number,P,main,study2b_R_7Sw4BvGjGivYx0O.csv,0.070289,
89445,R_7Sw4BvGjGivYx0O,172,443,22,0.105100,0.15,2,2,true,391,Number,P,main,study2b_R_7Sw4BvGjGivYx0O.csv,0.112621,
89445,R_7Sw4BvGjGivYx0O,173,344,14,0.069900,0.15,2,2,false,437,Number,P,main,study2b_R_7Sw4BvGjGivYx0O.csv,0.082075,
89445,R_7Sw4BvGjGivYx0O,174,258,8,0.034900,0.15,2,2,false,366,Number,P,main,study2b_R_7Sw4BvGjGivYx0O.csv,0.03897,
89445,R_7Sw4BvGjGivYx0O,175,137,10,-0.069900,0.15,2,2,true,655,Number,Q,main,study2b_R_7Sw4BvGjGivYx0O.csv,-0.085974,
89445,R_7Sw4BvGjGivYx0O,176,226,16,-0.034900,0.15,2,2,true,909,Number,P,main,study2b_R_7Sw4BvGjGivYx0O.csv,-0.041209,
89445,R_7Sw4BvGjGivYx0O,177,470,12,0.140500,0.15,2,2,true,800,Number,Q,main,study2b_R_7Sw4BvGjGivYx0O.csv,0.148254,
89445,R_7Sw4BvGjGivYx0O,178,301,18,0.034900,0.15,2,2,true,718,Number,P,main,study2b_R_7Sw4BvGjGivYx0O.csv,0.043432,
89445,R_7Sw4BvGjGivYx0O,179,36,16,-0.140500,0.15,2,2,true,5980,Number,P,main,study2b_R_7Sw4BvGjGivYx0O.csv,-0.148764,
89445,R_7Sw4BvGjGivYx0O,180,136,10,-0.069900,0.15,2,2,true,743,Number,Q,main,study2b_R_7Sw4BvGjGivYx0O.csv,-0.070707,
89445,R_7Sw4BvGjGivYx0O,181,76,10,-0.105100,0.15,2,2,true,909,Number,Q,main,study2b_R_7Sw4BvGjGivYx0O.csv,-0.107301,
89445,R_7Sw4BvGjGivYx0O,182,225,16,-0.034900,0.15,2,2,true,726,Number,P,main,study2b_R_7Sw4BvGjGivYx0O.csv,-0.022672,
89445,R_7Sw4BvGjGivYx0O,183,207,10,-0.034900,0.15,2,2,true,800,Number,Q,main,study2b_R_7Sw4BvGjGivYx0O.csv,-0.042206,
89445,R_7Sw4BvGjGivYx0O,184,153,14,-0.069900,0.15,2,2,false,908,Number,P,main,study2b_R_7Sw4BvGjGivYx0O.csv,-0.064581,
89445,R_7Sw4BvGjGivYx0O,185,127,22,-0.105100,0.15,2,2,true,842,Number,P,main,study2b_R_7Sw4BvGjGivYx0O.csv,-0.09294,
89445,R_7Sw4BvGjGivYx0O,186,148,12,-0.069900,0.15,2,2,true,1561,Number,Q,main,study2b_R_7Sw4BvGjGivYx0O.csv,-0.061902,
89445,R_7Sw4BvGjGivYx0O,187,231,16,-0.034900,0.15,2,2,true,1115,Number,P,main,study2b_R_7Sw4BvGjGivYx0O.csv,-0.031678,
89445,R_7Sw4BvGjGivYx0O,188,48,20,-0.140500,0.15,2,2,true,1192,Number,P,main,study2b_R_7Sw4BvGjGivYx0O.csv,-0.144017,
89445,R_7Sw4BvGjGivYx0O,189,55,20,-0.140500,0.15,2,2,true,755,Number,P,main,study2b_R_7Sw4BvGjGivYx0O.csv,-0.157628,
89445,R_7Sw4BvGjGivYx0O,190,295,16,0.034900,0.15,2,2,true,904,Number,P,main,study2b_R_7Sw4BvGjGivYx0O.csv,0.032908,
89445,R_7Sw4BvGjGivYx0O,191,70,8,-0.105100,0.15,2,2,true,738,Number,Q,main,study2b_R_7Sw4BvGjGivYx0O.csv,-0.101976,
89445,R_7Sw4BvGjGivYx0O,192,404,12,0.105100,0.15,2,2,false,631,Number,P,main,study2b_R_7Sw4BvGjGivYx0O.csv,0.108965,
89445,R_7Sw4BvGjGivYx0O,193,360,18,0.069900,0.15,2,2,true,1271,Number,P,main,study2b_R_7Sw4BvGjGivYx0O.csv,0.059106,
89445,R_7Sw4BvGjGivYx0O,194,35,16,-0.140500,0.15,2,2,true,653,Number,P,main,study2b_R_7Sw4BvGjGivYx0O.csv,-0.149433,
89445,R_7Sw4BvGjGivYx0O,195,112,20,-0.105100,0.15,2,2,true,605,Number,P,main,study2b_R_7Sw4BvGjGivYx0O.csv,-0.120829,
89445,R_7Sw4BvGjGivYx0O,196,184,22,-0.069900,0.15,2,2,true,770,Number,P,main,study2b_R_7Sw4BvGjGivYx0O.csv,-0.076899,
89445,R_7Sw4BvGjGivYx0O,197,482,16,0.140500,0.15,2,2,true,768,Number,P,main,study2b_R_7Sw4BvGjGivYx0O.csv,0.147301,
89445,R_7Sw4BvGjGivYx0O,198,177,20,-0.069900,0.15,2,2,true,598,Number,P,main,study2b_R_7Sw4BvGjGivYx0O.csv,-0.061079,
89445,R_7Sw4BvGjGivYx0O,199,57,22,-0.140500,0.15,2,2,true,473,Number,P,main,study2b_R_7Sw4BvGjGivYx0O.csv,-0.1439,
89445,R_7Sw4BvGjGivYx0O,200,140,10,-0.069900,0.15,2,2,true,898,Number,Q,main,study2b_R_7Sw4BvGjGivYx0O.csv,-0.064883,
89445,R_7Sw4BvGjGivYx0O,201,144,12,-0.069900,0.15,2,2,false,451,Number,P,main,study2b_R_7Sw4BvGjGivYx0O.csv,-0.082613,
89445,R_7Sw4BvGjGivYx0O,202,210,12,-0.034900,0.15,2,2,false,646,Number,P,main,study2b_R_7Sw4BvGjGivYx0O.csv,-0.03906,
89445,R_7Sw4BvGjGivYx0O,203,302,18,0.034900,0.15,2,2,true,517,Number,P,main,study2b_R_7Sw4BvGjGivYx0O.csv,0.028298,
89445,R_7Sw4BvGjGivYx0O,204,159,14,-0.069900,0.15,2,2,false,830,Number,P,main,study2b_R_7Sw4BvGjGivYx0O.csv,-0.075295,
89445,R_7Sw4BvGjGivYx0O,205,161,16,-0.069900,0.15,2,2,true,1330,Number,P,main,study2b_R_7Sw4BvGjGivYx0O.csv,-0.064653,
89445,R_7Sw4BvGjGivYx0O,206,138,10,-0.069900,0.15,2,2,true,819,Number,Q,main,study2b_R_7Sw4BvGjGivYx0O.csv,-0.066098,
89445,R_7Sw4BvGjGivYx0O,207,170,18,-0.069900,0.15,2,2,true,540,Number,P,main,study2b_R_7Sw4BvGjGivYx0O.csv,-0.058395,
89445,R_7Sw4BvGjGivYx0O,208,107,18,-0.105100,0.15,2,2,true,586,Number,P,main,study2b_R_7Sw4BvGjGivYx0O.csv,-0.104546,
89445,R_7Sw4BvGjGivYx0O,209,81,12,-0.105100,0.15,2,2,true,1076,Number,Q,main,study2b_R_7Sw4BvGjGivYx0O.csv,-0.094695,
89445,R_7Sw4BvGjGivYx0O,210,339,12,0.069900,0.15,2,2,true,635,Number,Q,main,study2b_R_7Sw4BvGjGivYx0O.csv,0.080229,
89445,R_7Sw4BvGjGivYx0O,211,183,20,-0.069900,0.15,2,2,true,649,Number,P,main,study2b_R_7Sw4BvGjGivYx0O.csv,-0.082832,
89445,R_7Sw4BvGjGivYx0O,212,4,8,-0.140500,0.15,2,2,true,858,Number,Q,main,study2b_R_7Sw4BvGjGivYx0O.csv,-0.138125,
89445,R_7Sw4BvGjGivYx0O,213,491,18,0.140500,0.15,2,2,true,518,Number,P,main,study2b_R_7Sw4BvGjGivYx0O.csv,0.149206,
89445,R_7Sw4BvGjGivYx0O,214,392,10,0.105100,0.15,2,2,true,679,Number,Q,main,study2b_R_7Sw4BvGjGivYx0O.csv,0.105319,
89445,R_7Sw4BvGjGivYx0O,215,128,8,-0.069900,0.15,2,2,true,637,Number,Q,main,study2b_R_7Sw4BvGjGivYx0O.csv,-0.074618,
89445,R_7Sw4BvGjGivYx0O,216,383,22,0.069900,0.15,2,2,true,516,Number,P,main,study2b_R_7Sw4BvGjGivYx0O.csv,0.062704,
89445,R_7Sw4BvGjGivYx0O,217,271,10,0.034900,0.15,2,2,false,816,Number,P,main,study2b_R_7Sw4BvGjGivYx0O.csv,0.047746,
89445,R_7Sw4BvGjGivYx0O,218,165,16,-0.069900,0.15,2,2,true,534,Number,P,main,study2b_R_7Sw4BvGjGivYx0O.csv,-0.077331,
89445,R_7Sw4BvGjGivYx0O,219,321,8,0.069900,0.15,2,2,true,740,Number,Q,main,study2b_R_7Sw4BvGjGivYx0O.csv,0.075624,
89445,R_7Sw4BvGjGivYx0O,220,103,16,-0.105100,0.15,2,2,true,707,Number,P,main,study2b_R_7Sw4BvGjGivYx0O.csv,-0.118594,
89445,R_7Sw4BvGjGivYx0O,221,478,14,0.140500,0.15,2,2,true,2235,Number,Q,main,study2b_R_7Sw4BvGjGivYx0O.csv,0.128896,
89445,R_7Sw4BvGjGivYx0O,222,90,14,-0.105100,0.15,2,2,false,790,Number,P,main,study2b_R_7Sw4BvGjGivYx0O.csv,-0.102653,
89445,R_7Sw4BvGjGivYx0O,223,291,16,0.034900,0.15,2,2,true,539,Number,P,main,study2b_R_7Sw4BvGjGivYx0O.csv,0.037882,
89445,R_7Sw4BvGjGivYx0O,224,47,18,-0.140500,0.15,2,2,true,576,Number,P,main,study2b_R_7Sw4BvGjGivYx0O.csv,-0.155737,
89445,R_7Sw4BvGjGivYx0O,225,347,14,0.069900,0.15,2,2,true,737,Number,Q,main,study2b_R_7Sw4BvGjGivYx0O.csv,0.062609,
89445,R_7Sw4BvGjGivYx0O,226,119,20,-0.105100,0.15,2,2,true,594,Number,P,main,study2b_R_7Sw4BvGjGivYx0O.csv,-0.096873,
89445,R_7Sw4BvGjGivYx0O,227,281,14,0.034900,0.15,2,2,true,958,Number,Q,main,study2b_R_7Sw4BvGjGivYx0O.csv,0.017629,
89445,R_7Sw4BvGjGivYx0O,228,149,12,-0.069900,0.15,2,2,true,697,Number,Q,main,study2b_R_7Sw4BvGjGivYx0O.csv,-0.063089,
89445,R_7Sw4BvGjGivYx0O,229,398,10,0.105100,0.15,2,2,true,631,Number,Q,main,study2b_R_7Sw4BvGjGivYx0O.csv,0.104837,
89445,R_7Sw4BvGjGivYx0O,230,362,18,0.069900,0.15,2,2,true,646,Number,P,main,study2b_R_7Sw4BvGjGivYx0O.csv,0.059457,
89445,R_7Sw4BvGjGivYx0O,231,196,8,-0.034900,0.15,2,2,true,990,Number,Q,main,study2b_R_7Sw4BvGjGivYx0O.csv,-0.033558,
89445,R_7Sw4BvGjGivYx0O,232,348,14,0.069900,0.15,2,2,true,956,Number,Q,main,study2b_R_7Sw4BvGjGivYx0O.csv,0.078982,
89445,R_7Sw4BvGjGivYx0O,233,305,20,0.034900,0.15,2,2,true,594,Number,P,main,study2b_R_7Sw4BvGjGivYx0O.csv,0.037143,
89445,R_7Sw4BvGjGivYx0O,234,400,12,0.105100,0.15,2,2,true,688,Number,Q,main,study2b_R_7Sw4BvGjGivYx0O.csv,0.113891,
89445,R_7Sw4BvGjGivYx0O,235,114,20,-0.105100,0.15,2,2,true,627,Number,P,main,study2b_R_7Sw4BvGjGivYx0O.csv,-0.112049,
89445,R_7Sw4BvGjGivYx0O,236,490,18,0.140500,0.15,2,2,true,500,Number,P,main,study2b_R_7Sw4BvGjGivYx0O.csv,0.148033,
89445,R_7Sw4BvGjGivYx0O,237,251,22,-0.034900,0.15,2,2,true,444,Number,P,main,study2b_R_7Sw4BvGjGivYx0O.csv,-0.025271,
89445,R_7Sw4BvGjGivYx0O,238,451,8,0.140500,0.15,2,2,true,796,Number,Q,main,study2b_R_7Sw4BvGjGivYx0O.csv,0.153685,
89445,R_7Sw4BvGjGivYx0O,239,297,18,0.034900,0.15,2,2,true,748,Number,P,main,study2b_R_7Sw4BvGjGivYx0O.csv,0.018931,
89445,R_7Sw4BvGjGivYx0O,240,405,12,0.105100,0.15,2,2,true,773,Number,Q,main,study2b_R_7Sw4BvGjGivYx0O.csv,0.119611,
89445,R_7Sw4BvGjGivYx0O,241,294,16,0.034900,0.15,2,2,false,930,Number,Q,main,study2b_R_7Sw4BvGjGivYx0O.csv,0.031084,
89445,R_7Sw4BvGjGivYx0O,242,370,20,0.069900,0.15,2,2,false,1420,Number,Q,main,study2b_R_7Sw4BvGjGivYx0O.csv,0.055031,
89445,R_7Sw4BvGjGivYx0O,243,498,20,0.140500,0.15,2,2,true,435,Number,P,main,study2b_R_7Sw4BvGjGivYx0O.csv,0.131876,
89445,R_7Sw4BvGjGivYx0O,244,267,10,0.034900,0.15,2,2,true,590,Number,Q,main,study2b_R_7Sw4BvGjGivYx0O.csv,0.020683,
89445,R_7Sw4BvGjGivYx0O,245,156,14,-0.069900,0.15,2,2,false,588,Number,P,main,study2b_R_7Sw4BvGjGivYx0O.csv,-0.064466,
89445,R_7Sw4BvGjGivYx0O,246,438,20,0.105100,0.15,2,2,true,1343,Number,P,main,study2b_R_7Sw4BvGjGivYx0O.csv,0.110992,
89445,R_7Sw4BvGjGivYx0O,247,229,16,-0.034900,0.15,2,2,false,746,Number,Q,main,study2b_R_7Sw4BvGjGivYx0O.csv,-0.049296,
89445,R_7Sw4BvGjGivYx0O,248,340,12,0.069900,0.15,2,2,true,1165,Number,Q,main,study2b_R_7Sw4BvGjGivYx0O.csv,0.082248,
89445,R_7Sw4BvGjGivYx0O,249,40,18,-0.140500,0.15,2,2,true,619,Number,P,main,study2b_R_7Sw4BvGjGivYx0O.csv,-0.127552,
89445,R_7Sw4BvGjGivYx0O,250,371,20,0.069900,0.15,2,2,true,778,Number,P,main,study2b_R_7Sw4BvGjGivYx0O.csv,0.078343,
89445,R_7Sw4BvGjGivYx0O,251,80,12,-0.105100,0.15,2,2,false,1799,Number,P,main,study2b_R_7Sw4BvGjGivYx0O.csv,-0.11364,
89445,R_7Sw4BvGjGivYx0O,252,3,8,-0.140500,0.15,2,2,true,678,Number,Q,main,study2b_R_7Sw4BvGjGivYx0O.csv,-0.156545,
89445,R_7Sw4BvGjGivYx0O,253,181,20,-0.069900,0.15,2,2,true,591,Number,P,main,study2b_R_7Sw4BvGjGivYx0O.csv,-0.076882,
89445,R_7Sw4BvGjGivYx0O,254,322,8,0.069900,0.15,2,2,true,692,Number,Q,main,study2b_R_7Sw4BvGjGivYx0O.csv,0.054882,
89445,R_7Sw4BvGjGivYx0O,255,365,18,0.069900,0.15,2,2,true,856,Number,P,main,study2b_R_7Sw4BvGjGivYx0O.csv,0.052961,
89445,R_7Sw4BvGjGivYx0O,256,145,12,-0.069900,0.15,2,2,true,1508,Number,Q,main,study2b_R_7Sw4BvGjGivYx0O.csv,-0.070087,
89445,R_7Sw4BvGjGivYx0O,257,374,20,0.069900,0.15,2,2,true,497,Number,P,main,study2b_R_7Sw4BvGjGivYx0O.csv,0.07538,
89445,R_7Sw4BvGjGivYx0O,258,5,8,-0.140500,0.15,2,2,true,539,Number,Q,main,study2b_R_7Sw4BvGjGivYx0O.csv,-0.152536,
89445,R_7Sw4BvGjGivYx0O,259,375,20,0.069900,0.15,2,2,true,399,Number,P,main,study2b_R_7Sw4BvGjGivYx0O.csv,0.054653,
89445,R_7Sw4BvGjGivYx0O,260,335,10,0.069900,0.15,2,2,true,648,Number,Q,main,study2b_R_7Sw4BvGjGivYx0O.csv,0.056733,
89445,R_7Sw4BvGjGivYx0O,261,94,14,-0.105100,0.15,2,2,false,638,Number,P,main,study2b_R_7Sw4BvGjGivYx0O.csv,-0.121764,
89445,R_7Sw4BvGjGivYx0O,262,277,12,0.034900,0.15,2,2,false,1154,Number,P,main,study2b_R_7Sw4BvGjGivYx0O.csv,0.023377,
89445,R_7Sw4BvGjGivYx0O,263,308,20,0.034900,0.15,2,2,true,609,Number,P,main,study2b_R_7Sw4BvGjGivYx0O.csv,0.052349,
89445,R_7Sw4BvGjGivYx0O,264,500,20,0.140500,0.15,2,2,true,491,Number,P,main,study2b_R_7Sw4BvGjGivYx0O.csv,0.128481,
89445,R_7Sw4BvGjGivYx0O,265,327,8,0.069900,0.15,2,2,true,713,Number,Q,main,study2b_R_7Sw4BvGjGivYx0O.csv,0.069092,
89445,R_7Sw4BvGjGivYx0O,266,323,8,0.069900,0.15,2,2,true,1601,Number,Q,main,study2b_R_7Sw4BvGjGivYx0O.csv,0.071049,
89445,R_7Sw4BvGjGivYx0O,267,265,10,0.034900,0.15,2,2,true,1418,Number,Q,main,study2b_R_7Sw4BvGjGivYx0O.csv,0.028015,
89445,R_7Sw4BvGjGivYx0O,268,283,14,0.034900,0.15,2,2,true,599,Number,Q,main,study2b_R_7Sw4BvGjGivYx0O.csv,0.029859,
89445,R_7Sw4BvGjGivYx0O,269,430,18,0.105100,0.15,2,2,true,591,Number,P,main,study2b_R_7Sw4BvGjGivYx0O.csv,0.08933,
89445,R_7Sw4BvGjGivYx0O,270,98,16,-0.105100,0.15,2,2,true,1343,Number,P,main,study2b_R_7Sw4BvGjGivYx0O.csv,-0.11941,
89445,R_7Sw4BvGjGivYx0O,271,249,22,-0.034900,0.15,2,2,true,635,Number,P,main,study2b_R_7Sw4BvGjGivYx0O.csv,-0.036318,
89445,R_7Sw4BvGjGivYx0O,272,426,18,0.105100,0.15,2,2,true,709,Number,P,main,study2b_R_7Sw4BvGjGivYx0O.csv,0.11316,
89445,R_7Sw4BvGjGivYx0O,273,509,22,0.140500,0.15,2,2,true,507,Number,P,main,study2b_R_7Sw4BvGjGivYx0O.csv,0.130371,
89445,R_7Sw4BvGjGivYx0O,274,386,8,0.105100,0.15,2,2,true,618,Number,Q,main,study2b_R_7Sw4BvGjGivYx0O.csv,0.093004,
89445,R_7Sw4BvGjGivYx0O,275,351,14,0.069900,0.15,2,2,true,930,Number,Q,main,study2b_R_7Sw4BvGjGivYx0O.csv,0.068907,
89445,R_7Sw4BvGjGivYx0O,276,474,14,0.140500,0.15,2,2,false,584,Number,P,main,study2b_R_7Sw4BvGjGivYx0O.csv,0.149939,
89445,R_7Sw4BvGjGivYx0O,277,88,14,-0.105100,0.15,2,2,false,671,Number,P,main,study2b_R_7Sw4BvGjGivYx0O.csv,-0.108759,
89445,R_7Sw4BvGjGivYx0O,278,227,16,-0.034900,0.15,2,2,false,537,Number,Q,main,study2b_R_7Sw4BvGjGivYx0O.csv,-0.034511,
89445,R_7Sw4BvGjGivYx0O,279,203,10,-0.034900,0.15,2,2,true,1330,Number,Q,main,study2b_R_7Sw4BvGjGivYx0O.csv,-0.036265,
89445,R_7Sw4BvGjGivYx0O,280,364,18,0.069900,0.15,2,2,true,615,Number,P,main,study2b_R_7Sw4BvGjGivYx0O.csv,0.084004,
89445,R_7Sw4BvGjGivYx0O,281,338,12,0.069900,0.15,2,2,true,626,Number,Q,main,study2b_R_7Sw4BvGjGivYx0O.csv,0.056169,
89445,R_7Sw4BvGjGivYx0O,282,17,12,-0.140500,0.15,2,2,true,969,Number,Q,main,study2b_R_7Sw4BvGjGivYx0O.csv,-0.150518,
89445,R_7Sw4BvGjGivYx0O,283,44,18,-0.140500,0.15,2,2,true,754,Number,P,main,study2b_R_7Sw4BvGjGivYx0O.csv,-0.156396,
89445,R_7Sw4BvGjGivYx0O,284,280,14,0.034900,0.15,2,2,false,718,Number,P,main,study2b_R_7Sw4BvGjGivYx0O.csv,0.034515,
89445,R_7Sw4BvGjGivYx0O,285,303,18,0.034900,0.15,2,2,true,751,Number,P,main,study2b_R_7Sw4BvGjGivYx0O.csv,0.024389,
89445,R_7Sw4BvGjGivYx0O,286,204,10,-0.034900,0.15,2,2,true,765,Number,Q,main,study2b_R_7Sw4BvGjGivYx0O.csv,-0.030831,
89445,R_7Sw4BvGjGivYx0O,287,282,14,0.034900,0.15,2,2,false,677,Number,P,main,study2b_R_7Sw4BvGjGivYx0O.csv,0.027315,
89445,R_7Sw4BvGjGivYx0O,288,237,18,-0.034900,0.15,2,2,true,536,Number,P,main,study2b_R_7Sw4BvGjGivYx0O.csv,-0.032774,
89445,R_7Sw4BvGjGivYx0O,289,437,20,0.105100,0.15,2,2,true,597,Number,P,main,study2b_R_7Sw4BvGjGivYx0O.csv,0.095448,
89445,R_7Sw4BvGjGivYx0O,290,250,22,-0.034900,0.15,2,2,true,579,Number,P,main,study2b_R_7Sw4BvGjGivYx0O.csv,-0.037384,
89445,R_7Sw4BvGjGivYx0O,291,130,8,-0.069900,0.15,2,2,true,687,Number,Q,main,study2b_R_7Sw4BvGjGivYx0O.csv,-0.084969,
89445,R_7Sw4BvGjGivYx0O,292,412,14,0.105100,0.15,2,2,false,534,Number,P,main,study2b_R_7Sw4BvGjGivYx0O.csv,0.095109,
89445,R_7Sw4BvGjGivYx0O,293,83,12,-0.105100,0.15,2,2,false,482,Number,P,main,study2b_R_7Sw4BvGjGivYx0O.csv,-0.101086,
89445,R_7Sw4BvGjGivYx0O,294,276,12,0.034900,0.15,2,2,true,661,Number,Q,main,study2b_R_7Sw4BvGjGivYx0O.csv,0.031499,
89445,R_7Sw4BvGjGivYx0O,295,367,18,0.069900,0.15,2,2,false,551,Number,Q,main,study2b_R_7Sw4BvGjGivYx0O.csv,0.086676,
89445,R_7Sw4BvGjGivYx0O,296,380,22,0.069900,0.15,2,2,true,998,Number,P,main,study2b_R_7Sw4BvGjGivYx0O.csv,0.065025,
89445,R_7Sw4BvGjGivYx0O,297,273,12,0.034900,0.15,2,2,true,673,Number,Q,main,study2b_R_7Sw4BvGjGivYx0O.csv,0.045341,
89445,R_7Sw4BvGjGivYx0O,298,502,20,0.140500,0.15,2,2,true,989,Number,P,main,study2b_R_7Sw4BvGjGivYx0O.csv,0.154258,
89445,R_7Sw4BvGjGivYx0O,299,413,14,0.105100,0.15,2,2,false,667,Number,P,main,study2b_R_7Sw4BvGjGivYx0O.csv,0.091598,
89445,R_7Sw4BvGjGivYx0O,300,472,14,0.140500,0.15,2,2,false,989,Number,P,main,study2b_R_7Sw4BvGjGivYx0O.csv,0.155626,
89445,R_7Sw4BvGjGivYx0O,301,157,14,-0.069900,0.15,2,2,false,1053,Number,P,main,study2b_R_7Sw4BvGjGivYx0O.csv,-0.083334,
89445,R_7Sw4BvGjGivYx0O,302,242,20,-0.034900,0.15,2,2,true,866,Number,P,main,study2b_R_7Sw4BvGjGivYx0O.csv,-0.02853,
89445,R_7Sw4BvGjGivYx0O,303,201,10,-0.034900,0.15,2,2,true,633,Number,Q,main,study2b_R_7Sw4BvGjGivYx0O.csv,-0.029512,
89445,R_7Sw4BvGjGivYx0O,304,209,12,-0.034900,0.15,2,2,true,698,Number,Q,main,study2b_R_7Sw4BvGjGivYx0O.csv,-0.024713,
89445,R_7Sw4BvGjGivYx0O,305,421,16,0.105100,0.15,2,2,true,3192,Number,P,main,study2b_R_7Sw4BvGjGivYx0O.csv,0.103364,
89445,R_7Sw4BvGjGivYx0O,306,399,10,0.105100,0.15,2,2,true,1793,Number,Q,main,study2b_R_7Sw4BvGjGivYx0O.csv,0.092598,
89445,R_7Sw4BvGjGivYx0O,307,497,20,0.140500,0.15,2,2,true,581,Number,P,main,study2b_R_7Sw4BvGjGivYx0O.csv,0.140317,
89445,R_7Sw4BvGjGivYx0O,308,423,16,0.105100,0.15,2,2,true,732,Number,P,main,study2b_R_7Sw4BvGjGivYx0O.csv,0.121951,
89445,R_7Sw4BvGjGivYx0O,309,373,20,0.069900,0.15,2,2,true,519,Number,P,main,study2b_R_7Sw4BvGjGivYx0O.csv,0.053542,
89445,R_7Sw4BvGjGivYx0O,310,431,18,0.105100,0.15,2,2,true,457,Number,P,main,study2b_R_7Sw4BvGjGivYx0O.csv,0.105664,
89445,R_7Sw4BvGjGivYx0O,311,154,14,-0.069900,0.15,2,2,true,707,Number,Q,main,study2b_R_7Sw4BvGjGivYx0O.csv,-0.069371,
89445,R_7Sw4BvGjGivYx0O,312,108,18,-0.105100,0.15,2,2,true,496,Number,P,main,study2b_R_7Sw4BvGjGivYx0O.csv,-0.120758,
89445,R_7Sw4BvGjGivYx0O,313,419,16,0.105100,0.15,2,2,true,426,Number,P,main,study2b_R_7Sw4BvGjGivYx0O.csv,0.091507,
89445,R_7Sw4BvGjGivYx0O,314,115,20,-0.105100,0.15,2,2,true,546,Number,P,main,study2b_R_7Sw4BvGjGivYx0O.csv,-0.094777,
89445,R_7Sw4BvGjGivYx0O,315,418,16,0.105100,0.15,2,2,true,624,Number,P,main,study2b_R_7Sw4BvGjGivYx0O.csv,0.112382,
89445,R_7Sw4BvGjGivYx0O,316,141,10,-0.069900,0.15,2,2,true,669,Number,Q,main,study2b_R_7Sw4BvGjGivYx0O.csv,-0.066286,
89445,R_7Sw4BvGjGivYx0O,317,106,18,-0.105100,0.15,2,2,true,2445,Number,P,main,study2b_R_7Sw4BvGjGivYx0O.csv,-0.106802,
89445,R_7Sw4BvGjGivYx0O,318,376,22,0.069900,0.15,2,2,true,533,Number,P,main,study2b_R_7Sw4BvGjGivYx0O.csv,0.053259,
89445,R_7Sw4BvGjGivYx0O,319,415,14,0.105100,0.15,2,2,true,640,Number,Q,main,study2b_R_7Sw4BvGjGivYx0O.csv,0.099387,
89445,R_7Sw4BvGjGivYx0O,320,217,14,-0.034900,0.15,2,2,false,484,Number,P,main,study2b_R_7Sw4BvGjGivYx0O.csv,-0.032728,
89445,R_7Sw4BvGjGivYx0O,321,496,20,0.140500,0.15,2,2,true,401,Number,P,main,study2b_R_7Sw4BvGjGivYx0O.csv,0.141337,
89445,R_7Sw4BvGjGivYx0O,322,101,16,-0.105100,0.15,2,2,true,1016,Number,P,main,study2b_R_7Sw4BvGjGivYx0O.csv,-0.113642,
89445,R_7Sw4BvGjGivYx0O,323,30,14,-0.140500,0.15,2,2,false,534,Number,P,main,study2b_R_7Sw4BvGjGivYx0O.csv,-0.148743,
89445,R_7Sw4BvGjGivYx0O,324,158,14,-0.069900,0.15,2,2,false,701,Number,P,main,study2b_R_7Sw4BvGjGivYx0O.csv,-0.068639,
89445,R_7Sw4BvGjGivYx0O,325,197,8,-0.034900,0.15,2,2,true,915,Number,Q,main,study2b_R_7Sw4BvGjGivYx0O.csv,-0.032999,
89445,R_7Sw4BvGjGivYx0O,326,32,16,-0.140500,0.15,2,2,true,577,Number,P,main,study2b_R_7Sw4BvGjGivYx0O.csv,-0.152727,
89445,R_7Sw4BvGjGivYx0O,327,288,16,0.034900,0.15,2,2,true,568,Number,P,main,study2b_R_7Sw4BvGjGivYx0O.csv,0.041209,
89445,R_7Sw4BvGjGivYx0O,328,299,18,0.034900,0.15,2,2,true,650,Number,P,main,study2b_R_7Sw4BvGjGivYx0O.csv,0.022036,
89445,R_7Sw4BvGjGivYx0O,329,15,10,-0.140500,0.15,2,2,true,977,Number,Q,main,study2b_R_7Sw4BvGjGivYx0O.csv,-0.145857,
89445,R_7Sw4BvGjGivYx0O,330,492,18,0.140500,0.15,2,2,true,554,Number,P,main,study2b_R_7Sw4BvGjGivYx0O.csv,0.142321,
89445,R_7Sw4BvGjGivYx0O,331,284,14,0.034900,0.15,2,2,false,922,Number,P,main,study2b_R_7Sw4BvGjGivYx0O.csv,0.036848,
89445,R_7Sw4BvGjGivYx0O,332,28,14,-0.140500,0.15,2,2,false,586,Number,P,main,study2b_R_7Sw4BvGjGivYx0O.csv,-0.148394,
89445,R_7Sw4BvGjGivYx0O,333,444,22,0.105100,0.15,2,2,true,531,Number,P,main,study2b_R_7Sw4BvGjGivYx0O.csv,0.122204,
89445,R_7Sw4BvGjGivYx0O,334,354,16,0.069900,0.15,2,2,false,1267,Number,Q,main,study2b_R_7Sw4BvGjGivYx0O.csv,0.075095,
89445,R_7Sw4BvGjGivYx0O,335,356,16,0.069900,0.15,2,2,true,418,Number,P,main,study2b_R_7Sw4BvGjGivYx0O.csv,0.082037,
89445,R_7Sw4BvGjGivYx0O,336,223,14,-0.034900,0.15,2,2,true,833,Number,Q,main,study2b_R_7Sw4BvGjGivYx0O.csv,-0.051021,
89445,R_7Sw4BvGjGivYx0O,337,37,16,-0.140500,0.15,2,2,true,440,Number,P,main,study2b_R_7Sw4BvGjGivYx0O.csv,-0.131359,
89445,R_7Sw4BvGjGivYx0O,338,259,8,0.034900,0.15,2,2,true,629,Number,Q,main,study2b_R_7Sw4BvGjGivYx0O.csv,0.035303,
89445,R_7Sw4BvGjGivYx0O,339,194,8,-0.034900,0.15,2,2,true,624,Number,Q,main,study2b_R_7Sw4BvGjGivYx0O.csv,-0.036224,
89445,R_7Sw4BvGjGivYx0O,340,73,10,-0.105100,0.15,2,2,true,670,Number,Q,main,study2b_R_7Sw4BvGjGivYx0O.csv,-0.097773,
89445,R_7Sw4BvGjGivYx0O,341,359,16,0.069900,0.15,2,2,true,756,Number,P,main,study2b_R_7Sw4BvGjGivYx0O.csv,0.06309,
89445,R_7Sw4BvGjGivYx0O,342,480,16,0.140500,0.15,2,2,true,682,Number,P,main,study2b_R_7Sw4BvGjGivYx0O.csv,0.142105,
89445,R_7Sw4BvGjGivYx0O,343,290,16,0.034900,0.15,2,2,true,795,Number,P,main,study2b_R_7Sw4BvGjGivYx0O.csv,0.030071,
89445,R_7Sw4BvGjGivYx0O,344,300,18,0.034900,0.15,2,2,true,796,Number,P,main,study2b_R_7Sw4BvGjGivYx0O.csv,0.019933,
89445,R_7Sw4BvGjGivYx0O,345,102,16,-0.105100,0.15,2,2,true,637,Number,P,main,study2b_R_7Sw4BvGjGivYx0O.csv,-0.093591,
89445,R_7Sw4BvGjGivYx0O,346,435,20,0.105100,0.15,2,2,true,762,Number,P,main,study2b_R_7Sw4BvGjGivYx0O.csv,0.113299,
89445,R_7Sw4BvGjGivYx0O,347,463,10,0.140500,0.15,2,2,true,852,Number,Q,main,study2b_R_7Sw4BvGjGivYx0O.csv,0.155883,
89445,R_7Sw4BvGjGivYx0O,348,78,10,-0.105100,0.15,2,2,true,804,Number,Q,main,study2b_R_7Sw4BvGjGivYx0O.csv,-0.090955,
89445,R_7Sw4BvGjGivYx0O,349,285,14,0.034900,0.15,2,2,false,626,Number,P,main,study2b_R_7Sw4BvGjGivYx0O.csv,0.036705,
89445,R_7Sw4BvGjGivYx0O,350,395,10,0.105100,0.15,2,2,true,1247,Number,Q,main,study2b_R_7Sw4BvGjGivYx0O.csv,0.1063,
89445,R_7Sw4BvGjGivYx0O,351,126,22,-0.105100,0.15,2,2,true,1586,Number,P,main,study2b_R_7Sw4BvGjGivYx0O.csv,-0.091532,
89445,R_7Sw4BvGjGivYx0O,352,50,20,-0.140500,0.15,2,2,true,1201,Number,P,main,study2b_R_7Sw4BvGjGivYx0O.csv,-0.135183,
89445,R_7Sw4BvGjGivYx0O,353,234,18,-0.034900,0.15,2,2,true,667,Number,P,main,study2b_R_7Sw4BvGjGivYx0O.csv,-0.033049,
89445,R_7Sw4BvGjGivYx0O,354,211,12,-0.034900,0.15,2,2,true,1135,Number,Q,main,study2b_R_7Sw4BvGjGivYx0O.csv,-0.038664,
89445,R_7Sw4BvGjGivYx0O,355,206,10,-0.034900,0.15,2,2,true,728,Number,Q,main,study2b_R_7Sw4BvGjGivYx0O.csv,-0.032211,
89445,R_7Sw4BvGjGivYx0O,356,238,18,-0.034900,0.15,2,2,true,834,Number,P,main,study2b_R_7Sw4BvGjGivYx0O.csv,-0.031918,
89445,R_7Sw4BvGjGivYx0O,357,504,22,0.140500,0.15,2,2,true,578,Number,P,main,study2b_R_7Sw4BvGjGivYx0O.csv,0.157346,
89445,R_7Sw4BvGjGivYx0O,358,173,18,-0.069900,0.15,2,2,true,676,Number,P,main,study2b_R_7Sw4BvGjGivYx0O.csv,-0.080157,
89445,R_7Sw4BvGjGivYx0O,359,345,14,0.069900,0.15,2,2,false,11,Number,P,main,study2b_R_7Sw4BvGjGivYx0O.csv,0.069768,
89445,R_7Sw4BvGjGivYx0O,360,182,20,-0.069900,0.15,2,2,true,705,Number,P,main,study2b_R_7Sw4BvGjGivYx0O.csv,-0.062026,
89445,R_7Sw4BvGjGivYx0O,361,162,16,-0.069900,0.15,2,2,true,1166,Number,P,main,study2b_R_7Sw4BvGjGivYx0O.csv,-0.053431,
89445,R_7Sw4BvGjGivYx0O,362,21,12,-0.140500,0.15,2,2,false,934,Number,P,main,study2b_R_7Sw4BvGjGivYx0O.csv,-0.155321,
89445,R_7Sw4BvGjGivYx0O,363,54,20,-0.140500,0.15,2,2,true,999,Number,P,main,study2b_R_7Sw4BvGjGivYx0O.csv,-0.124074,
89445,R_7Sw4BvGjGivYx0O,364,31,14,-0.140500,0.15,2,2,false,994,Number,P,main,study2b_R_7Sw4BvGjGivYx0O.csv,-0.132342,
89445,R_7Sw4BvGjGivYx0O,365,448,8,0.140500,0.15,2,2,true,2449,Number,Q,main,study2b_R_7Sw4BvGjGivYx0O.csv,0.153496,
89445,R_7Sw4BvGjGivYx0O,366,493,18,0.140500,0.15,2,2,true,681,Number,P,main,study2b_R_7Sw4BvGjGivYx0O.csv,0.157414,
89445,R_7Sw4BvGjGivYx0O,367,118,20,-0.105100,0.15,2,2,true,1307,Number,P,main,study2b_R_7Sw4BvGjGivYx0O.csv,-0.106899,
89445,R_7Sw4BvGjGivYx0O,368,247,20,-0.034900,0.15,2,2,true,1650,Number,P,main,study2b_R_7Sw4BvGjGivYx0O.csv,-0.038016,
89445,R_7Sw4BvGjGivYx0O,369,329,10,0.069900,0.15,2,2,false,6494,Number,P,main,study2b_R_7Sw4BvGjGivYx0O.csv,0.080858,
89445,R_7Sw4BvGjGivYx0O,370,313,22,0.034900,0.15,2,2,true,1708,Number,P,main,study2b_R_7Sw4BvGjGivYx0O.csv,0.029326,
89445,R_7Sw4BvGjGivYx0O,371,343,12,0.069900,0.15,2,2,true,2381,Number,Q,main,study2b_R_7Sw4BvGjGivYx0O.csv,0.082507,
89445,R_7Sw4BvGjGivYx0O,372,355,16,0.069900,0.15,2,2,true,38,Number,P,main,study2b_R_7Sw4BvGjGivYx0O.csv,0.066617,
89445,R_7Sw4BvGjGivYx0O,373,122,22,-0.105100,0.15,2,2,true,513,Number,P,main,study2b_R_7Sw4BvGjGivYx0O.csv,-0.11722,
89445,R_7Sw4BvGjGivYx0O,374,12,10,-0.140500,0.15,2,2,true,1780,Number,Q,main,study2b_R_7Sw4BvGjGivYx0O.csv,-0.131128,
89445,R_7Sw4BvGjGivYx0O,375,100,16,-0.105100,0.15,2,2,true,758,Number,P,main,study2b_R_7Sw4BvGjGivYx0O.csv,-0.096328,
89445,R_7Sw4BvGjGivYx0O,376,311,20,0.034900,0.15,2,2,true,608,Number,P,main,study2b_R_7Sw4BvGjGivYx0O.csv,0.029011,
89445,R_7Sw4BvGjGivYx0O,377,353,16,0.069900,0.15,2,2,true,2693,Number,P,main,study2b_R_7Sw4BvGjGivYx0O.csv,0.062391,
89445,R_7Sw4BvGjGivYx0O,378,49,20,-0.140500,0.15,2,2,true,2490,Number,P,main,study2b_R_7Sw4BvGjGivYx0O.csv,-0.141086,
89445,R_7Sw4BvGjGivYx0O,379,160,16,-0.069900,0.15,2,2,true,261,Number,P,main,study2b_R_7Sw4BvGjGivYx0O.csv,-0.085083,
89445,R_7Sw4BvGjGivYx0O,380,219,14,-0.034900,0.15,2,2,true,1371,Number,Q,main,study2b_R_7Sw4BvGjGivYx0O.csv,-0.029928,
89445,R_7Sw4BvGjGivYx0O,381,326,8,0.069900,0.15,2,2,true,815,Number,Q,main,study2b_R_7Sw4BvGjGivYx0O.csv,0.084729,
89445,R_7Sw4BvGjGivYx0O,382,286,14,0.034900,0.15,2,2,false,795,Number,P,main,study2b_R_7Sw4BvGjGivYx0O.csv,0.051712,
89445,R_7Sw4BvGjGivYx0O,383,214,12,-0.034900,0.15,2,2,false,1341,Number,P,main,study2b_R_7Sw4BvGjGivYx0O.csv,-0.020203,
89445,R_7Sw4BvGjGivYx0O,384,22,12,-0.140500,0.15,2,2,false,749,Number,P,main,study2b_R_7Sw4BvGjGivYx0O.csv,-0.141476,
89445,R_7Sw4BvGjGivYx0O,385,334,10,0.069900,0.15,2,2,false,2195,Number,P,main,study2b_R_7Sw4BvGjGivYx0O.csv,0.057735,
89445,R_7Sw4BvGjGivYx0O,386,407,12,0.105100,0.15,2,2,false,803,Number,P,main,study2b_R_7Sw4BvGjGivYx0O.csv,0.088606,
89445,R_7Sw4BvGjGivYx0O,387,503,20,0.140500,0.15,2,2,true,615,Number,P,main,study2b_R_7Sw4BvGjGivYx0O.csv,0.157826,
89445,R_7Sw4BvGjGivYx0O,388,235,18,-0.034900,0.15,2,2,true,480,Number,P,main,study2b_R_7Sw4BvGjGivYx0O.csv,-0.023735,
89445,R_7Sw4BvGjGivYx0O,389,261,8,0.034900,0.15,2,2,true,905,Number,Q,main,study2b_R_7Sw4BvGjGivYx0O.csv,0.046387,
89445,R_7Sw4BvGjGivYx0O,390,510,22,0.140500,0.15,2,2,true,605,Number,P,main,study2b_R_7Sw4BvGjGivYx0O.csv,0.1386,
89445,R_7Sw4BvGjGivYx0O,391,458,10,0.140500,0.15,2,2,true,745,Number,Q,main,study2b_R_7Sw4BvGjGivYx0O.csv,0.135141,
89445,R_7Sw4BvGjGivYx0O,392,68,8,-0.105100,0.15,2,2,true,659,Number,Q,main,study2b_R_7Sw4BvGjGivYx0O.csv,-0.096473,
89445,R_7Sw4BvGjGivYx0O,393,74,10,-0.105100,0.15,2,2,false,2263,Number,P,main,study2b_R_7Sw4BvGjGivYx0O.csv,-0.107429,
89445,R_7Sw4BvGjGivYx0O,394,440,22,0.105100,0.15,2,2,true,936,Number,P,main,study2b_R_7Sw4BvGjGivYx0O.csv,0.101072,
89445,R_7Sw4BvGjGivYx0O,395,292,16,0.034900,0.15,2,2,true,1605,Number,P,main,study2b_R_7Sw4BvGjGivYx0O.csv,0.022992,
89445,R_7Sw4BvGjGivYx0O,396,389,8,0.105100,0.15,2,2,true,483,Number,Q,main,study2b_R_7Sw4BvGjGivYx0O.csv,0.111235,
89445,R_7Sw4BvGjGivYx0O,397,11,10,-0.140500,0.15,2,2,true,595,Number,Q,main,study2b_R_7Sw4BvGjGivYx0O.csv,-0.123921,
89445,R_7Sw4BvGjGivYx0O,398,168,18,-0.069900,0.15,2,2,true,753,Number,P,main,study2b_R_7Sw4BvGjGivYx0O.csv,-0.053302,
89445,R_7Sw4BvGjGivYx0O,399,266,10,0.034900,0.15,2,2,true,721,Number,Q,main,study2b_R_7Sw4BvGjGivYx0O.csv,0.044211,
89445,R_7Sw4BvGjGivYx0O,400,240,20,-0.034900,0.15,2,2,true,1361,Number,P,main,study2b_R_7Sw4BvGjGivYx0O.csv,-0.051516,
89445,R_7Sw4BvGjGivYx0O,401,427,18,0.105100,0.15,2,2,true,537,Number,P,main,study2b_R_7Sw4BvGjGivYx0O.csv,0.111581,
89445,R_7Sw4BvGjGivYx0O,402,495,18,0.140500,0.15,2,2,true,513,Number,P,main,study2b_R_7Sw4BvGjGivYx0O.csv,0.158077,
89445,R_7Sw4BvGjGivYx0O,403,163,16,-0.069900,0.15,2,2,true,601,Number,P,main,study2b_R_7Sw4BvGjGivYx0O.csv,-0.076989,
89445,R_7Sw4BvGjGivYx0O,404,479,14,0.140500,0.15,2,2,true,923,Number,Q,main,study2b_R_7Sw4BvGjGivYx0O.csv,0.124864,
89445,R_7Sw4BvGjGivYx0O,405,424,18,0.105100,0.15,2,2,true,707,Number,P,main,study2b_R_7Sw4BvGjGivYx0O.csv,0.113649,
89445,R_7Sw4BvGjGivYx0O,406,110,18,-0.105100,0.15,2,2,true,441,Number,P,main,study2b_R_7Sw4BvGjGivYx0O.csv,-0.096177,
89445,R_7Sw4BvGjGivYx0O,407,372,20,0.069900,0.15,2,2,true,466,Number,P,main,study2b_R_7Sw4BvGjGivYx0O.csv,0.083571,
89445,R_7Sw4BvGjGivYx0O,408,1,8,-0.140500,0.15,2,2,false,365,Number,P,main,study2b_R_7Sw4BvGjGivYx0O.csv,-0.134938,
89445,R_7Sw4BvGjGivYx0O,409,403,12,0.105100,0.15,2,2,true,489,Number,Q,main,study2b_R_7Sw4BvGjGivYx0O.csv,0.101157,
89445,R_7Sw4BvGjGivYx0O,410,75,10,-0.105100,0.15,2,2,true,529,Number,Q,main,study2b_R_7Sw4BvGjGivYx0O.csv,-0.095435,
89445,R_7Sw4BvGjGivYx0O,411,228,16,-0.034900,0.15,2,2,true,783,Number,P,main,study2b_R_7Sw4BvGjGivYx0O.csv,-0.020231,
89445,R_7Sw4BvGjGivYx0O,412,176,20,-0.069900,0.15,2,2,true,578,Number,P,main,study2b_R_7Sw4BvGjGivYx0O.csv,-0.064082,
89445,R_7Sw4BvGjGivYx0O,413,269,10,0.034900,0.15,2,2,true,747,Number,Q,main,study2b_R_7Sw4BvGjGivYx0O.csv,0.041518,
89445,R_7Sw4BvGjGivYx0O,414,429,18,0.105100,0.15,2,2,true,1041,Number,P,main,study2b_R_7Sw4BvGjGivYx0O.csv,0.114174,
89445,R_7Sw4BvGjGivYx0O,415,20,12,-0.140500,0.15,2,2,true,925,Number,Q,main,study2b_R_7Sw4BvGjGivYx0O.csv,-0.123938,
89445,R_7Sw4BvGjGivYx0O,416,315,22,0.034900,0.15,2,2,true,556,Number,P,main,study2b_R_7Sw4BvGjGivYx0O.csv,0.026135,
89445,R_7Sw4BvGjGivYx0O,417,190,22,-0.069900,0.15,2,2,true,511,Number,P,main,study2b_R_7Sw4BvGjGivYx0O.csv,-0.053348,
89445,R_7Sw4BvGjGivYx0O,418,82,12,-0.105100,0.15,2,2,true,621,Number,Q,main,study2b_R_7Sw4BvGjGivYx0O.csv,-0.111112,
89445,R_7Sw4BvGjGivYx0O,419,46,18,-0.140500,0.15,2,2,true,943,Number,P,main,study2b_R_7Sw4BvGjGivYx0O.csv,-0.145761,
89445,R_7Sw4BvGjGivYx0O,420,453,8,0.140500,0.15,2,2,true,564,Number,Q,main,study2b_R_7Sw4BvGjGivYx0O.csv,0.146563,
89445,R_7Sw4BvGjGivYx0O,421,24,14,-0.140500,0.15,2,2,false,1111,Number,P,main,study2b_R_7Sw4BvGjGivYx0O.csv,-0.157904,
89445,R_7Sw4BvGjGivYx0O,422,167,16,-0.069900,0.15,2,2,true,906,Number,P,main,study2b_R_7Sw4BvGjGivYx0O.csv,-0.082674,
89445,R_7Sw4BvGjGivYx0O,423,253,22,-0.034900,0.15,2,2,true,679,Number,P,main,study2b_R_7Sw4BvGjGivYx0O.csv,-0.028418,
89445,R_7Sw4BvGjGivYx0O,424,349,14,0.069900,0.15,2,2,true,878,Number,Q,main,study2b_R_7Sw4BvGjGivYx0O.csv,0.055566,
89445,R_7Sw4BvGjGivYx0O,425,218,14,-0.034900,0.15,2,2,false,1636,Number,P,main,study2b_R_7Sw4BvGjGivYx0O.csv,-0.018209,
89445,R_7Sw4BvGjGivYx0O,426,169,18,-0.069900,0.15,2,2,true,697,Number,P,main,study2b_R_7Sw4BvGjGivYx0O.csv,-0.052969,
89445,R_7Sw4BvGjGivYx0O,427,473,14,0.140500,0.15,2,2,false,2198,Number,P,main,study2b_R_7Sw4BvGjGivYx0O.csv,0.134987,
89445,R_7Sw4BvGjGivYx0O,428,289,16,0.034900,0.15,2,2,true,929,Number,P,main,study2b_R_7Sw4BvGjGivYx0O.csv,0.049475,
89445,R_7Sw4BvGjGivYx0O,429,202,10,-0.034900,0.15,2,2,true,778,Number,Q,main,study2b_R_7Sw4BvGjGivYx0O.csv,-0.03534,
89445,R_7Sw4BvGjGivYx0O,430,221,14,-0.034900,0.15,2,2,false,2214,Number,P,main,study2b_R_7Sw4BvGjGivYx0O.csv,-0.048448,
89445,R_7Sw4BvGjGivYx0O,431,89,14,-0.105100,0.15,2,2,false,1823,Number,P,main,study2b_R_7Sw4BvGjGivYx0O.csv,-0.107808,
89445,R_7Sw4BvGjGivYx0O,432,342,12,0.069900,0.15,2,2,true,1459,Number,Q,main,study2b_R_7Sw4BvGjGivYx0O.csv,0.078747,
89445,R_7Sw4BvGjGivYx0O,433,236,18,-0.034900,0.15,2,2,true,1105,Number,P,main,study2b_R_7Sw4BvGjGivYx0O.csv,-0.021743,
89445,R_7Sw4BvGjGivYx0O,434,252,22,-0.034900,0.15,2,2,true,1557,Number,P,main,study2b_R_7Sw4BvGjGivYx0O.csv,-0.037717,
89445,R_7Sw4BvGjGivYx0O,435,59,22,-0.140500,0.15,2,2,true,741,Number,P,main,study2b_R_7Sw4BvGjGivYx0O.csv,-0.149335,
89445,R_7Sw4BvGjGivYx0O,436,233,18,-0.034900,0.15,2,2,true,637,Number,P,main,study2b_R_7Sw4BvGjGivYx0O.csv,-0.036114,
89445,R_7Sw4BvGjGivYx0O,437,366,18,0.069900,0.15,2,2,true,747,Number,P,main,study2b_R_7Sw4BvGjGivYx0O.csv,0.071952,
89445,R_7Sw4BvGjGivYx0O,438,27,14,-0.140500,0.15,2,2,false,8670,Number,P,main,study2b_R_7Sw4BvGjGivYx0O.csv,-0.136859,
89445,R_7Sw4BvGjGivYx0O,439,175,18,-0.069900,0.15,2,2,true,590,Number,P,main,study2b_R_7Sw4BvGjGivYx0O.csv,-0.060173,
89445,R_7Sw4BvGjGivYx0O,440,164,16,-0.069900,0.15,2,2,true,531,Number,P,main,study2b_R_7Sw4BvGjGivYx0O.csv,-0.068001,
89445,R_7Sw4BvGjGivYx0O,441,317,22,0.034900,0.15,2,2,true,500,Number,P,main,study2b_R_7Sw4BvGjGivYx0O.csv,0.026277,
89445,R_7Sw4BvGjGivYx0O,442,391,8,0.105100,0.15,2,2,true,764,Number,Q,main,study2b_R_7Sw4BvGjGivYx0O.csv,0.108477,
89445,R_7Sw4BvGjGivYx0O,443,352,16,0.069900,0.15,2,2,true,1284,Number,P,main,study2b_R_7Sw4BvGjGivYx0O.csv,0.083921,
89445,R_7Sw4BvGjGivYx0O,444,309,20,0.034900,0.15,2,2,true,789,Number,P,main,study2b_R_7Sw4BvGjGivYx0O.csv,0.049878,
89445,R_7Sw4BvGjGivYx0O,445,346,14,0.069900,0.15,2,2,false,1753,Number,P,main,study2b_R_7Sw4BvGjGivYx0O.csv,0.080491,
89445,R_7Sw4BvGjGivYx0O,446,139,10,-0.069900,0.15,2,2,false,3754,Number,P,main,study2b_R_7Sw4BvGjGivYx0O.csv,-0.087395,
89445,R_7Sw4BvGjGivYx0O,447,459,10,0.140500,0.15,2,2,true,854,Number,Q,main,study2b_R_7Sw4BvGjGivYx0O.csv,0.139648,
89445,R_7Sw4BvGjGivYx0O,448,320,8,0.069900,0.15,2,2,true,595,Number,Q,main,study2b_R_7Sw4BvGjGivYx0O.csv,0.053282,
89445,R_7Sw4BvGjGivYx0O,449,485,16,0.140500,0.15,2,2,true,482,Number,P,main,study2b_R_7Sw4BvGjGivYx0O.csv,0.13861,
89445,R_7Sw4BvGjGivYx0O,450,180,20,-0.069900,0.15,2,2,true,478,Number,P,main,study2b_R_7Sw4BvGjGivYx0O.csv,-0.065366,
89445,R_7Sw4BvGjGivYx0O,451,9,10,-0.140500,0.15,2,2,true,580,Number,Q,main,study2b_R_7Sw4BvGjGivYx0O.csv,-0.128093,
89445,R_7Sw4BvGjGivYx0O,452,316,22,0.034900,0.15,2,2,true,696,Number,P,main,study2b_R_7Sw4BvGjGivYx0O.csv,0.021466,
89445,R_7Sw4BvGjGivYx0O,453,205,10,-0.034900,0.15,2,2,true,559,Number,Q,main,study2b_R_7Sw4BvGjGivYx0O.csv,-0.045319,
89445,R_7Sw4BvGjGivYx0O,454,369,20,0.069900,0.15,2,2,true,512,Number,P,main,study2b_R_7Sw4BvGjGivYx0O.csv,0.086383,
89445,R_7Sw4BvGjGivYx0O,455,79,10,-0.105100,0.15,2,2,true,612,Number,Q,main,study2b_R_7Sw4BvGjGivYx0O.csv,-0.114654,
89445,R_7Sw4BvGjGivYx0O,456,133,8,-0.069900,0.15,2,2,true,601,Number,Q,main,study2b_R_7Sw4BvGjGivYx0O.csv,-0.084891,
89445,R_7Sw4BvGjGivYx0O,457,385,8,0.105100,0.15,2,2,true,490,Number,Q,main,study2b_R_7Sw4BvGjGivYx0O.csv,0.10512,
89445,R_7Sw4BvGjGivYx0O,458,330,10,0.069900,0.15,2,2,true,687,Number,Q,main,study2b_R_7Sw4BvGjGivYx0O.csv,0.062929,
89445,R_7Sw4BvGjGivYx0O,459,306,20,0.034900,0.15,2,2,true,498,Number,P,main,study2b_R_7Sw4BvGjGivYx0O.csv,0.050373,
89445,R_7Sw4BvGjGivYx0O,460,0,8,-0.140500,0.15,2,2,true,472,Number,Q,main,study2b_R_7Sw4BvGjGivYx0O.csv,-0.156272,
89445,R_7Sw4BvGjGivYx0O,461,178,20,-0.069900,0.15,2,2,true,590,Number,P,main,study2b_R_7Sw4BvGjGivYx0O.csv,-0.070853,
89445,R_7Sw4BvGjGivYx0O,462,506,22,0.140500,0.15,2,2,true,660,Number,P,main,study2b_R_7Sw4BvGjGivYx0O.csv,0.15612,
89445,R_7Sw4BvGjGivYx0O,463,442,22,0.105100,0.15,2,2,true,480,Number,P,main,study2b_R_7Sw4BvGjGivYx0O.csv,0.113443,
89445,R_7Sw4BvGjGivYx0O,464,66,8,-0.105100,0.15,2,2,true,534,Number,Q,main,study2b_R_7Sw4BvGjGivYx0O.csv,-0.089989,
89445,R_7Sw4BvGjGivYx0O,465,390,8,0.105100,0.15,2,2,true,632,Number,Q,main,study2b_R_7Sw4BvGjGivYx0O.csv,0.10863,
89445,R_7Sw4BvGjGivYx0O,466,368,20,0.069900,0.15,2,2,true,544,Number,P,main,study2b_R_7Sw4BvGjGivYx0O.csv,0.069952,
89445,R_7Sw4BvGjGivYx0O,467,198,8,-0.034900,0.15,2,2,false,1857,Number,P,main,study2b_R_7Sw4BvGjGivYx0O.csv,-0.021799,
89445,R_7Sw4BvGjGivYx0O,468,465,12,0.140500,0.15,2,2,false,803,Number,P,main,study2b_R_7Sw4BvGjGivYx0O.csv,0.12892,
89445,R_7Sw4BvGjGivYx0O,469,58,22,-0.140500,0.15,2,2,true,842,Number,P,main,study2b_R_7Sw4BvGjGivYx0O.csv,-0.125168,
89445,R_7Sw4BvGjGivYx0O,470,436,20,0.105100,0.15,2,2,true,1901,Number,P,main,study2b_R_7Sw4BvGjGivYx0O.csv,0.092834,
89445,R_7Sw4BvGjGivYx0O,471,310,20,0.034900,0.15,2,2,true,748,Number,P,main,study2b_R_7Sw4BvGjGivYx0O.csv,0.018841,
89445,R_7Sw4BvGjGivYx0O,472,298,18,0.034900,0.15,2,2,true,494,Number,P,main,study2b_R_7Sw4BvGjGivYx0O.csv,0.05146,
89445,R_7Sw4BvGjGivYx0O,473,125,22,-0.105100,0.15,2,2,true,602,Number,P,main,study2b_R_7Sw4BvGjGivYx0O.csv,-0.116516,
89445,R_7Sw4BvGjGivYx0O,474,452,8,0.140500,0.15,2,2,true,657,Number,Q,main,study2b_R_7Sw4BvGjGivYx0O.csv,0.156014,
89445,R_7Sw4BvGjGivYx0O,475,420,16,0.105100,0.15,2,2,true,1048,Number,P,main,study2b_R_7Sw4BvGjGivYx0O.csv,0.10358,
89445,R_7Sw4BvGjGivYx0O,476,67,8,-0.105100,0.15,2,2,true,570,Number,Q,main,study2b_R_7Sw4BvGjGivYx0O.csv,-0.091124,
89445,R_7Sw4BvGjGivYx0O,477,488,18,0.140500,0.15,2,2,true,521,Number,P,main,study2b_R_7Sw4BvGjGivYx0O.csv,0.151084,
89445,R_7Sw4BvGjGivYx0O,478,393,10,0.105100,0.15,2,2,true,1119,Number,Q,main,study2b_R_7Sw4BvGjGivYx0O.csv,0.101325,
89445,R_7Sw4BvGjGivYx0O,479,410,14,0.105100,0.15,2,2,false,849,Number,P,main,study2b_R_7Sw4BvGjGivYx0O.csv,0.096079,
89445,R_7Sw4BvGjGivYx0O,480,434,20,0.105100,0.15,2,2,true,2937,Number,P,main,study2b_R_7Sw4BvGjGivYx0O.csv,0.099259,
89445,R_7Sw4BvGjGivYx0O,481,92,14,-0.105100,0.15,2,2,false,859,Number,P,main,study2b_R_7Sw4BvGjGivYx0O.csv,-0.113475,
89445,R_7Sw4BvGjGivYx0O,482,441,22,0.105100,0.15,2,2,true,582,Number,P,main,study2b_R_7Sw4BvGjGivYx0O.csv,0.094937,
89445,R_7Sw4BvGjGivYx0O,483,388,8,0.105100,0.15,2,2,true,528,Number,Q,main,study2b_R_7Sw4BvGjGivYx0O.csv,0.101427,
89445,R_7Sw4BvGjGivYx0O,484,104,18,-0.105100,0.15,2,2,true,679,Number,P,main,study2b_R_7Sw4BvGjGivYx0O.csv,-0.121881,
89445,R_7Sw4BvGjGivYx0O,485,379,22,0.069900,0.15,2,2,true,776,Number,P,main,study2b_R_7Sw4BvGjGivYx0O.csv,0.066642,
89445,R_7Sw4BvGjGivYx0O,486,287,14,0.034900,0.15,2,2,false,1378,Number,P,main,study2b_R_7Sw4BvGjGivYx0O.csv,0.045406,
89445,R_7Sw4BvGjGivYx0O,487,336,12,0.069900,0.15,2,2,true,1348,Number,Q,main,study2b_R_7Sw4BvGjGivYx0O.csv,0.063042,
89445,R_7Sw4BvGjGivYx0O,488,264,10,0.034900,0.15,2,2,false,611,Number,P,main,study2b_R_7Sw4BvGjGivYx0O.csv,0.036486,
89445,R_7Sw4BvGjGivYx0O,489,406,12,0.105100,0.15,2,2,false,2705,Number,P,main,study2b_R_7Sw4BvGjGivYx0O.csv,0.118297,
89445,R_7Sw4BvGjGivYx0O,490,147,12,-0.069900,0.15,2,2,false,769,Number,P,main,study2b_R_7Sw4BvGjGivYx0O.csv,-0.083994,
89445,R_7Sw4BvGjGivYx0O,491,466,12,0.140500,0.15,2,2,true,825,Number,Q,main,study2b_R_7Sw4BvGjGivYx0O.csv,0.145809,
89445,R_7Sw4BvGjGivYx0O,492,254,22,-0.034900,0.15,2,2,true,668,Number,P,main,study2b_R_7Sw4BvGjGivYx0O.csv,-0.041326,
89445,R_7Sw4BvGjGivYx0O,493,464,12,0.140500,0.15,2,2,true,826,Number,Q,main,study2b_R_7Sw4BvGjGivYx0O.csv,0.146393,
89445,R_7Sw4BvGjGivYx0O,494,192,8,-0.034900,0.15,2,2,true,816,Number,Q,main,study2b_R_7Sw4BvGjGivYx0O.csv,-0.036323,
89445,R_7Sw4BvGjGivYx0O,495,99,16,-0.105100,0.15,2,2,true,732,Number,P,main,study2b_R_7Sw4BvGjGivYx0O.csv,-0.120323,
89445,R_7Sw4BvGjGivYx0O,496,272,12,0.034900,0.15,2,2,false,555,Number,P,main,study2b_R_7Sw4BvGjGivYx0O.csv,0.038201,
89445,R_7Sw4BvGjGivYx0O,497,123,22,-0.105100,0.15,2,2,true,797,Number,P,main,study2b_R_7Sw4BvGjGivYx0O.csv,-0.112093,
89445,R_7Sw4BvGjGivYx0O,498,357,16,0.069900,0.15,2,2,true,1109,Number,P,main,study2b_R_7Sw4BvGjGivYx0O.csv,0.067732,
89445,R_7Sw4BvGjGivYx0O,499,230,16,-0.034900,0.15,2,2,true,663,Number,P,main,study2b_R_7Sw4BvGjGivYx0O.csv,-0.030432,
89445,R_7Sw4BvGjGivYx0O,500,56,22,-0.140500,0.15,2,2,true,640,Number,P,main,study2b_R_7Sw4BvGjGivYx0O.csv,-0.155308,
89445,R_7Sw4BvGjGivYx0O,501,143,10,-0.069900,0.15,2,2,true,995,Number,Q,main,study2b_R_7Sw4BvGjGivYx0O.csv,-0.078471,
89445,R_7Sw4BvGjGivYx0O,502,378,22,0.069900,0.15,2,2,true,711,Number,P,main,study2b_R_7Sw4BvGjGivYx0O.csv,0.058084,
89445,R_7Sw4BvGjGivYx0O,503,447,22,0.105100,0.15,2,2,true,1047,Number,P,main,study2b_R_7Sw4BvGjGivYx0O.csv,0.121638,
89445,R_7Sw4BvGjGivYx0O,504,454,8,0.140500,0.15,2,2,true,1374,Number,Q,main,study2b_R_7Sw4BvGjGivYx0O.csv,0.144956,
89445,R_7Sw4BvGjGivYx0O,505,174,18,-0.069900,0.15,2,2,true,899,Number,P,main,study2b_R_7Sw4BvGjGivYx0O.csv,-0.058905,
89445,R_7Sw4BvGjGivYx0O,506,239,18,-0.034900,0.15,2,2,true,589,Number,P,main,study2b_R_7Sw4BvGjGivYx0O.csv,-0.040088,
89445,R_7Sw4BvGjGivYx0O,507,109,18,-0.105100,0.15,2,2,true,468,Number,P,main,study2b_R_7Sw4BvGjGivYx0O.csv,-0.116645,
89445,R_7Sw4BvGjGivYx0O,508,414,14,0.105100,0.15,2,2,false,682,Number,P,main,study2b_R_7Sw4BvGjGivYx0O.csv,0.088229,
89445,R_7Sw4BvGjGivYx0O,509,187,22,-0.069900,0.15,2,2,true,525,Number,P,main,study2b_R_7Sw4BvGjGivYx0O.csv,-0.060968,
89445,R_7Sw4BvGjGivYx0O,510,279,12,0.034900,0.15,2,2,true,1249,Number,Q,main,study2b_R_7Sw4BvGjGivYx0O.csv,0.04356,
89445,R_7Sw4BvGjGivYx0O,511,121,22,-0.105100,0.15,2,2,true,1143,Number,P,main,study2b_R_7Sw4BvGjGivYx0O.csv,-0.122763,
89445,R_7Sw4BvGjGivYx0O,512,456,10,0.140500,0.15,2,2,true,1763,Number,Q,main,study2b_R_7Sw4BvGjGivYx0O.csv,0.133913,
89445,R_7Sw4BvGjGivYx0O,513,208,12,-0.034900,0.15,2,2,false,1595,Number,P,main,study2b_R_7Sw4BvGjGivYx0O.csv,-0.040592,
89445,R_7Sw4BvGjGivYx0O,514,243,20,-0.034900,0.15,2,2,true,654,Number,P,main,study2b_R_7Sw4BvGjGivYx0O.csv,-0.035596,
89445,R_7Sw4BvGjGivYx0O,515,477,14,0.140500,0.15,2,2,false,825,Number,P,main,study2b_R_7Sw4BvGjGivYx0O.csv,0.126777,
89445,R_7Sw4BvGjGivYx0O,516,248,22,-0.034900,0.15,2,2,true,2102,Number,P,main,study2b_R_7Sw4BvGjGivYx0O.csv,-0.048093,
89445,R_7Sw4BvGjGivYx0O,517,19,12,-0.140500,0.15,2,2,false,2189,Number,P,main,study2b_R_7Sw4BvGjGivYx0O.csv,-0.148604,
89445,R_7Sw4BvGjGivYx0O,518,457,10,0.140500,0.15,2,2,true,1754,Number,Q,main,study2b_R_7Sw4BvGjGivYx0O.csv,0.145083,
89445,R_7Sw4BvGjGivYx0O,519,16,12,-0.140500,0.15,2,2,true,885,Number,Q,main,study2b_R_7Sw4BvGjGivYx0O.csv,-0.152643,
89445,R_7Sw4BvGjGivYx0O,520,401,12,0.105100,0.15,2,2,true,643,Number,Q,main,study2b_R_7Sw4BvGjGivYx0O.csv,0.116832,
89445,R_7Sw4BvGjGivYx0O,521,113,20,-0.105100,0.15,2,2,true,709,Number,P,main,study2b_R_7Sw4BvGjGivYx0O.csv,-0.096331,
89445,R_7Sw4BvGjGivYx0O,522,476,14,0.140500,0.15,2,2,false,567,Number,P,main,study2b_R_7Sw4BvGjGivYx0O.csv,0.128519,
