index,filename,path,slope,observed_slope,residual_variance,n,sigma,version,trend_category,size_category,dot_size_px,out_of_bounds_retries,sign_mismatch_retries,range_reject_retries,x_values,y_values
0,stim_0000.png,stim_0000.png,-0.1405,-0.156272,0.028732,8,0.15,0,Trend_Down,Small,11,0,2,16,"0.000000,0.142857,0.285714,0.428571,0.571429,0.714286,0.857143,1.000000","0.713561,0.595717,0.584350,0.406831,0.261932,0.194894,0.643744,0.598971"
1,stim_0001.png,stim_0001.png,-0.1405,-0.134938,0.012887,8,0.15,1,Trend_Down,Small,11,0,2,11,"0.000000,0.142857,0.285714,0.428571,0.571429,0.714286,0.857143,1.000000","0.646883,0.311356,0.589847,0.515399,0.609784,0.577123,0.418877,0.330731"
2,stim_0002.png,stim_0002.png,-0.1405,-0.130492,0.019443,8,0.15,2,Trend_Down,Small,11,0,5,20,"0.000000,0.142857,0.285714,0.428571,0.571429,0.714286,0.857143,1.000000","0.467165,0.396152,0.628552,0.822377,0.502668,0.373966,0.447681,0.361438"
3,stim_0003.png,stim_0003.png,-0.1405,-0.156545,0.015511,8,0.15,3,Trend_Down,Small,11,0,0,5,"0.000000,0.142857,0.285714,0.428571,0.571429,0.714286,0.857143,1.000000","0.668499,0.631295,0.290136,0.625303,0.368242,0.413825,0.587742,0.414959"
4,stim_0004.png,stim_0004.png,-0.1405,-0.138125,0.014443,8,0.15,4,Trend_Down,Small,11,0,4,20,"0.000000,0.142857,0.285714,0.428571,0.571429,0.714286,0.857143,1.000000","0.464245,0.809034,0.456291,0.403584,0.530025,0.357213,0.524541,0.455067"
5,stim_0005.png,stim_0005.png,-0.1405,-0.152536,0.014581,8,0.15,5,Trend_Down,Small,11,0,7,6,"0.000000,0.142857,0.285714,0.428571,0.571429,0.714286,0.857143,1.000000","0.545146,0.566814,0.719495,0.440444,0.345931,0.332022,0.637225,0.412923"
6,stim_0006.png,stim_0006.png,-0.1405,-0.144873,0.014801,8,0.15,6,Trend_Down,Small,11,0,3,7,"0.000000,0.142857,0.285714,0.428571,0.571429,0.714286,0.857143,1.000000","0.604774,0.606077,0.308925,0.650236,0.550806,0.313073,0.575227,0.390882"
7,stim_0007.png,stim_0007.png,-0.1405,-0.133968,0.010105,8,0.15,7,Trend_Down,Small,11,0,2,8,"0.000000,0.142857,0.285714,0.428571,0.571429,0.714286,0.857143,1.000000","0.750657,0.394980,0.553324,0.376944,0.495701,0.450042,0.517753,0.460600"
8,stim_0008.png,stim_0008.png,-0.1405,-0.158043,0.02358,10,0.15,0,Trend_Down,Small,11,0,1,3,"0.000000,0.111111,0.222222,0.333333,0.444444,0.555556,0.666667,0.777778,0.888889,1.000000","0.483078,0.573883,0.799479,0.515544,0.320018,0.279409,0.641040,0.662933,0.353630,0.370985"
9,stim_0009.png,stim_0009.png,-0.1405,-0.128093,0.01193,10,0.15,1,Trend_Down,Small,11,0,2,11,"0.000000,0.111111,0.222222,0.333333,0.444444,0.555556,0.666667,0.777778,0.888889,1.000000","0.641358,0.435074,0.595962,0.471615,0.429585,0.407577,0.719192,0.565982,0.352178,0.381477"
10,stim_0010.png,stim_0010.png,-0.1405,-0.154413,0.011116,10,0.15,2,Trend_Down,Small,11,0,3,6,"0.000000,0.111111,0.222222,0.333333,0.444444,0.555556,0.666667,0.777778,0.888889,1.000000","0.509138,0.412153,0.648010,0.630838,0.641012,0.541904,0.288557,0.501162,0.474214,0.353011"
11,stim_0011.png,stim_0011.png,-0.1405,-0.123921,0.032417,10,0.15,3,Trend_Down,Small,11,0,1,20,"0.000000,0.111111,0.222222,0.333333,0.444444,0.555556,0.666667,0.777778,0.888889,1.000000","0.533404,0.518767,0.459596,0.331113,0.893202,0.457475,0.440763,0.759516,0.344082,0.262080"
12,stim_0012.png,stim_0012.png,-0.1405,-0.131128,0.013254,10,0.15,4,Trend_Down,Small,11,0,9,33,"0.000000,0.111111,0.222222,0.333333,0.444444,0.555556,0.666667,0.777778,0.888889,1.000000","0.542010,0.618011,0.616795,0.595336,0.277645,0.389823,0.407269,0.623792,0.573348,0.355972"
13,stim_0013.png,stim_0013.png,-0.1405,-0.145628,0.031951,10,0.15,5,Trend_Down,Small,11,0,5,18,"0.000000,0.111111,0.222222,0.333333,0.444444,0.555556,0.666667,0.777778,0.888889,1.000000","0.563150,0.603280,0.405171,0.582814,0.581512,0.683412,0.212475,0.262556,0.803506,0.302124"
14,stim_0014.png,stim_0014.png,-0.1405,-0.148897,0.010321,10,0.15,6,Trend_Down,Small,11,0,5,10,"0.000000,0.111111,0.222222,0.333333,0.444444,0.555556,0.666667,0.777778,0.888889,1.000000","0.568914,0.659056,0.309795,0.602530,0.498467,0.638551,0.399937,0.481280,0.479563,0.361908"
15,stim_0015.png,stim_0015.png,-0.1405,-0.145857,0.013193,10,0.15,7,Trend_Down,Small,11,0,0,0,"0.000000,0.111111,0.222222,0.333333,0.444444,0.555556,0.666667,0.777778,0.888889,1.000000","0.402169,0.812787,0.499316,0.557952,0.552735,0.367911,0.400212,0.444248,0.547833,0.414838"
16,stim_0016.png,stim_0016.png,-0.1405,-0.152643,0.014137,12,0.15,0,Trend_Down,Small,11,0,3,1,"0.000000,0.090909,0.181818,0.272727,0.363636,0.454545,0.545455,0.636364,0.727273,0.818182,0.909091,1.000000","0.462621,0.655296,0.629113,0.533652,0.592302,0.459562,0.296566,0.450190,0.573808,0.415567,0.671700,0.259623"
17,stim_0017.png,stim_0017.png,-0.1405,-0.150518,0.019306,12,0.15,1,Trend_Down,Small,11,0,0,0,"0.000000,0.090909,0.181818,0.272727,0.363636,0.454545,0.545455,0.636364,0.727273,0.818182,0.909091,1.000000","0.593729,0.398347,0.649622,0.691968,0.516137,0.351003,0.736141,0.308887,0.276164,0.588481,0.419216,0.470304"
18,stim_0018.png,stim_0018.png,-0.1405,-0.14941,0.013476,12,0.15,2,Trend_Down,Small,11,0,1,5,"0.000000,0.090909,0.181818,0.272727,0.363636,0.454545,0.545455,0.636364,0.727273,0.818182,0.909091,1.000000","0.748625,0.547131,0.442642,0.491440,0.537138,0.435681,0.492161,0.463720,0.591519,0.185315,0.485915,0.578713"
19,stim_0019.png,stim_0019.png,-0.1405,-0.148604,0.015832,12,0.15,3,Trend_Down,Small,11,0,3,6,"0.000000,0.090909,0.181818,0.272727,0.363636,0.454545,0.545455,0.636364,0.727273,0.818182,0.909091,1.000000","0.432341,0.433028,0.667464,0.719433,0.480991,0.770334,0.365058,0.423491,0.457973,0.432046,0.336984,0.480857"
20,stim_0020.png,stim_0020.png,-0.1405,-0.123938,0.020453,12,0.15,4,Trend_Down,Small,11,0,3,12,"0.000000,0.090909,0.181818,0.272727,0.363636,0.454545,0.545455,0.636364,0.727273,0.818182,0.909091,1.000000","0.745325,0.539864,0.423188,0.499466,0.417506,0.355485,0.595444,0.465823,0.566627,0.430732,0.752240,0.208298"
21,stim_0021.png,stim_0021.png,-0.1405,-0.155321,0.020548,12,0.15,5,Trend_Down,Small,11,0,4,22,"0.000000,0.090909,0.181818,0.272727,0.363636,0.454545,0.545455,0.636364,0.727273,0.818182,0.909091,1.000000","0.610825,0.363449,0.612843,0.624575,0.690363,0.594090,0.527964,0.232672,0.422040,0.254079,0.411564,0.655536"
22,stim_0022.png,stim_0022.png,-0.1405,-0.141476,0.014394,12,0.15,6,Trend_Down,Small,11,0,1,4,"0.000000,0.090909,0.181818,0.272727,0.363636,0.454545,0.545455,0.636364,0.727273,0.818182,0.909091,1.000000","0.524445,0.486248,0.757051,0.491258,0.419526,0.382216,0.590000,0.686600,0.421854,0.350660,0.571039,0.319104"
23,stim_0023.png,stim_0023.png,-0.1405,-0.13232,0.024142,12,0.15,7,Trend_Down,Small,11,0,0,1,"0.000000,0.090909,0.181818,0.272727,0.363636,0.454545,0.545455,0.636364,0.727273,0.818182,0.909091,1.000000","0.517608,0.781394,0.287870,0.609323,0.549491,0.735552,0.297289,0.318246,0.385332,0.465688,0.640575,0.411633"
24,stim_0024.png,stim_0024.png,-0.1405,-0.157904,0.024368,14,0.15,0,Trend_Down,Small,11,0,0,4,"0.000000,0.076923,0.153846,0.230769,0.307692,0.384615,0.461538,0.538462,0.615385,0.692308,0.769231,0.846154,0.923077,1.000000","0.707278,0.438745,0.665894,0.642263,0.513668,0.470145,0.668823,0.114840,0.346415,0.328383,0.477475,0.577377,0.668549,0.380146"
25,stim_0025.png,stim_0025.png,-0.1405,-0.133981,0.017445,14,0.15,1,Trend_Down,Small,11,0,2,8,"0.000000,0.076923,0.153846,0.230769,0.307692,0.384615,0.461538,0.538462,0.615385,0.692308,0.769231,0.846154,0.923077,1.000000","0.410964,0.638588,0.492876,0.668306,0.615935,0.441243,0.487818,0.378744,0.715990,0.645543,0.259887,0.265199,0.501644,0.477261"
26,stim_0026.png,stim_0026.png,-0.1405,-0.144531,0.01206,14,0.15,2,Trend_Down,Small,11,0,14,54,"0.000000,0.076923,0.153846,0.230769,0.307692,0.384615,0.461538,0.538462,0.615385,0.692308,0.769231,0.846154,0.923077,1.000000","0.751042,0.577277,0.653269,0.480660,0.291118,0.454029,0.397850,0.549101,0.395397,0.623001,0.362127,0.485122,0.488384,0.491622"
27,stim_0027.png,stim_0027.png,-0.1405,-0.136859,0.021384,14,0.15,3,Trend_Down,Small,11,0,5,35,"0.000000,0.076923,0.153846,0.230769,0.307692,0.384615,0.461538,0.538462,0.615385,0.692308,0.769231,0.846154,0.923077,1.000000","0.786816,0.418879,0.372965,0.612986,0.639279,0.591383,0.366607,0.307554,0.560375,0.456513,0.317701,0.647876,0.634467,0.286599"
28,stim_0028.png,stim_0028.png,-0.1405,-0.148394,0.014484,14,0.15,4,Trend_Down,Small,11,0,0,1,"0.000000,0.076923,0.153846,0.230769,0.307692,0.384615,0.461538,0.538462,0.615385,0.692308,0.769231,0.846154,0.923077,1.000000","0.508384,0.720860,0.237050,0.682069,0.517475,0.551427,0.516387,0.677917,0.400528,0.552120,0.394118,0.428755,0.407456,0.405454"
29,stim_0029.png,stim_0029.png,-0.1405,-0.156422,0.016182,14,0.15,5,Trend_Down,Small,11,0,1,14,"0.000000,0.076923,0.153846,0.230769,0.307692,0.384615,0.461538,0.538462,0.615385,0.692308,0.769231,0.846154,0.923077,1.000000","0.492509,0.449957,0.571106,0.610197,0.510987,0.698322,0.461932,0.766826,0.316001,0.538141,0.477941,0.290886,0.283054,0.532142"
30,stim_0030.png,stim_0030.png,-0.1405,-0.148743,0.01815,14,0.15,6,Trend_Down,Small,11,0,2,9,"0.000000,0.076923,0.153846,0.230769,0.307692,0.384615,0.461538,0.538462,0.615385,0.692308,0.769231,0.846154,0.923077,1.000000","0.850719,0.607639,0.384340,0.500028,0.393744,0.585043,0.455299,0.513693,0.384542,0.463873,0.213278,0.489926,0.632786,0.525089"
31,stim_0031.png,stim_0031.png,-0.1405,-0.132342,0.010462,14,0.15,7,Trend_Down,Small,11,0,1,17,"0.000000,0.076923,0.153846,0.230769,0.307692,0.384615,0.461538,0.538462,0.615385,0.692308,0.769231,0.846154,0.923077,1.000000","0.596202,0.628207,0.537633,0.627324,0.511813,0.334508,0.413445,0.413993,0.527326,0.599140,0.520825,0.247973,0.587601,0.454009"
32,stim_0032.png,stim_0032.png,-0.1405,-0.152727,0.028275,16,0.15,0,Trend_Down,Big,11,0,0,4,"0.000000,0.066667,0.133333,0.200000,0.266667,0.333333,0.400000,0.466667,0.533333,0.600000,0.666667,0.733333,0.800000,0.866667,0.933333,1.000000","0.777339,0.663999,0.244150,0.560575,0.644149,0.621584,0.257355,0.372889,0.331012,0.780894,0.546978,0.552619,0.325830,0.259613,0.559583,0.501431"
33,stim_0033.png,stim_0033.png,-0.1405,-0.126053,0.029431,16,0.15,1,Trend_Down,Big,11,0,1,15,"0.000000,0.066667,0.133333,0.200000,0.266667,0.333333,0.400000,0.466667,0.533333,0.600000,0.666667,0.733333,0.800000,0.866667,0.933333,1.000000","0.721568,0.329023,1.002298,0.405986,0.366273,0.305985,0.381827,0.462799,0.632455,0.517801,0.604471,0.466119,0.520802,0.364085,0.586552,0.331954"
34,stim_0034.png,stim_0034.png,-0.1405,-0.136721,0.012952,16,0.15,2,Trend_Down,Big,11,0,1,7,"0.000000,0.066667,0.133333,0.200000,0.266667,0.333333,0.400000,0.466667,0.533333,0.600000,0.666667,0.733333,0.800000,0.866667,0.933333,1.000000","0.503929,0.596970,0.634193,0.381759,0.538642,0.552653,0.489392,0.486045,0.563792,0.637097,0.245113,0.571060,0.622060,0.508712,0.449870,0.218713"
35,stim_0035.png,stim_0035.png,-0.1405,-0.149433,0.03016,16,0.15,3,Trend_Down,Big,11,0,1,25,"0.000000,0.066667,0.133333,0.200000,0.266667,0.333333,0.400000,0.466667,0.533333,0.600000,0.666667,0.733333,0.800000,0.866667,0.933333,1.000000","0.944557,0.575429,0.680560,0.201187,0.304481,0.416955,0.569557,0.725758,0.364138,0.362857,0.487774,0.435225,0.448441,0.382644,0.433864,0.666574"
36,stim_0036.png,stim_0036.png,-0.1405,-0.148764,0.023197,16,0.15,4,Trend_Down,Big,11,0,0,1,"0.000000,0.066667,0.133333,0.200000,0.266667,0.333333,0.400000,0.466667,0.533333,0.600000,0.666667,0.733333,0.800000,0.866667,0.933333,1.000000","0.593823,0.415265,0.751589,0.676590,0.325148,0.599647,0.695971,0.228130,0.681654,0.248278,0.462818,0.392596,0.529372,0.516900,0.331678,0.550542"
37,stim_0037.png,stim_0037.png,-0.1405,-0.131359,0.016636,16,0.15,5,Trend_Down,Big,11,0,1,2,"0.000000,0.066667,0.133333,0.200000,0.266667,0.333333,0.400000,0.466667,0.533333,0.600000,0.666667,0.733333,0.800000,0.866667,0.933333,1.000000","0.513689,0.314121,0.718174,0.468248,0.496454,0.452693,0.702482,0.625896,0.452901,0.567440,0.611416,0.516981,0.553825,0.508015,0.224301,0.273363"
38,stim_0038.png,stim_0038.png,-0.1405,-0.143449,0.015244,16,0.15,6,Trend_Down,Big,11,0,1,2,"0.000000,0.066667,0.133333,0.200000,0.266667,0.333333,0.400000,0.466667,0.533333,0.600000,0.666667,0.733333,0.800000,0.866667,0.933333,1.000000","0.643593,0.455793,0.370301,0.639462,0.590614,0.494434,0.560759,0.708184,0.596704,0.225956,0.507313,0.451887,0.587099,0.297210,0.343166,0.527525"
39,stim_0039.png,stim_0039.png,-0.1405,-0.132254,0.01929,16,0.15,7,Trend_Down,Big,11,0,0,0,"0.000000,0.066667,0.133333,0.200000,0.266667,0.333333,0.400000,0.466667,0.533333,0.600000,0.666667,0.733333,0.800000,0.866667,0.933333,1.000000","0.447305,0.835630,0.639180,0.570891,0.379637,0.460701,0.394520,0.768022,0.338223,0.320417,0.499845,0.358647,0.459647,0.418740,0.511175,0.597421"
40,stim_0040.png,stim_0040.png,-0.1405,-0.127552,0.025948,18,0.15,0,Trend_Down,Big,11,0,1,6,"0.000000,0.058824,0.117647,0.176471,0.235294,0.294118,0.352941,0.411765,0.470588,0.529412,0.588235,0.647059,0.705882,0.764706,0.823529,0.882353,0.941176,1.000000","0.866720,0.638734,0.517198,0.649403,0.448206,0.297598,0.338022,0.581622,0.209335,0.435855,0.360943,0.477677,0.605041,0.560495,0.553064,0.493120,0.723180,0.243787"
41,stim_0041.png,stim_0041.png,-0.1405,-0.145392,0.02675,18,0.15,1,Trend_Down,Big,11,0,0,3,"0.000000,0.058824,0.117647,0.176471,0.235294,0.294118,0.352941,0.411765,0.470588,0.529412,0.588235,0.647059,0.705882,0.764706,0.823529,0.882353,0.941176,1.000000","0.764511,0.401966,0.582640,0.682072,0.352499,0.526472,0.785028,0.403418,0.363987,0.600610,0.639695,0.340174,0.186798,0.339469,0.258854,0.559488,0.570215,0.642104"
42,stim_0042.png,stim_0042.png,-0.1405,-0.155547,0.011752,18,0.15,2,Trend_Down,Big,11,0,1,3,"0.000000,0.058824,0.117647,0.176471,0.235294,0.294118,0.352941,0.411765,0.470588,0.529412,0.588235,0.647059,0.705882,0.764706,0.823529,0.882353,0.941176,1.000000","0.593540,0.598377,0.628455,0.492441,0.742691,0.490927,0.465287,0.281664,0.533813,0.602084,0.407677,0.305099,0.477388,0.468809,0.446682,0.619203,0.321022,0.524840"
43,stim_0043.png,stim_0043.png,-0.1405,-0.128571,0.01332,18,0.15,3,Trend_Down,Big,11,0,2,4,"0.000000,0.058824,0.117647,0.176471,0.235294,0.294118,0.352941,0.411765,0.470588,0.529412,0.588235,0.647059,0.705882,0.764706,0.823529,0.882353,0.941176,1.000000","0.483394,0.477058,0.459108,0.585693,0.484864,0.632449,0.518011,0.531808,0.617871,0.439052,0.535007,0.521299,0.767770,0.619040,0.425023,0.224651,0.332996,0.344904"
44,stim_0044.png,stim_0044.png,-0.1405,-0.156396,0.027478,18,0.15,4,Trend_Down,Big,11,0,0,1,"0.000000,0.058824,0.117647,0.176471,0.235294,0.294118,0.352941,0.411765,0.470588,0.529412,0.588235,0.647059,0.705882,0.764706,0.823529,0.882353,0.941176,1.000000","0.618242,0.864093,0.587674,0.277248,0.398689,0.428819,0.566158,0.361552,0.843318,0.352622,0.704836,0.475986,0.222403,0.474882,0.440148,0.335547,0.549384,0.498401"
45,stim_0045.png,stim_0045.png,-0.1405,-0.142674,0.020659,18,0.15,5,Trend_Down,Big,11,0,1,14,"0.000000,0.058824,0.117647,0.176471,0.235294,0.294118,0.352941,0.411765,0.470588,0.529412,0.588235,0.647059,0.705882,0.764706,0.823529,0.882353,0.941176,1.000000","0.495189,0.565900,0.322236,0.656372,0.587210,0.512249,0.716532,0.623806,0.624514,0.343237,0.606116,0.215807,0.321740,0.644492,0.558219,0.420620,0.563481,0.222280"
46,stim_0046.png,stim_0046.png,-0.1405,-0.145761,0.01804,18,0.15,6,Trend_Down,Big,11,0,4,31,"0.000000,0.058824,0.117647,0.176471,0.235294,0.294118,0.352941,0.411765,0.470588,0.529412,0.588235,0.647059,0.705882,0.764706,0.823529,0.882353,0.941176,1.000000","0.743446,0.434480,0.717796,0.626554,0.544103,0.404721,0.303344,0.461677,0.389452,0.530502,0.327527,0.588057,0.455858,0.729914,0.503138,0.562966,0.237276,0.439188"
47,stim_0047.png,stim_0047.png,-0.1405,-0.155737,0.021501,18,0.15,7,Trend_Down,Big,11,0,1,12,"0.000000,0.058824,0.117647,0.176471,0.235294,0.294118,0.352941,0.411765,0.470588,0.529412,0.588235,0.647059,0.705882,0.764706,0.823529,0.882353,0.941176,1.000000","0.639679,0.785867,0.340685,0.606436,0.409713,0.396692,0.758252,0.292734,0.495842,0.714485,0.567273,0.375975,0.390185,0.481315,0.273515,0.399877,0.633324,0.438149"
48,stim_0048.png,stim_0048.png,-0.1405,-0.144017,0.026516,20,0.15,0,Trend_Down,Big,11,0,1,13,"0.000000,0.052632,0.105263,0.157895,0.210526,0.263158,0.315789,0.368421,0.421053,0.473684,0.526316,0.578947,0.631579,0.684211,0.736842,0.789474,0.842105,0.894737,0.947368,1.000000","0.560602,0.382399,0.536309,0.744247,0.404513,0.488671,0.774393,0.633925,0.725233,0.170274,0.345589,0.526403,0.599079,0.458724,0.579608,0.278710,0.401128,0.738353,0.256770,0.395071"
49,stim_0049.png,stim_0049.png,-0.1405,-0.141086,0.030466,20,0.15,1,Trend_Down,Big,11,0,1,12,"0.000000,0.052632,0.105263,0.157895,0.210526,0.263158,0.315789,0.368421,0.421053,0.473684,0.526316,0.578947,0.631579,0.684211,0.736842,0.789474,0.842105,0.894737,0.947368,1.000000","0.747270,0.533759,0.622769,0.297237,0.420059,0.690271,0.179669,0.590863,0.390867,0.731791,0.450356,0.609328,0.381304,0.757964,0.462260,0.473180,0.721612,0.501458,0.264664,0.173319"
50,stim_0050.png,stim_0050.png,-0.1405,-0.135183,0.022342,20,0.15,2,Trend_Down,Big,11,0,1,7,"0.000000,0.052632,0.105263,0.157895,0.210526,0.263158,0.315789,0.368421,0.421053,0.473684,0.526316,0.578947,0.631579,0.684211,0.736842,0.789474,0.842105,0.894737,0.947368,1.000000","0.373941,0.608109,0.786739,0.319069,0.652097,0.463576,0.809723,0.307718,0.501688,0.648578,0.478090,0.607181,0.498727,0.466451,0.320841,0.332298,0.334903,0.495264,0.327315,0.667690"
51,stim_0051.png,stim_0051.png,-0.1405,-0.15348,0.018523,20,0.15,3,Trend_Down,Big,11,0,0,2,"0.000000,0.052632,0.105263,0.157895,0.210526,0.263158,0.315789,0.368421,0.421053,0.473684,0.526316,0.578947,0.631579,0.684211,0.736842,0.789474,0.842105,0.894737,0.947368,1.000000","0.565095,0.505828,0.585673,0.324061,0.484703,0.640993,0.724356,0.261002,0.619971,0.725935,0.534287,0.652493,0.489621,0.455440,0.384583,0.378598,0.589895,0.285063,0.550894,0.241507"
52,stim_0052.png,stim_0052.png,-0.1405,-0.132669,0.024119,20,0.15,4,Trend_Down,Big,11,0,1,4,"0.000000,0.052632,0.105263,0.157895,0.210526,0.263158,0.315789,0.368421,0.421053,0.473684,0.526316,0.578947,0.631579,0.684211,0.736842,0.789474,0.842105,0.894737,0.947368,1.000000","0.529793,0.222169,0.697151,0.747426,0.457483,0.697704,0.672040,0.315145,0.422594,0.435942,0.454762,0.436908,0.663225,0.803535,0.471939,0.332158,0.512446,0.470729,0.392551,0.264300"
53,stim_0053.png,stim_0053.png,-0.1405,-0.131965,0.025782,20,0.15,5,Trend_Down,Big,11,0,2,9,"0.000000,0.052632,0.105263,0.157895,0.210526,0.263158,0.315789,0.368421,0.421053,0.473684,0.526316,0.578947,0.631579,0.684211,0.736842,0.789474,0.842105,0.894737,0.947368,1.000000","0.530311,0.770475,0.557366,0.593290,0.670312,0.205056,0.406209,0.638178,0.459340,0.396789,0.251904,0.672713,0.630202,0.643801,0.438602,0.469700,0.229395,0.236026,0.666394,0.533937"
54,stim_0054.png,stim_0054.png,-0.1405,-0.124074,0.030545,20,0.15,6,Trend_Down,Big,11,0,0,1,"0.000000,0.052632,0.105263,0.157895,0.210526,0.263158,0.315789,0.368421,0.421053,0.473684,0.526316,0.578947,0.631579,0.684211,0.736842,0.789474,0.842105,0.894737,0.947368,1.000000","0.669025,0.390142,0.286274,0.519605,0.693215,0.368591,0.335024,0.615985,0.700268,0.491210,0.613259,0.615737,0.760207,0.701817,0.376473,0.602788,0.252962,0.544448,0.388662,0.074309"
55,stim_0055.png,stim_0055.png,-0.1405,-0.157628,0.028136,20,0.15,7,Trend_Down,Big,11,0,0,10,"0.000000,0.052632,0.105263,0.157895,0.210526,0.263158,0.315789,0.368421,0.421053,0.473684,0.526316,0.578947,0.631579,0.684211,0.736842,0.789474,0.842105,0.894737,0.947368,1.000000","0.453974,0.649504,0.605063,0.776486,0.432865,0.380010,0.507012,0.559068,0.943213,0.450412,0.463665,0.337399,0.182014,0.265535,0.432325,0.532346,0.627068,0.650211,0.285880,0.465950"
56,stim_0056.png,stim_0056.png,-0.1405,-0.155308,0.017244,22,0.15,0,Trend_Down,Big,11,0,0,4,"0.000000,0.047619,0.095238,0.142857,0.190476,0.238095,0.285714,0.333333,0.380952,0.428571,0.476190,0.523810,0.571429,0.619048,0.666667,0.714286,0.761905,0.809524,0.857143,0.904762,0.952381,1.000000","0.672547,0.560543,0.529553,0.521738,0.411704,0.493952,0.646413,0.478273,0.751192,0.454226,0.719320,0.441239,0.378847,0.391239,0.508399,0.537581,0.174887,0.350293,0.514783,0.286787,0.709007,0.467477"
57,stim_0057.png,stim_0057.png,-0.1405,-0.1439,0.018981,22,0.15,1,Trend_Down,Big,11,0,1,0,"0.000000,0.047619,0.095238,0.142857,0.190476,0.238095,0.285714,0.333333,0.380952,0.428571,0.476190,0.523810,0.571429,0.619048,0.666667,0.714286,0.761905,0.809524,0.857143,0.904762,0.952381,1.000000","0.534955,0.671753,0.521172,0.510103,0.318434,0.442226,0.702242,0.460097,0.537085,0.591427,0.547836,0.777575,0.620200,0.462426,0.653237,0.265815,0.215289,0.327523,0.357242,0.606335,0.349667,0.527360"
58,stim_0058.png,stim_0058.png,-0.1405,-0.125168,0.030508,22,0.15,2,Trend_Down,Big,11,0,0,3,"0.000000,0.047619,0.095238,0.142857,0.190476,0.238095,0.285714,0.333333,0.380952,0.428571,0.476190,0.523810,0.571429,0.619048,0.666667,0.714286,0.761905,0.809524,0.857143,0.904762,0.952381,1.000000","0.623929,0.427906,0.587786,0.420655,0.578940,0.801829,0.781274,0.267424,0.361047,0.408855,0.576197,0.280373,0.479451,0.442283,0.579011,0.545859,0.720903,0.651064,0.368528,0.139048,0.727506,0.230133"
59,stim_0059.png,stim_0059.png,-0.1405,-0.149335,0.010108,22,0.15,3,Trend_Down,Big,11,0,0,2,"0.000000,0.047619,0.095238,0.142857,0.190476,0.238095,0.285714,0.333333,0.380952,0.428571,0.476190,0.523810,0.571429,0.619048,0.666667,0.714286,0.761905,0.809524,0.857143,0.904762,0.952381,1.000000","0.501653,0.562962,0.606671,0.685137,0.610255,0.431057,0.655272,0.567604,0.327151,0.291449,0.406247,0.597785,0.539432,0.545493,0.450060,0.520339,0.600377,0.362082,0.543240,0.442747,0.443354,0.309633"
60,stim_0060.png,stim_0060.png,-0.1405,-0.156155,0.018977,22,0.15,4,Trend_Down,Big,11,0,1,5,"0.000000,0.047619,0.095238,0.142857,0.190476,0.238095,0.285714,0.333333,0.380952,0.428571,0.476190,0.523810,0.571429,0.619048,0.666667,0.714286,0.761905,0.809524,0.857143,0.904762,0.952381,1.000000","0.597829,0.410141,0.597015,0.551182,0.688052,0.191131,0.381503,0.759971,0.710202,0.479355,0.388069,0.606492,0.625469,0.620957,0.434367,0.496626,0.625778,0.386405,0.417611,0.412814,0.256886,0.362143"
61,stim_0061.png,stim_0061.png,-0.1405,-0.137346,0.0213,22,0.15,5,Trend_Down,Big,11,0,0,5,"0.000000,0.047619,0.095238,0.142857,0.190476,0.238095,0.285714,0.333333,0.380952,0.428571,0.476190,0.523810,0.571429,0.619048,0.666667,0.714286,0.761905,0.809524,0.857143,0.904762,0.952381,1.000000","0.559484,0.722174,0.581230,0.686566,0.569771,0.337433,0.565760,0.237188,0.202138,0.646868,0.610487,0.550918,0.309964,0.764824,0.479865,0.484444,0.371155,0.653205,0.385119,0.477829,0.436803,0.366774"
62,stim_0062.png,stim_0062.png,-0.1405,-0.151102,0.01363,22,0.15,6,Trend_Down,Big,11,0,0,13,"0.000000,0.047619,0.095238,0.142857,0.190476,0.238095,0.285714,0.333333,0.380952,0.428571,0.476190,0.523810,0.571429,0.619048,0.666667,0.714286,0.761905,0.809524,0.857143,0.904762,0.952381,1.000000","0.510091,0.567286,0.692174,0.475012,0.527603,0.451745,0.713897,0.320253,0.617421,0.685851,0.488294,0.520812,0.395766,0.468025,0.374687,0.504755,0.626589,0.506783,0.151657,0.408285,0.498089,0.494927"
63,stim_0063.png,stim_0063.png,-0.1405,-0.155911,0.019331,22,0.15,7,Trend_Down,Big,11,0,0,9,"0.000000,0.047619,0.095238,0.142857,0.190476,0.238095,0.285714,0.333333,0.380952,0.428571,0.476190,0.523810,0.571429,0.619048,0.666667,0.714286,0.761905,0.809524,0.857143,0.904762,0.952381,1.000000","0.465677,0.668869,0.651675,0.386211,0.722317,0.566312,0.501152,0.305332,0.481930,0.598066,0.405912,0.433252,0.537450,0.753345,0.463966,0.383272,0.632359,0.539344,0.276976,0.690810,0.269396,0.266379"
64,stim_0064.png,stim_0064.png,-0.1051,-0.122349,0.022638,8,0.15,0,Trend_Down,Small,11,0,4,11,"0.000000,0.142857,0.285714,0.428571,0.571429,0.714286,0.857143,1.000000","0.449991,0.397445,0.586897,0.778665,0.624587,0.521673,0.233241,0.407501"
65,stim_0065.png,stim_0065.png,-0.1051,-0.104936,0.018097,8,0.15,1,Trend_Down,Small,11,0,6,22,"0.000000,0.142857,0.285714,0.428571,0.571429,0.714286,0.857143,1.000000","0.424234,0.468756,0.776546,0.469462,0.643766,0.315938,0.523695,0.377605"
66,stim_0066.png,stim_0066.png,-0.1051,-0.089989,0.030205,8,0.15,2,Trend_Down,Small,11,0,3,17,"0.000000,0.142857,0.285714,0.428571,0.571429,0.714286,0.857143,1.000000","0.528978,0.490899,0.606259,0.464298,0.385443,0.837593,0.171698,0.514834"
67,stim_0067.png,stim_0067.png,-0.1051,-0.091124,0.0327,8,0.15,3,Trend_Down,Small,11,0,1,16,"0.000000,0.142857,0.285714,0.428571,0.571429,0.714286,0.857143,1.000000","0.537809,0.407025,0.936118,0.327747,0.378052,0.387804,0.438585,0.586860"
68,stim_0068.png,stim_0068.png,-0.1051,-0.096473,0.021921,8,0.15,4,Trend_Down,Small,11,0,14,22,"0.000000,0.142857,0.285714,0.428571,0.571429,0.714286,0.857143,1.000000","0.374845,0.449067,0.719640,0.595391,0.581416,0.461942,0.612629,0.205071"
69,stim_0069.png,stim_0069.png,-0.1051,-0.087724,0.016427,8,0.15,5,Trend_Down,Small,11,0,11,12,"0.000000,0.142857,0.285714,0.428571,0.571429,0.714286,0.857143,1.000000","0.478589,0.592260,0.484162,0.351620,0.791598,0.477054,0.466468,0.358249"
70,stim_0070.png,stim_0070.png,-0.1051,-0.101976,0.016081,8,0.15,6,Trend_Down,Small,11,0,4,11,"0.000000,0.142857,0.285714,0.428571,0.571429,0.714286,0.857143,1.000000","0.586144,0.701652,0.353003,0.425602,0.336110,0.679094,0.464993,0.453402"
71,stim_0071.png,stim_0071.png,-0.1051,-0.113168,0.022647,8,0.15,7,Trend_Down,Small,11,0,4,21,"0.000000,0.142857,0.285714,0.428571,0.571429,0.714286,0.857143,1.000000","0.601587,0.634660,0.653385,0.136744,0.476620,0.485675,0.444822,0.566506"
72,stim_0072.png,stim_0072.png,-0.1051,-0.091069,0.012465,10,0.15,0,Trend_Down,Small,11,0,0,0,"0.000000,0.111111,0.222222,0.333333,0.444444,0.555556,0.666667,0.777778,0.888889,1.000000","0.688694,0.344603,0.599184,0.537235,0.415983,0.347946,0.643054,0.544729,0.471719,0.406853"
73,stim_0073.png,stim_0073.png,-0.1051,-0.097773,0.014701,10,0.15,1,Trend_Down,Small,11,0,5,3,"0.000000,0.111111,0.222222,0.333333,0.444444,0.555556,0.666667,0.777778,0.888889,1.000000","0.621255,0.613537,0.435321,0.420298,0.630687,0.538780,0.250930,0.431700,0.402892,0.654602"
74,stim_0074.png,stim_0074.png,-0.1051,-0.107429,0.032521,10,0.15,2,Trend_Down,Small,11,0,0,3,"0.000000,0.111111,0.222222,0.333333,0.444444,0.555556,0.666667,0.777778,0.888889,1.000000","0.737067,0.328641,0.715655,0.338445,0.500966,0.402486,0.427808,0.784047,0.215492,0.549395"
75,stim_0075.png,stim_0075.png,-0.1051,-0.095435,0.014627,10,0.15,3,Trend_Down,Small,11,0,0,0,"0.000000,0.111111,0.222222,0.333333,0.444444,0.555556,0.666667,0.777778,0.888889,1.000000","0.539603,0.498195,0.433322,0.693724,0.556090,0.625390,0.227805,0.397033,0.577748,0.451090"
76,stim_0076.png,stim_0076.png,-0.1051,-0.107301,0.023125,10,0.15,4,Trend_Down,Small,11,0,10,34,"0.000000,0.111111,0.222222,0.333333,0.444444,0.555556,0.666667,0.777778,0.888889,1.000000","0.718136,0.585378,0.209237,0.669453,0.330636,0.546722,0.428700,0.663067,0.403670,0.445002"
77,stim_0077.png,stim_0077.png,-0.1051,-0.098239,0.012462,10,0.15,5,Trend_Down,Small,11,0,1,9,"0.000000,0.111111,0.222222,0.333333,0.444444,0.555556,0.666667,0.777778,0.888889,1.000000","0.681415,0.530468,0.352784,0.525675,0.335599,0.551207,0.638833,0.584579,0.432019,0.367420"
78,stim_0078.png,stim_0078.png,-0.1051,-0.090955,0.019189,10,0.15,6,Trend_Down,Small,11,0,3,3,"0.000000,0.111111,0.222222,0.333333,0.444444,0.555556,0.666667,0.777778,0.888889,1.000000","0.338943,0.635286,0.575467,0.514135,0.671991,0.650423,0.392239,0.208567,0.532403,0.480546"
79,stim_0079.png,stim_0079.png,-0.1051,-0.114654,0.011757,10,0.15,7,Trend_Down,Small,11,0,1,2,"0.000000,0.111111,0.222222,0.333333,0.444444,0.555556,0.666667,0.777778,0.888889,1.000000","0.510932,0.386018,0.506887,0.703520,0.662532,0.558019,0.444430,0.459808,0.297489,0.470365"
80,stim_0080.png,stim_0080.png,-0.1051,-0.11364,0.010352,12,0.15,0,Trend_Down,Small,11,0,1,5,"0.000000,0.090909,0.181818,0.272727,0.363636,0.454545,0.545455,0.636364,0.727273,0.818182,0.909091,1.000000","0.609135,0.487886,0.641265,0.434273,0.546114,0.380939,0.526829,0.407060,0.468871,0.658096,0.558793,0.280740"
81,stim_0081.png,stim_0081.png,-0.1051,-0.094695,0.01404,12,0.15,1,Trend_Down,Small,11,0,1,20,"0.000000,0.090909,0.181818,0.272727,0.363636,0.454545,0.545455,0.636364,0.727273,0.818182,0.909091,1.000000","0.608746,0.617789,0.489816,0.304669,0.659817,0.368944,0.674122,0.388010,0.529372,0.332220,0.503648,0.522847"
82,stim_0082.png,stim_0082.png,-0.1051,-0.111112,0.020934,12,0.15,2,Trend_Down,Small,11,0,7,23,"0.000000,0.090909,0.181818,0.272727,0.363636,0.454545,0.545455,0.636364,0.727273,0.818182,0.909091,1.000000","0.408544,0.656416,0.695689,0.493153,0.325216,0.524542,0.357850,0.708609,0.554869,0.420308,0.627217,0.227587"
83,stim_0083.png,stim_0083.png,-0.1051,-0.101086,0.025572,12,0.15,3,Trend_Down,Small,11,0,2,3,"0.000000,0.090909,0.181818,0.272727,0.363636,0.454545,0.545455,0.636364,0.727273,0.818182,0.909091,1.000000","0.536553,0.670881,0.487127,0.449606,0.172625,0.658856,0.671999,0.438543,0.526857,0.707839,0.450298,0.228815"
84,stim_0084.png,stim_0084.png,-0.1051,-0.119453,0.017415,12,0.15,4,Trend_Down,Small,11,0,0,8,"0.000000,0.090909,0.181818,0.272727,0.363636,0.454545,0.545455,0.636364,0.727273,0.818182,0.909091,1.000000","0.610484,0.624590,0.421037,0.346127,0.513111,0.694385,0.681283,0.264914,0.562081,0.307454,0.508008,0.466526"
85,stim_0085.png,stim_0085.png,-0.1051,-0.118968,0.016269,12,0.15,5,Trend_Down,Small,11,0,6,4,"0.000000,0.090909,0.181818,0.272727,0.363636,0.454545,0.545455,0.636364,0.727273,0.818182,0.909091,1.000000","0.334747,0.642678,0.615466,0.661788,0.535025,0.421718,0.529642,0.515001,0.314179,0.509924,0.658015,0.261818"
86,stim_0086.png,stim_0086.png,-0.1051,-0.09568,0.024178,12,0.15,6,Trend_Down,Small,11,0,3,5,"0.000000,0.090909,0.181818,0.272727,0.363636,0.454545,0.545455,0.636364,0.727273,0.818182,0.909091,1.000000","0.350124,0.490486,0.773073,0.637618,0.487658,0.555081,0.318606,0.321719,0.765053,0.582165,0.345529,0.372889"
87,stim_0087.png,stim_0087.png,-0.1051,-0.107755,0.016657,12,0.15,7,Trend_Down,Small,11,0,9,23,"0.000000,0.090909,0.181818,0.272727,0.363636,0.454545,0.545455,0.636364,0.727273,0.818182,0.909091,1.000000","0.509970,0.703864,0.619807,0.525090,0.371698,0.498358,0.514304,0.365729,0.183509,0.638718,0.519083,0.549869"
88,stim_0088.png,stim_0088.png,-0.1051,-0.108759,0.012211,14,0.15,0,Trend_Down,Small,11,0,1,1,"0.000000,0.076923,0.153846,0.230769,0.307692,0.384615,0.461538,0.538462,0.615385,0.692308,0.769231,0.846154,0.923077,1.000000","0.414175,0.558405,0.680880,0.601633,0.474069,0.524620,0.395128,0.649315,0.500248,0.303280,0.605884,0.297788,0.559179,0.435396"
89,stim_0089.png,stim_0089.png,-0.1051,-0.107808,0.010497,14,0.15,1,Trend_Down,Small,11,0,0,2,"0.000000,0.076923,0.153846,0.230769,0.307692,0.384615,0.461538,0.538462,0.615385,0.692308,0.769231,0.846154,0.923077,1.000000","0.652749,0.558528,0.634534,0.557236,0.552382,0.329711,0.281169,0.430037,0.574866,0.480140,0.408734,0.431585,0.604530,0.503797"
90,stim_0090.png,stim_0090.png,-0.1051,-0.102653,0.010877,14,0.15,2,Trend_Down,Small,11,0,1,6,"0.000000,0.076923,0.153846,0.230769,0.307692,0.384615,0.461538,0.538462,0.615385,0.692308,0.769231,0.846154,0.923077,1.000000","0.557435,0.567188,0.393224,0.543662,0.382864,0.594715,0.598020,0.457667,0.753034,0.563809,0.373348,0.399493,0.406371,0.409171"
91,stim_0091.png,stim_0091.png,-0.1051,-0.116854,0.022364,14,0.15,3,Trend_Down,Small,11,0,1,1,"0.000000,0.076923,0.153846,0.230769,0.307692,0.384615,0.461538,0.538462,0.615385,0.692308,0.769231,0.846154,0.923077,1.000000","0.561294,0.552577,0.485145,0.608445,0.767296,0.219015,0.345574,0.503900,0.790832,0.383909,0.335375,0.570671,0.458692,0.417275"
92,stim_0092.png,stim_0092.png,-0.1051,-0.113475,0.015559,14,0.15,4,Trend_Down,Small,11,0,1,7,"0.000000,0.076923,0.153846,0.230769,0.307692,0.384615,0.461538,0.538462,0.615385,0.692308,0.769231,0.846154,0.923077,1.000000","0.482162,0.453049,0.383802,0.672903,0.602437,0.518891,0.618208,0.421767,0.704127,0.444609,0.683596,0.366092,0.317103,0.331253"
93,stim_0093.png,stim_0093.png,-0.1051,-0.098312,0.022427,14,0.15,5,Trend_Down,Small,11,0,1,10,"0.000000,0.076923,0.153846,0.230769,0.307692,0.384615,0.461538,0.538462,0.615385,0.692308,0.769231,0.846154,0.923077,1.000000","0.612120,0.263257,0.687965,0.820010,0.430075,0.411988,0.343176,0.357579,0.633810,0.651924,0.458301,0.525640,0.418886,0.385269"
94,stim_0094.png,stim_0094.png,-0.1051,-0.121764,0.022218,14,0.15,6,Trend_Down,Small,11,0,7,24,"0.000000,0.076923,0.153846,0.230769,0.307692,0.384615,0.461538,0.538462,0.615385,0.692308,0.769231,0.846154,0.923077,1.000000","0.472315,0.546002,0.277372,0.787686,0.585696,0.391833,0.815406,0.525499,0.459190,0.513546,0.309857,0.460892,0.542547,0.312159"
95,stim_0095.png,stim_0095.png,-0.1051,-0.089822,0.023937,14,0.15,7,Trend_Down,Small,11,0,1,6,"0.000000,0.076923,0.153846,0.230769,0.307692,0.384615,0.461538,0.538462,0.615385,0.692308,0.769231,0.846154,0.923077,1.000000","0.717450,0.409396,0.338949,0.927719,0.282992,0.457832,0.597426,0.474559,0.418414,0.400952,0.511368,0.435241,0.487256,0.540444"
96,stim_0096.png,stim_0096.png,-0.1051,-0.120377,0.019964,16,0.15,0,Trend_Down,Big,11,0,3,0,"0.000000,0.066667,0.133333,0.200000,0.266667,0.333333,0.400000,0.466667,0.533333,0.600000,0.666667,0.733333,0.800000,0.866667,0.933333,1.000000","0.643525,0.631634,0.339174,0.615513,0.387784,0.594369,0.511737,0.447854,0.370999,0.724093,0.492101,0.683218,0.195252,0.351467,0.615982,0.395298"
97,stim_0097.png,stim_0097.png,-0.1051,-0.112908,0.016087,16,0.15,1,Trend_Down,Big,11,0,3,7,"0.000000,0.066667,0.133333,0.200000,0.266667,0.333333,0.400000,0.466667,0.533333,0.600000,0.666667,0.733333,0.800000,0.866667,0.933333,1.000000","0.741126,0.576689,0.501701,0.479771,0.532781,0.384495,0.533189,0.485696,0.320925,0.298996,0.618779,0.531187,0.717832,0.517119,0.252706,0.507007"
98,stim_0098.png,stim_0098.png,-0.1051,-0.11941,0.018631,16,0.15,2,Trend_Down,Big,11,0,0,0,"0.000000,0.066667,0.133333,0.200000,0.266667,0.333333,0.400000,0.466667,0.533333,0.600000,0.666667,0.733333,0.800000,0.866667,0.933333,1.000000","0.707087,0.336878,0.526041,0.633033,0.366019,0.683840,0.458385,0.457080,0.322877,0.637306,0.510872,0.741816,0.489354,0.479053,0.270609,0.379749"
99,stim_0099.png,stim_0099.png,-0.1051,-0.120323,0.025787,16,0.15,3,Trend_Down,Big,11,0,0,0,"0.000000,0.066667,0.133333,0.200000,0.266667,0.333333,0.400000,0.466667,0.533333,0.600000,0.666667,0.733333,0.800000,0.866667,0.933333,1.000000","0.674967,0.666088,0.452881,0.599399,0.640306,0.192702,0.199711,0.705939,0.540631,0.440059,0.404629,0.403477,0.704080,0.517278,0.573426,0.284427"
100,stim_0100.png,stim_0100.png,-0.1051,-0.096328,0.012753,16,0.15,4,Trend_Down,Big,11,0,2,10,"0.000000,0.066667,0.133333,0.200000,0.266667,0.333333,0.400000,0.466667,0.533333,0.600000,0.666667,0.733333,0.800000,0.866667,0.933333,1.000000","0.428789,0.625144,0.535328,0.598434,0.622003,0.534047,0.442055,0.640745,0.365752,0.295617,0.607777,0.467611,0.420223,0.268068,0.532044,0.616362"
101,stim_0101.png,stim_0101.png,-0.1051,-0.113642,0.024911,16,0.15,5,Trend_Down,Big,11,0,0,4,"0.000000,0.066667,0.133333,0.200000,0.266667,0.333333,0.400000,0.466667,0.533333,0.600000,0.666667,0.733333,0.800000,0.866667,0.933333,1.000000","0.487498,0.712656,0.479158,0.898175,0.404567,0.377165,0.539278,0.464197,0.376086,0.187889,0.601245,0.589624,0.319879,0.482537,0.440737,0.639308"
102,stim_0102.png,stim_0102.png,-0.1051,-0.093591,0.026005,16,0.15,6,Trend_Down,Big,11,0,9,35,"0.000000,0.066667,0.133333,0.200000,0.266667,0.333333,0.400000,0.466667,0.533333,0.600000,0.666667,0.733333,0.800000,0.866667,0.933333,1.000000","0.620968,0.602037,0.435299,0.529053,0.219573,0.582495,0.472138,0.474012,0.466358,0.622031,0.802492,0.576600,0.346196,0.580261,0.574583,0.095904"
103,stim_0103.png,stim_0103.png,-0.1051,-0.118594,0.024475,16,0.15,7,Trend_Down,Big,11,0,1,15,"0.000000,0.066667,0.133333,0.200000,0.266667,0.333333,0.400000,0.466667,0.533333,0.600000,0.666667,0.733333,0.800000,0.866667,0.933333,1.000000","0.673531,0.627060,0.453689,0.762193,0.446345,0.541885,0.497603,0.240133,0.474526,0.305645,0.542259,0.154116,0.702182,0.502996,0.438081,0.637758"
104,stim_0104.png,stim_0104.png,-0.1051,-0.121881,0.012816,18,0.15,0,Trend_Down,Big,11,0,0,2,"0.000000,0.058824,0.117647,0.176471,0.235294,0.294118,0.352941,0.411765,0.470588,0.529412,0.588235,0.647059,0.705882,0.764706,0.823529,0.882353,0.941176,1.000000","0.426278,0.675189,0.590337,0.572642,0.657805,0.352838,0.578926,0.416072,0.522223,0.396394,0.539336,0.375236,0.583330,0.421735,0.512077,0.709870,0.279877,0.389833"
105,stim_0105.png,stim_0105.png,-0.1051,-0.091285,0.025391,18,0.15,1,Trend_Down,Big,11,0,0,0,"0.000000,0.058824,0.117647,0.176471,0.235294,0.294118,0.352941,0.411765,0.470588,0.529412,0.588235,0.647059,0.705882,0.764706,0.823529,0.882353,0.941176,1.000000","0.556758,0.928178,0.440301,0.208933,0.596259,0.347831,0.537594,0.643966,0.526466,0.454049,0.472230,0.567637,0.269796,0.259035,0.640894,0.548386,0.491187,0.510501"
106,stim_0106.png,stim_0106.png,-0.1051,-0.106802,0.024093,18,0.15,2,Trend_Down,Big,11,0,5,32,"0.000000,0.058824,0.117647,0.176471,0.235294,0.294118,0.352941,0.411765,0.470588,0.529412,0.588235,0.647059,0.705882,0.764706,0.823529,0.882353,0.941176,1.000000","0.559967,0.618096,0.376014,0.610915,0.492356,0.572579,0.615061,0.440463,0.433400,0.214146,0.488550,0.781225,0.470793,0.656745,0.625036,0.156644,0.609660,0.278350"
107,stim_0107.png,stim_0107.png,-0.1051,-0.104546,0.024717,18,0.15,3,Trend_Down,Big,11,0,2,7,"0.000000,0.058824,0.117647,0.176471,0.235294,0.294118,0.352941,0.411765,0.470588,0.529412,0.588235,0.647059,0.705882,0.764706,0.823529,0.882353,0.941176,1.000000","0.733169,0.281846,0.474439,0.528251,0.518275,0.511711,0.468571,0.548722,0.569256,0.560734,0.814623,0.517343,0.644895,0.364807,0.146823,0.244406,0.445840,0.626287"
108,stim_0108.png,stim_0108.png,-0.1051,-0.120758,0.013282,18,0.15,4,Trend_Down,Big,11,0,3,8,"0.000000,0.058824,0.117647,0.176471,0.235294,0.294118,0.352941,0.411765,0.470588,0.529412,0.588235,0.647059,0.705882,0.764706,0.823529,0.882353,0.941176,1.000000","0.743067,0.605874,0.627731,0.530385,0.419141,0.395023,0.473753,0.609508,0.323335,0.366222,0.401132,0.466770,0.547154,0.658587,0.301992,0.577714,0.398788,0.553824"
109,stim_0109.png,stim_0109.png,-0.1051,-0.116645,0.011095,18,0.15,5,Trend_Down,Big,11,0,4,19,"0.000000,0.058824,0.117647,0.176471,0.235294,0.294118,0.352941,0.411765,0.470588,0.529412,0.588235,0.647059,0.705882,0.764706,0.823529,0.882353,0.941176,1.000000","0.557289,0.480727,0.712427,0.558377,0.407074,0.337248,0.696545,0.528164,0.477418,0.644146,0.331509,0.535649,0.365087,0.557562,0.428836,0.547695,0.450614,0.383634"
110,stim_0110.png,stim_0110.png,-0.1051,-0.096177,0.014585,18,0.15,6,Trend_Down,Big,11,0,2,6,"0.000000,0.058824,0.117647,0.176471,0.235294,0.294118,0.352941,0.411765,0.470588,0.529412,0.588235,0.647059,0.705882,0.764706,0.823529,0.882353,0.941176,1.000000","0.256382,0.626086,0.502581,0.694815,0.533508,0.624384,0.401566,0.482692,0.707237,0.495618,0.404505,0.661357,0.469508,0.535319,0.364559,0.347762,0.518910,0.373211"
111,stim_0111.png,stim_0111.png,-0.1051,-0.094527,0.022399,18,0.15,7,Trend_Down,Big,11,0,0,0,"0.000000,0.058824,0.117647,0.176471,0.235294,0.294118,0.352941,0.411765,0.470588,0.529412,0.588235,0.647059,0.705882,0.764706,0.823529,0.882353,0.941176,1.000000","0.716606,0.124601,0.786881,0.468701,0.480572,0.554387,0.511909,0.616498,0.672189,0.518921,0.497791,0.401851,0.316477,0.295192,0.475676,0.608908,0.452320,0.500520"
112,stim_0112.png,stim_0112.png,-0.1051,-0.120829,0.01211,20,0.15,0,Trend_Down,Big,11,0,1,5,"0.000000,0.052632,0.105263,0.157895,0.210526,0.263158,0.315789,0.368421,0.421053,0.473684,0.526316,0.578947,0.631579,0.684211,0.736842,0.789474,0.842105,0.894737,0.947368,1.000000","0.359774,0.547181,0.538406,0.725871,0.656581,0.358259,0.642141,0.546792,0.537711,0.522850,0.486352,0.556200,0.580069,0.227955,0.445280,0.414392,0.374047,0.515004,0.569102,0.396034"
113,stim_0113.png,stim_0113.png,-0.1051,-0.096331,0.015793,20,0.15,1,Trend_Down,Big,11,0,1,16,"0.000000,0.052632,0.105263,0.157895,0.210526,0.263158,0.315789,0.368421,0.421053,0.473684,0.526316,0.578947,0.631579,0.684211,0.736842,0.789474,0.842105,0.894737,0.947368,1.000000","0.554218,0.437038,0.734220,0.444938,0.606463,0.504897,0.589078,0.650815,0.366656,0.487571,0.424419,0.207128,0.636579,0.552936,0.528752,0.305600,0.352598,0.629516,0.398320,0.588257"
114,stim_0114.png,stim_0114.png,-0.1051,-0.112049,0.028313,20,0.15,2,Trend_Down,Big,11,0,0,0,"0.000000,0.052632,0.105263,0.157895,0.210526,0.263158,0.315789,0.368421,0.421053,0.473684,0.526316,0.578947,0.631579,0.684211,0.736842,0.789474,0.842105,0.894737,0.947368,1.000000","0.581878,0.719240,0.431625,0.566476,0.399183,0.722903,0.414979,0.283673,0.486419,0.483650,0.690144,0.295618,0.500255,0.778782,0.642239,0.254744,0.591504,0.104007,0.460778,0.591903"
115,stim_0115.png,stim_0115.png,-0.1051,-0.094777,0.014032,20,0.15,3,Trend_Down,Big,11,0,8,19,"0.000000,0.052632,0.105263,0.157895,0.210526,0.263158,0.315789,0.368421,0.421053,0.473684,0.526316,0.578947,0.631579,0.684211,0.736842,0.789474,0.842105,0.894737,0.947368,1.000000","0.509696,0.593419,0.683002,0.614502,0.488861,0.501750,0.560292,0.271540,0.642440,0.355152,0.324693,0.587914,0.361836,0.546079,0.520710,0.637268,0.382537,0.468979,0.317263,0.632067"
116,stim_0116.png,stim_0116.png,-0.1051,-0.117788,0.027347,20,0.15,4,Trend_Down,Big,11,0,3,7,"0.000000,0.052632,0.105263,0.157895,0.210526,0.263158,0.315789,0.368421,0.421053,0.473684,0.526316,0.578947,0.631579,0.684211,0.736842,0.789474,0.842105,0.894737,0.947368,1.000000","0.381960,0.540453,0.560019,0.848078,0.382522,0.777521,0.360947,0.506387,0.431110,0.752527,0.278410,0.706914,0.389917,0.318205,0.444552,0.344117,0.664558,0.275132,0.445245,0.591427"
117,stim_0117.png,stim_0117.png,-0.1051,-0.113111,0.024926,20,0.15,5,Trend_Down,Big,11,0,0,0,"0.000000,0.052632,0.105263,0.157895,0.210526,0.263158,0.315789,0.368421,0.421053,0.473684,0.526316,0.578947,0.631579,0.684211,0.736842,0.789474,0.842105,0.894737,0.947368,1.000000","0.528302,0.677777,0.564463,0.771648,0.274555,0.509192,0.432170,0.614644,0.458386,0.462490,0.552924,0.627887,0.444529,0.015874,0.570861,0.539206,0.275252,0.606269,0.615070,0.458502"
118,stim_0118.png,stim_0118.png,-0.1051,-0.106899,0.025716,20,0.15,6,Trend_Down,Big,11,0,0,4,"0.000000,0.052632,0.105263,0.157895,0.210526,0.263158,0.315789,0.368421,0.421053,0.473684,0.526316,0.578947,0.631579,0.684211,0.736842,0.789474,0.842105,0.894737,0.947368,1.000000","0.653787,0.470245,0.650156,0.445277,0.301472,0.408090,0.454917,0.464733,0.862054,0.595556,0.647416,0.389382,0.841575,0.217898,0.542292,0.326261,0.376857,0.403267,0.419994,0.528772"
119,stim_0119.png,stim_0119.png,-0.1051,-0.096873,0.011859,20,0.15,7,Trend_Down,Big,11,0,2,3,"0.000000,0.052632,0.105263,0.157895,0.210526,0.263158,0.315789,0.368421,0.421053,0.473684,0.526316,0.578947,0.631579,0.684211,0.736842,0.789474,0.842105,0.894737,0.947368,1.000000","0.469408,0.460704,0.483587,0.509774,0.543178,0.572447,0.624125,0.599865,0.508838,0.527472,0.575508,0.381304,0.598331,0.516302,0.258837,0.571485,0.560047,0.650761,0.377982,0.210046"
120,stim_0120.png,stim_0120.png,-0.1051,-0.121268,0.023907,22,0.15,0,Trend_Down,Big,11,0,1,7,"0.000000,0.047619,0.095238,0.142857,0.190476,0.238095,0.285714,0.333333,0.380952,0.428571,0.476190,0.523810,0.571429,0.619048,0.666667,0.714286,0.761905,0.809524,0.857143,0.904762,0.952381,1.000000","0.784142,0.307930,0.573342,0.545531,0.503246,0.623939,0.613586,0.577904,0.365405,0.458175,0.678266,0.616309,0.432795,0.459055,0.040524,0.461859,0.366833,0.443287,0.415983,0.772127,0.547857,0.411905"
121,stim_0121.png,stim_0121.png,-0.1051,-0.122763,0.019913,22,0.15,1,Trend_Down,Big,11,0,2,9,"0.000000,0.047619,0.095238,0.142857,0.190476,0.238095,0.285714,0.333333,0.380952,0.428571,0.476190,0.523810,0.571429,0.619048,0.666667,0.714286,0.761905,0.809524,0.857143,0.904762,0.952381,1.000000","0.610281,0.426459,0.495302,0.558088,0.449521,0.437561,0.639113,0.846423,0.605850,0.350287,0.364713,0.532791,0.492123,0.466924,0.765019,0.336160,0.715680,0.301551,0.308203,0.346208,0.438193,0.513549"
122,stim_0122.png,stim_0122.png,-0.1051,-0.11722,0.016843,22,0.15,2,Trend_Down,Big,11,0,1,7,"0.000000,0.047619,0.095238,0.142857,0.190476,0.238095,0.285714,0.333333,0.380952,0.428571,0.476190,0.523810,0.571429,0.619048,0.666667,0.714286,0.761905,0.809524,0.857143,0.904762,0.952381,1.000000","0.635274,0.583284,0.466226,0.553923,0.367964,0.573507,0.398919,0.599750,0.392190,0.655120,0.387576,0.849751,0.517103,0.457422,0.525001,0.357543,0.415119,0.679577,0.315975,0.468534,0.262420,0.537821"
123,stim_0123.png,stim_0123.png,-0.1051,-0.112093,0.019483,22,0.15,3,Trend_Down,Big,11,0,3,5,"0.000000,0.047619,0.095238,0.142857,0.190476,0.238095,0.285714,0.333333,0.380952,0.428571,0.476190,0.523810,0.571429,0.619048,0.666667,0.714286,0.761905,0.809524,0.857143,0.904762,0.952381,1.000000","0.615925,0.443695,0.549485,0.528133,0.571234,0.739898,0.413453,0.727421,0.387613,0.548276,0.216340,0.645120,0.463696,0.502783,0.196386,0.442267,0.428032,0.778731,0.458269,0.395724,0.442195,0.505323"
124,stim_0124.png,stim_0124.png,-0.1051,-0.104379,0.01546,22,0.15,4,Trend_Down,Big,11,0,0,1,"0.000000,0.047619,0.095238,0.142857,0.190476,0.238095,0.285714,0.333333,0.380952,0.428571,0.476190,0.523810,0.571429,0.619048,0.666667,0.714286,0.761905,0.809524,0.857143,0.904762,0.952381,1.000000","0.500006,0.579317,0.673744,0.454858,0.532980,0.485876,0.391248,0.604055,0.541187,0.266960,0.729899,0.696260,0.428807,0.670405,0.367569,0.389153,0.500190,0.358504,0.247957,0.534132,0.558212,0.488684"
125,stim_0125.png,stim_0125.png,-0.1051,-0.116516,0.021052,22,0.15,5,Trend_Down,Big,11,0,1,2,"0.000000,0.047619,0.095238,0.142857,0.190476,0.238095,0.285714,0.333333,0.380952,0.428571,0.476190,0.523810,0.571429,0.619048,0.666667,0.714286,0.761905,0.809524,0.857143,0.904762,0.952381,1.000000","0.678949,0.539803,0.524304,0.570410,0.738520,0.550084,0.111281,0.544609,0.470969,0.352266,0.544155,0.312355,0.606678,0.710043,0.494760,0.650478,0.292066,0.585884,0.539321,0.306244,0.480051,0.396771"
126,stim_0126.png,stim_0126.png,-0.1051,-0.091532,0.025385,22,0.15,6,Trend_Down,Big,11,0,1,1,"0.000000,0.047619,0.095238,0.142857,0.190476,0.238095,0.285714,0.333333,0.380952,0.428571,0.476190,0.523810,0.571429,0.619048,0.666667,0.714286,0.761905,0.809524,0.857143,0.904762,0.952381,1.000000","0.633857,0.505696,0.862202,0.271015,0.411166,0.500550,0.479481,0.366735,0.760768,0.562919,0.130540,0.448691,0.726538,0.586878,0.564357,0.481297,0.406789,0.578673,0.390464,0.439615,0.310195,0.581574"
127,stim_0127.png,stim_0127.png,-0.1051,-0.09294,0.021868,22,0.15,7,Trend_Down,Big,11,0,2,9,"0.000000,0.047619,0.095238,0.142857,0.190476,0.238095,0.285714,0.333333,0.380952,0.428571,0.476190,0.523810,0.571429,0.619048,0.666667,0.714286,0.761905,0.809524,0.857143,0.904762,0.952381,1.000000","0.583504,0.467025,0.504936,0.624581,0.757792,0.565052,0.339112,0.529095,0.605993,0.371815,0.384280,0.444458,0.463934,0.683231,0.264076,0.381113,0.273445,0.881603,0.547290,0.350523,0.546969,0.430173"
128,stim_0128.png,stim_0128.png,-0.0699,-0.074618,0.011427,8,0.15,0,Trend_Down,Small,11,0,0,0,"0.000000,0.142857,0.285714,0.428571,0.571429,0.714286,0.857143,1.000000","0.496230,0.397329,0.759881,0.424386,0.532208,0.533065,0.430423,0.426478"
129,stim_0129.png,stim_0129.png,-0.0699,-0.068789,0.017921,8,0.15,1,Trend_Down,Small,11,0,7,12,"0.000000,0.142857,0.285714,0.428571,0.571429,0.714286,0.857143,1.000000","0.584564,0.342285,0.662748,0.554887,0.518233,0.470126,0.238832,0.628324"
130,stim_0130.png,stim_0130.png,-0.0699,-0.084969,0.012013,8,0.15,2,Trend_Down,Small,11,0,7,4,"0.000000,0.142857,0.285714,0.428571,0.571429,0.714286,0.857143,1.000000","0.655193,0.417520,0.443931,0.509093,0.533010,0.442696,0.677888,0.320668"
131,stim_0131.png,stim_0131.png,-0.0699,-0.053108,0.012438,8,0.15,3,Trend_Down,Small,11,0,5,7,"0.000000,0.142857,0.285714,0.428571,0.571429,0.714286,0.857143,1.000000","0.619792,0.585478,0.384901,0.534261,0.411406,0.391261,0.388951,0.683951"
132,stim_0132.png,stim_0132.png,-0.0699,-0.068327,0.016377,8,0.15,4,Trend_Down,Small,11,0,1,7,"0.000000,0.142857,0.285714,0.428571,0.571429,0.714286,0.857143,1.000000","0.449519,0.630470,0.601567,0.459111,0.256259,0.636098,0.595256,0.371720"
133,stim_0133.png,stim_0133.png,-0.0699,-0.084891,0.027453,8,0.15,5,Trend_Down,Small,11,0,4,14,"0.000000,0.142857,0.285714,0.428571,0.571429,0.714286,0.857143,1.000000","0.463855,0.760367,0.302654,0.705812,0.412226,0.261615,0.603730,0.489741"
134,stim_0134.png,stim_0134.png,-0.0699,-0.077814,0.03159,8,0.15,6,Trend_Down,Small,11,0,3,11,"0.000000,0.142857,0.285714,0.428571,0.571429,0.714286,0.857143,1.000000","0.682276,0.590048,0.499093,0.265825,0.198921,0.762948,0.469245,0.531646"
135,stim_0135.png,stim_0135.png,-0.0699,-0.069851,0.015303,8,0.15,7,Trend_Down,Small,11,0,3,1,"0.000000,0.142857,0.285714,0.428571,0.571429,0.714286,0.857143,1.000000","0.547412,0.420508,0.500498,0.435732,0.780701,0.476927,0.522795,0.315426"
136,stim_0136.png,stim_0136.png,-0.0699,-0.070707,0.016039,10,0.15,0,Trend_Down,Small,11,0,16,25,"0.000000,0.111111,0.222222,0.333333,0.444444,0.555556,0.666667,0.777778,0.888889,1.000000","0.429183,0.489980,0.491431,0.630425,0.676062,0.313015,0.643559,0.519850,0.540351,0.266144"
137,stim_0137.png,stim_0137.png,-0.0699,-0.085974,0.01048,10,0.15,1,Trend_Down,Small,11,0,16,31,"0.000000,0.111111,0.222222,0.333333,0.444444,0.555556,0.666667,0.777778,0.888889,1.000000","0.531137,0.622900,0.396710,0.469759,0.709479,0.431631,0.339018,0.559438,0.519290,0.420639"
138,stim_0138.png,stim_0138.png,-0.0699,-0.066098,0.016709,10,0.15,2,Trend_Down,Small,11,0,1,2,"0.000000,0.111111,0.222222,0.333333,0.444444,0.555556,0.666667,0.777778,0.888889,1.000000","0.508185,0.454141,0.666899,0.374131,0.494431,0.795656,0.357078,0.437373,0.385275,0.526832"
139,stim_0139.png,stim_0139.png,-0.0699,-0.087395,0.014483,10,0.15,3,Trend_Down,Small,11,0,1,0,"0.000000,0.111111,0.222222,0.333333,0.444444,0.555556,0.666667,0.777778,0.888889,1.000000","0.616813,0.587721,0.365487,0.650340,0.519572,0.288345,0.386448,0.639948,0.397096,0.548229"
140,stim_0140.png,stim_0140.png,-0.0699,-0.064883,0.026953,10,0.15,4,Trend_Down,Small,11,0,3,6,"0.000000,0.111111,0.222222,0.333333,0.444444,0.555556,0.666667,0.777778,0.888889,1.000000","0.712647,0.244454,0.775810,0.363068,0.457370,0.428116,0.397588,0.697069,0.530011,0.393867"
141,stim_0141.png,stim_0141.png,-0.0699,-0.066286,0.014722,10,0.15,5,Trend_Down,Small,11,0,2,5,"0.000000,0.111111,0.222222,0.333333,0.444444,0.555556,0.666667,0.777778,0.888889,1.000000","0.608094,0.619922,0.260315,0.647551,0.462930,0.465314,0.551083,0.371539,0.395641,0.617609"
142,stim_0142.png,stim_0142.png,-0.0699,-0.066899,0.012002,10,0.15,6,Trend_Down,Small,11,0,15,24,"0.000000,0.111111,0.222222,0.333333,0.444444,0.555556,0.666667,0.777778,0.888889,1.000000","0.599945,0.291099,0.581260,0.639491,0.634284,0.348259,0.478893,0.494305,0.489422,0.443041"
143,stim_0143.png,stim_0143.png,-0.0699,-0.078471,0.021053,10,0.15,7,Trend_Down,Small,11,0,3,8,"0.000000,0.111111,0.222222,0.333333,0.444444,0.555556,0.666667,0.777778,0.888889,1.000000","0.532567,0.474210,0.704372,0.490800,0.689345,0.163751,0.355279,0.519172,0.551227,0.519278"
144,stim_0144.png,stim_0144.png,-0.0699,-0.082613,0.01617,12,0.15,0,Trend_Down,Small,11,0,3,3,"0.000000,0.090909,0.181818,0.272727,0.363636,0.454545,0.545455,0.636364,0.727273,0.818182,0.909091,1.000000","0.690767,0.592131,0.653340,0.370657,0.263872,0.388342,0.586843,0.347283,0.601532,0.471184,0.461438,0.572612"
145,stim_0145.png,stim_0145.png,-0.0699,-0.070087,0.017185,12,0.15,1,Trend_Down,Small,11,0,0,0,"0.000000,0.090909,0.181818,0.272727,0.363636,0.454545,0.545455,0.636364,0.727273,0.818182,0.909091,1.000000","0.456462,0.492836,0.792098,0.345853,0.359183,0.530197,0.606794,0.693574,0.366885,0.490649,0.480293,0.385175"
146,stim_0146.png,stim_0146.png,-0.0699,-0.053285,0.034269,12,0.15,2,Trend_Down,Small,11,0,0,1,"0.000000,0.090909,0.181818,0.272727,0.363636,0.454545,0.545455,0.636364,0.727273,0.818182,0.909091,1.000000","0.313377,0.784726,0.712897,0.460477,0.436307,0.632077,0.108097,0.506834,0.336554,0.712541,0.449240,0.546874"
147,stim_0147.png,stim_0147.png,-0.0699,-0.083994,0.030157,12,0.15,3,Trend_Down,Small,11,0,4,9,"0.000000,0.090909,0.181818,0.272727,0.363636,0.454545,0.545455,0.636364,0.727273,0.818182,0.909091,1.000000","0.335815,0.466893,0.632657,0.488138,0.394284,0.948643,0.473228,0.713334,0.372056,0.479750,0.383032,0.312171"
148,stim_0148.png,stim_0148.png,-0.0699,-0.061902,0.013328,12,0.15,4,Trend_Down,Small,11,0,8,14,"0.000000,0.090909,0.181818,0.272727,0.363636,0.454545,0.545455,0.636364,0.727273,0.818182,0.909091,1.000000","0.558941,0.434442,0.581082,0.591030,0.364422,0.406138,0.689122,0.473456,0.554759,0.562639,0.237210,0.546759"
149,stim_0149.png,stim_0149.png,-0.0699,-0.063089,0.013001,12,0.15,5,Trend_Down,Small,11,0,15,23,"0.000000,0.090909,0.181818,0.272727,0.363636,0.454545,0.545455,0.636364,0.727273,0.818182,0.909091,1.000000","0.586644,0.492983,0.541620,0.610844,0.473743,0.453896,0.274013,0.378033,0.719014,0.505516,0.586056,0.377638"
150,stim_0150.png,stim_0150.png,-0.0699,-0.065289,0.012126,12,0.15,6,Trend_Down,Small,11,0,1,4,"0.000000,0.090909,0.181818,0.272727,0.363636,0.454545,0.545455,0.636364,0.727273,0.818182,0.909091,1.000000","0.533806,0.411896,0.524557,0.650636,0.551075,0.598352,0.508643,0.455346,0.213511,0.536130,0.406796,0.609252"
151,stim_0151.png,stim_0151.png,-0.0699,-0.062978,0.016507,12,0.15,7,Trend_Down,Small,11,0,4,8,"0.000000,0.090909,0.181818,0.272727,0.363636,0.454545,0.545455,0.636364,0.727273,0.818182,0.909091,1.000000","0.815895,0.393190,0.548545,0.506392,0.248702,0.532990,0.405267,0.520987,0.496028,0.465737,0.455228,0.611037"
152,stim_0152.png,stim_0152.png,-0.0699,-0.052983,0.016879,14,0.15,0,Trend_Down,Small,11,0,2,6,"0.000000,0.076923,0.153846,0.230769,0.307692,0.384615,0.461538,0.538462,0.615385,0.692308,0.769231,0.846154,0.923077,1.000000","0.568351,0.372496,0.436893,0.459777,0.739546,0.507471,0.470532,0.494585,0.786353,0.351467,0.486341,0.555117,0.281293,0.489779"
153,stim_0153.png,stim_0153.png,-0.0699,-0.064581,0.017379,14,0.15,1,Trend_Down,Small,11,0,6,16,"0.000000,0.076923,0.153846,0.230769,0.307692,0.384615,0.461538,0.538462,0.615385,0.692308,0.769231,0.846154,0.923077,1.000000","0.512292,0.399179,0.656027,0.459639,0.517667,0.364223,0.639485,0.483015,0.589260,0.779934,0.276480,0.576050,0.372684,0.374063"
154,stim_0154.png,stim_0154.png,-0.0699,-0.069371,0.027213,14,0.15,2,Trend_Down,Small,11,0,2,1,"0.000000,0.076923,0.153846,0.230769,0.307692,0.384615,0.461538,0.538462,0.615385,0.692308,0.769231,0.846154,0.923077,1.000000","0.608473,0.326102,0.506388,0.738849,0.608496,0.468067,0.401930,0.726449,0.487807,0.324247,0.143469,0.376091,0.620038,0.663594"
155,stim_0155.png,stim_0155.png,-0.0699,-0.078297,0.02197,14,0.15,3,Trend_Down,Small,11,0,5,13,"0.000000,0.076923,0.153846,0.230769,0.307692,0.384615,0.461538,0.538462,0.615385,0.692308,0.769231,0.846154,0.923077,1.000000","0.570849,0.397249,0.835683,0.588943,0.383092,0.359754,0.418066,0.271542,0.690188,0.591820,0.568324,0.434084,0.327297,0.563110"
156,stim_0156.png,stim_0156.png,-0.0699,-0.064466,0.011573,14,0.15,4,Trend_Down,Small,11,0,5,10,"0.000000,0.076923,0.153846,0.230769,0.307692,0.384615,0.461538,0.538462,0.615385,0.692308,0.769231,0.846154,0.923077,1.000000","0.427859,0.519406,0.610639,0.499784,0.462112,0.482747,0.660686,0.384842,0.618660,0.396279,0.699877,0.527657,0.330047,0.379404"
157,stim_0157.png,stim_0157.png,-0.0699,-0.083334,0.016639,14,0.15,5,Trend_Down,Small,11,0,6,12,"0.000000,0.076923,0.153846,0.230769,0.307692,0.384615,0.461538,0.538462,0.615385,0.692308,0.769231,0.846154,0.923077,1.000000","0.718132,0.520429,0.456946,0.292038,0.579049,0.279303,0.593707,0.705510,0.610784,0.440104,0.543179,0.374979,0.401991,0.483850"
158,stim_0158.png,stim_0158.png,-0.0699,-0.068639,0.017642,14,0.15,6,Trend_Down,Small,11,0,1,7,"0.000000,0.076923,0.153846,0.230769,0.307692,0.384615,0.461538,0.538462,0.615385,0.692308,0.769231,0.846154,0.923077,1.000000","0.458140,0.536044,0.321457,0.591536,0.701808,0.575255,0.605007,0.481751,0.488781,0.399517,0.654835,0.257829,0.295444,0.632595"
159,stim_0159.png,stim_0159.png,-0.0699,-0.075295,0.01866,14,0.15,7,Trend_Down,Small,11,0,9,13,"0.000000,0.076923,0.153846,0.230769,0.307692,0.384615,0.461538,0.538462,0.615385,0.692308,0.769231,0.846154,0.923077,1.000000","0.577229,0.597731,0.414654,0.614604,0.312820,0.365161,0.772054,0.414955,0.616563,0.522652,0.346989,0.644388,0.299726,0.500474"
160,stim_0160.png,stim_0160.png,-0.0699,-0.085083,0.011227,16,0.15,0,Trend_Down,Big,11,0,2,5,"0.000000,0.066667,0.133333,0.200000,0.266667,0.333333,0.400000,0.466667,0.533333,0.600000,0.666667,0.733333,0.800000,0.866667,0.933333,1.000000","0.557742,0.601996,0.604560,0.450330,0.429441,0.386915,0.419133,0.738119,0.457165,0.603131,0.354174,0.493656,0.639257,0.343463,0.431948,0.488970"
161,stim_0161.png,stim_0161.png,-0.0699,-0.064653,0.013066,16,0.15,1,Trend_Down,Big,11,0,6,7,"0.000000,0.066667,0.133333,0.200000,0.266667,0.333333,0.400000,0.466667,0.533333,0.600000,0.666667,0.733333,0.800000,0.866667,0.933333,1.000000","0.528735,0.620628,0.496288,0.467774,0.496742,0.520724,0.407322,0.632357,0.508662,0.243573,0.458094,0.722592,0.659043,0.428748,0.346920,0.461797"
162,stim_0162.png,stim_0162.png,-0.0699,-0.053431,0.031941,16,0.15,2,Trend_Down,Big,11,0,0,1,"0.000000,0.066667,0.133333,0.200000,0.266667,0.333333,0.400000,0.466667,0.533333,0.600000,0.666667,0.733333,0.800000,0.866667,0.933333,1.000000","0.511815,0.484202,0.613073,0.770268,0.148174,0.565114,0.724622,0.201990,0.612740,0.499799,0.653550,0.383817,0.256502,0.348898,0.565027,0.660410"
163,stim_0163.png,stim_0163.png,-0.0699,-0.076989,0.015491,16,0.15,3,Trend_Down,Big,11,0,0,1,"0.000000,0.066667,0.133333,0.200000,0.266667,0.333333,0.400000,0.466667,0.533333,0.600000,0.666667,0.733333,0.800000,0.866667,0.933333,1.000000","0.462630,0.638647,0.457620,0.452852,0.618118,0.567640,0.488316,0.436382,0.587766,0.654779,0.257077,0.627823,0.415577,0.211727,0.609796,0.513250"
164,stim_0164.png,stim_0164.png,-0.0699,-0.068001,0.027392,16,0.15,4,Trend_Down,Big,11,0,1,2,"0.000000,0.066667,0.133333,0.200000,0.266667,0.333333,0.400000,0.466667,0.533333,0.600000,0.666667,0.733333,0.800000,0.866667,0.933333,1.000000","0.556230,0.435509,0.296142,0.471244,0.703745,0.651927,0.714442,0.389300,0.280493,0.712083,0.669429,0.350335,0.346026,0.562406,0.643830,0.216857"
165,stim_0165.png,stim_0165.png,-0.0699,-0.077331,0.020914,16,0.15,5,Trend_Down,Big,11,0,1,4,"0.000000,0.066667,0.133333,0.200000,0.266667,0.333333,0.400000,0.466667,0.533333,0.600000,0.666667,0.733333,0.800000,0.866667,0.933333,1.000000","0.636187,0.340432,0.439915,0.580407,0.493000,0.809182,0.624360,0.668892,0.246975,0.326308,0.405573,0.410548,0.574983,0.368541,0.456265,0.618432"
166,stim_0166.png,stim_0166.png,-0.0699,-0.064305,0.015419,16,0.15,6,Trend_Down,Big,11,0,0,6,"0.000000,0.066667,0.133333,0.200000,0.266667,0.333333,0.400000,0.466667,0.533333,0.600000,0.666667,0.733333,0.800000,0.866667,0.933333,1.000000","0.422513,0.643011,0.640179,0.393378,0.597715,0.563963,0.623256,0.479376,0.494135,0.363305,0.188037,0.346423,0.537860,0.614773,0.608287,0.483789"
167,stim_0167.png,stim_0167.png,-0.0699,-0.082674,0.029102,16,0.15,7,Trend_Down,Big,11,0,1,12,"0.000000,0.066667,0.133333,0.200000,0.266667,0.333333,0.400000,0.466667,0.533333,0.600000,0.666667,0.733333,0.800000,0.866667,0.933333,1.000000","0.664432,0.426741,0.775321,0.336171,0.709127,0.202024,0.594144,0.436445,0.485632,0.490763,0.447443,0.260187,0.469040,0.713127,0.705032,0.284371"
168,stim_0168.png,stim_0168.png,-0.0699,-0.053302,0.021441,18,0.15,0,Trend_Down,Big,11,0,0,0,"0.000000,0.058824,0.117647,0.176471,0.235294,0.294118,0.352941,0.411765,0.470588,0.529412,0.588235,0.647059,0.705882,0.764706,0.823529,0.882353,0.941176,1.000000","0.560302,0.542483,0.601548,0.500723,0.378892,0.601415,0.715458,0.459611,0.422619,0.524615,0.453979,0.162517,0.542821,0.401146,0.278353,0.736768,0.391438,0.725313"
169,stim_0169.png,stim_0169.png,-0.0699,-0.052969,0.019251,18,0.15,1,Trend_Down,Big,11,0,4,9,"0.000000,0.058824,0.117647,0.176471,0.235294,0.294118,0.352941,0.411765,0.470588,0.529412,0.588235,0.647059,0.705882,0.764706,0.823529,0.882353,0.941176,1.000000","0.394572,0.437843,0.489538,0.633171,0.492463,0.514879,0.586855,0.652533,0.458682,0.586349,0.447246,0.231328,0.560181,0.719893,0.648772,0.594188,0.374833,0.176674"
170,stim_0170.png,stim_0170.png,-0.0699,-0.058395,0.026661,18,0.15,2,Trend_Down,Big,11,0,0,2,"0.000000,0.058824,0.117647,0.176471,0.235294,0.294118,0.352941,0.411765,0.470588,0.529412,0.588235,0.647059,0.705882,0.764706,0.823529,0.882353,0.941176,1.000000","0.471821,0.662201,0.707738,0.286522,0.392880,0.403235,0.410010,0.862409,0.377263,0.554185,0.463044,0.325981,0.772769,0.688461,0.328432,0.411987,0.387249,0.493815"
171,stim_0171.png,stim_0171.png,-0.0699,-0.079583,0.013885,18,0.15,3,Trend_Down,Big,11,0,1,0,"0.000000,0.058824,0.117647,0.176471,0.235294,0.294118,0.352941,0.411765,0.470588,0.529412,0.588235,0.647059,0.705882,0.764706,0.823529,0.882353,0.941176,1.000000","0.641458,0.623530,0.645172,0.252161,0.379603,0.469838,0.390590,0.556313,0.733570,0.576732,0.467116,0.456937,0.381878,0.627878,0.385056,0.505699,0.431612,0.474858"
172,stim_0172.png,stim_0172.png,-0.0699,-0.059752,0.025393,18,0.15,4,Trend_Down,Big,11,0,5,8,"0.000000,0.058824,0.117647,0.176471,0.235294,0.294118,0.352941,0.411765,0.470588,0.529412,0.588235,0.647059,0.705882,0.764706,0.823529,0.882353,0.941176,1.000000","0.401686,0.657211,0.743788,0.509208,0.744387,0.584155,0.397271,0.376116,0.294526,0.535282,0.237497,0.413940,0.220337,0.644846,0.500956,0.492870,0.506360,0.739565"
173,stim_0173.png,stim_0173.png,-0.0699,-0.080157,0.025326,18,0.15,5,Trend_Down,Big,11,0,0,1,"0.000000,0.058824,0.117647,0.176471,0.235294,0.294118,0.352941,0.411765,0.470588,0.529412,0.588235,0.647059,0.705882,0.764706,0.823529,0.882353,0.941176,1.000000","0.518949,0.525715,0.498936,0.246268,0.496077,0.625852,0.530188,0.743020,0.761679,0.630791,0.235455,0.240714,0.608501,0.605551,0.429441,0.622799,0.405097,0.274969"
174,stim_0174.png,stim_0174.png,-0.0699,-0.058905,0.014625,18,0.15,6,Trend_Down,Big,11,0,1,3,"0.000000,0.058824,0.117647,0.176471,0.235294,0.294118,0.352941,0.411765,0.470588,0.529412,0.588235,0.647059,0.705882,0.764706,0.823529,0.882353,0.941176,1.000000","0.419953,0.376005,0.473038,0.729306,0.488711,0.575950,0.433312,0.605524,0.509962,0.702147,0.390395,0.463084,0.494830,0.620953,0.660028,0.272552,0.430065,0.354183"
175,stim_0175.png,stim_0175.png,-0.0699,-0.060173,0.026366,18,0.15,7,Trend_Down,Big,11,0,0,2,"0.000000,0.058824,0.117647,0.176471,0.235294,0.294118,0.352941,0.411765,0.470588,0.529412,0.588235,0.647059,0.705882,0.764706,0.823529,0.882353,0.941176,1.000000","0.793903,0.728025,0.377214,0.606001,0.292790,0.355730,0.272024,0.287001,0.603087,0.724619,0.544579,0.559463,0.465290,0.461994,0.346276,0.346472,0.690863,0.544667"
176,stim_0176.png,stim_0176.png,-0.0699,-0.064082,0.023465,20,0.15,0,Trend_Down,Big,11,0,8,5,"0.000000,0.052632,0.105263,0.157895,0.210526,0.263158,0.315789,0.368421,0.421053,0.473684,0.526316,0.578947,0.631579,0.684211,0.736842,0.789474,0.842105,0.894737,0.947368,1.000000","0.656953,0.650511,0.474241,0.233267,0.404836,0.553688,0.745479,0.648303,0.320603,0.450643,0.706087,0.421826,0.582830,0.278439,0.355149,0.404910,0.333920,0.705469,0.641195,0.431653"
177,stim_0177.png,stim_0177.png,-0.0699,-0.061079,0.016962,20,0.15,1,Trend_Down,Big,11,0,2,5,"0.000000,0.052632,0.105263,0.157895,0.210526,0.263158,0.315789,0.368421,0.421053,0.473684,0.526316,0.578947,0.631579,0.684211,0.736842,0.789474,0.842105,0.894737,0.947368,1.000000","0.582264,0.618483,0.409550,0.597844,0.534579,0.544745,0.474900,0.716387,0.374147,0.526178,0.551991,0.191690,0.506517,0.327341,0.424301,0.280638,0.491916,0.692022,0.506375,0.648130"
178,stim_0178.png,stim_0178.png,-0.0699,-0.070853,0.021545,20,0.15,2,Trend_Down,Big,11,0,0,0,"0.000000,0.052632,0.105263,0.157895,0.210526,0.263158,0.315789,0.368421,0.421053,0.473684,0.526316,0.578947,0.631579,0.684211,0.736842,0.789474,0.842105,0.894737,0.947368,1.000000","0.384965,0.778238,0.624511,0.379037,0.326893,0.610467,0.517584,0.462468,0.445845,0.543269,0.675983,0.692701,0.526062,0.380516,0.274205,0.205802,0.613768,0.591024,0.602270,0.364391"
179,stim_0179.png,stim_0179.png,-0.0699,-0.08635,0.010235,20,0.15,3,Trend_Down,Big,11,0,2,4,"0.000000,0.052632,0.105263,0.157895,0.210526,0.263158,0.315789,0.368421,0.421053,0.473684,0.526316,0.578947,0.631579,0.684211,0.736842,0.789474,0.842105,0.894737,0.947368,1.000000","0.402689,0.673034,0.487508,0.444304,0.582714,0.578013,0.477352,0.554522,0.473846,0.601174,0.476650,0.551974,0.483960,0.526059,0.325064,0.644064,0.508290,0.205320,0.556465,0.446999"
180,stim_0180.png,stim_0180.png,-0.0699,-0.065366,0.014831,20,0.15,4,Trend_Down,Big,11,0,1,4,"0.000000,0.052632,0.105263,0.157895,0.210526,0.263158,0.315789,0.368421,0.421053,0.473684,0.526316,0.578947,0.631579,0.684211,0.736842,0.789474,0.842105,0.894737,0.947368,1.000000","0.677512,0.574719,0.547172,0.667210,0.491469,0.405404,0.273631,0.529066,0.249896,0.489694,0.546866,0.439616,0.661567,0.629315,0.554743,0.277897,0.448616,0.432788,0.551093,0.551727"
181,stim_0181.png,stim_0181.png,-0.0699,-0.076882,0.017516,20,0.15,5,Trend_Down,Big,11,0,5,4,"0.000000,0.052632,0.105263,0.157895,0.210526,0.263158,0.315789,0.368421,0.421053,0.473684,0.526316,0.578947,0.631579,0.684211,0.736842,0.789474,0.842105,0.894737,0.947368,1.000000","0.536708,0.424232,0.397609,0.511595,0.803895,0.552804,0.342138,0.449661,0.573581,0.532553,0.499712,0.709613,0.564061,0.606183,0.281562,0.321303,0.494327,0.550591,0.599029,0.248843"
182,stim_0182.png,stim_0182.png,-0.0699,-0.062026,0.028282,20,0.15,6,Trend_Down,Big,11,0,0,1,"0.000000,0.052632,0.105263,0.157895,0.210526,0.263158,0.315789,0.368421,0.421053,0.473684,0.526316,0.578947,0.631579,0.684211,0.736842,0.789474,0.842105,0.894737,0.947368,1.000000","0.478137,0.463680,0.701802,0.473920,0.404924,0.456841,0.575098,0.337716,0.491418,0.402357,0.699404,0.768444,0.474026,0.521816,0.729392,0.478546,0.137251,0.655635,0.623614,0.125978"
183,stim_0183.png,stim_0183.png,-0.0699,-0.082832,0.017952,20,0.15,7,Trend_Down,Big,11,0,10,13,"0.000000,0.052632,0.105263,0.157895,0.210526,0.263158,0.315789,0.368421,0.421053,0.473684,0.526316,0.578947,0.631579,0.684211,0.736842,0.789474,0.842105,0.894737,0.947368,1.000000","0.319070,0.512719,0.594687,0.655719,0.762836,0.501296,0.483961,0.284155,0.483969,0.472302,0.659438,0.514038,0.377636,0.553213,0.524938,0.439746,0.733385,0.335646,0.532843,0.258404"
184,stim_0184.png,stim_0184.png,-0.0699,-0.076899,0.012574,22,0.15,0,Trend_Down,Big,11,0,2,6,"0.000000,0.047619,0.095238,0.142857,0.190476,0.238095,0.285714,0.333333,0.380952,0.428571,0.476190,0.523810,0.571429,0.619048,0.666667,0.714286,0.761905,0.809524,0.857143,0.904762,0.952381,1.000000","0.504371,0.522399,0.392989,0.548730,0.600452,0.505170,0.438042,0.585564,0.558402,0.552299,0.718142,0.266187,0.654819,0.504391,0.349887,0.410055,0.479815,0.617112,0.645032,0.457024,0.296960,0.392158"
185,stim_0185.png,stim_0185.png,-0.0699,-0.071665,0.024389,22,0.15,1,Trend_Down,Big,11,0,1,0,"0.000000,0.047619,0.095238,0.142857,0.190476,0.238095,0.285714,0.333333,0.380952,0.428571,0.476190,0.523810,0.571429,0.619048,0.666667,0.714286,0.761905,0.809524,0.857143,0.904762,0.952381,1.000000","0.471685,0.648336,0.607051,0.673219,0.554783,0.279185,0.047545,0.632356,0.539918,0.719180,0.579361,0.585585,0.467724,0.366192,0.523223,0.421223,0.519317,0.533523,0.291895,0.505430,0.709354,0.323916"
186,stim_0186.png,stim_0186.png,-0.0699,-0.060475,0.029726,22,0.15,2,Trend_Down,Big,11,0,1,1,"0.000000,0.047619,0.095238,0.142857,0.190476,0.238095,0.285714,0.333333,0.380952,0.428571,0.476190,0.523810,0.571429,0.619048,0.666667,0.714286,0.761905,0.809524,0.857143,0.904762,0.952381,1.000000","0.610838,0.626418,0.632502,0.538438,0.531853,0.346311,0.589077,0.468606,0.661073,0.197231,0.337060,0.198650,0.864359,0.174177,0.625876,0.522518,0.631721,0.302569,0.477631,0.682065,0.495847,0.485179"
187,stim_0187.png,stim_0187.png,-0.0699,-0.060968,0.019126,22,0.15,3,Trend_Down,Big,11,0,0,0,"0.000000,0.047619,0.095238,0.142857,0.190476,0.238095,0.285714,0.333333,0.380952,0.428571,0.476190,0.523810,0.571429,0.619048,0.666667,0.714286,0.761905,0.809524,0.857143,0.904762,0.952381,1.000000","0.564361,0.523712,0.395636,0.523431,0.483289,0.552851,0.798248,0.560649,0.310040,0.617650,0.494584,0.128109,0.515807,0.550040,0.623975,0.542053,0.308830,0.611109,0.594929,0.365777,0.590359,0.344563"
188,stim_0188.png,stim_0188.png,-0.0699,-0.059954,0.014076,22,0.15,4,Trend_Down,Big,11,0,4,14,"0.000000,0.047619,0.095238,0.142857,0.190476,0.238095,0.285714,0.333333,0.380952,0.428571,0.476190,0.523810,0.571429,0.619048,0.666667,0.714286,0.761905,0.809524,0.857143,0.904762,0.952381,1.000000","0.573928,0.327528,0.492105,0.594157,0.613080,0.437016,0.636536,0.741949,0.365896,0.417344,0.404013,0.553235,0.485514,0.668751,0.486362,0.366181,0.322880,0.696616,0.367094,0.524129,0.417318,0.508367"
189,stim_0189.png,stim_0189.png,-0.0699,-0.055804,0.020004,22,0.15,5,Trend_Down,Big,11,0,4,4,"0.000000,0.047619,0.095238,0.142857,0.190476,0.238095,0.285714,0.333333,0.380952,0.428571,0.476190,0.523810,0.571429,0.619048,0.666667,0.714286,0.761905,0.809524,0.857143,0.904762,0.952381,1.000000","0.778156,0.543674,0.359109,0.444361,0.418594,0.419940,0.326190,0.595930,0.432001,0.555502,0.693718,0.539856,0.428027,0.810045,0.501291,0.457178,0.622154,0.434086,0.219577,0.354745,0.634233,0.431635"
190,stim_0190.png,stim_0190.png,-0.0699,-0.053348,0.023998,22,0.15,6,Trend_Down,Big,11,0,0,0,"0.000000,0.047619,0.095238,0.142857,0.190476,0.238095,0.285714,0.333333,0.380952,0.428571,0.476190,0.523810,0.571429,0.619048,0.666667,0.714286,0.761905,0.809524,0.857143,0.904762,0.952381,1.000000","0.507847,0.220105,0.534595,0.731771,0.631636,0.679868,0.487860,0.530784,0.319460,0.397755,0.379208,0.623956,0.564677,0.593384,0.704679,0.537896,0.380786,0.521395,0.130836,0.304873,0.670920,0.545710"
191,stim_0191.png,stim_0191.png,-0.0699,-0.059047,0.026786,22,0.15,7,Trend_Down,Big,11,0,1,2,"0.000000,0.047619,0.095238,0.142857,0.190476,0.238095,0.285714,0.333333,0.380952,0.428571,0.476190,0.523810,0.571429,0.619048,0.666667,0.714286,0.761905,0.809524,0.857143,0.904762,0.952381,1.000000","0.431233,0.337287,0.411366,0.452734,0.780431,0.398249,0.448554,0.422563,0.770439,0.780544,0.671883,0.527610,0.800227,0.455110,0.460200,0.169995,0.418505,0.392526,0.560001,0.580576,0.302376,0.427591"
192,stim_0192.png,stim_0192.png,-0.0349,-0.036323,0.011955,8,0.15,0,Trend_Down,Small,11,0,0,0,"0.000000,0.142857,0.285714,0.428571,0.571429,0.714286,0.857143,1.000000","0.575718,0.455903,0.460475,0.447350,0.472107,0.652656,0.639087,0.296704"
193,stim_0193.png,stim_0193.png,-0.0349,-0.032288,0.023756,8,0.15,1,Trend_Down,Small,11,0,12,12,"0.000000,0.142857,0.285714,0.428571,0.571429,0.714286,0.857143,1.000000","0.298099,0.663835,0.774384,0.356509,0.537988,0.341397,0.529312,0.498477"
194,stim_0194.png,stim_0194.png,-0.0349,-0.036224,0.014367,8,0.15,2,Trend_Down,Small,11,0,0,1,"0.000000,0.142857,0.285714,0.428571,0.571429,0.714286,0.857143,1.000000","0.524603,0.695743,0.398542,0.379540,0.475056,0.551643,0.331339,0.643534"
195,stim_0195.png,stim_0195.png,-0.0349,-0.038448,0.013064,8,0.15,3,Trend_Down,Small,11,0,1,5,"0.000000,0.142857,0.285714,0.428571,0.571429,0.714286,0.857143,1.000000","0.511879,0.595530,0.454131,0.439223,0.385776,0.599146,0.691187,0.323128"
196,stim_0196.png,stim_0196.png,-0.0349,-0.033558,0.01211,8,0.15,4,Trend_Down,Small,11,0,9,8,"0.000000,0.142857,0.285714,0.428571,0.571429,0.714286,0.857143,1.000000","0.592321,0.505563,0.394864,0.592965,0.549416,0.312280,0.402735,0.649856"
197,stim_0197.png,stim_0197.png,-0.0349,-0.032999,0.01794,8,0.15,5,Trend_Down,Small,11,0,0,0,"0.000000,0.142857,0.285714,0.428571,0.571429,0.714286,0.857143,1.000000","0.413601,0.589558,0.600668,0.385689,0.727543,0.340984,0.354747,0.587210"
198,stim_0198.png,stim_0198.png,-0.0349,-0.021799,0.015768,8,0.15,6,Trend_Down,Small,11,0,11,13,"0.000000,0.142857,0.285714,0.428571,0.571429,0.714286,0.857143,1.000000","0.308867,0.744716,0.574112,0.520438,0.421135,0.372959,0.538792,0.518981"
199,stim_0199.png,stim_0199.png,-0.0349,-0.046221,0.018627,8,0.15,7,Trend_Down,Small,11,0,12,23,"0.000000,0.142857,0.285714,0.428571,0.571429,0.714286,0.857143,1.000000","0.563886,0.331585,0.629813,0.699288,0.289667,0.567896,0.389608,0.528257"
200,stim_0200.png,stim_0200.png,-0.0349,-0.018446,0.012563,10,0.15,0,Trend_Down,Small,11,0,17,13,"0.000000,0.111111,0.222222,0.333333,0.444444,0.555556,0.666667,0.777778,0.888889,1.000000","0.598085,0.345375,0.443611,0.482788,0.637663,0.485424,0.520933,0.708773,0.410968,0.366381"
201,stim_0201.png,stim_0201.png,-0.0349,-0.029512,0.015633,10,0.15,1,Trend_Down,Small,11,0,3,3,"0.000000,0.111111,0.222222,0.333333,0.444444,0.555556,0.666667,0.777778,0.888889,1.000000","0.639239,0.587228,0.293433,0.408806,0.379250,0.615883,0.708057,0.451429,0.425880,0.490795"
202,stim_0202.png,stim_0202.png,-0.0349,-0.03534,0.015192,10,0.15,2,Trend_Down,Small,11,0,5,6,"0.000000,0.111111,0.222222,0.333333,0.444444,0.555556,0.666667,0.777778,0.888889,1.000000","0.581030,0.333088,0.506703,0.723941,0.566536,0.403150,0.331186,0.477700,0.645175,0.431491"
203,stim_0203.png,stim_0203.png,-0.0349,-0.036265,0.019754,10,0.15,3,Trend_Down,Small,11,0,5,11,"0.000000,0.111111,0.222222,0.333333,0.444444,0.555556,0.666667,0.777778,0.888889,1.000000","0.273299,0.695410,0.620735,0.303029,0.681839,0.559254,0.564337,0.455373,0.396185,0.450541"
204,stim_0204.png,stim_0204.png,-0.0349,-0.030831,0.025506,10,0.15,4,Trend_Down,Small,11,0,6,6,"0.000000,0.111111,0.222222,0.333333,0.444444,0.555556,0.666667,0.777778,0.888889,1.000000","0.342640,0.550845,0.447679,0.655815,0.581971,0.827680,0.323853,0.262308,0.506700,0.500508"
205,stim_0205.png,stim_0205.png,-0.0349,-0.045319,0.028157,10,0.15,5,Trend_Down,Small,11,0,24,34,"0.000000,0.111111,0.222222,0.333333,0.444444,0.555556,0.666667,0.777778,0.888889,1.000000","0.468721,0.689536,0.390902,0.812823,0.342715,0.235558,0.555851,0.341241,0.561551,0.601101"
206,stim_0206.png,stim_0206.png,-0.0349,-0.032211,0.021158,10,0.15,6,Trend_Down,Small,11,0,24,20,"0.000000,0.111111,0.222222,0.333333,0.444444,0.555556,0.666667,0.777778,0.888889,1.000000","0.386125,0.729700,0.398963,0.547284,0.502401,0.552631,0.556913,0.392901,0.227022,0.706060"
207,stim_0207.png,stim_0207.png,-0.0349,-0.042206,0.011386,10,0.15,7,Trend_Down,Small,11,0,9,7,"0.000000,0.111111,0.222222,0.333333,0.444444,0.555556,0.666667,0.777778,0.888889,1.000000","0.446875,0.384628,0.687322,0.511496,0.598607,0.405910,0.550692,0.634635,0.369741,0.410094"
208,stim_0208.png,stim_0208.png,-0.0349,-0.040592,0.01032,12,0.15,0,Trend_Down,Small,11,0,2,0,"0.000000,0.090909,0.181818,0.272727,0.363636,0.454545,0.545455,0.636364,0.727273,0.818182,0.909091,1.000000","0.608047,0.383894,0.566844,0.348283,0.644219,0.594418,0.467824,0.398812,0.611314,0.442915,0.382190,0.551239"
209,stim_0209.png,stim_0209.png,-0.0349,-0.024713,0.015319,12,0.15,1,Trend_Down,Small,11,0,2,0,"0.000000,0.090909,0.181818,0.272727,0.363636,0.454545,0.545455,0.636364,0.727273,0.818182,0.909091,1.000000","0.327933,0.777904,0.576101,0.343930,0.494249,0.468230,0.470292,0.527286,0.541537,0.508200,0.627888,0.336451"
210,stim_0210.png,stim_0210.png,-0.0349,-0.03906,0.016961,12,0.15,2,Trend_Down,Small,11,0,2,2,"0.000000,0.090909,0.181818,0.272727,0.363636,0.454545,0.545455,0.636364,0.727273,0.818182,0.909091,1.000000","0.338246,0.614215,0.494985,0.416205,0.655314,0.600649,0.585309,0.425202,0.447689,0.719593,0.259723,0.442871"
211,stim_0211.png,stim_0211.png,-0.0349,-0.038664,0.01159,12,0.15,3,Trend_Down,Small,11,0,19,18,"0.000000,0.090909,0.181818,0.272727,0.363636,0.454545,0.545455,0.636364,0.727273,0.818182,0.909091,1.000000","0.585303,0.471249,0.551337,0.581582,0.465016,0.429715,0.387720,0.347452,0.754965,0.381254,0.547902,0.496505"
212,stim_0212.png,stim_0212.png,-0.0349,-0.045747,0.026784,12,0.15,4,Trend_Down,Small,11,0,4,6,"0.000000,0.090909,0.181818,0.272727,0.363636,0.454545,0.545455,0.636364,0.727273,0.818182,0.909091,1.000000","0.548840,0.464766,0.583368,0.467725,0.716312,0.536913,0.292794,0.146767,0.750230,0.373741,0.632839,0.485706"
213,stim_0213.png,stim_0213.png,-0.0349,-0.046707,0.023006,12,0.15,5,Trend_Down,Small,11,0,4,10,"0.000000,0.090909,0.181818,0.272727,0.363636,0.454545,0.545455,0.636364,0.727273,0.818182,0.909091,1.000000","0.483483,0.448367,0.608898,0.755868,0.202702,0.597431,0.645282,0.407873,0.276711,0.474567,0.637510,0.461308"
214,stim_0214.png,stim_0214.png,-0.0349,-0.020203,0.022295,12,0.15,6,Trend_Down,Small,11,0,7,8,"0.000000,0.090909,0.181818,0.272727,0.363636,0.454545,0.545455,0.636364,0.727273,0.818182,0.909091,1.000000","0.620455,0.642518,0.436804,0.418663,0.687610,0.431355,0.221488,0.281680,0.560029,0.434135,0.548001,0.717262"
215,stim_0215.png,stim_0215.png,-0.0349,-0.045698,0.022372,12,0.15,7,Trend_Down,Small,11,0,12,15,"0.000000,0.090909,0.181818,0.272727,0.363636,0.454545,0.545455,0.636364,0.727273,0.818182,0.909091,1.000000","0.529075,0.589078,0.757228,0.425194,0.406030,0.522268,0.176769,0.382828,0.424194,0.736070,0.531160,0.520105"
216,stim_0216.png,stim_0216.png,-0.0349,-0.02952,0.010114,14,0.15,0,Trend_Down,Small,11,0,4,1,"0.000000,0.076923,0.153846,0.230769,0.307692,0.384615,0.461538,0.538462,0.615385,0.692308,0.769231,0.846154,0.923077,1.000000","0.449291,0.510612,0.531293,0.366992,0.607618,0.581017,0.559684,0.416695,0.729361,0.353377,0.515107,0.419878,0.554278,0.404797"
217,stim_0217.png,stim_0217.png,-0.0349,-0.032728,0.028824,14,0.15,1,Trend_Down,Small,11,0,0,0,"0.000000,0.076923,0.153846,0.230769,0.307692,0.384615,0.461538,0.538462,0.615385,0.692308,0.769231,0.846154,0.923077,1.000000","0.573254,0.609184,0.546422,0.485389,0.725621,0.275454,0.282645,0.337222,0.702151,0.401861,0.503767,0.194013,0.692089,0.670927"
218,stim_0218.png,stim_0218.png,-0.0349,-0.018209,0.01823,14,0.15,2,Trend_Down,Small,11,0,9,14,"0.000000,0.076923,0.153846,0.230769,0.307692,0.384615,0.461538,0.538462,0.615385,0.692308,0.769231,0.846154,0.923077,1.000000","0.346119,0.487114,0.774270,0.719765,0.510894,0.472533,0.273130,0.483413,0.332300,0.474920,0.542762,0.444129,0.490694,0.647957"
219,stim_0219.png,stim_0219.png,-0.0349,-0.029928,0.016951,14,0.15,3,Trend_Down,Small,11,0,4,7,"0.000000,0.076923,0.153846,0.230769,0.307692,0.384615,0.461538,0.538462,0.615385,0.692308,0.769231,0.846154,0.923077,1.000000","0.758641,0.664312,0.302524,0.585922,0.377571,0.420768,0.280306,0.388416,0.491662,0.557945,0.581347,0.498531,0.514563,0.577491"
220,stim_0220.png,stim_0220.png,-0.0349,-0.042598,0.024223,14,0.15,4,Trend_Down,Small,11,0,0,1,"0.000000,0.076923,0.153846,0.230769,0.307692,0.384615,0.461538,0.538462,0.615385,0.692308,0.769231,0.846154,0.923077,1.000000","0.504195,0.582268,0.483240,0.524398,0.323366,0.278483,0.580647,0.641149,0.765651,0.474951,0.742182,0.471436,0.197039,0.430995"
221,stim_0221.png,stim_0221.png,-0.0349,-0.048448,0.012205,14,0.15,5,Trend_Down,Small,11,0,31,27,"0.000000,0.076923,0.153846,0.230769,0.307692,0.384615,0.461538,0.538462,0.615385,0.692308,0.769231,0.846154,0.923077,1.000000","0.572617,0.383612,0.677013,0.310296,0.659370,0.572491,0.509498,0.516962,0.372454,0.365373,0.528505,0.526942,0.604689,0.400177"
222,stim_0222.png,stim_0222.png,-0.0349,-0.030534,0.025413,14,0.15,6,Trend_Down,Small,11,0,7,10,"0.000000,0.076923,0.153846,0.230769,0.307692,0.384615,0.461538,0.538462,0.615385,0.692308,0.769231,0.846154,0.923077,1.000000","0.679484,0.623727,0.433124,0.297061,0.235266,0.442673,0.847719,0.491192,0.454359,0.384238,0.711742,0.502455,0.492480,0.404477"
223,stim_0223.png,stim_0223.png,-0.0349,-0.051021,0.014342,14,0.15,7,Trend_Down,Small,11,0,4,8,"0.000000,0.076923,0.153846,0.230769,0.307692,0.384615,0.461538,0.538462,0.615385,0.692308,0.769231,0.846154,0.923077,1.000000","0.364573,0.710687,0.674572,0.492923,0.444943,0.294548,0.506906,0.546614,0.486569,0.613677,0.461073,0.340471,0.635049,0.427397"
224,stim_0224.png,stim_0224.png,-0.0349,-0.036186,0.017423,16,0.15,0,Trend_Down,Big,11,0,2,4,"0.000000,0.066667,0.133333,0.200000,0.266667,0.333333,0.400000,0.466667,0.533333,0.600000,0.666667,0.733333,0.800000,0.866667,0.933333,1.000000","0.588015,0.355373,0.630363,0.250454,0.372397,0.596053,0.519590,0.622819,0.738897,0.508502,0.498035,0.605812,0.580434,0.391330,0.448170,0.293756"
225,stim_0225.png,stim_0225.png,-0.0349,-0.022672,0.014778,16,0.15,1,Trend_Down,Big,11,0,0,1,"0.000000,0.066667,0.133333,0.200000,0.266667,0.333333,0.400000,0.466667,0.533333,0.600000,0.666667,0.733333,0.800000,0.866667,0.933333,1.000000","0.653908,0.515972,0.517929,0.438316,0.180847,0.608008,0.315391,0.606680,0.686134,0.547856,0.545783,0.526850,0.503776,0.405440,0.478853,0.468257"
226,stim_0226.png,stim_0226.png,-0.0349,-0.041209,0.029317,16,0.15,2,Trend_Down,Big,11,0,1,3,"0.000000,0.066667,0.133333,0.200000,0.266667,0.333333,0.400000,0.466667,0.533333,0.600000,0.666667,0.733333,0.800000,0.866667,0.933333,1.000000","0.392275,0.828470,0.462960,0.458349,0.274168,0.724733,0.595418,0.205222,0.350824,0.648363,0.525005,0.703545,0.479908,0.402924,0.638264,0.309573"
227,stim_0227.png,stim_0227.png,-0.0349,-0.034511,0.032517,16,0.15,3,Trend_Down,Big,11,0,0,1,"0.000000,0.066667,0.133333,0.200000,0.266667,0.333333,0.400000,0.466667,0.533333,0.600000,0.666667,0.733333,0.800000,0.866667,0.933333,1.000000","0.357804,0.405534,0.508149,0.472586,0.550251,0.577654,0.899430,0.347839,0.443285,0.596963,0.602920,0.640182,0.261822,0.488487,0.731318,0.115776"
228,stim_0228.png,stim_0228.png,-0.0349,-0.020231,0.021944,16,0.15,4,Trend_Down,Big,11,0,13,17,"0.000000,0.066667,0.133333,0.200000,0.266667,0.333333,0.400000,0.466667,0.533333,0.600000,0.666667,0.733333,0.800000,0.866667,0.933333,1.000000","0.265450,0.570935,0.644908,0.244362,0.568726,0.689749,0.637598,0.448793,0.563034,0.456915,0.560327,0.714833,0.259697,0.585801,0.390985,0.397887"
229,stim_0229.png,stim_0229.png,-0.0349,-0.049296,0.018934,16,0.15,5,Trend_Down,Big,11,0,0,1,"0.000000,0.066667,0.133333,0.200000,0.266667,0.333333,0.400000,0.466667,0.533333,0.600000,0.666667,0.733333,0.800000,0.866667,0.933333,1.000000","0.358616,0.380211,0.680021,0.592346,0.613567,0.570006,0.497570,0.521245,0.792167,0.387551,0.370178,0.328547,0.300198,0.489065,0.455086,0.663627"
230,stim_0230.png,stim_0230.png,-0.0349,-0.030432,0.011747,16,0.15,6,Trend_Down,Big,11,0,0,0,"0.000000,0.066667,0.133333,0.200000,0.266667,0.333333,0.400000,0.466667,0.533333,0.600000,0.666667,0.733333,0.800000,0.866667,0.933333,1.000000","0.543563,0.427603,0.668256,0.496564,0.567337,0.395620,0.269656,0.540118,0.728925,0.481547,0.488125,0.493140,0.370603,0.507313,0.427652,0.593974"
231,stim_0231.png,stim_0231.png,-0.0349,-0.031678,0.019288,16,0.15,7,Trend_Down,Big,11,0,15,8,"0.000000,0.066667,0.133333,0.200000,0.266667,0.333333,0.400000,0.466667,0.533333,0.600000,0.666667,0.733333,0.800000,0.866667,0.933333,1.000000","0.295163,0.465452,0.656456,0.450585,0.755483,0.633245,0.359125,0.508384,0.250594,0.652256,0.609595,0.500325,0.600636,0.447506,0.477449,0.337744"
232,stim_0232.png,stim_0232.png,-0.0349,-0.020059,0.014889,18,0.15,0,Trend_Down,Big,11,0,3,11,"0.000000,0.058824,0.117647,0.176471,0.235294,0.294118,0.352941,0.411765,0.470588,0.529412,0.588235,0.647059,0.705882,0.764706,0.823529,0.882353,0.941176,1.000000","0.585722,0.307781,0.509995,0.484163,0.316917,0.504269,0.708894,0.666294,0.573213,0.341545,0.629696,0.579222,0.477225,0.647025,0.440386,0.339237,0.381452,0.506964"
233,stim_0233.png,stim_0233.png,-0.0349,-0.036114,0.024096,18,0.15,1,Trend_Down,Big,11,0,3,4,"0.000000,0.058824,0.117647,0.176471,0.235294,0.294118,0.352941,0.411765,0.470588,0.529412,0.588235,0.647059,0.705882,0.764706,0.823529,0.882353,0.941176,1.000000","0.355187,0.600034,0.787429,0.571239,0.488340,0.363322,0.434402,0.653731,0.266960,0.602105,0.531727,0.177441,0.500830,0.411341,0.739022,0.529769,0.625366,0.361753"
234,stim_0234.png,stim_0234.png,-0.0349,-0.033049,0.016031,18,0.15,2,Trend_Down,Big,11,0,7,5,"0.000000,0.058824,0.117647,0.176471,0.235294,0.294118,0.352941,0.411765,0.470588,0.529412,0.588235,0.647059,0.705882,0.764706,0.823529,0.882353,0.941176,1.000000","0.431517,0.580667,0.522047,0.483868,0.335485,0.471999,0.544617,0.641016,0.499959,0.644167,0.565953,0.597442,0.412483,0.399493,0.543590,0.591228,0.111444,0.623025"
235,stim_0235.png,stim_0235.png,-0.0349,-0.023735,0.01999,18,0.15,3,Trend_Down,Big,11,0,2,4,"0.000000,0.058824,0.117647,0.176471,0.235294,0.294118,0.352941,0.411765,0.470588,0.529412,0.588235,0.647059,0.705882,0.764706,0.823529,0.882353,0.941176,1.000000","0.607378,0.641995,0.486873,0.515526,0.207674,0.690117,0.407256,0.407012,0.640853,0.556228,0.533387,0.440698,0.241693,0.307968,0.512562,0.624291,0.705548,0.472942"
236,stim_0236.png,stim_0236.png,-0.0349,-0.021743,0.022428,18,0.15,4,Trend_Down,Big,11,0,3,1,"0.000000,0.058824,0.117647,0.176471,0.235294,0.294118,0.352941,0.411765,0.470588,0.529412,0.588235,0.647059,0.705882,0.764706,0.823529,0.882353,0.941176,1.000000","0.403423,0.384394,0.319686,0.845943,0.485909,0.484727,0.794884,0.655764,0.356443,0.330169,0.422025,0.579958,0.552091,0.495888,0.496062,0.446351,0.629610,0.316671"
237,stim_0237.png,stim_0237.png,-0.0349,-0.032774,0.030713,18,0.15,5,Trend_Down,Big,11,0,4,3,"0.000000,0.058824,0.117647,0.176471,0.235294,0.294118,0.352941,0.411765,0.470588,0.529412,0.588235,0.647059,0.705882,0.764706,0.823529,0.882353,0.941176,1.000000","0.732312,0.616675,0.477344,0.553962,0.442922,0.571746,0.218834,0.439811,0.588150,0.159123,0.399987,0.450063,0.393442,0.936854,0.616934,0.312683,0.520665,0.568492"
238,stim_0238.png,stim_0238.png,-0.0349,-0.031918,0.020436,18,0.15,6,Trend_Down,Big,11,0,3,3,"0.000000,0.058824,0.117647,0.176471,0.235294,0.294118,0.352941,0.411765,0.470588,0.529412,0.588235,0.647059,0.705882,0.764706,0.823529,0.882353,0.941176,1.000000","0.543843,0.841674,0.327915,0.450969,0.509886,0.559502,0.432669,0.265398,0.622703,0.293135,0.499820,0.629652,0.410307,0.408679,0.733370,0.535777,0.525416,0.409285"
239,stim_0239.png,stim_0239.png,-0.0349,-0.040088,0.030627,18,0.15,7,Trend_Down,Big,11,0,3,5,"0.000000,0.058824,0.117647,0.176471,0.235294,0.294118,0.352941,0.411765,0.470588,0.529412,0.588235,0.647059,0.705882,0.764706,0.823529,0.882353,0.941176,1.000000","0.280108,0.476432,0.369532,0.476405,0.861187,0.704685,0.660364,0.394779,0.463068,0.598932,0.589778,0.502375,0.500017,0.198280,0.451357,0.636540,0.159562,0.676600"
240,stim_0240.png,stim_0240.png,-0.0349,-0.051516,0.017352,20,0.15,0,Trend_Down,Big,11,0,12,8,"0.000000,0.052632,0.105263,0.157895,0.210526,0.263158,0.315789,0.368421,0.421053,0.473684,0.526316,0.578947,0.631579,0.684211,0.736842,0.789474,0.842105,0.894737,0.947368,1.000000","0.676729,0.623101,0.313264,0.428269,0.567933,0.535111,0.350522,0.579301,0.540245,0.345318,0.566278,0.332259,0.623712,0.806868,0.360543,0.515990,0.393976,0.621590,0.383253,0.435739"
241,stim_0241.png,stim_0241.png,-0.0349,-0.046489,0.015603,20,0.15,1,Trend_Down,Big,11,0,0,0,"0.000000,0.052632,0.105263,0.157895,0.210526,0.263158,0.315789,0.368421,0.421053,0.473684,0.526316,0.578947,0.631579,0.684211,0.736842,0.789474,0.842105,0.894737,0.947368,1.000000","0.671348,0.339040,0.446150,0.534859,0.522095,0.689044,0.431157,0.755733,0.276455,0.377003,0.395031,0.571097,0.598652,0.512078,0.454226,0.608471,0.361481,0.565472,0.356100,0.534508"
242,stim_0242.png,stim_0242.png,-0.0349,-0.02853,0.013063,20,0.15,2,Trend_Down,Big,11,0,2,4,"0.000000,0.052632,0.105263,0.157895,0.210526,0.263158,0.315789,0.368421,0.421053,0.473684,0.526316,0.578947,0.631579,0.684211,0.736842,0.789474,0.842105,0.894737,0.947368,1.000000","0.380330,0.525873,0.570101,0.506193,0.674413,0.403451,0.687665,0.296161,0.535693,0.473196,0.577841,0.553185,0.457878,0.541098,0.503748,0.425156,0.379052,0.433159,0.332512,0.743298"
243,stim_0243.png,stim_0243.png,-0.0349,-0.035596,0.018412,20,0.15,3,Trend_Down,Big,11,0,4,1,"0.000000,0.052632,0.105263,0.157895,0.210526,0.263158,0.315789,0.368421,0.421053,0.473684,0.526316,0.578947,0.631579,0.684211,0.736842,0.789474,0.842105,0.894737,0.947368,1.000000","0.507748,0.569899,0.411314,0.749465,0.406929,0.390199,0.569943,0.731912,0.571512,0.177737,0.431013,0.379157,0.484168,0.418040,0.638840,0.650612,0.453047,0.611828,0.344527,0.502108"
244,stim_0244.png,stim_0244.png,-0.0349,-0.025783,0.021331,20,0.15,4,Trend_Down,Big,11,0,0,1,"0.000000,0.052632,0.105263,0.157895,0.210526,0.263158,0.315789,0.368421,0.421053,0.473684,0.526316,0.578947,0.631579,0.684211,0.736842,0.789474,0.842105,0.894737,0.947368,1.000000","0.372566,0.546536,0.409838,0.696276,0.235532,0.720222,0.670224,0.550259,0.287648,0.708249,0.546718,0.471885,0.346997,0.459062,0.694883,0.369039,0.502202,0.525468,0.312636,0.573762"
245,stim_0245.png,stim_0245.png,-0.0349,-0.026028,0.015346,20,0.15,5,Trend_Down,Big,11,0,13,18,"0.000000,0.052632,0.105263,0.157895,0.210526,0.263158,0.315789,0.368421,0.421053,0.473684,0.526316,0.578947,0.631579,0.684211,0.736842,0.789474,0.842105,0.894737,0.947368,1.000000","0.360773,0.700729,0.618774,0.449296,0.748405,0.427039,0.388137,0.515619,0.461740,0.423919,0.344347,0.525733,0.278557,0.628607,0.487687,0.514997,0.627594,0.459678,0.652021,0.386349"
246,stim_0246.png,stim_0246.png,-0.0349,-0.045523,0.010075,20,0.15,6,Trend_Down,Big,11,0,4,5,"0.000000,0.052632,0.105263,0.157895,0.210526,0.263158,0.315789,0.368421,0.421053,0.473684,0.526316,0.578947,0.631579,0.684211,0.736842,0.789474,0.842105,0.894737,0.947368,1.000000","0.526333,0.578618,0.446743,0.363032,0.572079,0.600316,0.418334,0.756751,0.379842,0.451681,0.418689,0.504004,0.490733,0.614491,0.647574,0.516119,0.365906,0.405526,0.441233,0.501995"
247,stim_0247.png,stim_0247.png,-0.0349,-0.038016,0.027137,20,0.15,7,Trend_Down,Big,11,0,2,1,"0.000000,0.052632,0.105263,0.157895,0.210526,0.263158,0.315789,0.368421,0.421053,0.473684,0.526316,0.578947,0.631579,0.684211,0.736842,0.789474,0.842105,0.894737,0.947368,1.000000","0.688271,-0.024885,0.443932,0.856234,0.479102,0.480598,0.517070,0.465976,0.569730,0.529886,0.669583,0.588968,0.595051,0.405482,0.523622,0.459821,0.490396,0.443863,0.507758,0.309542"
248,stim_0248.png,stim_0248.png,-0.0349,-0.048093,0.022802,22,0.15,0,Trend_Down,Big,11,0,3,5,"0.000000,0.047619,0.095238,0.142857,0.190476,0.238095,0.285714,0.333333,0.380952,0.428571,0.476190,0.523810,0.571429,0.619048,0.666667,0.714286,0.761905,0.809524,0.857143,0.904762,0.952381,1.000000","0.312190,0.880719,0.575979,0.627619,0.508368,0.421383,0.641996,0.377156,0.200310,0.506927,0.506280,0.675487,0.298279,0.286247,0.600040,0.393915,0.564808,0.627799,0.420044,0.579681,0.518203,0.476570"
249,stim_0249.png,stim_0249.png,-0.0349,-0.036318,0.019843,22,0.15,1,Trend_Down,Big,11,0,0,1,"0.000000,0.047619,0.095238,0.142857,0.190476,0.238095,0.285714,0.333333,0.380952,0.428571,0.476190,0.523810,0.571429,0.619048,0.666667,0.714286,0.761905,0.809524,0.857143,0.904762,0.952381,1.000000","0.410059,0.339440,0.292611,0.899084,0.653080,0.562492,0.519955,0.571295,0.498550,0.502991,0.438568,0.731873,0.324733,0.339984,0.464551,0.632961,0.407646,0.494790,0.376491,0.443776,0.602023,0.493045"
250,stim_0250.png,stim_0250.png,-0.0349,-0.037384,0.020422,22,0.15,2,Trend_Down,Big,11,0,2,7,"0.000000,0.047619,0.095238,0.142857,0.190476,0.238095,0.285714,0.333333,0.380952,0.428571,0.476190,0.523810,0.571429,0.619048,0.666667,0.714286,0.761905,0.809524,0.857143,0.904762,0.952381,1.000000","0.720317,0.408704,0.561169,0.614388,0.591136,0.243324,0.666624,0.469259,0.494636,0.428062,0.504787,0.230051,0.216722,0.591782,0.615821,0.624500,0.484120,0.637201,0.406591,0.381419,0.428264,0.681123"
251,stim_0251.png,stim_0251.png,-0.0349,-0.025271,0.015893,22,0.15,3,Trend_Down,Big,11,0,7,4,"0.000000,0.047619,0.095238,0.142857,0.190476,0.238095,0.285714,0.333333,0.380952,0.428571,0.476190,0.523810,0.571429,0.619048,0.666667,0.714286,0.761905,0.809524,0.857143,0.904762,0.952381,1.000000","0.617707,0.628076,0.525380,0.273633,0.340052,0.437777,0.364739,0.350152,0.615805,0.731883,0.690927,0.594261,0.561821,0.414316,0.609239,0.537539,0.591896,0.349984,0.386685,0.368259,0.518420,0.491450"
252,stim_0252.png,stim_0252.png,-0.0349,-0.037717,0.022649,22,0.15,4,Trend_Down,Big,11,0,1,2,"0.000000,0.047619,0.095238,0.142857,0.190476,0.238095,0.285714,0.333333,0.380952,0.428571,0.476190,0.523810,0.571429,0.619048,0.666667,0.714286,0.761905,0.809524,0.857143,0.904762,0.952381,1.000000","0.556685,0.545560,0.647073,0.368943,0.665100,0.297683,0.591677,0.394521,0.386539,0.512145,0.615091,0.540533,0.494239,0.444195,0.491925,0.305438,0.495947,0.814473,0.536860,0.174292,0.768700,0.352382"
253,stim_0253.png,stim_0253.png,-0.0349,-0.028418,0.015694,22,0.15,5,Trend_Down,Big,11,0,1,0,"0.000000,0.047619,0.095238,0.142857,0.190476,0.238095,0.285714,0.333333,0.380952,0.428571,0.476190,0.523810,0.571429,0.619048,0.666667,0.714286,0.761905,0.809524,0.857143,0.904762,0.952381,1.000000","0.771992,0.485028,0.373799,0.467966,0.641472,0.347026,0.541343,0.442172,0.320685,0.445970,0.358974,0.570361,0.550898,0.731956,0.448739,0.487341,0.649612,0.644890,0.458447,0.471530,0.294507,0.495291"
254,stim_0254.png,stim_0254.png,-0.0349,-0.041326,0.015704,22,0.15,6,Trend_Down,Big,11,0,7,10,"0.000000,0.047619,0.095238,0.142857,0.190476,0.238095,0.285714,0.333333,0.380952,0.428571,0.476190,0.523810,0.571429,0.619048,0.666667,0.714286,0.761905,0.809524,0.857143,0.904762,0.952381,1.000000","0.417219,0.793434,0.547757,0.538014,0.333268,0.506293,0.345905,0.482951,0.449884,0.695772,0.408466,0.684743,0.426463,0.390796,0.457993,0.630592,0.405074,0.508845,0.507747,0.539973,0.648210,0.280598"
255,stim_0255.png,stim_0255.png,-0.0349,-0.033569,0.029016,22,0.15,7,Trend_Down,Big,11,0,3,6,"0.000000,0.047619,0.095238,0.142857,0.190476,0.238095,0.285714,0.333333,0.380952,0.428571,0.476190,0.523810,0.571429,0.619048,0.666667,0.714286,0.761905,0.809524,0.857143,0.904762,0.952381,1.000000","0.441983,0.832638,0.468423,0.755104,0.442017,0.740687,0.259906,0.255208,0.391260,0.215117,0.421134,0.540281,0.585750,0.675764,0.421396,0.526122,0.319070,0.422456,0.810509,0.479002,0.490314,0.505862"
256,stim_0256.png,stim_0256.png,0.0349,0.049748,0.014614,8,0.15,0,Trend_Up,Small,11,0,19,32,"0.000000,0.142857,0.285714,0.428571,0.571429,0.714286,0.857143,1.000000","0.506966,0.355584,0.677933,0.471015,0.428777,0.374501,0.710191,0.475034"
257,stim_0257.png,stim_0257.png,0.0349,0.034429,0.010097,8,0.15,1,Trend_Up,Small,11,0,3,6,"0.000000,0.142857,0.285714,0.428571,0.571429,0.714286,0.857143,1.000000","0.505089,0.438701,0.543341,0.518888,0.382247,0.670371,0.345858,0.595505"
258,stim_0258.png,stim_0258.png,0.0349,0.03897,0.011567,8,0.15,2,Trend_Up,Small,11,0,2,4,"0.000000,0.142857,0.285714,0.428571,0.571429,0.714286,0.857143,1.000000","0.539834,0.252062,0.645636,0.530209,0.553038,0.517496,0.431854,0.529872"
259,stim_0259.png,stim_0259.png,0.0349,0.035303,0.020199,8,0.15,3,Trend_Up,Small,11,0,23,18,"0.000000,0.142857,0.285714,0.428571,0.571429,0.714286,0.857143,1.000000","0.286677,0.632968,0.698740,0.535967,0.327266,0.482077,0.400117,0.636189"
260,stim_0260.png,stim_0260.png,0.0349,0.041701,0.02618,8,0.15,4,Trend_Up,Small,11,0,5,8,"0.000000,0.142857,0.285714,0.428571,0.571429,0.714286,0.857143,1.000000","0.726119,0.477665,0.170251,0.423794,0.436728,0.692475,0.559408,0.513560"
261,stim_0261.png,stim_0261.png,0.0349,0.046387,0.028941,8,0.15,5,Trend_Up,Small,11,0,0,1,"0.000000,0.142857,0.285714,0.428571,0.571429,0.714286,0.857143,1.000000","0.616400,0.380789,0.328355,0.813388,0.284621,0.385224,0.602507,0.588717"
262,stim_0262.png,stim_0262.png,0.0349,0.043294,0.022637,8,0.15,6,Trend_Up,Small,11,0,0,3,"0.000000,0.142857,0.285714,0.428571,0.571429,0.714286,0.857143,1.000000","0.404999,0.407319,0.592015,0.552875,0.780808,0.230214,0.486901,0.544869"
263,stim_0263.png,stim_0263.png,0.0349,0.046892,0.033258,8,0.15,7,Trend_Up,Small,11,0,1,6,"0.000000,0.142857,0.285714,0.428571,0.571429,0.714286,0.857143,1.000000","0.461192,0.588531,0.706107,0.138037,0.349111,0.701000,0.427098,0.628923"
264,stim_0264.png,stim_0264.png,0.0349,0.036486,0.015042,10,0.15,0,Trend_Up,Small,11,0,2,8,"0.000000,0.111111,0.222222,0.333333,0.444444,0.555556,0.666667,0.777778,0.888889,1.000000","0.335248,0.553138,0.460351,0.763935,0.379857,0.456427,0.481982,0.664242,0.417713,0.487106"
265,stim_0265.png,stim_0265.png,0.0349,0.028015,0.026228,10,0.15,1,Trend_Up,Small,11,0,4,4,"0.000000,0.111111,0.222222,0.333333,0.444444,0.555556,0.666667,0.777778,0.888889,1.000000","0.492460,0.410358,0.385891,0.415464,0.846021,0.375953,0.756798,0.506686,0.316485,0.493884"
266,stim_0266.png,stim_0266.png,0.0349,0.044211,0.028577,10,0.15,2,Trend_Up,Small,11,0,10,14,"0.000000,0.111111,0.222222,0.333333,0.444444,0.555556,0.666667,0.777778,0.888889,1.000000","0.343964,0.632091,0.333082,0.431800,0.855400,0.519065,0.341021,0.661049,0.321531,0.560997"
267,stim_0267.png,stim_0267.png,0.0349,0.020683,0.010038,10,0.15,3,Trend_Up,Small,11,0,2,2,"0.000000,0.111111,0.222222,0.333333,0.444444,0.555556,0.666667,0.777778,0.888889,1.000000","0.523458,0.529769,0.467163,0.455514,0.666942,0.262116,0.501781,0.454483,0.560419,0.578355"
268,stim_0268.png,stim_0268.png,0.0349,0.03405,0.02429,10,0.15,4,Trend_Up,Small,11,0,12,20,"0.000000,0.111111,0.222222,0.333333,0.444444,0.555556,0.666667,0.777778,0.888889,1.000000","0.544604,0.771429,0.354424,0.344855,0.203940,0.484905,0.665374,0.551384,0.506711,0.572375"
269,stim_0269.png,stim_0269.png,0.0349,0.041518,0.015869,10,0.15,5,Trend_Up,Small,11,0,5,4,"0.000000,0.111111,0.222222,0.333333,0.444444,0.555556,0.666667,0.777778,0.888889,1.000000","0.463560,0.620587,0.421318,0.650176,0.465304,0.267708,0.405118,0.533341,0.453009,0.719879"
270,stim_0270.png,stim_0270.png,0.0349,0.028104,0.020875,10,0.15,6,Trend_Up,Small,11,0,3,1,"0.000000,0.111111,0.222222,0.333333,0.444444,0.555556,0.666667,0.777778,0.888889,1.000000","0.652989,0.433458,0.527491,0.332748,0.441546,0.426514,0.738166,0.242311,0.595985,0.608792"
271,stim_0271.png,stim_0271.png,0.0349,0.047746,0.029161,10,0.15,7,Trend_Up,Small,11,0,4,7,"0.000000,0.111111,0.222222,0.333333,0.444444,0.555556,0.666667,0.777778,0.888889,1.000000","0.651871,0.236713,0.396069,0.591230,0.347151,0.707447,0.780129,0.323820,0.428352,0.537219"
272,stim_0272.png,stim_0272.png,0.0349,0.038201,0.020748,12,0.15,0,Trend_Up,Small,11,0,3,2,"0.000000,0.090909,0.181818,0.272727,0.363636,0.454545,0.545455,0.636364,0.727273,0.818182,0.909091,1.000000","0.383113,0.257657,0.754808,0.704176,0.586169,0.324662,0.548394,0.438194,0.369022,0.570734,0.491459,0.571612"
273,stim_0273.png,stim_0273.png,0.0349,0.045341,0.034897,12,0.15,1,Trend_Up,Small,11,0,9,14,"0.000000,0.090909,0.181818,0.272727,0.363636,0.454545,0.545455,0.636364,0.727273,0.818182,0.909091,1.000000","0.486725,0.310944,0.489178,0.757984,0.428157,0.668693,0.332350,0.370550,0.768521,0.152558,0.716774,0.517563"
274,stim_0274.png,stim_0274.png,0.0349,0.039015,0.014038,12,0.15,2,Trend_Up,Small,11,0,1,2,"0.000000,0.090909,0.181818,0.272727,0.363636,0.454545,0.545455,0.636364,0.727273,0.818182,0.909091,1.000000","0.494680,0.513833,0.494219,0.498595,0.390846,0.352003,0.770430,0.547796,0.445438,0.307184,0.634312,0.550664"
275,stim_0275.png,stim_0275.png,0.0349,0.01876,0.0236,12,0.15,3,Trend_Up,Small,11,0,15,15,"0.000000,0.090909,0.181818,0.272727,0.363636,0.454545,0.545455,0.636364,0.727273,0.818182,0.909091,1.000000","0.491406,0.386677,0.573845,0.756865,0.163498,0.708757,0.322269,0.577512,0.501502,0.485292,0.470855,0.561522"
276,stim_0276.png,stim_0276.png,0.0349,0.031499,0.019032,12,0.15,4,Trend_Up,Small,11,0,0,4,"0.000000,0.090909,0.181818,0.272727,0.363636,0.454545,0.545455,0.636364,0.727273,0.818182,0.909091,1.000000","0.515193,0.728793,0.353734,0.372805,0.476661,0.385878,0.408627,0.667530,0.377524,0.765958,0.439770,0.507526"
277,stim_0277.png,stim_0277.png,0.0349,0.023377,0.020707,12,0.15,5,Trend_Up,Small,11,0,4,3,"0.000000,0.090909,0.181818,0.272727,0.363636,0.454545,0.545455,0.636364,0.727273,0.818182,0.909091,1.000000","0.338632,0.443105,0.646577,0.481594,0.413674,0.795980,0.310986,0.738742,0.435085,0.477711,0.425978,0.491936"
278,stim_0278.png,stim_0278.png,0.0349,0.030687,0.014746,12,0.15,6,Trend_Up,Small,11,0,0,0,"0.000000,0.090909,0.181818,0.272727,0.363636,0.454545,0.545455,0.636364,0.727273,0.818182,0.909091,1.000000","0.652480,0.304996,0.431981,0.584640,0.409014,0.608267,0.450879,0.603460,0.365348,0.591938,0.348020,0.648977"
279,stim_0279.png,stim_0279.png,0.0349,0.04356,0.015974,12,0.15,7,Trend_Up,Small,11,0,0,0,"0.000000,0.090909,0.181818,0.272727,0.363636,0.454545,0.545455,0.636364,0.727273,0.818182,0.909091,1.000000","0.596099,0.365628,0.729180,0.452437,0.458298,0.480378,0.292757,0.395054,0.395950,0.541382,0.633274,0.659565"
280,stim_0280.png,stim_0280.png,0.0349,0.034515,0.021813,14,0.15,0,Trend_Up,Small,11,0,5,2,"0.000000,0.076923,0.153846,0.230769,0.307692,0.384615,0.461538,0.538462,0.615385,0.692308,0.769231,0.846154,0.923077,1.000000","0.458977,0.321652,0.663612,0.319149,0.676609,0.769898,0.409610,0.466068,0.460866,0.338748,0.478193,0.616790,0.338427,0.681402"
281,stim_0281.png,stim_0281.png,0.0349,0.017629,0.011683,14,0.15,1,Trend_Up,Small,11,0,3,2,"0.000000,0.076923,0.153846,0.230769,0.307692,0.384615,0.461538,0.538462,0.615385,0.692308,0.769231,0.846154,0.923077,1.000000","0.337142,0.545746,0.631991,0.557241,0.584529,0.376843,0.343644,0.535412,0.514684,0.450847,0.621376,0.636268,0.328434,0.535844"
282,stim_0282.png,stim_0282.png,0.0349,0.027315,0.017715,14,0.15,2,Trend_Up,Small,11,0,4,1,"0.000000,0.076923,0.153846,0.230769,0.307692,0.384615,0.461538,0.538462,0.615385,0.692308,0.769231,0.846154,0.923077,1.000000","0.424985,0.598040,0.304094,0.314164,0.546558,0.835952,0.482504,0.491582,0.514061,0.678847,0.397026,0.478751,0.466077,0.467357"
283,stim_0283.png,stim_0283.png,0.0349,0.029859,0.024366,14,0.15,3,Trend_Up,Small,11,0,1,0,"0.000000,0.076923,0.153846,0.230769,0.307692,0.384615,0.461538,0.538462,0.615385,0.692308,0.769231,0.846154,0.923077,1.000000","0.676315,0.415943,0.409361,0.663821,0.320116,0.596335,0.338653,0.686398,0.140321,0.528042,0.541685,0.472887,0.527596,0.682527"
284,stim_0284.png,stim_0284.png,0.0349,0.036848,0.017293,14,0.15,4,Trend_Up,Small,11,0,5,4,"0.000000,0.076923,0.153846,0.230769,0.307692,0.384615,0.461538,0.538462,0.615385,0.692308,0.769231,0.846154,0.923077,1.000000","0.607811,0.656344,0.425055,0.300689,0.499639,0.556872,0.588574,0.295182,0.453961,0.304534,0.485021,0.459652,0.689859,0.676809"
285,stim_0285.png,stim_0285.png,0.0349,0.036705,0.014143,14,0.15,5,Trend_Up,Small,11,0,6,3,"0.000000,0.076923,0.153846,0.230769,0.307692,0.384615,0.461538,0.538462,0.615385,0.692308,0.769231,0.846154,0.923077,1.000000","0.482626,0.650501,0.293290,0.315026,0.538136,0.513363,0.533256,0.712431,0.536746,0.363800,0.639368,0.415394,0.555743,0.450320"
286,stim_0286.png,stim_0286.png,0.0349,0.051712,0.012104,14,0.15,6,Trend_Up,Small,11,0,7,8,"0.000000,0.076923,0.153846,0.230769,0.307692,0.384615,0.461538,0.538462,0.615385,0.692308,0.769231,0.846154,0.923077,1.000000","0.564218,0.565646,0.653107,0.234950,0.341515,0.376608,0.588511,0.559884,0.455137,0.448738,0.547905,0.575619,0.507793,0.580367"
287,stim_0287.png,stim_0287.png,0.0349,0.045406,0.029233,14,0.15,7,Trend_Up,Small,11,0,7,5,"0.000000,0.076923,0.153846,0.230769,0.307692,0.384615,0.461538,0.538462,0.615385,0.692308,0.769231,0.846154,0.923077,1.000000","0.386641,0.525096,0.637882,0.424867,0.671033,0.531011,0.436111,0.573649,0.348962,0.217203,0.191603,0.798554,0.544958,0.712431"
288,stim_0288.png,stim_0288.png,0.0349,0.041209,0.023647,16,0.15,0,Trend_Up,Big,11,0,3,1,"0.000000,0.066667,0.133333,0.200000,0.266667,0.333333,0.400000,0.466667,0.533333,0.600000,0.666667,0.733333,0.800000,0.866667,0.933333,1.000000","0.423297,0.853418,0.272789,0.535541,0.422615,0.373104,0.560052,0.352609,0.482270,0.593065,0.407011,0.356337,0.741494,0.692237,0.551100,0.383062"
289,stim_0289.png,stim_0289.png,0.0349,0.049475,0.031525,16,0.15,1,Trend_Up,Big,11,0,2,5,"0.000000,0.066667,0.133333,0.200000,0.266667,0.333333,0.400000,0.466667,0.533333,0.600000,0.666667,0.733333,0.800000,0.866667,0.933333,1.000000","0.664177,0.408954,0.510709,0.102111,0.344164,0.773569,0.473635,0.626662,0.496230,0.706346,0.488817,0.621809,0.173124,0.423799,0.518517,0.667377"
290,stim_0290.png,stim_0290.png,0.0349,0.030071,0.022299,16,0.15,2,Trend_Up,Big,11,0,0,0,"0.000000,0.066667,0.133333,0.200000,0.266667,0.333333,0.400000,0.466667,0.533333,0.600000,0.666667,0.733333,0.800000,0.866667,0.933333,1.000000","0.379224,0.445542,0.477230,0.686023,0.466517,0.598662,0.411116,0.285609,0.454864,0.569641,0.566932,0.630451,0.830621,0.409098,0.584535,0.203935"
291,stim_0291.png,stim_0291.png,0.0349,0.037882,0.018924,16,0.15,3,Trend_Up,Big,11,0,6,5,"0.000000,0.066667,0.133333,0.200000,0.266667,0.333333,0.400000,0.466667,0.533333,0.600000,0.666667,0.733333,0.800000,0.866667,0.933333,1.000000","0.515393,0.382210,0.343207,0.558043,0.503663,0.647849,0.524610,0.712742,0.376515,0.556229,0.370965,0.610125,0.397996,0.206048,0.584698,0.709707"
292,stim_0292.png,stim_0292.png,0.0349,0.022992,0.018305,16,0.15,4,Trend_Up,Big,11,0,6,14,"0.000000,0.066667,0.133333,0.200000,0.266667,0.333333,0.400000,0.466667,0.533333,0.600000,0.666667,0.733333,0.800000,0.866667,0.933333,1.000000","0.309801,0.460792,0.674867,0.672306,0.681768,0.400039,0.236061,0.594100,0.391304,0.459014,0.470734,0.601606,0.518815,0.496212,0.360447,0.672135"
293,stim_0293.png,stim_0293.png,0.0349,0.0368,0.016266,16,0.15,5,Trend_Up,Big,11,0,1,0,"0.000000,0.066667,0.133333,0.200000,0.266667,0.333333,0.400000,0.466667,0.533333,0.600000,0.666667,0.733333,0.800000,0.866667,0.933333,1.000000","0.352674,0.371515,0.536832,0.678772,0.330004,0.701667,0.345865,0.513675,0.592787,0.547029,0.444842,0.740487,0.528688,0.524744,0.428153,0.362265"
294,stim_0294.png,stim_0294.png,0.0349,0.031084,0.013948,16,0.15,6,Trend_Up,Big,11,0,4,12,"0.000000,0.066667,0.133333,0.200000,0.266667,0.333333,0.400000,0.466667,0.533333,0.600000,0.666667,0.733333,0.800000,0.866667,0.933333,1.000000","0.522708,0.290950,0.782024,0.317762,0.585192,0.379811,0.550829,0.542820,0.531333,0.459853,0.561867,0.382653,0.545821,0.408238,0.594476,0.543664"
295,stim_0295.png,stim_0295.png,0.0349,0.032908,0.021196,16,0.15,7,Trend_Up,Big,11,0,3,1,"0.000000,0.066667,0.133333,0.200000,0.266667,0.333333,0.400000,0.466667,0.533333,0.600000,0.666667,0.733333,0.800000,0.866667,0.933333,1.000000","0.373694,0.427538,0.804920,0.416267,0.626386,0.194914,0.571078,0.353436,0.625547,0.566622,0.514698,0.591676,0.515695,0.285243,0.561090,0.571197"
296,stim_0296.png,stim_0296.png,0.0349,0.051278,0.02301,18,0.15,0,Trend_Up,Big,11,0,0,2,"0.000000,0.058824,0.117647,0.176471,0.235294,0.294118,0.352941,0.411765,0.470588,0.529412,0.588235,0.647059,0.705882,0.764706,0.823529,0.882353,0.941176,1.000000","0.537469,0.478116,0.185421,0.299524,0.617851,0.707525,0.523930,0.488335,0.671360,0.538956,0.253004,0.671522,0.615619,0.397473,0.659279,0.345498,0.617286,0.391834"
297,stim_0297.png,stim_0297.png,0.0349,0.018931,0.022098,18,0.15,1,Trend_Up,Big,11,0,5,4,"0.000000,0.058824,0.117647,0.176471,0.235294,0.294118,0.352941,0.411765,0.470588,0.529412,0.588235,0.647059,0.705882,0.764706,0.823529,0.882353,0.941176,1.000000","0.462143,0.564363,0.484302,0.439443,0.731806,0.493329,0.046208,0.569633,0.490446,0.664711,0.606607,0.568423,0.425738,0.552677,0.282506,0.421380,0.601279,0.595005"
298,stim_0298.png,stim_0298.png,0.0349,0.05146,0.019029,18,0.15,2,Trend_Up,Big,11,0,4,6,"0.000000,0.058824,0.117647,0.176471,0.235294,0.294118,0.352941,0.411765,0.470588,0.529412,0.588235,0.647059,0.705882,0.764706,0.823529,0.882353,0.941176,1.000000","0.699993,0.471270,0.282591,0.353607,0.569644,0.578130,0.398450,0.469031,0.562261,0.509230,0.635524,0.365267,0.538118,0.283507,0.412136,0.838691,0.474757,0.557793"
299,stim_0299.png,stim_0299.png,0.0349,0.022036,0.014679,18,0.15,3,Trend_Up,Big,11,0,1,0,"0.000000,0.058824,0.117647,0.176471,0.235294,0.294118,0.352941,0.411765,0.470588,0.529412,0.588235,0.647059,0.705882,0.764706,0.823529,0.882353,0.941176,1.000000","0.571184,0.603637,0.409411,0.247698,0.390007,0.492736,0.786114,0.516245,0.461200,0.546735,0.340405,0.701765,0.439758,0.421032,0.538469,0.479686,0.526264,0.527653"
300,stim_0300.png,stim_0300.png,0.0349,0.019933,0.016636,18,0.15,4,Trend_Up,Big,11,0,1,1,"0.000000,0.058824,0.117647,0.176471,0.235294,0.294118,0.352941,0.411765,0.470588,0.529412,0.588235,0.647059,0.705882,0.764706,0.823529,0.882353,0.941176,1.000000","0.669257,0.395581,0.415350,0.561927,0.331723,0.352502,0.512241,0.630341,0.461736,0.651255,0.731820,0.493743,0.403850,0.399008,0.369137,0.373726,0.726509,0.520293"
301,stim_0301.png,stim_0301.png,0.0349,0.043432,0.0192,18,0.15,5,Trend_Up,Big,11,0,0,3,"0.000000,0.058824,0.117647,0.176471,0.235294,0.294118,0.352941,0.411765,0.470588,0.529412,0.588235,0.647059,0.705882,0.764706,0.823529,0.882353,0.941176,1.000000","0.515596,0.276072,0.361030,0.740598,0.446355,0.596287,0.624366,0.492052,0.481901,0.236200,0.715613,0.392481,0.409527,0.708065,0.563719,0.418603,0.550321,0.471214"
302,stim_0302.png,stim_0302.png,0.0349,0.028298,0.01992,18,0.15,6,Trend_Up,Big,11,0,4,5,"0.000000,0.058824,0.117647,0.176471,0.235294,0.294118,0.352941,0.411765,0.470588,0.529412,0.588235,0.647059,0.705882,0.764706,0.823529,0.882353,0.941176,1.000000","0.558574,0.395787,0.642990,0.440317,0.612669,0.573945,0.411026,0.320907,0.525876,0.360718,0.216774,0.592368,0.686521,0.708466,0.467184,0.342984,0.429238,0.713655"
303,stim_0303.png,stim_0303.png,0.0349,0.024389,0.019089,18,0.15,7,Trend_Up,Big,11,0,1,3,"0.000000,0.058824,0.117647,0.176471,0.235294,0.294118,0.352941,0.411765,0.470588,0.529412,0.588235,0.647059,0.705882,0.764706,0.823529,0.882353,0.941176,1.000000","0.382317,0.359299,0.621127,0.655611,0.412001,0.674020,0.578796,0.495199,0.651693,0.271720,0.274013,0.368405,0.699477,0.408324,0.401973,0.635386,0.523408,0.587232"
304,stim_0304.png,stim_0304.png,0.0349,0.027431,0.025697,20,0.15,0,Trend_Up,Big,11,0,8,6,"0.000000,0.052632,0.105263,0.157895,0.210526,0.263158,0.315789,0.368421,0.421053,0.473684,0.526316,0.578947,0.631579,0.684211,0.736842,0.789474,0.842105,0.894737,0.947368,1.000000","0.422437,0.650405,0.731792,0.164083,0.559728,0.315073,0.674944,0.352492,0.340383,0.450261,0.829340,0.477513,0.512070,0.493556,0.326178,0.608008,0.658229,0.472538,0.369900,0.591069"
305,stim_0305.png,stim_0305.png,0.0349,0.037143,0.022604,20,0.15,1,Trend_Up,Big,11,0,0,2,"0.000000,0.052632,0.105263,0.157895,0.210526,0.263158,0.315789,0.368421,0.421053,0.473684,0.526316,0.578947,0.631579,0.684211,0.736842,0.789474,0.842105,0.894737,0.947368,1.000000","0.528352,0.398666,0.537576,0.595693,0.218549,0.702911,0.579960,0.133996,0.481968,0.546961,0.710521,0.570034,0.627476,0.199804,0.533711,0.575891,0.556610,0.548899,0.491902,0.460519"
306,stim_0306.png,stim_0306.png,0.0349,0.050373,0.013377,20,0.15,2,Trend_Up,Big,11,0,9,12,"0.000000,0.052632,0.105263,0.157895,0.210526,0.263158,0.315789,0.368421,0.421053,0.473684,0.526316,0.578947,0.631579,0.684211,0.736842,0.789474,0.842105,0.894737,0.947368,1.000000","0.429126,0.566569,0.446869,0.456943,0.572343,0.548499,0.699595,0.456266,0.491007,0.346813,0.532900,0.418778,0.479657,0.356826,0.229429,0.486949,0.491439,0.687760,0.684527,0.617706"
307,stim_0307.png,stim_0307.png,0.0349,0.035776,0.020516,20,0.15,3,Trend_Up,Big,11,0,1,1,"0.000000,0.052632,0.105263,0.157895,0.210526,0.263158,0.315789,0.368421,0.421053,0.473684,0.526316,0.578947,0.631579,0.684211,0.736842,0.789474,0.842105,0.894737,0.947368,1.000000","0.342222,0.540825,0.454395,0.519860,0.634329,0.549964,0.195146,0.717835,0.499286,0.667516,0.703809,0.355559,0.446648,0.266405,0.482348,0.311749,0.594714,0.476325,0.636432,0.604635"
308,stim_0308.png,stim_0308.png,0.0349,0.052349,0.016616,20,0.15,4,Trend_Up,Big,11,0,0,1,"0.000000,0.052632,0.105263,0.157895,0.210526,0.263158,0.315789,0.368421,0.421053,0.473684,0.526316,0.578947,0.631579,0.684211,0.736842,0.789474,0.842105,0.894737,0.947368,1.000000","0.533620,0.333372,0.461191,0.377611,0.495553,0.403795,0.723658,0.600672,0.682776,0.410289,0.472828,0.619500,0.347046,0.352597,0.474485,0.687003,0.477308,0.385083,0.751921,0.409692"
309,stim_0309.png,stim_0309.png,0.0349,0.049878,0.02218,20,0.15,5,Trend_Up,Big,11,0,9,9,"0.000000,0.052632,0.105263,0.157895,0.210526,0.263158,0.315789,0.368421,0.421053,0.473684,0.526316,0.578947,0.631579,0.684211,0.736842,0.789474,0.842105,0.894737,0.947368,1.000000","0.553007,0.579692,0.351233,0.631139,0.740324,0.489905,0.496694,-0.009705,0.453298,0.401593,0.494508,0.454782,0.523346,0.468102,0.496097,0.676793,0.470622,0.651638,0.473488,0.603441"
310,stim_0310.png,stim_0310.png,0.0349,0.018841,0.016372,20,0.15,6,Trend_Up,Big,11,0,1,6,"0.000000,0.052632,0.105263,0.157895,0.210526,0.263158,0.315789,0.368421,0.421053,0.473684,0.526316,0.578947,0.631579,0.684211,0.736842,0.789474,0.842105,0.894737,0.947368,1.000000","0.401707,0.504860,0.603608,0.614948,0.491938,0.579349,0.375510,0.475474,0.437082,0.551781,0.612112,0.417192,0.502721,0.384586,0.237171,0.676825,0.241429,0.553032,0.720545,0.618130"
311,stim_0311.png,stim_0311.png,0.0349,0.029011,0.024796,20,0.15,7,Trend_Up,Big,11,0,4,5,"0.000000,0.052632,0.105263,0.157895,0.210526,0.263158,0.315789,0.368421,0.421053,0.473684,0.526316,0.578947,0.631579,0.684211,0.736842,0.789474,0.842105,0.894737,0.947368,1.000000","0.425103,0.316339,0.778885,0.540851,0.440879,0.500183,0.231624,0.720907,0.435845,0.290308,0.363857,0.731624,0.497578,0.768267,0.679944,0.481306,0.410883,0.540215,0.485441,0.359963"
312,stim_0312.png,stim_0312.png,0.0349,0.020778,0.020769,22,0.15,0,Trend_Up,Big,11,0,6,8,"0.000000,0.047619,0.095238,0.142857,0.190476,0.238095,0.285714,0.333333,0.380952,0.428571,0.476190,0.523810,0.571429,0.619048,0.666667,0.714286,0.761905,0.809524,0.857143,0.904762,0.952381,1.000000","0.519238,0.527837,0.329640,0.715891,0.487814,0.654490,0.363819,0.268269,0.545273,0.235496,0.447060,0.651707,0.584256,0.554033,0.526252,0.485648,0.482588,0.774893,0.661857,0.243759,0.413154,0.527026"
313,stim_0313.png,stim_0313.png,0.0349,0.029326,0.020772,22,0.15,1,Trend_Up,Big,11,0,0,0,"0.000000,0.047619,0.095238,0.142857,0.190476,0.238095,0.285714,0.333333,0.380952,0.428571,0.476190,0.523810,0.571429,0.619048,0.666667,0.714286,0.761905,0.809524,0.857143,0.904762,0.952381,1.000000","0.264801,0.341872,0.553713,0.451744,0.277473,0.701793,0.602771,0.643489,0.585726,0.608828,0.650584,0.484776,0.492464,0.480592,0.441930,0.598571,0.652102,0.472028,0.398661,0.147891,0.690329,0.457864"
314,stim_0314.png,stim_0314.png,0.0349,0.046548,0.0136,22,0.15,2,Trend_Up,Big,11,0,7,8,"0.000000,0.047619,0.095238,0.142857,0.190476,0.238095,0.285714,0.333333,0.380952,0.428571,0.476190,0.523810,0.571429,0.619048,0.666667,0.714286,0.761905,0.809524,0.857143,0.904762,0.952381,1.000000","0.381016,0.591094,0.389759,0.528672,0.541214,0.339986,0.296967,0.559853,0.555635,0.584168,0.645963,0.690419,0.405661,0.358408,0.561392,0.466535,0.653901,0.403580,0.558350,0.688437,0.433643,0.365347"
315,stim_0315.png,stim_0315.png,0.0349,0.026135,0.026955,22,0.15,3,Trend_Up,Big,11,0,1,2,"0.000000,0.047619,0.095238,0.142857,0.190476,0.238095,0.285714,0.333333,0.380952,0.428571,0.476190,0.523810,0.571429,0.619048,0.666667,0.714286,0.761905,0.809524,0.857143,0.904762,0.952381,1.000000","0.436629,0.473747,0.621394,0.824551,0.339526,0.504476,0.620521,0.412358,0.247785,0.355071,0.572632,0.647756,0.463181,0.429493,0.416527,0.066038,0.628421,0.550203,0.499904,0.780962,0.601393,0.507431"
316,stim_0316.png,stim_0316.png,0.0349,0.021466,0.027407,22,0.15,4,Trend_Up,Big,11,0,0,0,"0.000000,0.047619,0.095238,0.142857,0.190476,0.238095,0.285714,0.333333,0.380952,0.428571,0.476190,0.523810,0.571429,0.619048,0.666667,0.714286,0.761905,0.809524,0.857143,0.904762,0.952381,1.000000","0.782642,0.212752,0.588861,0.428237,0.663576,0.467814,0.114343,0.509232,0.517262,0.472627,0.603935,0.593120,0.619141,0.514548,0.412761,0.378255,0.526229,0.399636,0.353578,0.775481,0.738179,0.327790"
317,stim_0317.png,stim_0317.png,0.0349,0.026277,0.025839,22,0.15,5,Trend_Up,Big,11,0,0,1,"0.000000,0.047619,0.095238,0.142857,0.190476,0.238095,0.285714,0.333333,0.380952,0.428571,0.476190,0.523810,0.571429,0.619048,0.666667,0.714286,0.761905,0.809524,0.857143,0.904762,0.952381,1.000000","0.567156,0.629151,0.070663,0.513406,0.593683,0.457880,0.542512,0.633901,0.545041,0.466884,0.530236,0.608068,0.513916,0.539311,0.452899,0.438674,0.378733,0.073269,0.422533,0.755508,0.574958,0.691617"
318,stim_0318.png,stim_0318.png,0.0349,0.029525,0.027186,22,0.15,6,Trend_Up,Big,11,0,5,6,"0.000000,0.047619,0.095238,0.142857,0.190476,0.238095,0.285714,0.333333,0.380952,0.428571,0.476190,0.523810,0.571429,0.619048,0.666667,0.714286,0.761905,0.809524,0.857143,0.904762,0.952381,1.000000","0.222416,0.744342,0.275938,0.598874,0.580204,0.632264,0.348082,0.429358,0.427868,0.350248,0.517774,0.682401,0.626061,0.488612,0.431130,0.901451,0.388062,0.553402,0.426581,0.677097,0.420262,0.277574"
319,stim_0319.png,stim_0319.png,0.0349,0.031392,0.013042,22,0.15,7,Trend_Up,Big,11,0,0,1,"0.000000,0.047619,0.095238,0.142857,0.190476,0.238095,0.285714,0.333333,0.380952,0.428571,0.476190,0.523810,0.571429,0.619048,0.666667,0.714286,0.761905,0.809524,0.857143,0.904762,0.952381,1.000000","0.464263,0.671302,0.342547,0.344193,0.361458,0.661093,0.428642,0.575601,0.421608,0.552882,0.647070,0.536093,0.457836,0.287625,0.528239,0.680228,0.562019,0.662471,0.487828,0.462419,0.443522,0.421062"
320,stim_0320.png,stim_0320.png,0.0699,0.053282,0.015422,8,0.15,0,Trend_Up,Small,11,0,0,1,"0.000000,0.142857,0.285714,0.428571,0.571429,0.714286,0.857143,1.000000","0.456391,0.274119,0.591090,0.619251,0.523007,0.639770,0.559841,0.336531"
321,stim_0321.png,stim_0321.png,0.0699,0.075624,0.024164,8,0.15,1,Trend_Up,Small,11,0,4,4,"0.000000,0.142857,0.285714,0.428571,0.571429,0.714286,0.857143,1.000000","0.165553,0.654843,0.681928,0.466811,0.632794,0.417350,0.448358,0.532362"
322,stim_0322.png,stim_0322.png,0.0699,0.054882,0.017396,8,0.15,2,Trend_Up,Small,11,0,1,9,"0.000000,0.142857,0.285714,0.428571,0.571429,0.714286,0.857143,1.000000","0.285102,0.474893,0.723245,0.620580,0.525152,0.340000,0.471637,0.559391"
323,stim_0323.png,stim_0323.png,0.0699,0.071049,0.010026,8,0.15,3,Trend_Up,Small,11,0,0,4,"0.000000,0.142857,0.285714,0.428571,0.571429,0.714286,0.857143,1.000000","0.509909,0.635238,0.301910,0.461375,0.407116,0.504645,0.607227,0.572581"
324,stim_0324.png,stim_0324.png,0.0699,0.063158,0.020681,8,0.15,4,Trend_Up,Small,11,0,1,2,"0.000000,0.142857,0.285714,0.428571,0.571429,0.714286,0.857143,1.000000","0.493327,0.408622,0.488209,0.541707,0.727574,0.194260,0.536912,0.609389"
325,stim_0325.png,stim_0325.png,0.0699,0.083785,0.021999,8,0.15,5,Trend_Up,Small,11,0,2,0,"0.000000,0.142857,0.285714,0.428571,0.571429,0.714286,0.857143,1.000000","0.372326,0.430486,0.570467,0.480887,0.708978,0.327734,0.749810,0.359313"
326,stim_0326.png,stim_0326.png,0.0699,0.084729,0.018441,8,0.15,6,Trend_Up,Small,11,0,9,13,"0.000000,0.142857,0.285714,0.428571,0.571429,0.714286,0.857143,1.000000","0.631458,0.564410,0.216921,0.415601,0.516610,0.404692,0.578740,0.671569"
327,stim_0327.png,stim_0327.png,0.0699,0.069092,0.011898,8,0.15,7,Trend_Up,Small,11,0,0,0,"0.000000,0.142857,0.285714,0.428571,0.571429,0.714286,0.857143,1.000000","0.359051,0.669384,0.520574,0.432657,0.480582,0.428382,0.423775,0.685595"
328,stim_0328.png,stim_0328.png,0.0699,0.07991,0.013051,10,0.15,0,Trend_Up,Small,11,0,5,8,"0.000000,0.111111,0.222222,0.333333,0.444444,0.555556,0.666667,0.777778,0.888889,1.000000","0.364400,0.433308,0.470967,0.565245,0.384039,0.772262,0.583869,0.566431,0.439473,0.420006"
329,stim_0329.png,stim_0329.png,0.0699,0.080858,0.014332,10,0.15,1,Trend_Up,Small,11,0,3,0,"0.000000,0.111111,0.222222,0.333333,0.444444,0.555556,0.666667,0.777778,0.888889,1.000000","0.455954,0.402627,0.294728,0.602831,0.555692,0.598223,0.748557,0.422896,0.491294,0.427197"
330,stim_0330.png,stim_0330.png,0.0699,0.062929,0.021924,10,0.15,2,Trend_Up,Small,11,0,0,6,"0.000000,0.111111,0.222222,0.333333,0.444444,0.555556,0.666667,0.777778,0.888889,1.000000","0.327883,0.669672,0.268972,0.473147,0.724226,0.618214,0.560508,0.367557,0.382518,0.607304"
331,stim_0331.png,stim_0331.png,0.0699,0.074243,0.021986,10,0.15,3,Trend_Up,Small,11,0,19,25,"0.000000,0.111111,0.222222,0.333333,0.444444,0.555556,0.666667,0.777778,0.888889,1.000000","0.270366,0.745106,0.524679,0.419547,0.524891,0.575134,0.307654,0.487837,0.411627,0.733157"
332,stim_0332.png,stim_0332.png,0.0699,0.078539,0.010617,10,0.15,4,Trend_Up,Small,11,0,7,11,"0.000000,0.111111,0.222222,0.333333,0.444444,0.555556,0.666667,0.777778,0.888889,1.000000","0.428708,0.648414,0.365696,0.358023,0.490884,0.646473,0.520011,0.510706,0.404615,0.626472"
333,stim_0333.png,stim_0333.png,0.0699,0.081543,0.031146,10,0.15,5,Trend_Up,Small,11,0,4,6,"0.000000,0.111111,0.222222,0.333333,0.444444,0.555556,0.666667,0.777778,0.888889,1.000000","0.662655,0.257606,0.526934,0.581354,0.361532,0.444043,0.664743,0.314657,0.343748,0.842729"
334,stim_0334.png,stim_0334.png,0.0699,0.057735,0.018933,10,0.15,6,Trend_Up,Small,11,0,0,6,"0.000000,0.111111,0.222222,0.333333,0.444444,0.555556,0.666667,0.777778,0.888889,1.000000","0.544102,0.419039,0.389715,0.506126,0.517147,0.291036,0.803728,0.643027,0.509643,0.376436"
335,stim_0335.png,stim_0335.png,0.0699,0.056733,0.019113,10,0.15,7,Trend_Up,Small,11,0,15,16,"0.000000,0.111111,0.222222,0.333333,0.444444,0.555556,0.666667,0.777778,0.888889,1.000000","0.558435,0.529493,0.615747,0.429465,0.424534,0.244131,0.434211,0.367382,0.694489,0.702115"
336,stim_0336.png,stim_0336.png,0.0699,0.063042,0.010333,12,0.15,0,Trend_Up,Small,11,0,3,2,"0.000000,0.090909,0.181818,0.272727,0.363636,0.454545,0.545455,0.636364,0.727273,0.818182,0.909091,1.000000","0.261357,0.498396,0.468725,0.664499,0.447985,0.594125,0.601501,0.536086,0.555656,0.438173,0.391250,0.542248"
337,stim_0337.png,stim_0337.png,0.0699,0.055998,0.024194,12,0.15,1,Trend_Up,Small,11,0,8,8,"0.000000,0.090909,0.181818,0.272727,0.363636,0.454545,0.545455,0.636364,0.727273,0.818182,0.909091,1.000000","0.543569,0.540005,0.604993,0.341763,0.301166,0.455208,0.499126,0.798801,0.320433,0.289114,0.643913,0.661909"
338,stim_0338.png,stim_0338.png,0.0699,0.056169,0.012947,12,0.15,2,Trend_Up,Small,11,0,0,3,"0.000000,0.090909,0.181818,0.272727,0.363636,0.454545,0.545455,0.636364,0.727273,0.818182,0.909091,1.000000","0.482053,0.318314,0.615674,0.645751,0.473058,0.381840,0.463165,0.514848,0.393225,0.741486,0.436686,0.533899"
339,stim_0339.png,stim_0339.png,0.0699,0.080229,0.010368,12,0.15,3,Trend_Up,Small,11,0,3,3,"0.000000,0.090909,0.181818,0.272727,0.363636,0.454545,0.545455,0.636364,0.727273,0.818182,0.909091,1.000000","0.359984,0.369764,0.487207,0.703533,0.524342,0.538512,0.578721,0.429311,0.450289,0.520051,0.383139,0.655146"
340,stim_0340.png,stim_0340.png,0.0699,0.082248,0.026884,12,0.15,4,Trend_Up,Small,11,0,1,14,"0.000000,0.090909,0.181818,0.272727,0.363636,0.454545,0.545455,0.636364,0.727273,0.818182,0.909091,1.000000","0.525464,0.165217,0.601315,0.458191,0.450854,0.822072,0.631265,0.324361,0.342927,0.661711,0.526753,0.489869"
341,stim_0341.png,stim_0341.png,0.0699,0.07611,0.032905,12,0.15,5,Trend_Up,Small,11,0,3,4,"0.000000,0.090909,0.181818,0.272727,0.363636,0.454545,0.545455,0.636364,0.727273,0.818182,0.909091,1.000000","0.454918,0.516267,0.742161,0.307751,0.452736,0.656238,0.398650,0.401118,0.187207,0.446608,0.543210,0.893137"
342,stim_0342.png,stim_0342.png,0.0699,0.078747,0.012851,12,0.15,6,Trend_Up,Small,11,0,11,9,"0.000000,0.090909,0.181818,0.272727,0.363636,0.454545,0.545455,0.636364,0.727273,0.818182,0.909091,1.000000","0.549454,0.396684,0.531974,0.586609,0.449021,0.244732,0.598497,0.360094,0.657928,0.467820,0.531003,0.626184"
343,stim_0343.png,stim_0343.png,0.0699,0.082507,0.017697,12,0.15,7,Trend_Up,Small,11,0,2,7,"0.000000,0.090909,0.181818,0.272727,0.363636,0.454545,0.545455,0.636364,0.727273,0.818182,0.909091,1.000000","0.374237,0.387414,0.353537,0.518561,0.746798,0.501848,0.674337,0.342647,0.623351,0.630145,0.495051,0.352075"
344,stim_0344.png,stim_0344.png,0.0699,0.082075,0.010902,14,0.15,0,Trend_Up,Small,11,0,1,4,"0.000000,0.076923,0.153846,0.230769,0.307692,0.384615,0.461538,0.538462,0.615385,0.692308,0.769231,0.846154,0.923077,1.000000","0.487733,0.350160,0.624952,0.499411,0.581546,0.329188,0.403485,0.584854,0.353405,0.608662,0.469744,0.588167,0.664491,0.454203"
345,stim_0345.png,stim_0345.png,0.0699,0.069768,0.026864,14,0.15,1,Trend_Up,Small,11,0,0,0,"0.000000,0.076923,0.153846,0.230769,0.307692,0.384615,0.461538,0.538462,0.615385,0.692308,0.769231,0.846154,0.923077,1.000000","0.529201,0.103389,0.346675,0.713600,0.695777,0.652556,0.422241,0.646577,0.374709,0.623329,0.319096,0.533248,0.501107,0.538495"
346,stim_0346.png,stim_0346.png,0.0699,0.080491,0.032701,14,0.15,2,Trend_Up,Small,11,0,1,4,"0.000000,0.076923,0.153846,0.230769,0.307692,0.384615,0.461538,0.538462,0.615385,0.692308,0.769231,0.846154,0.923077,1.000000","0.423415,0.460607,0.434930,0.610668,0.269619,0.569410,0.552929,0.436531,0.941380,0.433310,0.337029,0.231720,0.782615,0.515837"
347,stim_0347.png,stim_0347.png,0.0699,0.062609,0.012461,14,0.15,3,Trend_Up,Small,11,0,13,15,"0.000000,0.076923,0.153846,0.230769,0.307692,0.384615,0.461538,0.538462,0.615385,0.692308,0.769231,0.846154,0.923077,1.000000","0.643620,0.402826,0.460692,0.363687,0.306037,0.604883,0.615560,0.573986,0.462535,0.543671,0.481727,0.320430,0.579258,0.641089"
348,stim_0348.png,stim_0348.png,0.0699,0.078982,0.011838,14,0.15,4,Trend_Up,Small,11,0,1,0,"0.000000,0.076923,0.153846,0.230769,0.307692,0.384615,0.461538,0.538462,0.615385,0.692308,0.769231,0.846154,0.923077,1.000000","0.397692,0.563905,0.331910,0.336173,0.613784,0.717666,0.496000,0.506071,0.431631,0.409331,0.631807,0.569716,0.564083,0.430231"
349,stim_0349.png,stim_0349.png,0.0699,0.055566,0.023112,14,0.15,5,Trend_Up,Small,11,0,5,6,"0.000000,0.076923,0.153846,0.230769,0.307692,0.384615,0.461538,0.538462,0.615385,0.692308,0.769231,0.846154,0.923077,1.000000","0.778528,0.149684,0.580055,0.499962,0.352202,0.468989,0.496739,0.452669,0.595260,0.620508,0.280234,0.643058,0.530238,0.551876"
350,stim_0350.png,stim_0350.png,0.0699,0.083434,0.011476,14,0.15,6,Trend_Up,Small,11,0,6,8,"0.000000,0.076923,0.153846,0.230769,0.307692,0.384615,0.461538,0.538462,0.615385,0.692308,0.769231,0.846154,0.923077,1.000000","0.533316,0.426399,0.428680,0.495656,0.347213,0.491529,0.819267,0.379104,0.450933,0.487328,0.515144,0.501527,0.498858,0.625045"
351,stim_0351.png,stim_0351.png,0.0699,0.068907,0.019781,14,0.15,7,Trend_Up,Small,11,0,0,0,"0.000000,0.076923,0.153846,0.230769,0.307692,0.384615,0.461538,0.538462,0.615385,0.692308,0.769231,0.846154,0.923077,1.000000","0.327985,0.362550,0.577623,0.560625,0.397711,0.853335,0.346929,0.457602,0.419029,0.636473,0.605005,0.582429,0.518522,0.354182"
352,stim_0352.png,stim_0352.png,0.0699,0.083921,0.016408,16,0.15,0,Trend_Up,Big,11,0,7,23,"0.000000,0.066667,0.133333,0.200000,0.266667,0.333333,0.400000,0.466667,0.533333,0.600000,0.666667,0.733333,0.800000,0.866667,0.933333,1.000000","0.391650,0.676286,0.454563,0.510172,0.318560,0.609903,0.486757,0.426306,0.550854,0.391973,0.484385,0.478420,0.547456,0.334458,0.474506,0.863751"
353,stim_0353.png,stim_0353.png,0.0699,0.062391,0.026955,16,0.15,1,Trend_Up,Big,11,0,0,0,"0.000000,0.066667,0.133333,0.200000,0.266667,0.333333,0.400000,0.466667,0.533333,0.600000,0.666667,0.733333,0.800000,0.866667,0.933333,1.000000","0.622436,0.382410,0.496027,0.731189,0.186611,0.442729,0.689675,0.325810,0.618967,0.401787,0.510771,0.336963,0.470973,0.381554,0.558119,0.843979"
354,stim_0354.png,stim_0354.png,0.0699,0.075095,0.010481,16,0.15,2,Trend_Up,Big,11,0,8,17,"0.000000,0.066667,0.133333,0.200000,0.266667,0.333333,0.400000,0.466667,0.533333,0.600000,0.666667,0.733333,0.800000,0.866667,0.933333,1.000000","0.551868,0.360254,0.605431,0.370033,0.404093,0.591737,0.401542,0.317278,0.549088,0.531449,0.642705,0.642755,0.561050,0.592681,0.465413,0.412624"
355,stim_0355.png,stim_0355.png,0.0699,0.066617,0.020311,16,0.15,3,Trend_Up,Big,11,0,6,30,"0.000000,0.066667,0.133333,0.200000,0.266667,0.333333,0.400000,0.466667,0.533333,0.600000,0.666667,0.733333,0.800000,0.866667,0.933333,1.000000","0.487881,0.200095,0.643315,0.584439,0.256594,0.528918,0.680543,0.432290,0.728266,0.449184,0.502760,0.585978,0.442872,0.494229,0.331424,0.651210"
356,stim_0356.png,stim_0356.png,0.0699,0.082037,0.021942,16,0.15,4,Trend_Up,Big,11,0,1,1,"0.000000,0.066667,0.133333,0.200000,0.266667,0.333333,0.400000,0.466667,0.533333,0.600000,0.666667,0.733333,0.800000,0.866667,0.933333,1.000000","0.235633,0.606050,0.718795,0.468293,0.273968,0.435195,0.561715,0.699670,0.620258,0.430026,0.392118,0.242831,0.509794,0.555944,0.643883,0.605825"
357,stim_0357.png,stim_0357.png,0.0699,0.067732,0.010848,16,0.15,5,Trend_Up,Big,11,0,13,22,"0.000000,0.066667,0.133333,0.200000,0.266667,0.333333,0.400000,0.466667,0.533333,0.600000,0.666667,0.733333,0.800000,0.866667,0.933333,1.000000","0.429279,0.481211,0.344645,0.617106,0.396626,0.585521,0.525650,0.429047,0.551082,0.542370,0.535131,0.351543,0.626637,0.695261,0.557545,0.331343"
358,stim_0358.png,stim_0358.png,0.0699,0.074249,0.021862,16,0.15,6,Trend_Up,Big,11,0,5,8,"0.000000,0.066667,0.133333,0.200000,0.266667,0.333333,0.400000,0.466667,0.533333,0.600000,0.666667,0.733333,0.800000,0.866667,0.933333,1.000000","0.229772,0.730388,0.464036,0.435191,0.579359,0.530914,0.316867,0.597773,0.597680,0.663354,0.346039,0.310720,0.402523,0.484280,0.761087,0.550017"
359,stim_0359.png,stim_0359.png,0.0699,0.06309,0.017605,16,0.15,7,Trend_Up,Big,11,0,1,4,"0.000000,0.066667,0.133333,0.200000,0.266667,0.333333,0.400000,0.466667,0.533333,0.600000,0.666667,0.733333,0.800000,0.866667,0.933333,1.000000","0.289000,0.611703,0.394793,0.699652,0.436748,0.430130,0.478001,0.613880,0.580766,0.489438,0.384805,0.309520,0.747247,0.379382,0.659807,0.495128"
360,stim_0360.png,stim_0360.png,0.0699,0.059106,0.023572,18,0.15,0,Trend_Up,Big,11,0,1,3,"0.000000,0.058824,0.117647,0.176471,0.235294,0.294118,0.352941,0.411765,0.470588,0.529412,0.588235,0.647059,0.705882,0.764706,0.823529,0.882353,0.941176,1.000000","0.375091,0.362995,0.506728,0.640464,0.411096,0.716318,0.093496,0.419266,0.784024,0.595213,0.550480,0.551636,0.523335,0.591732,0.584562,0.321215,0.541595,0.430755"
361,stim_0361.png,stim_0361.png,0.0699,0.070289,0.020677,18,0.15,1,Trend_Up,Big,11,0,1,3,"0.000000,0.058824,0.117647,0.176471,0.235294,0.294118,0.352941,0.411765,0.470588,0.529412,0.588235,0.647059,0.705882,0.764706,0.823529,0.882353,0.941176,1.000000","0.402057,0.271320,0.632448,0.435502,0.435008,0.507421,0.612191,0.630153,0.589616,0.549748,0.338463,0.273759,0.524683,0.802322,0.732239,0.434535,0.342312,0.486222"
362,stim_0362.png,stim_0362.png,0.0699,0.059457,0.014636,18,0.15,2,Trend_Up,Big,11,0,2,16,"0.000000,0.058824,0.117647,0.176471,0.235294,0.294118,0.352941,0.411765,0.470588,0.529412,0.588235,0.647059,0.705882,0.764706,0.823529,0.882353,0.941176,1.000000","0.532535,0.670094,0.340515,0.285107,0.341212,0.510597,0.683395,0.581016,0.580519,0.357049,0.365736,0.534777,0.485637,0.682868,0.472064,0.488730,0.638028,0.450121"
363,stim_0363.png,stim_0363.png,0.0699,0.067979,0.010001,18,0.15,3,Trend_Up,Big,11,0,1,16,"0.000000,0.058824,0.117647,0.176471,0.235294,0.294118,0.352941,0.411765,0.470588,0.529412,0.588235,0.647059,0.705882,0.764706,0.823529,0.882353,0.941176,1.000000","0.330556,0.509952,0.652293,0.342465,0.537915,0.497182,0.506913,0.540220,0.563875,0.395600,0.405694,0.700181,0.453960,0.456902,0.467471,0.529556,0.428133,0.681132"
364,stim_0364.png,stim_0364.png,0.0699,0.084004,0.022736,18,0.15,4,Trend_Up,Big,11,0,2,9,"0.000000,0.058824,0.117647,0.176471,0.235294,0.294118,0.352941,0.411765,0.470588,0.529412,0.588235,0.647059,0.705882,0.764706,0.823529,0.882353,0.941176,1.000000","0.695311,0.524148,0.503837,0.315091,0.523561,0.265011,0.374876,0.591204,0.463863,0.670960,0.374179,0.475346,0.366914,0.350642,0.778149,0.344022,0.634879,0.748007"
365,stim_0365.png,stim_0365.png,0.0699,0.052961,0.014034,18,0.15,5,Trend_Up,Big,11,0,0,0,"0.000000,0.058824,0.117647,0.176471,0.235294,0.294118,0.352941,0.411765,0.470588,0.529412,0.588235,0.647059,0.705882,0.764706,0.823529,0.882353,0.941176,1.000000","0.485725,0.498283,0.801840,0.440064,0.412049,0.417400,0.388422,0.394726,0.338749,0.486897,0.495404,0.488270,0.527768,0.559004,0.696593,0.667700,0.345507,0.555599"
366,stim_0366.png,stim_0366.png,0.0699,0.071952,0.024173,18,0.15,6,Trend_Up,Big,11,0,1,6,"0.000000,0.058824,0.117647,0.176471,0.235294,0.294118,0.352941,0.411765,0.470588,0.529412,0.588235,0.647059,0.705882,0.764706,0.823529,0.882353,0.941176,1.000000","0.431235,0.144251,0.430938,0.599354,0.523505,0.439390,0.463927,0.552642,0.908307,0.580437,0.396911,0.680943,0.604885,0.421780,0.588236,0.387187,0.314538,0.531533"
367,stim_0367.png,stim_0367.png,0.0699,0.086676,0.02592,18,0.15,7,Trend_Up,Big,11,0,2,2,"0.000000,0.058824,0.117647,0.176471,0.235294,0.294118,0.352941,0.411765,0.470588,0.529412,0.588235,0.647059,0.705882,0.764706,0.823529,0.882353,0.941176,1.000000","0.681476,0.636779,0.286186,0.607856,0.303055,0.663509,0.140810,0.508318,0.279155,0.342945,0.573635,0.580117,0.662546,0.369189,0.571283,0.561117,0.541844,0.690180"
368,stim_0368.png,stim_0368.png,0.0699,0.069952,0.027142,20,0.15,0,Trend_Up,Big,11,0,0,0,"0.000000,0.052632,0.105263,0.157895,0.210526,0.263158,0.315789,0.368421,0.421053,0.473684,0.526316,0.578947,0.631579,0.684211,0.736842,0.789474,0.842105,0.894737,0.947368,1.000000","0.526916,0.273926,0.361684,0.706764,0.684077,0.339975,0.325670,0.666069,0.757819,0.575080,0.344126,0.245997,0.614925,0.543744,0.271040,0.516321,0.411738,0.472426,0.586023,0.775681"
369,stim_0369.png,stim_0369.png,0.0699,0.086383,0.01975,20,0.15,1,Trend_Up,Big,11,0,3,1,"0.000000,0.052632,0.105263,0.157895,0.210526,0.263158,0.315789,0.368421,0.421053,0.473684,0.526316,0.578947,0.631579,0.684211,0.736842,0.789474,0.842105,0.894737,0.947368,1.000000","0.349544,0.538708,0.577324,0.328754,0.501498,0.489986,0.276149,0.556292,0.371960,0.431782,0.574747,0.597165,0.837106,0.719663,0.398499,0.677678,0.522049,0.281852,0.546013,0.423232"
370,stim_0370.png,stim_0370.png,0.0699,0.055031,0.016618,20,0.15,2,Trend_Up,Big,11,0,2,4,"0.000000,0.052632,0.105263,0.157895,0.210526,0.263158,0.315789,0.368421,0.421053,0.473684,0.526316,0.578947,0.631579,0.684211,0.736842,0.789474,0.842105,0.894737,0.947368,1.000000","0.403286,0.520737,0.509147,0.746088,0.267534,0.346615,0.403473,0.395508,0.399397,0.661157,0.645463,0.496053,0.644200,0.464169,0.483875,0.627019,0.686524,0.555297,0.413869,0.330588"
371,stim_0371.png,stim_0371.png,0.0699,0.078343,0.015708,20,0.15,3,Trend_Up,Big,11,0,0,6,"0.000000,0.052632,0.105263,0.157895,0.210526,0.263158,0.315789,0.368421,0.421053,0.473684,0.526316,0.578947,0.631579,0.684211,0.736842,0.789474,0.842105,0.894737,0.947368,1.000000","0.395512,0.397504,0.505180,0.351150,0.678177,0.636548,0.472820,0.556922,0.316824,0.504742,0.622187,0.467397,0.399853,0.332841,0.393287,0.747476,0.681590,0.637060,0.525117,0.377814"
372,stim_0372.png,stim_0372.png,0.0699,0.083571,0.018961,20,0.15,4,Trend_Up,Big,11,0,2,13,"0.000000,0.052632,0.105263,0.157895,0.210526,0.263158,0.315789,0.368421,0.421053,0.473684,0.526316,0.578947,0.631579,0.684211,0.736842,0.789474,0.842105,0.894737,0.947368,1.000000","0.625623,0.619747,0.459420,0.239318,0.671670,0.466039,0.424809,0.464326,0.379437,0.501067,0.288775,0.256839,0.589314,0.517628,0.684681,0.417276,0.649815,0.429532,0.729326,0.585358"
373,stim_0373.png,stim_0373.png,0.0699,0.053542,0.020093,20,0.15,5,Trend_Up,Big,11,0,8,18,"0.000000,0.052632,0.105263,0.157895,0.210526,0.263158,0.315789,0.368421,0.421053,0.473684,0.526316,0.578947,0.631579,0.684211,0.736842,0.789474,0.842105,0.894737,0.947368,1.000000","0.449401,0.453904,0.370674,0.634014,0.430252,0.333154,0.848705,0.578384,0.446406,0.393726,0.367786,0.628527,0.425570,0.287790,0.716505,0.480658,0.553187,0.715995,0.391293,0.494067"
374,stim_0374.png,stim_0374.png,0.0699,0.07538,0.025981,20,0.15,6,Trend_Up,Big,11,0,6,22,"0.000000,0.052632,0.105263,0.157895,0.210526,0.263158,0.315789,0.368421,0.421053,0.473684,0.526316,0.578947,0.631579,0.684211,0.736842,0.789474,0.842105,0.894737,0.947368,1.000000","0.517711,0.455852,0.898218,0.381174,0.152860,0.571475,0.504930,0.409218,0.417441,0.346237,0.613203,0.467014,0.311639,0.704152,0.287782,0.631430,0.539213,0.620927,0.643418,0.526105"
375,stim_0375.png,stim_0375.png,0.0699,0.054653,0.010444,20,0.15,7,Trend_Up,Big,11,0,1,6,"0.000000,0.052632,0.105263,0.157895,0.210526,0.263158,0.315789,0.368421,0.421053,0.473684,0.526316,0.578947,0.631579,0.684211,0.736842,0.789474,0.842105,0.894737,0.947368,1.000000","0.617157,0.564204,0.458731,0.293613,0.375357,0.456838,0.480799,0.627406,0.485560,0.540667,0.490063,0.351346,0.540892,0.561720,0.417796,0.565408,0.640749,0.594981,0.315357,0.621354"
376,stim_0376.png,stim_0376.png,0.0699,0.053259,0.022709,22,0.15,0,Trend_Up,Big,11,0,4,8,"0.000000,0.047619,0.095238,0.142857,0.190476,0.238095,0.285714,0.333333,0.380952,0.428571,0.476190,0.523810,0.571429,0.619048,0.666667,0.714286,0.761905,0.809524,0.857143,0.904762,0.952381,1.000000","0.553924,0.549147,0.393857,0.489751,0.550831,0.285359,0.721552,0.249496,0.526232,0.590056,0.448929,0.535974,0.310880,0.563496,0.601851,0.461096,0.749360,0.307777,0.361947,0.342063,0.841037,0.565385"
377,stim_0377.png,stim_0377.png,0.0699,0.083032,0.020401,22,0.15,1,Trend_Up,Big,11,0,5,11,"0.000000,0.047619,0.095238,0.142857,0.190476,0.238095,0.285714,0.333333,0.380952,0.428571,0.476190,0.523810,0.571429,0.619048,0.666667,0.714286,0.761905,0.809524,0.857143,0.904762,0.952381,1.000000","0.110738,0.299993,0.527524,0.402847,0.616873,0.441085,0.692355,0.614357,0.560423,0.657328,0.348588,0.650426,0.468573,0.698042,0.498079,0.485801,0.647902,0.625198,0.385090,0.459885,0.338385,0.470508"
378,stim_0378.png,stim_0378.png,0.0699,0.058084,0.018273,22,0.15,2,Trend_Up,Big,11,0,3,2,"0.000000,0.047619,0.095238,0.142857,0.190476,0.238095,0.285714,0.333333,0.380952,0.428571,0.476190,0.523810,0.571429,0.619048,0.666667,0.714286,0.761905,0.809524,0.857143,0.904762,0.952381,1.000000","0.701397,0.426222,0.143240,0.558287,0.458835,0.564015,0.574977,0.405695,0.389594,0.639322,0.503020,0.304012,0.533646,0.581640,0.499628,0.526615,0.439502,0.787838,0.621864,0.464624,0.330870,0.545159"
379,stim_0379.png,stim_0379.png,0.0699,0.066642,0.022698,22,0.15,3,Trend_Up,Big,11,0,1,1,"0.000000,0.047619,0.095238,0.142857,0.190476,0.238095,0.285714,0.333333,0.380952,0.428571,0.476190,0.523810,0.571429,0.619048,0.666667,0.714286,0.761905,0.809524,0.857143,0.904762,0.952381,1.000000","0.244901,0.392525,0.669491,0.465386,0.468556,0.621187,0.441212,0.377100,0.448457,0.870143,0.478781,0.403215,0.680962,0.604134,0.564073,0.237730,0.305308,0.644187,0.446090,0.503264,0.442102,0.691194"
380,stim_0380.png,stim_0380.png,0.0699,0.065025,0.015763,22,0.15,4,Trend_Up,Big,11,0,1,0,"0.000000,0.047619,0.095238,0.142857,0.190476,0.238095,0.285714,0.333333,0.380952,0.428571,0.476190,0.523810,0.571429,0.619048,0.666667,0.714286,0.761905,0.809524,0.857143,0.904762,0.952381,1.000000","0.380501,0.559281,0.564720,0.561176,0.475515,0.617299,0.394394,0.482331,0.335653,0.265223,0.688443,0.418736,0.396529,0.449522,0.450011,0.635317,0.480777,0.785071,0.402248,0.725898,0.486069,0.445288"
381,stim_0381.png,stim_0381.png,0.0699,0.069369,0.023134,22,0.15,5,Trend_Up,Big,11,0,6,23,"0.000000,0.047619,0.095238,0.142857,0.190476,0.238095,0.285714,0.333333,0.380952,0.428571,0.476190,0.523810,0.571429,0.619048,0.666667,0.714286,0.761905,0.809524,0.857143,0.904762,0.952381,1.000000","0.529127,0.285099,0.546844,0.431159,0.346258,0.521744,0.610003,0.653762,0.712500,0.246602,0.326186,0.547526,0.557482,0.699064,0.724613,0.302129,0.275486,0.408151,0.617807,0.500783,0.428393,0.729280"
382,stim_0382.png,stim_0382.png,0.0699,0.071763,0.014126,22,0.15,6,Trend_Up,Big,11,0,0,0,"0.000000,0.047619,0.095238,0.142857,0.190476,0.238095,0.285714,0.333333,0.380952,0.428571,0.476190,0.523810,0.571429,0.619048,0.666667,0.714286,0.761905,0.809524,0.857143,0.904762,0.952381,1.000000","0.505176,0.467593,0.530397,0.486096,0.343476,0.639078,0.574583,0.334826,0.396636,0.410351,0.379888,0.404932,0.799038,0.650442,0.439077,0.422141,0.474786,0.540580,0.652164,0.590857,0.331217,0.626667"
383,stim_0383.png,stim_0383.png,0.0699,0.062704,0.012775,22,0.15,7,Trend_Up,Big,11,0,1,3,"0.000000,0.047619,0.095238,0.142857,0.190476,0.238095,0.285714,0.333333,0.380952,0.428571,0.476190,0.523810,0.571429,0.619048,0.666667,0.714286,0.761905,0.809524,0.857143,0.904762,0.952381,1.000000","0.576143,0.592890,0.578578,0.360175,0.370057,0.620743,0.312724,0.259913,0.629073,0.568362,0.393854,0.428238,0.564039,0.477611,0.339613,0.507840,0.680442,0.604996,0.493981,0.510264,0.611247,0.519218"
384,stim_0384.png,stim_0384.png,0.1051,0.102089,0.017827,8,0.15,0,Trend_Up,Small,11,0,2,6,"0.000000,0.142857,0.285714,0.428571,0.571429,0.714286,0.857143,1.000000","0.470522,0.232229,0.611992,0.529949,0.582537,0.545978,0.681114,0.345678"
385,stim_0385.png,stim_0385.png,0.1051,0.10512,0.01534,8,0.15,1,Trend_Up,Small,11,0,1,0,"0.000000,0.142857,0.285714,0.428571,0.571429,0.714286,0.857143,1.000000","0.454898,0.488634,0.263079,0.536076,0.716316,0.623003,0.398534,0.519460"
386,stim_0386.png,stim_0386.png,0.1051,0.093004,0.010179,8,0.15,2,Trend_Up,Small,11,0,2,2,"0.000000,0.142857,0.285714,0.428571,0.571429,0.714286,0.857143,1.000000","0.467322,0.529822,0.561685,0.249644,0.568864,0.462677,0.552846,0.607140"
387,stim_0387.png,stim_0387.png,0.1051,0.111397,0.013989,8,0.15,3,Trend_Up,Small,11,0,5,11,"0.000000,0.142857,0.285714,0.428571,0.571429,0.714286,0.857143,1.000000","0.304975,0.609057,0.639093,0.301322,0.469123,0.599250,0.535835,0.541346"
388,stim_0388.png,stim_0388.png,0.1051,0.101427,0.026731,8,0.15,4,Trend_Up,Small,11,0,3,4,"0.000000,0.142857,0.285714,0.428571,0.571429,0.714286,0.857143,1.000000","0.331405,0.475867,0.810053,0.283954,0.605928,0.349887,0.512767,0.630140"
389,stim_0389.png,stim_0389.png,0.1051,0.111235,0.02325,8,0.15,5,Trend_Up,Small,11,0,3,10,"0.000000,0.142857,0.285714,0.428571,0.571429,0.714286,0.857143,1.000000","0.377084,0.446600,0.435231,0.748392,0.621776,0.210166,0.558015,0.602735"
390,stim_0390.png,stim_0390.png,0.1051,0.10863,0.031645,8,0.15,6,Trend_Up,Small,11,0,1,1,"0.000000,0.142857,0.285714,0.428571,0.571429,0.714286,0.857143,1.000000","0.613517,0.304715,0.708950,0.258361,0.482362,0.285696,0.628642,0.717757"
391,stim_0391.png,stim_0391.png,0.1051,0.108477,0.017506,8,0.15,7,Trend_Up,Small,11,0,4,21,"0.000000,0.142857,0.285714,0.428571,0.571429,0.714286,0.857143,1.000000","0.515571,0.206717,0.724758,0.509649,0.452793,0.493144,0.492785,0.604583"
392,stim_0392.png,stim_0392.png,0.1051,0.105319,0.010019,10,0.15,0,Trend_Up,Small,11,0,2,1,"0.000000,0.111111,0.222222,0.333333,0.444444,0.555556,0.666667,0.777778,0.888889,1.000000","0.415359,0.342052,0.614094,0.489839,0.408716,0.668343,0.447074,0.569690,0.624683,0.420149"
393,stim_0393.png,stim_0393.png,0.1051,0.101325,0.013106,10,0.15,1,Trend_Up,Small,11,0,2,7,"0.000000,0.111111,0.222222,0.333333,0.444444,0.555556,0.666667,0.777778,0.888889,1.000000","0.351949,0.509002,0.501469,0.386854,0.552331,0.629106,0.709263,0.337315,0.419717,0.602993"
394,stim_0394.png,stim_0394.png,0.1051,0.105034,0.032962,10,0.15,2,Trend_Up,Small,11,0,3,7,"0.000000,0.111111,0.222222,0.333333,0.444444,0.555556,0.666667,0.777778,0.888889,1.000000","0.643590,0.302566,0.720658,0.068844,0.543703,0.567543,0.484988,0.442857,0.537311,0.687939"
395,stim_0395.png,stim_0395.png,0.1051,0.1063,0.0126,10,0.15,3,Trend_Up,Small,11,0,0,1,"0.000000,0.111111,0.222222,0.333333,0.444444,0.555556,0.666667,0.777778,0.888889,1.000000","0.494933,0.583652,0.525995,0.257520,0.414015,0.553422,0.505601,0.449398,0.475527,0.739938"
396,stim_0396.png,stim_0396.png,0.1051,0.092753,0.020569,10,0.15,4,Trend_Up,Small,11,0,3,7,"0.000000,0.111111,0.222222,0.333333,0.444444,0.555556,0.666667,0.777778,0.888889,1.000000","0.527150,0.599377,0.327499,0.281477,0.517662,0.665581,0.327423,0.734517,0.427106,0.592209"
397,stim_0397.png,stim_0397.png,0.1051,0.116898,0.013057,10,0.15,5,Trend_Up,Small,11,0,1,3,"0.000000,0.111111,0.222222,0.333333,0.444444,0.555556,0.666667,0.777778,0.888889,1.000000","0.456286,0.382826,0.547306,0.280224,0.550730,0.669439,0.478391,0.625999,0.628184,0.380614"
398,stim_0398.png,stim_0398.png,0.1051,0.104837,0.019836,10,0.15,6,Trend_Up,Small,11,0,2,7,"0.000000,0.111111,0.222222,0.333333,0.444444,0.555556,0.666667,0.777778,0.888889,1.000000","0.484121,0.598389,0.229832,0.450804,0.686468,0.480979,0.515420,0.276436,0.625749,0.651801"
399,stim_0399.png,stim_0399.png,0.1051,0.092598,0.020006,10,0.15,7,Trend_Up,Small,11,0,3,9,"0.000000,0.111111,0.222222,0.333333,0.444444,0.555556,0.666667,0.777778,0.888889,1.000000","0.404769,0.442509,0.474531,0.487292,0.498005,0.486194,0.894260,0.367381,0.370368,0.574689"
400,stim_0400.png,stim_0400.png,0.1051,0.113891,0.014868,12,0.15,0,Trend_Up,Small,11,0,0,2,"0.000000,0.090909,0.181818,0.272727,0.363636,0.454545,0.545455,0.636364,0.727273,0.818182,0.909091,1.000000","0.419834,0.444887,0.533426,0.335514,0.330214,0.740180,0.663588,0.532912,0.482916,0.465174,0.386164,0.665189"
401,stim_0401.png,stim_0401.png,0.1051,0.116832,0.019274,12,0.15,1,Trend_Up,Small,11,0,7,17,"0.000000,0.090909,0.181818,0.272727,0.363636,0.454545,0.545455,0.636364,0.727273,0.818182,0.909091,1.000000","0.435198,0.330771,0.621844,0.223887,0.458214,0.678063,0.759481,0.472413,0.480009,0.598106,0.399434,0.542579"
402,stim_0402.png,stim_0402.png,0.1051,0.116009,0.01597,12,0.15,2,Trend_Up,Small,11,0,0,3,"0.000000,0.090909,0.181818,0.272727,0.363636,0.454545,0.545455,0.636364,0.727273,0.818182,0.909091,1.000000","0.406756,0.561518,0.173503,0.604969,0.536279,0.549369,0.526377,0.461171,0.551746,0.551472,0.716203,0.360638"
403,stim_0403.png,stim_0403.png,0.1051,0.101157,0.025529,12,0.15,3,Trend_Up,Small,11,0,2,9,"0.000000,0.090909,0.181818,0.272727,0.363636,0.454545,0.545455,0.636364,0.727273,0.818182,0.909091,1.000000","0.540610,0.390100,0.680660,0.151206,0.474974,0.472953,0.587855,0.401903,0.714025,0.677259,0.295640,0.612814"
404,stim_0404.png,stim_0404.png,0.1051,0.108965,0.01806,12,0.15,4,Trend_Up,Small,11,0,7,12,"0.000000,0.090909,0.181818,0.272727,0.363636,0.454545,0.545455,0.636364,0.727273,0.818182,0.909091,1.000000","0.656853,0.532456,0.280587,0.489209,0.492264,0.389152,0.372016,0.533392,0.515125,0.347067,0.580634,0.811245"
405,stim_0405.png,stim_0405.png,0.1051,0.119611,0.028367,12,0.15,5,Trend_Up,Small,11,0,2,4,"0.000000,0.090909,0.181818,0.272727,0.363636,0.454545,0.545455,0.636364,0.727273,0.818182,0.909091,1.000000","0.383951,0.618506,0.467905,0.361369,0.308167,0.859896,0.273320,0.461186,0.680660,0.346242,0.672082,0.566715"
406,stim_0406.png,stim_0406.png,0.1051,0.118297,0.022528,12,0.15,6,Trend_Up,Small,11,0,1,4,"0.000000,0.090909,0.181818,0.272727,0.363636,0.454545,0.545455,0.636364,0.727273,0.818182,0.909091,1.000000","0.237482,0.328476,0.608049,0.473331,0.742032,0.495324,0.510221,0.454247,0.786390,0.544760,0.323040,0.496648"
407,stim_0407.png,stim_0407.png,0.1051,0.088606,0.012667,12,0.15,7,Trend_Up,Small,11,0,2,4,"0.000000,0.090909,0.181818,0.272727,0.363636,0.454545,0.545455,0.636364,0.727273,0.818182,0.909091,1.000000","0.409683,0.369035,0.446269,0.611777,0.623002,0.495277,0.582655,0.228292,0.633746,0.565797,0.548668,0.485798"
408,stim_0408.png,stim_0408.png,0.1051,0.096035,0.01205,14,0.15,0,Trend_Up,Small,11,0,0,2,"0.000000,0.076923,0.153846,0.230769,0.307692,0.384615,0.461538,0.538462,0.615385,0.692308,0.769231,0.846154,0.923077,1.000000","0.350497,0.445853,0.574548,0.402064,0.531012,0.296545,0.564411,0.624807,0.568048,0.723676,0.435222,0.599455,0.481316,0.402546"
409,stim_0409.png,stim_0409.png,0.1051,0.104867,0.031953,14,0.15,1,Trend_Up,Small,11,0,0,5,"0.000000,0.076923,0.153846,0.230769,0.307692,0.384615,0.461538,0.538462,0.615385,0.692308,0.769231,0.846154,0.923077,1.000000","0.598389,0.728468,0.524121,0.285265,0.110897,0.640470,0.528797,0.319696,0.247945,0.510008,0.525280,0.667251,0.594499,0.718916"
410,stim_0410.png,stim_0410.png,0.1051,0.096079,0.013723,14,0.15,2,Trend_Up,Small,11,0,2,6,"0.000000,0.076923,0.153846,0.230769,0.307692,0.384615,0.461538,0.538462,0.615385,0.692308,0.769231,0.846154,0.923077,1.000000","0.416657,0.465329,0.290823,0.597123,0.669048,0.363998,0.567768,0.482442,0.484808,0.622683,0.347362,0.721507,0.445523,0.524928"
411,stim_0411.png,stim_0411.png,0.1051,0.107392,0.023425,14,0.15,3,Trend_Up,Small,11,0,8,16,"0.000000,0.076923,0.153846,0.230769,0.307692,0.384615,0.461538,0.538462,0.615385,0.692308,0.769231,0.846154,0.923077,1.000000","0.712185,0.454629,0.247446,0.540690,0.417647,0.526588,0.337640,0.407923,0.747926,0.258326,0.545533,0.537617,0.510594,0.755258"
412,stim_0412.png,stim_0412.png,0.1051,0.095109,0.026496,14,0.15,4,Trend_Up,Small,11,0,4,9,"0.000000,0.076923,0.153846,0.230769,0.307692,0.384615,0.461538,0.538462,0.615385,0.692308,0.769231,0.846154,0.923077,1.000000","0.575221,0.399451,0.161744,0.492695,0.758467,0.451953,0.610776,0.356960,0.653574,0.550726,0.208371,0.686819,0.529647,0.563598"
413,stim_0413.png,stim_0413.png,0.1051,0.091598,0.024584,14,0.15,5,Trend_Up,Small,11,0,2,8,"0.000000,0.076923,0.153846,0.230769,0.307692,0.384615,0.461538,0.538462,0.615385,0.692308,0.769231,0.846154,0.923077,1.000000","0.428026,0.604219,0.330578,0.511186,0.415804,0.739236,0.323474,0.443777,0.338745,0.491208,0.888987,0.391312,0.642601,0.450847"
414,stim_0414.png,stim_0414.png,0.1051,0.088229,0.013373,14,0.15,6,Trend_Up,Small,11,0,0,1,"0.000000,0.076923,0.153846,0.230769,0.307692,0.384615,0.461538,0.538462,0.615385,0.692308,0.769231,0.846154,0.923077,1.000000","0.507281,0.349322,0.313484,0.665310,0.675264,0.385216,0.564967,0.448925,0.448657,0.474589,0.454305,0.510211,0.735653,0.466816"
415,stim_0415.png,stim_0415.png,0.1051,0.099387,0.016646,14,0.15,7,Trend_Up,Small,11,0,0,2,"0.000000,0.076923,0.153846,0.230769,0.307692,0.384615,0.461538,0.538462,0.615385,0.692308,0.769231,0.846154,0.923077,1.000000","0.464118,0.501971,0.432528,0.503009,0.529169,0.202249,0.675427,0.668674,0.488074,0.468895,0.349749,0.385076,0.659751,0.671310"
416,stim_0416.png,stim_0416.png,0.1051,0.089488,0.015391,16,0.15,0,Trend_Up,Big,11,0,2,5,"0.000000,0.066667,0.133333,0.200000,0.266667,0.333333,0.400000,0.466667,0.533333,0.600000,0.666667,0.733333,0.800000,0.866667,0.933333,1.000000","0.394893,0.603723,0.649136,0.403080,0.477644,0.293050,0.547261,0.444282,0.344390,0.540333,0.465402,0.456923,0.530422,0.840811,0.575865,0.432786"
417,stim_0417.png,stim_0417.png,0.1051,0.091171,0.02714,16,0.15,1,Trend_Up,Big,11,0,0,4,"0.000000,0.066667,0.133333,0.200000,0.266667,0.333333,0.400000,0.466667,0.533333,0.600000,0.666667,0.733333,0.800000,0.866667,0.933333,1.000000","0.532807,0.468447,0.415592,0.553981,0.439487,0.401317,0.564760,0.586128,0.590124,0.577959,-0.061844,0.427214,0.656345,0.592674,0.560569,0.694438"
418,stim_0418.png,stim_0418.png,0.1051,0.112382,0.015751,16,0.15,2,Trend_Up,Big,11,0,2,5,"0.000000,0.066667,0.133333,0.200000,0.266667,0.333333,0.400000,0.466667,0.533333,0.600000,0.666667,0.733333,0.800000,0.866667,0.933333,1.000000","0.474498,0.356347,0.502999,0.535809,0.666646,0.571109,0.138396,0.506759,0.426867,0.445556,0.577633,0.572742,0.555851,0.568821,0.388100,0.711868"
419,stim_0419.png,stim_0419.png,0.1051,0.091507,0.018398,16,0.15,3,Trend_Up,Big,11,0,1,2,"0.000000,0.066667,0.133333,0.200000,0.266667,0.333333,0.400000,0.466667,0.533333,0.600000,0.666667,0.733333,0.800000,0.866667,0.933333,1.000000","0.324769,0.459304,0.384045,0.749866,0.436858,0.408959,0.623912,0.767807,0.337631,0.324674,0.515743,0.511450,0.566948,0.378241,0.587091,0.622703"
420,stim_0420.png,stim_0420.png,0.1051,0.10358,0.02441,16,0.15,4,Trend_Up,Big,11,0,0,5,"0.000000,0.066667,0.133333,0.200000,0.266667,0.333333,0.400000,0.466667,0.533333,0.600000,0.666667,0.733333,0.800000,0.866667,0.933333,1.000000","0.402463,0.648257,0.466570,0.470954,0.689721,0.535658,0.149104,0.241240,0.552711,0.491662,0.502804,0.336589,0.669397,0.565666,0.788563,0.488640"
421,stim_0421.png,stim_0421.png,0.1051,0.103364,0.024064,16,0.15,5,Trend_Up,Big,11,0,2,3,"0.000000,0.066667,0.133333,0.200000,0.266667,0.333333,0.400000,0.466667,0.533333,0.600000,0.666667,0.733333,0.800000,0.866667,0.933333,1.000000","0.253031,0.490476,0.531103,0.164577,0.618863,0.562502,0.756393,0.508435,0.794474,0.316008,0.494696,0.534729,0.370199,0.540670,0.546462,0.517382"
422,stim_0422.png,stim_0422.png,0.1051,0.105596,0.032242,16,0.15,6,Trend_Up,Big,11,0,0,4,"0.000000,0.066667,0.133333,0.200000,0.266667,0.333333,0.400000,0.466667,0.533333,0.600000,0.666667,0.733333,0.800000,0.866667,0.933333,1.000000","0.444524,0.522983,0.485005,0.351939,0.283075,0.838057,0.364544,0.473377,0.468278,0.660081,0.590600,0.492133,0.495159,0.069565,0.741653,0.719028"
423,stim_0423.png,stim_0423.png,0.1051,0.121951,0.011265,16,0.15,7,Trend_Up,Big,11,0,13,44,"0.000000,0.066667,0.133333,0.200000,0.266667,0.333333,0.400000,0.466667,0.533333,0.600000,0.666667,0.733333,0.800000,0.866667,0.933333,1.000000","0.396131,0.490335,0.530422,0.342242,0.514590,0.540598,0.548734,0.486269,0.564047,0.217315,0.673062,0.387164,0.563469,0.583618,0.507681,0.654324"
424,stim_0424.png,stim_0424.png,0.1051,0.113649,0.01875,18,0.15,0,Trend_Up,Big,11,0,3,12,"0.000000,0.058824,0.117647,0.176471,0.235294,0.294118,0.352941,0.411765,0.470588,0.529412,0.588235,0.647059,0.705882,0.764706,0.823529,0.882353,0.941176,1.000000","0.563083,0.226944,0.334984,0.733871,0.514164,0.598943,0.230233,0.454403,0.534378,0.724661,0.419240,0.391836,0.543137,0.580014,0.439671,0.463701,0.635951,0.610785"
425,stim_0425.png,stim_0425.png,0.1051,0.105701,0.016579,18,0.15,1,Trend_Up,Big,11,0,1,1,"0.000000,0.058824,0.117647,0.176471,0.235294,0.294118,0.352941,0.411765,0.470588,0.529412,0.588235,0.647059,0.705882,0.764706,0.823529,0.882353,0.941176,1.000000","0.415736,0.295286,0.606900,0.366529,0.464666,0.573179,0.554207,0.608009,0.617382,0.553583,0.219048,0.693314,0.455146,0.369408,0.484935,0.508894,0.461089,0.752688"
426,stim_0426.png,stim_0426.png,0.1051,0.11316,0.012664,18,0.15,2,Trend_Up,Big,11,0,4,12,"0.000000,0.058824,0.117647,0.176471,0.235294,0.294118,0.352941,0.411765,0.470588,0.529412,0.588235,0.647059,0.705882,0.764706,0.823529,0.882353,0.941176,1.000000","0.457258,0.333572,0.452390,0.609025,0.368984,0.555477,0.408853,0.570504,0.682312,0.470229,0.417668,0.522026,0.551456,0.438391,0.503679,0.375795,0.455335,0.827047"
427,stim_0427.png,stim_0427.png,0.1051,0.111581,0.024122,18,0.15,3,Trend_Up,Big,11,0,4,18,"0.000000,0.058824,0.117647,0.176471,0.235294,0.294118,0.352941,0.411765,0.470588,0.529412,0.588235,0.647059,0.705882,0.764706,0.823529,0.882353,0.941176,1.000000","0.320446,0.693678,0.540351,0.615437,0.359395,0.155855,0.482924,0.594503,0.543740,0.462896,0.530569,0.618657,0.319763,0.439755,0.268628,0.644584,0.776925,0.631896"
428,stim_0428.png,stim_0428.png,0.1051,0.100632,0.030228,18,0.15,4,Trend_Up,Big,11,0,0,1,"0.000000,0.058824,0.117647,0.176471,0.235294,0.294118,0.352941,0.411765,0.470588,0.529412,0.588235,0.647059,0.705882,0.764706,0.823529,0.882353,0.941176,1.000000","0.446130,0.439470,0.425489,0.570467,0.656195,0.543389,0.264032,0.585445,0.432093,0.097322,0.478759,0.513863,0.586540,0.823182,0.607241,0.747805,0.192720,0.589859"
429,stim_0429.png,stim_0429.png,0.1051,0.114174,0.018458,18,0.15,5,Trend_Up,Big,11,0,4,8,"0.000000,0.058824,0.117647,0.176471,0.235294,0.294118,0.352941,0.411765,0.470588,0.529412,0.588235,0.647059,0.705882,0.764706,0.823529,0.882353,0.941176,1.000000","0.608770,0.424667,0.538640,0.321371,0.682285,0.210294,0.247801,0.586373,0.541010,0.630417,0.437886,0.380321,0.534476,0.590297,0.625757,0.453061,0.464178,0.722394"
430,stim_0430.png,stim_0430.png,0.1051,0.08933,0.010668,18,0.15,6,Trend_Up,Big,11,0,5,5,"0.000000,0.058824,0.117647,0.176471,0.235294,0.294118,0.352941,0.411765,0.470588,0.529412,0.588235,0.647059,0.705882,0.764706,0.823529,0.882353,0.941176,1.000000","0.625069,0.485666,0.538571,0.446966,0.177985,0.360201,0.507298,0.387774,0.642043,0.456751,0.588048,0.570139,0.545277,0.553351,0.507053,0.562464,0.571525,0.473820"
431,stim_0431.png,stim_0431.png,0.1051,0.105664,0.019789,18,0.15,7,Trend_Up,Big,11,0,1,3,"0.000000,0.058824,0.117647,0.176471,0.235294,0.294118,0.352941,0.411765,0.470588,0.529412,0.588235,0.647059,0.705882,0.764706,0.823529,0.882353,0.941176,1.000000","0.460840,0.401498,0.428840,0.446648,0.554845,0.646500,0.583632,0.477551,0.325647,0.266095,0.289304,0.531843,0.723182,0.707016,0.736727,0.403804,0.640673,0.375354"
432,stim_0432.png,stim_0432.png,0.1051,0.117925,0.016235,20,0.15,0,Trend_Up,Big,11,0,1,2,"0.000000,0.052632,0.105263,0.157895,0.210526,0.263158,0.315789,0.368421,0.421053,0.473684,0.526316,0.578947,0.631579,0.684211,0.736842,0.789474,0.842105,0.894737,0.947368,1.000000","0.482766,0.495140,0.450452,0.285061,0.449765,0.484506,0.479364,0.787586,0.501708,0.528094,0.527191,0.226260,0.439474,0.618012,0.470130,0.298091,0.687213,0.493677,0.625659,0.669853"
433,stim_0433.png,stim_0433.png,0.1051,0.096219,0.014659,20,0.15,1,Trend_Up,Big,11,0,0,0,"0.000000,0.052632,0.105263,0.157895,0.210526,0.263158,0.315789,0.368421,0.421053,0.473684,0.526316,0.578947,0.631579,0.684211,0.736842,0.789474,0.842105,0.894737,0.947368,1.000000","0.590482,0.452814,0.372462,0.765023,0.398176,0.395417,0.473786,0.499555,0.428563,0.271298,0.536226,0.503773,0.313848,0.444902,0.459003,0.653059,0.679105,0.668949,0.595741,0.497816"
434,stim_0434.png,stim_0434.png,0.1051,0.099259,0.02604,20,0.15,2,Trend_Up,Big,11,0,2,2,"0.000000,0.052632,0.105263,0.157895,0.210526,0.263158,0.315789,0.368421,0.421053,0.473684,0.526316,0.578947,0.631579,0.684211,0.736842,0.789474,0.842105,0.894737,0.947368,1.000000","0.582446,0.472106,0.384485,0.135563,0.639625,0.795958,0.438864,0.238335,0.551790,0.617110,0.390746,0.634088,0.457090,0.237838,0.506217,0.491183,0.690625,0.725789,0.477117,0.533026"
435,stim_0435.png,stim_0435.png,0.1051,0.113299,0.014105,20,0.15,3,Trend_Up,Big,11,0,0,0,"0.000000,0.052632,0.105263,0.157895,0.210526,0.263158,0.315789,0.368421,0.421053,0.473684,0.526316,0.578947,0.631579,0.684211,0.736842,0.789474,0.842105,0.894737,0.947368,1.000000","0.478612,0.413135,0.565891,0.601584,0.650096,0.424497,0.269189,0.440785,0.335127,0.364620,0.442877,0.339917,0.572176,0.683122,0.532571,0.625360,0.601388,0.465465,0.734513,0.459075"
436,stim_0436.png,stim_0436.png,0.1051,0.092834,0.021784,20,0.15,4,Trend_Up,Big,11,0,1,7,"0.000000,0.052632,0.105263,0.157895,0.210526,0.263158,0.315789,0.368421,0.421053,0.473684,0.526316,0.578947,0.631579,0.684211,0.736842,0.789474,0.842105,0.894737,0.947368,1.000000","0.326825,0.755569,0.387524,0.379769,0.451692,0.560972,0.516950,0.400518,0.828352,0.445260,0.404471,0.280890,0.291544,0.563049,0.545311,0.430449,0.761878,0.467832,0.580546,0.620600"
437,stim_0437.png,stim_0437.png,0.1051,0.095448,0.015205,20,0.15,5,Trend_Up,Big,11,0,1,7,"0.000000,0.052632,0.105263,0.157895,0.210526,0.263158,0.315789,0.368421,0.421053,0.473684,0.526316,0.578947,0.631579,0.684211,0.736842,0.789474,0.842105,0.894737,0.947368,1.000000","0.503042,0.463330,0.530699,0.642396,0.253803,0.324394,0.453580,0.340895,0.674955,0.422072,0.674169,0.588327,0.496255,0.453928,0.375938,0.604073,0.597428,0.532082,0.356367,0.712267"
438,stim_0438.png,stim_0438.png,0.1051,0.110992,0.025896,20,0.15,6,Trend_Up,Big,11,0,0,1,"0.000000,0.052632,0.105263,0.157895,0.210526,0.263158,0.315789,0.368421,0.421053,0.473684,0.526316,0.578947,0.631579,0.684211,0.736842,0.789474,0.842105,0.894737,0.947368,1.000000","0.384652,0.486891,0.679760,0.294566,0.552635,0.221463,0.542402,0.555008,0.479114,0.737731,0.645164,0.053683,0.510977,0.496041,0.443267,0.607974,0.648846,0.457978,0.725236,0.476612"
439,stim_0439.png,stim_0439.png,0.1051,0.114281,0.014517,20,0.15,7,Trend_Up,Big,11,0,3,32,"0.000000,0.052632,0.105263,0.157895,0.210526,0.263158,0.315789,0.368421,0.421053,0.473684,0.526316,0.578947,0.631579,0.684211,0.736842,0.789474,0.842105,0.894737,0.947368,1.000000","0.363415,0.377711,0.530534,0.680589,0.555533,0.328944,0.611698,0.513824,0.530609,0.402608,0.430350,0.383960,0.325663,0.428663,0.653286,0.336753,0.687365,0.696197,0.604650,0.557649"
440,stim_0440.png,stim_0440.png,0.1051,0.101072,0.027841,22,0.15,0,Trend_Up,Big,11,0,0,0,"0.000000,0.047619,0.095238,0.142857,0.190476,0.238095,0.285714,0.333333,0.380952,0.428571,0.476190,0.523810,0.571429,0.619048,0.666667,0.714286,0.761905,0.809524,0.857143,0.904762,0.952381,1.000000","0.378482,0.530818,0.565500,0.184694,0.597361,0.420533,0.451993,0.466260,0.272045,0.388879,0.965847,0.322345,0.548761,0.575313,0.658056,0.731443,0.563641,0.347934,0.702138,0.542153,0.425472,0.360330"
441,stim_0441.png,stim_0441.png,0.1051,0.094937,0.024911,22,0.15,1,Trend_Up,Big,11,0,0,0,"0.000000,0.047619,0.095238,0.142857,0.190476,0.238095,0.285714,0.333333,0.380952,0.428571,0.476190,0.523810,0.571429,0.619048,0.666667,0.714286,0.761905,0.809524,0.857143,0.904762,0.952381,1.000000","0.600542,0.464471,0.499773,0.551966,0.624545,0.155071,0.619822,0.605275,0.260144,0.565899,0.174805,0.489627,0.382241,0.548811,0.427850,0.475088,0.723260,0.615648,0.360904,0.444329,0.577201,0.832729"
442,stim_0442.png,stim_0442.png,0.1051,0.113443,0.032718,22,0.15,2,Trend_Up,Big,11,0,0,5,"0.000000,0.047619,0.095238,0.142857,0.190476,0.238095,0.285714,0.333333,0.380952,0.428571,0.476190,0.523810,0.571429,0.619048,0.666667,0.714286,0.761905,0.809524,0.857143,0.904762,0.952381,1.000000","0.280680,0.507361,0.361176,0.461912,0.680078,0.383039,0.598008,0.734921,0.072822,0.348181,0.397980,0.642932,0.517447,0.687960,0.763577,0.653224,0.339426,0.395618,0.630686,0.826706,0.367122,0.349144"
443,stim_0443.png,stim_0443.png,0.1051,0.112621,0.014333,22,0.15,3,Trend_Up,Big,11,0,1,7,"0.000000,0.047619,0.095238,0.142857,0.190476,0.238095,0.285714,0.333333,0.380952,0.428571,0.476190,0.523810,0.571429,0.619048,0.666667,0.714286,0.761905,0.809524,0.857143,0.904762,0.952381,1.000000","0.604577,0.435902,0.116172,0.503015,0.637748,0.553743,0.537968,0.514598,0.431285,0.448818,0.484151,0.269487,0.540358,0.469271,0.494406,0.633836,0.689961,0.429680,0.429328,0.560651,0.627832,0.587212"
444,stim_0444.png,stim_0444.png,0.1051,0.122204,0.015047,22,0.15,4,Trend_Up,Big,11,0,1,12,"0.000000,0.047619,0.095238,0.142857,0.190476,0.238095,0.285714,0.333333,0.380952,0.428571,0.476190,0.523810,0.571429,0.619048,0.666667,0.714286,0.761905,0.809524,0.857143,0.904762,0.952381,1.000000","0.324058,0.558112,0.499806,0.509391,0.444919,0.457459,0.525175,0.585930,0.382153,0.434359,0.418665,0.314611,0.586507,0.448121,0.676916,0.615692,0.564882,0.532050,0.161367,0.731270,0.623574,0.604984"
445,stim_0445.png,stim_0445.png,0.1051,0.088796,0.027235,22,0.15,5,Trend_Up,Big,11,0,0,0,"0.000000,0.047619,0.095238,0.142857,0.190476,0.238095,0.285714,0.333333,0.380952,0.428571,0.476190,0.523810,0.571429,0.619048,0.666667,0.714286,0.761905,0.809524,0.857143,0.904762,0.952381,1.000000","0.366113,0.243755,0.246963,0.507316,0.827700,0.510561,0.689776,0.759322,0.436456,0.308891,0.401418,0.618335,0.386744,0.470476,0.500878,0.622885,0.705258,0.370331,0.287449,0.537935,0.737899,0.463537"
446,stim_0446.png,stim_0446.png,0.1051,0.122365,0.022355,22,0.15,6,Trend_Up,Big,11,0,0,0,"0.000000,0.047619,0.095238,0.142857,0.190476,0.238095,0.285714,0.333333,0.380952,0.428571,0.476190,0.523810,0.571429,0.619048,0.666667,0.714286,0.761905,0.809524,0.857143,0.904762,0.952381,1.000000","0.334723,0.587518,0.464072,0.659269,0.430927,0.741830,0.349957,0.506580,0.234294,0.456041,0.405567,0.661542,0.442953,0.298345,0.487292,0.489185,0.455340,0.427889,0.426554,0.514261,0.729102,0.896759"
447,stim_0447.png,stim_0447.png,0.1051,0.121638,0.015493,22,0.15,7,Trend_Up,Big,11,0,2,7,"0.000000,0.047619,0.095238,0.142857,0.190476,0.238095,0.285714,0.333333,0.380952,0.428571,0.476190,0.523810,0.571429,0.619048,0.666667,0.714286,0.761905,0.809524,0.857143,0.904762,0.952381,1.000000","0.374448,0.254736,0.633590,0.450527,0.548896,0.452425,0.517828,0.562829,0.594452,0.286900,0.330961,0.602095,0.536015,0.683539,0.547079,0.524273,0.236963,0.603481,0.631695,0.403208,0.647986,0.576074"
448,stim_0448.png,stim_0448.png,0.1405,0.153496,0.017536,8,0.15,0,Trend_Up,Small,11,0,14,29,"0.000000,0.142857,0.285714,0.428571,0.571429,0.714286,0.857143,1.000000","0.405522,0.302767,0.449115,0.565533,0.698712,0.723349,0.373223,0.481778"
449,stim_0449.png,stim_0449.png,0.1405,0.146679,0.021912,8,0.15,1,Trend_Up,Small,11,0,0,4,"0.000000,0.142857,0.285714,0.428571,0.571429,0.714286,0.857143,1.000000","0.581762,0.531523,0.152880,0.416349,0.490562,0.722985,0.511003,0.592936"
450,stim_0450.png,stim_0450.png,0.1405,0.135411,0.011,8,0.15,2,Trend_Up,Small,11,0,0,2,"0.000000,0.142857,0.285714,0.428571,0.571429,0.714286,0.857143,1.000000","0.376240,0.298242,0.553661,0.656919,0.576060,0.601869,0.436502,0.500507"
451,stim_0451.png,stim_0451.png,0.1405,0.153685,0.022108,8,0.15,3,Trend_Up,Small,11,0,0,3,"0.000000,0.142857,0.285714,0.428571,0.571429,0.714286,0.857143,1.000000","0.505571,0.281454,0.521751,0.333226,0.582130,0.736230,0.689660,0.349979"
452,stim_0452.png,stim_0452.png,0.1405,0.156014,0.018948,8,0.15,4,Trend_Up,Small,11,0,3,7,"0.000000,0.142857,0.285714,0.428571,0.571429,0.714286,0.857143,1.000000","0.372669,0.511339,0.532297,0.293019,0.769840,0.381363,0.481394,0.658079"
453,stim_0453.png,stim_0453.png,0.1405,0.146563,0.020607,8,0.15,5,Trend_Up,Small,11,0,0,1,"0.000000,0.142857,0.285714,0.428571,0.571429,0.714286,0.857143,1.000000","0.422195,0.232536,0.507476,0.625377,0.745793,0.433224,0.627322,0.406077"
454,stim_0454.png,stim_0454.png,0.1405,0.144956,0.026052,8,0.15,6,Trend_Up,Small,11,0,4,33,"0.000000,0.142857,0.285714,0.428571,0.571429,0.714286,0.857143,1.000000","0.488637,0.687370,0.286063,0.286590,0.559005,0.327459,0.676979,0.687897"
455,stim_0455.png,stim_0455.png,0.1405,0.15474,0.018648,8,0.15,7,Trend_Up,Small,11,0,0,3,"0.000000,0.142857,0.285714,0.428571,0.571429,0.714286,0.857143,1.000000","0.505014,0.517544,0.238866,0.426767,0.735960,0.366730,0.588462,0.620657"
456,stim_0456.png,stim_0456.png,0.1405,0.133913,0.019963,10,0.15,0,Trend_Up,Small,11,0,2,11,"0.000000,0.111111,0.222222,0.333333,0.444444,0.555556,0.666667,0.777778,0.888889,1.000000","0.540798,0.269435,0.661395,0.394471,0.476892,0.564654,0.468774,0.398391,0.407028,0.818161"
457,stim_0457.png,stim_0457.png,0.1405,0.145083,0.016545,10,0.15,1,Trend_Up,Small,11,0,4,12,"0.000000,0.111111,0.222222,0.333333,0.444444,0.555556,0.666667,0.777778,0.888889,1.000000","0.493662,0.360176,0.428500,0.721919,0.243702,0.500456,0.446905,0.656059,0.641515,0.507104"
458,stim_0458.png,stim_0458.png,0.1405,0.135141,0.024256,10,0.15,2,Trend_Up,Small,11,0,0,7,"0.000000,0.111111,0.222222,0.333333,0.444444,0.555556,0.666667,0.777778,0.888889,1.000000","0.520885,0.560674,0.389055,0.145133,0.613706,0.341606,0.738958,0.643872,0.554101,0.492011"
459,stim_0459.png,stim_0459.png,0.1405,0.139648,0.013153,10,0.15,3,Trend_Up,Small,11,0,0,2,"0.000000,0.111111,0.222222,0.333333,0.444444,0.555556,0.666667,0.777778,0.888889,1.000000","0.391390,0.593902,0.293250,0.476594,0.618479,0.574013,0.340439,0.463902,0.696283,0.551748"
460,stim_0460.png,stim_0460.png,0.1405,0.15212,0.031662,10,0.15,4,Trend_Up,Small,11,0,4,20,"0.000000,0.111111,0.222222,0.333333,0.444444,0.555556,0.666667,0.777778,0.888889,1.000000","0.099598,0.647339,0.617094,0.367636,0.443658,0.634303,0.578953,0.687998,0.636650,0.286772"
461,stim_0461.png,stim_0461.png,0.1405,0.150054,0.019441,10,0.15,5,Trend_Up,Small,11,0,0,7,"0.000000,0.111111,0.222222,0.333333,0.444444,0.555556,0.666667,0.777778,0.888889,1.000000","0.248391,0.397312,0.641961,0.505218,0.368768,0.620030,0.745782,0.509596,0.604951,0.357990"
462,stim_0462.png,stim_0462.png,0.1405,0.142055,0.014377,10,0.15,6,Trend_Up,Small,11,0,0,6,"0.000000,0.111111,0.222222,0.333333,0.444444,0.555556,0.666667,0.777778,0.888889,1.000000","0.605351,0.207245,0.496594,0.332095,0.565645,0.673219,0.504308,0.519722,0.549514,0.546308"
463,stim_0463.png,stim_0463.png,0.1405,0.155883,0.015287,10,0.15,7,Trend_Up,Small,11,0,0,1,"0.000000,0.111111,0.222222,0.333333,0.444444,0.555556,0.666667,0.777778,0.888889,1.000000","0.411150,0.648222,0.231215,0.510644,0.463343,0.545670,0.475366,0.414669,0.747750,0.551972"
464,stim_0464.png,stim_0464.png,0.1405,0.146393,0.026448,12,0.15,0,Trend_Up,Small,11,0,3,18,"0.000000,0.090909,0.181818,0.272727,0.363636,0.454545,0.545455,0.636364,0.727273,0.818182,0.909091,1.000000","0.760261,0.570155,0.343199,0.189480,0.352728,0.465277,0.287723,0.581726,0.555676,0.517626,0.699292,0.676859"
465,stim_0465.png,stim_0465.png,0.1405,0.12892,0.012755,12,0.15,1,Trend_Up,Small,11,0,0,1,"0.000000,0.090909,0.181818,0.272727,0.363636,0.454545,0.545455,0.636364,0.727273,0.818182,0.909091,1.000000","0.394498,0.417906,0.509454,0.652475,0.498124,0.435833,0.384964,0.397554,0.647455,0.533992,0.373356,0.754388"
466,stim_0466.png,stim_0466.png,0.1405,0.145809,0.013728,12,0.15,2,Trend_Up,Small,11,0,0,0,"0.000000,0.090909,0.181818,0.272727,0.363636,0.454545,0.545455,0.636364,0.727273,0.818182,0.909091,1.000000","0.171782,0.588823,0.426374,0.497804,0.551887,0.489034,0.588484,0.649750,0.620724,0.463227,0.379412,0.572701"
467,stim_0467.png,stim_0467.png,0.1405,0.145146,0.027492,12,0.15,3,Trend_Up,Small,11,0,7,7,"0.000000,0.090909,0.181818,0.272727,0.363636,0.454545,0.545455,0.636364,0.727273,0.818182,0.909091,1.000000","0.335487,0.395338,0.185186,0.512786,0.838792,0.509042,0.751627,0.548188,0.421707,0.598843,0.360927,0.542079"
468,stim_0468.png,stim_0468.png,0.1405,0.150648,0.011426,12,0.15,4,Trend_Up,Small,11,0,1,5,"0.000000,0.090909,0.181818,0.272727,0.363636,0.454545,0.545455,0.636364,0.727273,0.818182,0.909091,1.000000","0.494219,0.223624,0.433913,0.460664,0.700387,0.431509,0.507729,0.577910,0.555595,0.572631,0.624305,0.417514"
469,stim_0469.png,stim_0469.png,0.1405,0.133126,0.032896,12,0.15,5,Trend_Up,Small,11,0,3,23,"0.000000,0.090909,0.181818,0.272727,0.363636,0.454545,0.545455,0.636364,0.727273,0.818182,0.909091,1.000000","0.524744,0.598497,0.644829,0.148474,0.303693,0.253788,0.631004,0.667829,0.312839,0.764829,0.577864,0.571611"
470,stim_0470.png,stim_0470.png,0.1405,0.148254,0.01776,12,0.15,6,Trend_Up,Small,11,0,5,13,"0.000000,0.090909,0.181818,0.272727,0.363636,0.454545,0.545455,0.636364,0.727273,0.818182,0.909091,1.000000","0.671809,0.426657,0.541925,0.340065,0.272391,0.365557,0.474069,0.492451,0.453262,0.609899,0.798568,0.553346"
471,stim_0471.png,stim_0471.png,0.1405,0.154046,0.013496,12,0.15,7,Trend_Up,Small,11,0,0,3,"0.000000,0.090909,0.181818,0.272727,0.363636,0.454545,0.545455,0.636364,0.727273,0.818182,0.909091,1.000000","0.268857,0.268465,0.468483,0.585547,0.642469,0.562626,0.557848,0.582118,0.683029,0.493124,0.428521,0.458913"
472,stim_0472.png,stim_0472.png,0.1405,0.155626,0.02456,14,0.15,0,Trend_Up,Small,11,0,0,0,"0.000000,0.076923,0.153846,0.230769,0.307692,0.384615,0.461538,0.538462,0.615385,0.692308,0.769231,0.846154,0.923077,1.000000","0.219709,0.299750,0.803049,0.477682,0.339706,0.525269,0.689324,0.532331,0.452383,0.506115,0.671210,0.359696,0.414807,0.708968"
473,stim_0473.png,stim_0473.png,0.1405,0.134987,0.013023,14,0.15,1,Trend_Up,Small,11,0,8,37,"0.000000,0.076923,0.153846,0.230769,0.307692,0.384615,0.461538,0.538462,0.615385,0.692308,0.769231,0.846154,0.923077,1.000000","0.570563,0.543610,0.485041,0.494929,0.254033,0.200644,0.537242,0.458831,0.579419,0.506360,0.583162,0.648052,0.539076,0.599036"
474,stim_0474.png,stim_0474.png,0.1405,0.149939,0.016796,14,0.15,2,Trend_Up,Small,11,0,1,2,"0.000000,0.076923,0.153846,0.230769,0.307692,0.384615,0.461538,0.538462,0.615385,0.692308,0.769231,0.846154,0.923077,1.000000","0.552519,0.326788,0.364180,0.357674,0.506200,0.532742,0.807497,0.454298,0.547441,0.273500,0.524248,0.467505,0.654183,0.631224"
475,stim_0475.png,stim_0475.png,0.1405,0.126168,0.016466,14,0.15,3,Trend_Up,Small,11,0,0,0,"0.000000,0.076923,0.153846,0.230769,0.307692,0.384615,0.461538,0.538462,0.615385,0.692308,0.769231,0.846154,0.923077,1.000000","0.493826,0.602144,0.322635,0.318257,0.662437,0.467755,0.464803,0.256098,0.512242,0.574820,0.677308,0.568418,0.391587,0.687667"
476,stim_0476.png,stim_0476.png,0.1405,0.128519,0.017316,14,0.15,4,Trend_Up,Small,11,0,4,11,"0.000000,0.076923,0.153846,0.230769,0.307692,0.384615,0.461538,0.538462,0.615385,0.692308,0.769231,0.846154,0.923077,1.000000","0.474322,0.581177,0.335604,0.632162,0.170202,0.632906,0.441884,0.328432,0.514490,0.675126,0.466987,0.605611,0.553360,0.587738"
477,stim_0477.png,stim_0477.png,0.1405,0.126777,0.010966,14,0.15,5,Trend_Up,Small,11,0,0,12,"0.000000,0.076923,0.153846,0.230769,0.307692,0.384615,0.461538,0.538462,0.615385,0.692308,0.769231,0.846154,0.923077,1.000000","0.447936,0.346493,0.578288,0.478207,0.604884,0.386302,0.581274,0.444094,0.373205,0.370388,0.554287,0.709444,0.459882,0.665314"
478,stim_0478.png,stim_0478.png,0.1405,0.128896,0.022765,14,0.15,6,Trend_Up,Small,11,0,0,2,"0.000000,0.076923,0.153846,0.230769,0.307692,0.384615,0.461538,0.538462,0.615385,0.692308,0.769231,0.846154,0.923077,1.000000","0.622629,0.198066,0.518007,0.540206,0.117022,0.493804,0.693581,0.557120,0.489884,0.659232,0.548714,0.599274,0.540776,0.421686"
479,stim_0479.png,stim_0479.png,0.1405,0.124864,0.026145,14,0.15,7,Trend_Up,Small,11,0,2,4,"0.000000,0.076923,0.153846,0.230769,0.307692,0.384615,0.461538,0.538462,0.615385,0.692308,0.769231,0.846154,0.923077,1.000000","0.268541,0.406206,0.786749,0.464593,0.508838,0.322803,0.284126,0.700448,0.429109,0.813998,0.501467,0.486694,0.416356,0.610074"
480,stim_0480.png,stim_0480.png,0.1405,0.142105,0.030642,16,0.15,0,Trend_Up,Big,11,0,2,20,"0.000000,0.066667,0.133333,0.200000,0.266667,0.333333,0.400000,0.466667,0.533333,0.600000,0.666667,0.733333,0.800000,0.866667,0.933333,1.000000","0.493345,0.479781,0.438753,0.441932,0.451840,0.544794,0.504436,0.262741,0.444997,0.682941,0.472053,0.729527,0.004186,0.653323,0.784637,0.610714"
481,stim_0481.png,stim_0481.png,0.1405,0.144235,0.01171,16,0.15,1,Trend_Up,Big,11,0,0,1,"0.000000,0.066667,0.133333,0.200000,0.266667,0.333333,0.400000,0.466667,0.533333,0.600000,0.666667,0.733333,0.800000,0.866667,0.933333,1.000000","0.392671,0.436308,0.537777,0.367681,0.500507,0.670634,0.435408,0.669998,0.337509,0.391019,0.468933,0.402106,0.450156,0.593272,0.639705,0.706319"
482,stim_0482.png,stim_0482.png,0.1405,0.147301,0.024515,16,0.15,2,Trend_Up,Big,11,0,0,2,"0.000000,0.066667,0.133333,0.200000,0.266667,0.333333,0.400000,0.466667,0.533333,0.600000,0.666667,0.733333,0.800000,0.866667,0.933333,1.000000","0.459783,0.375131,0.583453,0.273070,0.685615,0.563541,0.360182,0.431285,0.498358,0.516107,0.438121,0.544478,0.502220,0.527435,0.266574,0.974645"
483,stim_0483.png,stim_0483.png,0.1405,0.129542,0.023881,16,0.15,3,Trend_Up,Big,11,0,1,9,"0.000000,0.066667,0.133333,0.200000,0.266667,0.333333,0.400000,0.466667,0.533333,0.600000,0.666667,0.733333,0.800000,0.866667,0.933333,1.000000","0.614631,0.106376,0.563113,0.651687,0.303460,0.448235,0.639079,0.577976,0.447285,0.409778,0.557430,0.555339,0.295651,0.494010,0.545197,0.790752"
484,stim_0484.png,stim_0484.png,0.1405,0.13717,0.020719,16,0.15,4,Trend_Up,Big,11,0,6,19,"0.000000,0.066667,0.133333,0.200000,0.266667,0.333333,0.400000,0.466667,0.533333,0.600000,0.666667,0.733333,0.800000,0.866667,0.933333,1.000000","0.445656,0.593465,0.329749,0.587445,0.274656,0.509126,0.658960,0.367487,0.344916,0.371354,0.468695,0.525924,0.834587,0.674915,0.635065,0.378000"
485,stim_0485.png,stim_0485.png,0.1405,0.13861,0.02699,16,0.15,5,Trend_Up,Big,11,0,0,1,"0.000000,0.066667,0.133333,0.200000,0.266667,0.333333,0.400000,0.466667,0.533333,0.600000,0.666667,0.733333,0.800000,0.866667,0.933333,1.000000","0.371153,0.218847,0.396915,0.691313,0.712625,0.539396,0.567654,0.339189,0.463074,0.601854,0.468437,0.539850,0.140404,0.715992,0.508715,0.724583"
486,stim_0486.png,stim_0486.png,0.1405,0.128483,0.019769,16,0.15,6,Trend_Up,Big,11,0,2,9,"0.000000,0.066667,0.133333,0.200000,0.266667,0.333333,0.400000,0.466667,0.533333,0.600000,0.666667,0.733333,0.800000,0.866667,0.933333,1.000000","0.386162,0.390287,0.493341,0.589512,0.263988,0.610516,0.434626,0.556124,0.249244,0.827156,0.577979,0.540066,0.598273,0.378319,0.664773,0.439634"
487,stim_0487.png,stim_0487.png,0.1405,0.147616,0.015124,16,0.15,7,Trend_Up,Big,11,0,3,37,"0.000000,0.066667,0.133333,0.200000,0.266667,0.333333,0.400000,0.466667,0.533333,0.600000,0.666667,0.733333,0.800000,0.866667,0.933333,1.000000","0.515153,0.378872,0.266330,0.585760,0.298944,0.616501,0.641596,0.264074,0.525611,0.641970,0.513104,0.643263,0.598543,0.412273,0.500928,0.597078"
488,stim_0488.png,stim_0488.png,0.1405,0.151084,0.023312,18,0.15,0,Trend_Up,Big,11,0,0,3,"0.000000,0.058824,0.117647,0.176471,0.235294,0.294118,0.352941,0.411765,0.470588,0.529412,0.588235,0.647059,0.705882,0.764706,0.823529,0.882353,0.941176,1.000000","0.538685,0.135747,0.336288,0.394349,0.736479,0.683321,0.469715,0.662848,0.217160,0.421810,0.422417,0.614926,0.632666,0.533691,0.503128,0.681792,0.583423,0.431555"
489,stim_0489.png,stim_0489.png,0.1405,0.14854,0.023222,18,0.15,1,Trend_Up,Big,11,0,0,0,"0.000000,0.058824,0.117647,0.176471,0.235294,0.294118,0.352941,0.411765,0.470588,0.529412,0.588235,0.647059,0.705882,0.764706,0.823529,0.882353,0.941176,1.000000","0.468276,0.201073,0.465758,0.569592,0.578004,0.337582,0.274830,0.649281,0.563211,0.648584,0.362926,0.637698,0.679316,0.655755,0.499687,0.195007,0.514173,0.699245"
490,stim_0490.png,stim_0490.png,0.1405,0.148033,0.027533,18,0.15,2,Trend_Up,Big,11,0,0,1,"0.000000,0.058824,0.117647,0.176471,0.235294,0.294118,0.352941,0.411765,0.470588,0.529412,0.588235,0.647059,0.705882,0.764706,0.823529,0.882353,0.941176,1.000000","0.114489,0.389725,0.789614,0.531831,0.550132,0.405012,0.426148,0.361162,0.421395,0.732464,0.499847,0.414506,0.554316,0.856645,0.512080,0.339814,0.445924,0.654896"
491,stim_0491.png,stim_0491.png,0.1405,0.149206,0.025238,18,0.15,3,Trend_Up,Big,11,0,1,12,"0.000000,0.058824,0.117647,0.176471,0.235294,0.294118,0.352941,0.411765,0.470588,0.529412,0.588235,0.647059,0.705882,0.764706,0.823529,0.882353,0.941176,1.000000","0.246918,0.526260,0.631757,0.423124,0.402656,0.432950,0.607230,0.644404,0.394328,0.543913,0.575523,0.489687,0.221220,0.166386,0.579954,0.805556,0.686596,0.621537"
492,stim_0492.png,stim_0492.png,0.1405,0.142321,0.027822,18,0.15,4,Trend_Up,Big,11,0,1,3,"0.000000,0.058824,0.117647,0.176471,0.235294,0.294118,0.352941,0.411765,0.470588,0.529412,0.588235,0.647059,0.705882,0.764706,0.823529,0.882353,0.941176,1.000000","0.362555,0.800246,0.124858,0.384039,0.512893,0.443206,0.544307,0.472444,0.442385,0.653709,0.642085,0.240459,0.677766,0.311306,0.601018,0.598913,0.745719,0.442090"
493,stim_0493.png,stim_0493.png,0.1405,0.157414,0.01775,18,0.15,5,Trend_Up,Big,11,0,2,14,"0.000000,0.058824,0.117647,0.176471,0.235294,0.294118,0.352941,0.411765,0.470588,0.529412,0.588235,0.647059,0.705882,0.764706,0.823529,0.882353,0.941176,1.000000","0.441353,0.480931,0.286885,0.530632,0.326835,0.699889,0.541381,0.405468,0.288796,0.779514,0.471677,0.606471,0.379883,0.442684,0.426980,0.511427,0.676529,0.702668"
494,stim_0494.png,stim_0494.png,0.1405,0.129791,0.019069,18,0.15,6,Trend_Up,Big,11,0,0,1,"0.000000,0.058824,0.117647,0.176471,0.235294,0.294118,0.352941,0.411765,0.470588,0.529412,0.588235,0.647059,0.705882,0.764706,0.823529,0.882353,0.941176,1.000000","0.258555,0.309901,0.502808,0.701104,0.655345,0.393691,0.506292,0.450436,0.583979,0.418632,0.275762,0.574073,0.597679,0.663845,0.435802,0.745696,0.349983,0.576417"
495,stim_0495.png,stim_0495.png,0.1405,0.158077,0.011302,18,0.15,7,Trend_Up,Big,11,0,0,1,"0.000000,0.058824,0.117647,0.176471,0.235294,0.294118,0.352941,0.411765,0.470588,0.529412,0.588235,0.647059,0.705882,0.764706,0.823529,0.882353,0.941176,1.000000","0.458292,0.389179,0.679105,0.422748,0.379546,0.364218,0.515393,0.349913,0.558036,0.534857,0.349146,0.666935,0.416849,0.427802,0.690769,0.565790,0.652617,0.578806"
496,stim_0496.png,stim_0496.png,0.1405,0.141337,0.026387,20,0.15,0,Trend_Up,Big,11,0,1,10,"0.000000,0.052632,0.105263,0.157895,0.210526,0.263158,0.315789,0.368421,0.421053,0.473684,0.526316,0.578947,0.631579,0.684211,0.736842,0.789474,0.842105,0.894737,0.947368,1.000000","0.338803,0.379630,0.480451,0.380570,0.391308,0.545417,0.575343,0.335571,0.432665,0.641358,0.597889,0.563942,0.577621,0.803284,0.191403,0.622520,0.903884,0.553010,0.320803,0.364526"
497,stim_0497.png,stim_0497.png,0.1405,0.140317,0.016887,20,0.15,1,Trend_Up,Big,11,0,0,1,"0.000000,0.052632,0.105263,0.157895,0.210526,0.263158,0.315789,0.368421,0.421053,0.473684,0.526316,0.578947,0.631579,0.684211,0.736842,0.789474,0.842105,0.894737,0.947368,1.000000","0.359319,0.737278,0.209261,0.518564,0.528837,0.422174,0.351407,0.438745,0.702207,0.414475,0.577940,0.377240,0.533132,0.543293,0.363804,0.478172,0.587678,0.713363,0.458602,0.684510"
498,stim_0498.png,stim_0498.png,0.1405,0.131876,0.01912,20,0.15,2,Trend_Up,Big,11,0,1,15,"0.000000,0.052632,0.105263,0.157895,0.210526,0.263158,0.315789,0.368421,0.421053,0.473684,0.526316,0.578947,0.631579,0.684211,0.736842,0.789474,0.842105,0.894737,0.947368,1.000000","0.534391,0.446588,0.457309,0.620054,0.329889,0.272328,0.303296,0.428726,0.465006,0.590990,0.654337,0.500574,0.655097,0.559552,0.576283,0.191638,0.738164,0.642690,0.639333,0.393757"
499,stim_0499.png,stim_0499.png,0.1405,0.154112,0.022052,20,0.15,3,Trend_Up,Big,11,0,0,2,"0.000000,0.052632,0.105263,0.157895,0.210526,0.263158,0.315789,0.368421,0.421053,0.473684,0.526316,0.578947,0.631579,0.684211,0.736842,0.789474,0.842105,0.894737,0.947368,1.000000","0.292753,0.411840,0.636960,0.444231,0.476578,0.306080,0.265899,0.565808,0.535194,0.917839,0.410490,0.731022,0.360932,0.378128,0.399611,0.525565,0.590220,0.553753,0.632589,0.564509"
500,stim_0500.png,stim_0500.png,0.1405,0.128481,0.017532,20,0.15,4,Trend_Up,Big,11,0,0,0,"0.000000,0.052632,0.105263,0.157895,0.210526,0.263158,0.315789,0.368421,0.421053,0.473684,0.526316,0.578947,0.631579,0.684211,0.736842,0.789474,0.842105,0.894737,0.947368,1.000000","0.200087,0.411277,0.328438,0.476891,0.366120,0.520143,0.703401,0.630054,0.758736,0.679874,0.501946,0.326897,0.597069,0.558337,0.366126,0.516138,0.505861,0.418153,0.550048,0.584405"
501,stim_0501.png,stim_0501.png,0.1405,0.134097,0.016621,20,0.15,5,Trend_Up,Big,11,0,0,10,"0.000000,0.052632,0.105263,0.157895,0.210526,0.263158,0.315789,0.368421,0.421053,0.473684,0.526316,0.578947,0.631579,0.684211,0.736842,0.789474,0.842105,0.894737,0.947368,1.000000","0.462337,0.650388,0.440933,0.409328,0.352390,0.380387,0.518831,0.252708,0.666792,0.366355,0.388021,0.624233,0.350167,0.739931,0.631226,0.495256,0.704497,0.614795,0.526263,0.425163"
502,stim_0502.png,stim_0502.png,0.1405,0.154258,0.02283,20,0.15,6,Trend_Up,Big,11,0,0,3,"0.000000,0.052632,0.105263,0.157895,0.210526,0.263158,0.315789,0.368421,0.421053,0.473684,0.526316,0.578947,0.631579,0.684211,0.736842,0.789474,0.842105,0.894737,0.947368,1.000000","0.391372,0.441437,0.180593,0.777264,0.650412,0.562350,0.341477,0.251912,0.368602,0.408630,0.420681,0.798606,0.524995,0.532247,0.557915,0.711943,0.425995,0.481303,0.559201,0.613064"
503,stim_0503.png,stim_0503.png,0.1405,0.157826,0.027177,20,0.15,7,Trend_Up,Big,11,0,0,0,"0.000000,0.052632,0.105263,0.157895,0.210526,0.263158,0.315789,0.368421,0.421053,0.473684,0.526316,0.578947,0.631579,0.684211,0.736842,0.789474,0.842105,0.894737,0.947368,1.000000","0.489437,0.445920,0.258558,0.121790,0.615088,0.597638,0.441084,0.505286,0.440812,0.441453,0.608631,0.739224,0.570366,0.602661,0.555461,0.845434,0.153020,0.444419,0.644907,0.478811"
504,stim_0504.png,stim_0504.png,0.1405,0.157346,0.018972,22,0.15,0,Trend_Up,Big,11,0,1,15,"0.000000,0.047619,0.095238,0.142857,0.190476,0.238095,0.285714,0.333333,0.380952,0.428571,0.476190,0.523810,0.571429,0.619048,0.666667,0.714286,0.761905,0.809524,0.857143,0.904762,0.952381,1.000000","0.389581,0.464088,0.243955,0.668424,0.489305,0.177473,0.476827,0.472613,0.376070,0.782797,0.638381,0.534393,0.602100,0.530318,0.467394,0.582235,0.244472,0.619976,0.427505,0.574049,0.600706,0.637340"
505,stim_0505.png,stim_0505.png,0.1405,0.157891,0.015088,22,0.15,1,Trend_Up,Big,11,0,0,2,"0.000000,0.047619,0.095238,0.142857,0.190476,0.238095,0.285714,0.333333,0.380952,0.428571,0.476190,0.523810,0.571429,0.619048,0.666667,0.714286,0.761905,0.809524,0.857143,0.904762,0.952381,1.000000","0.518812,0.438391,0.263045,0.470398,0.597647,0.366098,0.569673,0.450760,0.308827,0.568249,0.388220,0.712209,0.435920,0.546565,0.441446,0.415514,0.570872,0.559407,0.738700,0.328014,0.771700,0.539534"
506,stim_0506.png,stim_0506.png,0.1405,0.15612,0.013808,22,0.15,2,Trend_Up,Big,11,0,0,2,"0.000000,0.047619,0.095238,0.142857,0.190476,0.238095,0.285714,0.333333,0.380952,0.428571,0.476190,0.523810,0.571429,0.619048,0.666667,0.714286,0.761905,0.809524,0.857143,0.904762,0.952381,1.000000","0.326616,0.514419,0.314412,0.745418,0.338265,0.566114,0.319586,0.322107,0.613430,0.470224,0.476193,0.457286,0.515647,0.628610,0.609919,0.552087,0.476833,0.479616,0.614551,0.363110,0.714260,0.581299"
507,stim_0507.png,stim_0507.png,0.1405,0.147988,0.024891,22,0.15,3,Trend_Up,Big,11,0,1,5,"0.000000,0.047619,0.095238,0.142857,0.190476,0.238095,0.285714,0.333333,0.380952,0.428571,0.476190,0.523810,0.571429,0.619048,0.666667,0.714286,0.761905,0.809524,0.857143,0.904762,0.952381,1.000000","0.555368,0.559012,0.139630,0.243061,0.386172,0.465053,0.551799,0.409923,0.617069,0.833603,0.574113,0.629899,0.344038,0.477987,0.605750,0.432304,0.211452,0.526383,0.656306,0.705344,0.431064,0.644670"
508,stim_0508.png,stim_0508.png,0.1405,0.15517,0.013702,22,0.15,4,Trend_Up,Big,11,0,0,0,"0.000000,0.047619,0.095238,0.142857,0.190476,0.238095,0.285714,0.333333,0.380952,0.428571,0.476190,0.523810,0.571429,0.619048,0.666667,0.714286,0.761905,0.809524,0.857143,0.904762,0.952381,1.000000","0.417985,0.475586,0.316751,0.351041,0.464386,0.635089,0.559701,0.456611,0.346365,0.296133,0.575459,0.485033,0.635603,0.602777,0.432589,0.557040,0.759980,0.700229,0.415141,0.412355,0.665893,0.438255"
509,stim_0509.png,stim_0509.png,0.1405,0.130371,0.026984,22,0.15,5,Trend_Up,Big,11,0,0,7,"0.000000,0.047619,0.095238,0.142857,0.190476,0.238095,0.285714,0.333333,0.380952,0.428571,0.476190,0.523810,0.571429,0.619048,0.666667,0.714286,0.761905,0.809524,0.857143,0.904762,0.952381,1.000000","0.456912,0.564666,0.480155,0.262672,0.454908,0.680353,0.456197,0.500657,0.331268,0.707311,0.455094,0.689070,0.321633,0.246960,0.574789,0.292844,0.258386,0.675798,0.462112,0.587430,0.893678,0.647105"
510,stim_0510.png,stim_0510.png,0.1405,0.1386,0.02476,22,0.15,6,Trend_Up,Big,11,0,1,4,"0.000000,0.047619,0.095238,0.142857,0.190476,0.238095,0.285714,0.333333,0.380952,0.428571,0.476190,0.523810,0.571429,0.619048,0.666667,0.714286,0.761905,0.809524,0.857143,0.904762,0.952381,1.000000","0.534315,0.391586,0.713163,0.659673,0.165826,0.554189,0.343778,0.494166,0.242869,0.106435,0.530126,0.687646,0.483283,0.627836,0.523928,0.421458,0.635373,0.529534,0.521179,0.680680,0.487331,0.665624"
511,stim_0511.png,stim_0511.png,0.1405,0.143435,0.013867,22,0.15,7,Trend_Up,Big,11,0,0,1,"0.000000,0.047619,0.095238,0.142857,0.190476,0.238095,0.285714,0.333333,0.380952,0.428571,0.476190,0.523810,0.571429,0.619048,0.666667,0.714286,0.761905,0.809524,0.857143,0.904762,0.952381,1.000000","0.329441,0.397223,0.677648,0.139350,0.336669,0.519538,0.500404,0.615221,0.530748,0.454177,0.595975,0.709033,0.561670,0.503119,0.541044,0.514367,0.419885,0.422362,0.552619,0.600172,0.453913,0.625424"
